method,arm,prompt_id,outer_iteration,response_index,pi_panel,sequence_sum_logprob
ipo,ordinary,54,0,1,0.3712115726937563,-11.455205917358398
ipo,ordinary,54,0,2,0.6029922801684683,-10.970073699951172
ipo,ordinary,54,0,3,0.013535056151053621,-14.766695022583008
ipo,ordinary,54,0,4,0.012261090986721752,-14.865547180175781
ipo,ordinary,251,0,1,0.694191099475356,-14.002059936523438
ipo,ordinary,251,0,2,0.05016718807243481,-16.629446029663086
ipo,ordinary,251,0,3,0.19044195905865974,-15.295459747314453
ipo,ordinary,251,0,4,0.06519975339354969,-16.367351531982422
ipo,ordinary,612,0,1,0.011528466077837621,-22.023841857910156
ipo,ordinary,612,0,2,0.7315963931614523,-17.873432159423828
ipo,ordinary,612,0,3,0.23203468246272563,-19.021774291992188
ipo,ordinary,612,0,4,0.024840458297984383,-21.256187438964844
ipo,ordinary,737,0,1,0.03122719912330496,-21.474811553955078
ipo,ordinary,737,0,2,0.07528141785186789,-20.594867706298828
ipo,ordinary,737,0,3,0.8825096617860657,-18.133331298828125
ipo,ordinary,737,0,4,0.010981721238761349,-22.519868850708008
ipo,ordinary,867,0,1,0.09175021384384172,-13.859933853149414
ipo,ordinary,867,0,2,0.020779009578621742,-15.345060348510742
ipo,ordinary,867,0,3,0.03044524853192668,-14.96307373046875
ipo,ordinary,867,0,4,0.8570255280456098,-11.62553596496582
ipo,ordinary,945,0,1,0.12281756762231946,-22.115964889526367
ipo,ordinary,945,0,2,0.4665705454925932,-20.7812557220459
ipo,ordinary,945,0,3,0.06747558918123138,-22.71489906311035
ipo,ordinary,945,0,4,0.3431362977038559,-21.088537216186523
ipo,ordinary,54,1,1,0.41687680586157777,-11.405853271484375
ipo,ordinary,54,1,2,0.5590581550699013,-11.112390518188477
ipo,ordinary,54,1,3,0.015370588076547738,-14.706188201904297
ipo,ordinary,54,1,4,0.008694450991973014,-15.275959014892578
ipo,ordinary,251,1,1,0.7134875864345993,-13.660903930664062
ipo,ordinary,251,1,2,0.016307224246052635,-17.43946075439453
ipo,ordinary,251,1,3,0.1707960080897559,-15.090599060058594
ipo,ordinary,251,1,4,0.0994091812295922,-15.631824493408203
ipo,ordinary,612,1,1,0.002549900149863458,-23.906253814697266
ipo,ordinary,612,1,2,0.8431158611500449,-18.10520362854004
ipo,ordinary,612,1,3,0.1038300554305483,-20.199552536010742
ipo,ordinary,612,1,4,0.050504183269543486,-20.920251846313477
ipo,ordinary,737,1,1,0.020427656567708032,-22.228809356689453
ipo,ordinary,737,1,2,0.15274190332660695,-20.216949462890625
ipo,ordinary,737,1,3,0.8092670567968826,-18.549570083618164
ipo,ordinary,737,1,4,0.017563383308802437,-22.3798828125
ipo,ordinary,867,1,1,0.12856411390378938,-13.346206665039062
ipo,ordinary,867,1,2,0.01891155543659547,-15.262861251831055
ipo,ordinary,867,1,3,0.011220808543189945,-15.78486442565918
ipo,ordinary,867,1,4,0.8413035221164252,-11.467681884765625
ipo,ordinary,945,1,1,0.18449137558358486,-21.781784057617188
ipo,ordinary,945,1,2,0.5155186297920813,-20.754213333129883
ipo,ordinary,945,1,3,0.08998151073476199,-22.49978256225586
ipo,ordinary,945,1,4,0.21000848388957186,-21.652238845825195
ipo,ordinary,54,2,1,0.40600351940758256,-11.608135223388672
ipo,ordinary,54,2,2,0.5554302413821177,-11.294754028320312
ipo,ordinary,54,2,3,0.028379626768749257,-14.26882553100586
ipo,ordinary,54,2,4,0.01018661244155035,-15.29342269897461
ipo,ordinary,251,2,1,0.6363200690770778,-14.017293930053711
ipo,ordinary,251,2,2,0.02608056175318047,-17.21180534362793
ipo,ordinary,251,2,3,0.2493933544329481,-14.953964233398438
ipo,ordinary,251,2,4,0.08820601473679361,-15.99332046508789
ipo,ordinary,612,2,1,0.0029176464753980147,-24.370004653930664
ipo,ordinary,612,2,2,0.7778499129251484,-18.78424835205078
ipo,ordinary,612,2,3,0.033563352100409546,-21.92734718322754
ipo,ordinary,612,2,4,0.18566908849904415,-20.216815948486328
ipo,ordinary,737,2,1,0.011261915651082213,-22.703752517700195
ipo,ordinary,737,2,2,0.33231130629688926,-19.319107055664062
ipo,ordinary,737,2,3,0.6411249546992784,-18.661954879760742
ipo,ordinary,737,2,4,0.01530182335275005,-22.397207260131836
ipo,ordinary,867,2,1,0.12905765811160572,-13.092901229858398
ipo,ordinary,867,2,2,0.0181432997920159,-15.054859161376953
ipo,ordinary,867,2,3,0.004750181970480769,-16.394977569580078
ipo,ordinary,867,2,4,0.8480488601258976,-11.210222244262695
ipo,ordinary,945,2,1,0.13027924770086965,-22.139493942260742
ipo,ordinary,945,2,2,0.6564501284654607,-20.522327423095703
ipo,ordinary,945,2,3,0.10654093864906697,-22.34064483642578
ipo,ordinary,945,2,4,0.10672968518460263,-22.33887481689453
ipo,ordinary,54,3,1,0.23162508341591279,-11.814977645874023
ipo,ordinary,54,3,2,0.7267643269650513,-10.67149543762207
ipo,ordinary,54,3,3,0.03454626560136527,-13.717798233032227
ipo,ordinary,54,3,4,0.00706432401767054,-15.30504035949707
ipo,ordinary,251,3,1,0.4603387440565774,-14.304462432861328
ipo,ordinary,251,3,2,0.0154913958315084,-17.69614028930664
ipo,ordinary,251,3,3,0.4097720381484759,-14.42082405090332
ipo,ordinary,251,3,4,0.11439782196343816,-15.69674301147461
ipo,ordinary,612,3,1,0.0023785805600789705,-24.72557830810547
ipo,ordinary,612,3,2,0.5752519073619622,-19.237274169921875
ipo,ordinary,612,3,3,0.023675332189991738,-22.427648544311523
ipo,ordinary,612,3,4,0.3986941798879671,-19.6038875579834
ipo,ordinary,737,3,1,0.008039513356982886,-23.490262985229492
ipo,ordinary,737,3,2,0.5585663978451495,-19.249258041381836
ipo,ordinary,737,3,3,0.37510031225054763,-19.647438049316406
ipo,ordinary,737,3,4,0.058293776547319896,-21.509136199951172
ipo,ordinary,867,3,1,0.26878512044873304,-12.209827423095703
ipo,ordinary,867,3,2,0.020750097361312586,-14.771188735961914
ipo,ordinary,867,3,3,0.002838235340459409,-16.760557174682617
ipo,ordinary,867,3,4,0.7076265468494949,-11.241823196411133
ipo,ordinary,945,3,1,0.12958430880742844,-22.17798614501953
ipo,ordinary,945,3,2,0.6781332708561476,-20.522974014282227
ipo,ordinary,945,3,3,0.09756345308726941,-22.461814880371094
ipo,ordinary,945,3,4,0.09471896724915457,-22.491403579711914
ipo,ordinary,54,4,1,0.14790336886122246,-12.019954681396484
ipo,ordinary,54,4,2,0.8089320774804915,-10.320798873901367
ipo,ordinary,54,4,3,0.036637500356176425,-13.415441513061523
ipo,ordinary,54,4,4,0.006527053302109657,-15.140558242797852
ipo,ordinary,251,4,1,0.29634905996666255,-14.743106842041016
ipo,ordinary,251,4,2,0.02194956197347458,-17.345897674560547
ipo,ordinary,251,4,3,0.599810777019928,-14.038030624389648
ipo,ordinary,251,4,4,0.081890601039935,-16.029260635375977
ipo,ordinary,612,4,1,0.0029763664759310717,-24.426389694213867
ipo,ordinary,612,4,2,0.35560635055792256,-19.643268585205078
ipo,ordinary,612,4,3,0.014274179511979623,-22.858640670776367
ipo,ordinary,612,4,4,0.6271431034541666,-19.075918197631836
ipo,ordinary,737,4,1,0.009594022235470744,-23.37786102294922
ipo,ordinary,737,4,2,0.6341618700868936,-19.186697006225586
ipo,ordinary,737,4,3,0.29229521152720506,-19.96123695373535
ipo,ordinary,737,4,4,0.06394889615043044,-21.48091697692871
ipo,ordinary,867,4,1,0.5038973720529802,-11.528528213500977
ipo,ordinary,867,4,2,0.019988857101435668,-14.755725860595703
ipo,ordinary,867,4,3,0.002052079280390468,-17.032047271728516
ipo,ordinary,867,4,4,0.4740616915651936,-11.589563369750977
ipo,ordinary,945,4,1,0.20361179071497018,-21.84453773498535
ipo,ordinary,945,4,2,0.6289881749401562,-20.71664047241211
ipo,ordinary,945,4,3,0.09084276518484238,-22.651622772216797
ipo,ordinary,945,4,4,0.07655726916003114,-22.82271385192871
ipo,ordinary,54,5,1,0.20153216950159136,-12.133260726928711
ipo,ordinary,54,5,2,0.7138274919928355,-10.868568420410156
ipo,ordinary,54,5,3,0.07754833437816955,-13.088308334350586
ipo,ordinary,54,5,4,0.007092004127403594,-15.480241775512695
ipo,ordinary,251,5,1,0.3226093721223823,-14.602750778198242
ipo,ordinary,251,5,2,0.01516683493587473,-17.66008186340332
ipo,ordinary,251,5,3,0.5339696116733698,-14.098854064941406
ipo,ordinary,251,5,4,0.12825418126837315,-15.525178909301758
ipo,ordinary,612,5,1,0.007580819342111944,-23.808637619018555
ipo,ordinary,612,5,2,0.4295181093100108,-19.771595001220703
ipo,ordinary,612,5,3,0.015604605505543224,-23.086692810058594
ipo,ordinary,612,5,4,0.5472964658423342,-19.529268264770508
ipo,ordinary,737,5,1,0.011016902626890897,-23.35370635986328
ipo,ordinary,737,5,2,0.7445393709341853,-19.140371322631836
ipo,ordinary,737,5,3,0.17949867889360804,-20.562969207763672
ipo,ordinary,737,5,4,0.0649450475453158,-21.5795955657959
ipo,ordinary,867,5,1,0.5935783050566604,-11.123159408569336
ipo,ordinary,867,5,2,0.02116717847604269,-14.456876754760742
ipo,ordinary,867,5,3,0.0015873566914290267,-17.047258377075195
ipo,ordinary,867,5,4,0.3836671597758678,-11.559553146362305
ipo,ordinary,945,5,1,0.1546742386414813,-21.888092041015625
ipo,ordinary,945,5,2,0.6481273337747022,-20.455326080322266
ipo,ordinary,945,5,3,0.1650299881236351,-21.823286056518555
ipo,ordinary,945,5,4,0.032168439460181185,-23.45842742919922
ipo,ordinary,54,6,1,0.08811693465170423,-12.592561721801758
ipo,ordinary,54,6,2,0.8181915164768465,-10.364130020141602
ipo,ordinary,54,6,3,0.0860489514679132,-12.616310119628906
ipo,ordinary,54,6,4,0.007642597403536179,-15.03748893737793
ipo,ordinary,251,6,1,0.34337464652188204,-14.606245040893555
ipo,ordinary,251,6,2,0.014084294191602394,-17.800006866455078
ipo,ordinary,251,6,3,0.5199236046877039,-14.191385269165039
ipo,ordinary,251,6,4,0.12261745459881163,-15.635997772216797
ipo,ordinary,612,6,1,0.018481686576671763,-23.18630599975586
ipo,ordinary,612,6,2,0.5054708773797955,-19.877595901489258
ipo,ordinary,612,6,3,0.021250959804897326,-23.04668426513672
ipo,ordinary,612,6,4,0.4547964762386356,-19.98323631286621
ipo,ordinary,737,6,1,0.012577026758164368,-23.31866455078125
ipo,ordinary,737,6,2,0.8542755145465472,-19.100282669067383
ipo,ordinary,737,6,3,0.0943783651160994,-21.303224563598633
ipo,ordinary,737,6,4,0.03876909357918898,-22.192913055419922
ipo,ordinary,867,6,1,0.797965961016559,-10.265329360961914
ipo,ordinary,867,6,2,0.017042894825933085,-14.111661911010742
ipo,ordinary,867,6,3,0.0004886856369455478,-17.66343116760254
ipo,ordinary,867,6,4,0.18450245852056238,-11.729732513427734
ipo,ordinary,945,6,1,0.20411310502305838,-21.52621841430664
ipo,ordinary,945,6,2,0.6424005747670091,-20.379680633544922
ipo,ordinary,945,6,3,0.13437251170992603,-21.944276809692383
ipo,ordinary,945,6,4,0.019113808500006654,-23.894481658935547
ipo,ordinary,54,7,1,0.03312826291719927,-13.324092864990234
ipo,ordinary,54,7,2,0.814949785282325,-10.121353149414062
ipo,ordinary,54,7,3,0.14332354795480515,-11.859375
ipo,ordinary,54,7,4,0.00859840384567064,-14.672903060913086
ipo,ordinary,251,7,1,0.21489727155288327,-14.91987419128418
ipo,ordinary,251,7,2,0.015485076466246422,-17.55015754699707
ipo,ordinary,251,7,3,0.6549388662906781,-13.805492401123047
ipo,ordinary,251,7,4,0.11467878569019227,-15.54789924621582
ipo,ordinary,612,7,1,0.023531725175083385,-22.860761642456055
ipo,ordinary,612,7,2,0.31230310699287467,-20.275136947631836
ipo,ordinary,612,7,3,0.01587644862096089,-23.254274368286133
ipo,ordinary,612,7,4,0.648288719211081,-19.544775009155273
ipo,ordinary,737,7,1,0.012470079602583159,-23.28957748413086
ipo,ordinary,737,7,2,0.8455375810037938,-19.07293701171875
ipo,ordinary,737,7,3,0.04287017449636571,-22.054733276367188
ipo,ordinary,737,7,4,0.09912216489725707,-21.216556549072266
ipo,ordinary,867,7,1,0.8187202249110276,-9.736791610717773
ipo,ordinary,867,7,2,0.037522422723341824,-12.819595336914062
ipo,ordinary,867,7,3,0.0006028995952841853,-16.950538635253906
ipo,ordinary,867,7,4,0.14315445277034652,-11.480609893798828
ipo,ordinary,945,7,1,0.29844350160534555,-20.769201278686523
ipo,ordinary,945,7,2,0.5609986440319599,-20.138063430786133
ipo,ordinary,945,7,3,0.124198986299896,-21.645896911621094
ipo,ordinary,945,7,4,0.016358868062798612,-23.673011779785156
ipo,ordinary,54,8,1,0.014229238474026988,-13.619964599609375
ipo,ordinary,54,8,2,0.8981452268992919,-9.474931716918945
ipo,ordinary,54,8,3,0.07661825962784909,-11.93642807006836
ipo,ordinary,54,8,4,0.011007274998832185,-13.876707077026367
ipo,ordinary,251,8,1,0.1292714834038262,-15.668310165405273
ipo,ordinary,251,8,2,0.02914732585737607,-17.157861709594727
ipo,ordinary,251,8,3,0.6955172967883164,-13.98556900024414
ipo,ordinary,251,8,4,0.1460638939504814,-15.546180725097656
ipo,ordinary,612,8,1,0.06298712976893481,-21.74047088623047
ipo,ordinary,612,8,2,0.22592554579046098,-20.46319580078125
ipo,ordinary,612,8,3,0.017339889681579686,-23.030391693115234
ipo,ordinary,612,8,4,0.6937474347590246,-19.341293334960938
ipo,ordinary,737,8,1,0.019851782739247224,-22.787015914916992
ipo,ordinary,737,8,2,0.9108219494852873,-18.960962295532227
ipo,ordinary,737,8,3,0.027488234102474036,-22.461551666259766
ipo,ordinary,737,8,4,0.04183803367299146,-22.04150390625
ipo,ordinary,867,8,1,0.8545148252264604,-9.33790397644043
ipo,ordinary,867,8,2,0.06638509189797151,-11.892965316772461
ipo,ordinary,867,8,3,0.0012692425190433771,-15.850017547607422
ipo,ordinary,867,8,4,0.07783084035652468,-11.73390007019043
ipo,ordinary,945,8,1,0.2821435970957335,-20.544504165649414
ipo,ordinary,945,8,2,0.56818845658745,-19.844467163085938
ipo,ordinary,945,8,3,0.14154393539742052,-21.234310150146484
ipo,ordinary,945,8,4,0.00812401091939599,-24.09209632873535
ipo,ordinary,54,9,1,0.004560479075228895,-14.701576232910156
ipo,ordinary,54,9,2,0.8226354943775338,-9.506490707397461
ipo,ordinary,54,9,3,0.15608875842486758,-11.1685791015625
ipo,ordinary,54,9,4,0.01671526812236973,-13.402681350708008
ipo,ordinary,251,9,1,0.06931038765614991,-16.16288948059082
ipo,ordinary,251,9,2,0.032959391109521646,-16.906208038330078
ipo,ordinary,251,9,3,0.6168230929777678,-13.97690200805664
ipo,ordinary,251,9,4,0.28090712825656056,-14.763460159301758
ipo,ordinary,612,9,1,0.06639219048116694,-21.097368240356445
ipo,ordinary,612,9,2,0.12635386716265087,-20.453861236572266
ipo,ordinary,612,9,3,0.02939473020359889,-21.912132263183594
ipo,ordinary,612,9,4,0.7778592121525832,-18.636402130126953
ipo,ordinary,737,9,1,0.019667701677625105,-22.727046966552734
ipo,ordinary,737,9,2,0.8940602178237488,-18.91025161743164
ipo,ordinary,737,9,3,0.018895133209309422,-22.767120361328125
ipo,ordinary,737,9,4,0.06737694728931666,-21.4957218170166
ipo,ordinary,867,9,1,0.7762842770254605,-9.24547004699707
ipo,ordinary,867,9,2,0.1577544378153778,-10.838949203491211
ipo,ordinary,867,9,3,0.002420584571872036,-15.015979766845703
ipo,ordinary,867,9,4,0.0635407005872897,-11.748308181762695
ipo,ordinary,945,9,1,0.5675008495983463,-19.62322235107422
ipo,ordinary,945,9,2,0.33959361822148365,-20.136714935302734
ipo,ordinary,945,9,3,0.08461880623464325,-21.526308059692383
ipo,ordinary,945,9,4,0.00828672594552675,-23.849809646606445
ipo,ordinary,54,10,1,0.002962209737841263,-15.039073944091797
ipo,ordinary,54,10,2,0.8181974259260968,-9.417905807495117
ipo,ordinary,54,10,3,0.16201336624656318,-11.037330627441406
ipo,ordinary,54,10,4,0.016826998089498686,-13.302024841308594
ipo,ordinary,251,10,1,0.09876427257827912,-15.998929977416992
ipo,ordinary,251,10,2,0.05041922972774154,-16.671293258666992
ipo,ordinary,251,10,3,0.518444114717564,-14.34083366394043
ipo,ordinary,251,10,4,0.33237238297641525,-14.785409927368164
ipo,ordinary,612,10,1,0.2453796741320333,-19.493518829345703
ipo,ordinary,612,10,2,0.04647054113925543,-21.157506942749023
ipo,ordinary,612,10,3,0.04283239430907835,-21.239030838012695
ipo,ordinary,612,10,4,0.665317390419633,-18.496061325073242
ipo,ordinary,737,10,1,0.01787380413570328,-23.006446838378906
ipo,ordinary,737,10,2,0.7464971871382107,-19.274391174316406
ipo,ordinary,737,10,3,0.019587148461331496,-22.91490936279297
ipo,ordinary,737,10,4,0.21604186026475458,-20.514310836791992
ipo,ordinary,867,10,1,0.6307770142640753,-9.288972854614258
ipo,ordinary,867,10,2,0.285989719362256,-10.07996940612793
ipo,ordinary,867,10,3,0.002945149961642568,-14.655765533447266
ipo,ordinary,867,10,4,0.08028811641202611,-11.350303649902344
ipo,ordinary,945,10,1,0.6348822871907503,-19.13605499267578
ipo,ordinary,945,10,2,0.22851511860273868,-20.15789222717285
ipo,ordinary,945,10,3,0.12401990716695283,-20.769052505493164
ipo,ordinary,945,10,4,0.01258268703955821,-23.057172775268555
ipo,ordinary,54,11,1,0.0031040635920293494,-15.190773010253906
ipo,ordinary,54,11,2,0.7403627480180714,-9.716344833374023
ipo,ordinary,54,11,3,0.22433318787611373,-10.91035270690918
ipo,ordinary,54,11,4,0.03220000051378545,-12.851518630981445
ipo,ordinary,251,11,1,0.07661593863786831,-16.210134506225586
ipo,ordinary,251,11,2,0.05275633551623599,-16.583255767822266
ipo,ordinary,251,11,3,0.615997838924971,-14.125696182250977
ipo,ordinary,251,11,4,0.25462988692092464,-15.00912857055664
ipo,ordinary,612,11,1,0.41593388340550186,-18.723785400390625
ipo,ordinary,612,11,2,0.027254973413587638,-21.44907569885254
ipo,ordinary,612,11,3,0.05480332971885686,-20.750560760498047
ipo,ordinary,612,11,4,0.5020078134620537,-18.535696029663086
ipo,ordinary,737,11,1,0.03587264836897673,-22.340890884399414
ipo,ordinary,737,11,2,0.7676042495868353,-19.277591705322266
ipo,ordinary,737,11,3,0.014870692234246356,-23.221473693847656
ipo,ordinary,737,11,4,0.18165240980994174,-20.71877098083496
ipo,ordinary,867,11,1,0.3861082196568518,-10.046455383300781
ipo,ordinary,867,11,2,0.4400638572594826,-9.915653228759766
ipo,ordinary,867,11,3,0.0056204079600919695,-14.276168823242188
ipo,ordinary,867,11,4,0.16820751512357363,-10.877374649047852
ipo,ordinary,945,11,1,0.8373279839817227,-17.954631805419922
ipo,ordinary,945,11,2,0.09872963119145897,-20.09246253967285
ipo,ordinary,945,11,3,0.057381914269604914,-20.63511848449707
ipo,ordinary,945,11,4,0.006560470557213349,-22.80378532409668
ipo,ordinary,54,12,1,0.0026406238722964403,-15.250701904296875
ipo,ordinary,54,12,2,0.7867066943920762,-9.553861618041992
ipo,ordinary,54,12,3,0.17582281185437706,-11.052240371704102
ipo,ordinary,54,12,4,0.034829869881250475,-12.671241760253906
ipo,ordinary,251,12,1,0.12539788346387487,-15.56705093383789
ipo,ordinary,251,12,2,0.0636837250462651,-16.244613647460938
ipo,ordinary,251,12,3,0.5651309041593873,-14.061485290527344
ipo,ordinary,251,12,4,0.24578748733047273,-14.894075393676758
ipo,ordinary,612,12,1,0.2479250200636384,-18.752574920654297
ipo,ordinary,612,12,2,0.023451576783071526,-21.110763549804688
ipo,ordinary,612,12,3,0.0938439779918694,-19.72406768798828
ipo,ordinary,612,12,4,0.6347794251614207,-17.812423706054688
ipo,ordinary,737,12,1,0.04435926487779294,-22.1311092376709
ipo,ordinary,737,12,2,0.8446622216302774,-19.184494018554688
ipo,ordinary,737,12,3,0.013733500588603648,-23.303592681884766
ipo,ordinary,737,12,4,0.0972450129033259,-21.3461971282959
ipo,ordinary,867,12,1,0.3475561307941008,-10.366243362426758
ipo,ordinary,867,12,2,0.38465747296349684,-10.264816284179688
ipo,ordinary,867,12,3,0.011420220179807435,-13.781784057617188
ipo,ordinary,867,12,4,0.2563661760625949,-10.670562744140625
ipo,ordinary,945,12,1,0.6092878825858292,-19.379634857177734
ipo,ordinary,945,12,2,0.2045640616632337,-20.471044540405273
ipo,ordinary,945,12,3,0.17800109370705966,-20.610136032104492
ipo,ordinary,945,12,4,0.008146962043877205,-23.69428062438965
ipo,ordinary,54,13,1,0.006078514732037696,-14.589849472045898
ipo,ordinary,54,13,2,0.7884230473848927,-9.72457504272461
ipo,ordinary,54,13,3,0.16934166371783432,-11.262691497802734
ipo,ordinary,54,13,4,0.03615677416523548,-12.806745529174805
ipo,ordinary,251,13,1,0.0475619197427421,-16.707427978515625
ipo,ordinary,251,13,2,0.1265517173575088,-15.728809356689453
ipo,ordinary,251,13,3,0.6554884426784997,-14.08407974243164
ipo,ordinary,251,13,4,0.1703979202212494,-15.431324005126953
ipo,ordinary,612,13,1,0.40848674478542707,-17.362571716308594
ipo,ordinary,612,13,2,0.008345527331219274,-21.253305435180664
ipo,ordinary,612,13,3,0.22616295419073057,-17.95377540588379
ipo,ordinary,612,13,4,0.35700477369262307,-17.497282028198242
ipo,ordinary,737,13,1,0.05301362343745914,-21.85276222229004
ipo,ordinary,737,13,2,0.7700592851712951,-19.176843643188477
ipo,ordinary,737,13,3,0.019783840840932765,-22.83844566345215
ipo,ordinary,737,13,4,0.157143250550313,-20.76615333557129
ipo,ordinary,867,13,1,0.17846808506635337,-10.81988525390625
ipo,ordinary,867,13,2,0.5257348013040886,-9.739498138427734
ipo,ordinary,867,13,3,0.010845710800335294,-13.620525360107422
ipo,ordinary,867,13,4,0.2849514028292227,-10.35197639465332
ipo,ordinary,945,13,1,0.34041992383008957,-20.496440887451172
ipo,ordinary,945,13,2,0.2886198272728143,-20.661510467529297
ipo,ordinary,945,13,3,0.3647925890760401,-20.427291870117188
ipo,ordinary,945,13,4,0.006167659821056039,-24.507301330566406
ipo,ordinary,54,14,1,0.0030077793889165313,-15.14323616027832
ipo,ordinary,54,14,2,0.7769978010571617,-9.589000701904297
ipo,ordinary,54,14,3,0.17909285399569133,-11.056533813476562
ipo,ordinary,54,14,4,0.04090156555823041,-12.533269882202148
ipo,ordinary,251,14,1,0.02731094472169791,-17.189022064208984
ipo,ordinary,251,14,2,0.17513852741861577,-15.330732345581055
ipo,ordinary,251,14,3,0.7143801607926721,-13.924894332885742
ipo,ordinary,251,14,4,0.08317036706701425,-16.07541847229004
ipo,ordinary,612,14,1,0.292806171042933,-17.748641967773438
ipo,ordinary,612,14,2,0.01130102203034129,-21.003259658813477
ipo,ordinary,612,14,3,0.3195656700135993,-17.661190032958984
ipo,ordinary,612,14,4,0.3763271369131264,-17.49769401550293
ipo,ordinary,737,14,1,0.04093388715092833,-21.71929931640625
ipo,ordinary,737,14,2,0.7848206259384461,-18.76580238342285
ipo,ordinary,737,14,3,0.012634204715506038,-22.89484977722168
ipo,ordinary,737,14,4,0.16161128219511958,-20.3460636138916
ipo,ordinary,867,14,1,0.09889852490183153,-11.278026580810547
ipo,ordinary,867,14,2,0.5245485580676974,-9.609582901000977
ipo,ordinary,867,14,3,0.022744902584906742,-12.747779846191406
ipo,ordinary,867,14,4,0.35380801444556426,-10.003366470336914
ipo,ordinary,945,14,1,0.35583818123412847,-20.278623580932617
ipo,ordinary,945,14,2,0.23084012665547377,-20.711374282836914
ipo,ordinary,945,14,3,0.393871702847249,-20.177074432373047
ipo,ordinary,945,14,4,0.019449989263148882,-23.185253143310547
ipo,ordinary,54,15,1,0.0037514191608963724,-14.484464645385742
ipo,ordinary,54,15,2,0.8571792391577822,-9.05295181274414
ipo,ordinary,54,15,3,0.090690117199115,-11.299150466918945
ipo,ordinary,54,15,4,0.048379224482206676,-11.927528381347656
ipo,ordinary,251,15,1,0.03481911574989752,-16.834402084350586
ipo,ordinary,251,15,2,0.1398558498670466,-15.44395637512207
ipo,ordinary,251,15,3,0.7414330095945872,-13.775983810424805
ipo,ordinary,251,15,4,0.08389202478846847,-15.955038070678711
ipo,ordinary,612,15,1,0.4543554986654095,-17.47368621826172
ipo,ordinary,612,15,2,0.029307865028304368,-20.214710235595703
ipo,ordinary,612,15,3,0.315279813238231,-17.8391056060791
ipo,ordinary,612,15,4,0.2010568230680551,-18.288978576660156
ipo,ordinary,737,15,1,0.07076930325110208,-21.289348602294922
ipo,ordinary,737,15,2,0.5491521438086429,-19.240398406982422
ipo,ordinary,737,15,3,0.012837508002169665,-22.996402740478516
ipo,ordinary,737,15,4,0.3672410449380854,-19.64275550842285
ipo,ordinary,867,15,1,0.0501230193649164,-11.662851333618164
ipo,ordinary,867,15,2,0.5510034314567439,-9.26559066772461
ipo,ordinary,867,15,3,0.02164688768158726,-12.502470016479492
ipo,ordinary,867,15,4,0.37722666149675244,-9.644485473632812
ipo,ordinary,945,15,1,0.17806291479953185,-20.87397003173828
ipo,ordinary,945,15,2,0.3273129834274245,-20.26519012451172
ipo,ordinary,945,15,3,0.4833784515287198,-19.875307083129883
ipo,ordinary,945,15,4,0.01124565024432377,-23.636125564575195
ipo,ordinary,54,16,1,0.002094255393580496,-15.099588394165039
ipo,ordinary,54,16,2,0.8084102392379586,-9.143716812133789
ipo,ordinary,54,16,3,0.14988495101987873,-10.82891845703125
ipo,ordinary,54,16,4,0.03961055434858215,-12.159690856933594
ipo,ordinary,251,16,1,0.09359632117047584,-15.872541427612305
ipo,ordinary,251,16,2,0.14931167642634569,-15.405496597290039
ipo,ordinary,251,16,3,0.6019108806889254,-14.011423110961914
ipo,ordinary,251,16,4,0.15518112171425305,-15.366939544677734
ipo,ordinary,612,16,1,0.36451342002041504,-18.132091522216797
ipo,ordinary,612,16,2,0.06798647827628714,-19.81134605407715
ipo,ordinary,612,16,3,0.3315610681652694,-18.226842880249023
ipo,ordinary,612,16,4,0.23593903353802845,-18.567081451416016
ipo,ordinary,737,16,1,0.1449819982427494,-20.794414520263672
ipo,ordinary,737,16,2,0.612469376234115,-19.353525161743164
ipo,ordinary,737,16,3,0.013363597687832332,-23.178489685058594
ipo,ordinary,737,16,4,0.22918502783530337,-20.33649444580078
ipo,ordinary,867,16,1,0.026570511249861057,-12.24428939819336
ipo,ordinary,867,16,2,0.4622906972082192,-9.387897491455078
ipo,ordinary,867,16,3,0.03176472940785154,-12.06573486328125
ipo,ordinary,867,16,4,0.47937406213406836,-9.35161018371582
ipo,ordinary,945,16,1,0.1491117939782746,-21.1480770111084
ipo,ordinary,945,16,2,0.37750747232806886,-20.21918296813965
ipo,ordinary,945,16,3,0.45163290380676085,-20.03990364074707
ipo,ordinary,945,16,4,0.021747829886895786,-23.073259353637695
ipo,ordinary,54,17,1,0.001702732186579819,-15.91789436340332
ipo,ordinary,54,17,2,0.6208356857414752,-10.019062042236328
ipo,ordinary,54,17,3,0.3319584397317103,-10.645118713378906
ipo,ordinary,54,17,4,0.0455031423402347,-12.632347106933594
ipo,ordinary,251,17,1,0.10855077707146099,-15.650199890136719
ipo,ordinary,251,17,2,0.10139817945040522,-15.718362808227539
ipo,ordinary,251,17,3,0.403502808492887,-14.337234497070312
ipo,ordinary,251,17,4,0.3865482349852468,-14.38016128540039
ipo,ordinary,612,17,1,0.2246719944705873,-18.46223258972168
ipo,ordinary,612,17,2,0.08773965585101112,-19.40250015258789
ipo,ordinary,612,17,3,0.4546027779632861,-17.757450103759766
ipo,ordinary,612,17,4,0.23298557171511552,-18.4258975982666
ipo,ordinary,737,17,1,0.1882160891210203,-20.636363983154297
ipo,ordinary,737,17,2,0.5755870473497972,-19.518564224243164
ipo,ordinary,737,17,3,0.011789381444436186,-23.406755447387695
ipo,ordinary,737,17,4,0.22440748208474637,-20.460491180419922
ipo,ordinary,867,17,1,0.04754607109660064,-11.966062545776367
ipo,ordinary,867,17,2,0.394037172993773,-9.851316452026367
ipo,ordinary,867,17,3,0.03436320622570554,-12.290775299072266
ipo,ordinary,867,17,4,0.5240535496839208,-9.566167831420898
ipo,ordinary,945,17,1,0.1897059103399367,-21.02357292175293
ipo,ordinary,945,17,2,0.3738105758276511,-20.345298767089844
ipo,ordinary,945,17,3,0.40112512179492654,-20.2747745513916
ipo,ordinary,945,17,4,0.035358392037485795,-22.70351219177246
ipo,ordinary,54,18,1,0.0007331733329042548,-16.75424575805664
ipo,ordinary,54,18,2,0.5821721228370681,-10.077106475830078
ipo,ordinary,54,18,3,0.3099687072129198,-10.707401275634766
ipo,ordinary,54,18,4,0.10712599661710794,-11.769866943359375
ipo,ordinary,251,18,1,0.06902808890343794,-16.28546714782715
ipo,ordinary,251,18,2,0.15770457893662038,-15.459257125854492
ipo,ordinary,251,18,3,0.36735735790664803,-14.613645553588867
ipo,ordinary,251,18,4,0.40590997425329367,-14.513849258422852
ipo,ordinary,612,18,1,0.11175709452869798,-18.98841094970703
ipo,ordinary,612,18,2,0.09945134730454751,-19.105070114135742
ipo,ordinary,612,18,3,0.6098434810036212,-17.291536331176758
ipo,ordinary,612,18,4,0.1789480771631334,-18.517642974853516
ipo,ordinary,737,18,1,0.2512953097518598,-20.15723419189453
ipo,ordinary,737,18,2,0.4175041208704468,-19.649568557739258
ipo,ordinary,737,18,3,0.04868590748443396,-21.798473358154297
ipo,ordinary,737,18,4,0.2825146618932595,-20.040132522583008
ipo,ordinary,867,18,1,0.06177399861813997,-11.866592407226562
ipo,ordinary,867,18,2,0.30458933117384,-10.271110534667969
ipo,ordinary,867,18,3,0.04621957569903327,-12.156671524047852
ipo,ordinary,867,18,4,0.5874170945089867,-9.614339828491211
ipo,ordinary,945,18,1,0.16288569616385257,-21.085351943969727
ipo,ordinary,945,18,2,0.42502561068906686,-20.126251220703125
ipo,ordinary,945,18,3,0.3817761202203119,-20.233566284179688
ipo,ordinary,945,18,4,0.030312572926768578,-22.76683807373047
ipo,ordinary,54,19,1,0.0005572521387050866,-16.640230178833008
ipo,ordinary,54,19,2,0.6989251742750698,-9.505949020385742
ipo,ordinary,54,19,3,0.1750256544307436,-10.890560150146484
ipo,ordinary,54,19,4,0.12549191915548147,-11.223251342773438
ipo,ordinary,251,19,1,0.033622336979324145,-16.4029483795166
ipo,ordinary,251,19,2,0.07859648589210494,-15.553812026977539
ipo,ordinary,251,19,3,0.23215768515327725,-14.470722198486328
ipo,ordinary,251,19,4,0.6556234919752937,-13.432552337646484
ipo,ordinary,612,19,1,0.08327609152724517,-19.765338897705078
ipo,ordinary,612,19,2,0.18111658463286437,-18.988359451293945
ipo,ordinary,612,19,3,0.4328103051895403,-18.11720085144043
ipo,ordinary,612,19,4,0.30279701865035014,-18.474437713623047
ipo,ordinary,737,19,1,0.3338788114004035,-20.002504348754883
ipo,ordinary,737,19,2,0.5188298009144341,-19.56170654296875
ipo,ordinary,737,19,3,0.033439103997014906,-22.303556442260742
ipo,ordinary,737,19,4,0.11385228368814741,-21.078380584716797
ipo,ordinary,867,19,1,0.046420547010282656,-12.259817123413086
ipo,ordinary,867,19,2,0.2125657506320193,-10.73830795288086
ipo,ordinary,867,19,3,0.047321215338843085,-12.2406005859375
ipo,ordinary,867,19,4,0.6936924870188549,-9.555530548095703
ipo,ordinary,945,19,1,0.16702945206037176,-20.993303298950195
ipo,ordinary,945,19,2,0.3887575353403666,-20.148517608642578
ipo,ordinary,945,19,3,0.4050828583832045,-20.10738182067871
ipo,ordinary,945,19,4,0.03913015421605715,-22.444580078125
ipo,ordinary,54,20,1,0.0007217358497865527,-16.737804412841797
ipo,ordinary,54,20,2,0.5869190944375106,-10.036821365356445
ipo,ordinary,54,20,3,0.2779398383970543,-10.784303665161133
ipo,ordinary,54,20,4,0.1344193313156487,-11.510744094848633
ipo,ordinary,251,20,1,0.037173052699925095,-16.470964431762695
ipo,ordinary,251,20,2,0.10161970775930275,-15.465311050415039
ipo,ordinary,251,20,3,0.11602479779666403,-15.332744598388672
ipo,ordinary,251,20,4,0.7451824417441081,-13.472919464111328
ipo,ordinary,612,20,1,0.09729514410832818,-19.898035049438477
ipo,ordinary,612,20,2,0.25960518797629384,-18.916622161865234
ipo,ordinary,612,20,3,0.389185402915512,-18.511728286743164
ipo,ordinary,612,20,4,0.253914264999866,-18.93878746032715
ipo,ordinary,737,20,1,0.25959001570747436,-20.190990447998047
ipo,ordinary,737,20,2,0.4568529423400005,-19.625732421875
ipo,ordinary,737,20,3,0.07547486183698426,-21.426294326782227
ipo,ordinary,737,20,4,0.20808218011554094,-20.412160873413086
ipo,ordinary,867,20,1,0.10202185939588532,-11.82989501953125
ipo,ordinary,867,20,2,0.16168679705904396,-11.369421005249023
ipo,ordinary,867,20,3,0.024760170229634716,-13.245845794677734
ipo,ordinary,867,20,4,0.7115311733154359,-9.887662887573242
ipo,ordinary,945,20,1,0.21068010631336803,-21.042749404907227
ipo,ordinary,945,20,2,0.38227467383263947,-20.446950912475586
ipo,ordinary,945,20,3,0.36005755849762333,-20.506826400756836
ipo,ordinary,945,20,4,0.04698766135636924,-22.54320526123047
ipo,ordinary,54,21,1,0.0006749846429507225,-16.985015869140625
ipo,ordinary,54,21,2,0.5614547781310149,-10.261419296264648
ipo,ordinary,54,21,3,0.23842741872028514,-11.11788558959961
ipo,ordinary,54,21,4,0.1994428185057492,-11.296422958374023
ipo,ordinary,251,21,1,0.042502938277047646,-16.66152000427246
ipo,ordinary,251,21,2,0.3064323527898299,-14.68609619140625
ipo,ordinary,251,21,3,0.055671735570581304,-16.391620635986328
ipo,ordinary,251,21,4,0.5953929733625413,-14.021871566772461
ipo,ordinary,612,21,1,0.06219276354926744,-20.312891006469727
ipo,ordinary,612,21,2,0.2854408230607457,-18.789094924926758
ipo,ordinary,612,21,3,0.38837982804280236,-18.48114585876465
ipo,ordinary,612,21,4,0.2639865853471846,-18.867231369018555
ipo,ordinary,737,21,1,0.3015330812592881,-20.19318389892578
ipo,ordinary,737,21,2,0.48408789764253796,-19.719797134399414
ipo,ordinary,737,21,3,0.09397834458817499,-21.358999252319336
ipo,ordinary,737,21,4,0.12040067650999886,-21.111238479614258
ipo,ordinary,867,21,1,0.2063602651851197,-11.35389518737793
ipo,ordinary,867,21,2,0.12729890058449872,-11.836980819702148
ipo,ordinary,867,21,3,0.010948172454318917,-14.290346145629883
ipo,ordinary,867,21,4,0.6553926617760626,-10.198284149169922
ipo,ordinary,945,21,1,0.20024225129382628,-21.224699020385742
ipo,ordinary,945,21,2,0.3563166949665615,-20.648406982421875
ipo,ordinary,945,21,3,0.40107024173668376,-20.53009033203125
ipo,ordinary,945,21,4,0.0423708120029285,-22.777767181396484
ipo,ordinary,54,22,1,0.0005160842664785484,-17.188791275024414
ipo,ordinary,54,22,2,0.5393299438958494,-10.236978530883789
ipo,ordinary,54,22,3,0.1933592210059834,-11.26275634765625
ipo,ordinary,54,22,4,0.26679475083168874,-10.940826416015625
ipo,ordinary,251,22,1,0.06450908232096786,-16.346710205078125
ipo,ordinary,251,22,2,0.48743935031543517,-14.324350357055664
ipo,ordinary,251,22,3,0.023171789221322046,-17.370580673217773
ipo,ordinary,251,22,4,0.4248797781422749,-14.461709976196289
ipo,ordinary,612,22,1,0.053282010056198516,-20.471981048583984
ipo,ordinary,612,22,2,0.2949205522993801,-18.760873794555664
ipo,ordinary,612,22,3,0.4338645498530282,-18.374847412109375
ipo,ordinary,612,22,4,0.21793288779139322,-19.063392639160156
ipo,ordinary,737,22,1,0.33540559277557136,-20.225168228149414
ipo,ordinary,737,22,2,0.4952134895910701,-19.835519790649414
ipo,ordinary,737,22,3,0.05899170701155447,-21.963111877441406
ipo,ordinary,737,22,4,0.11038921062180407,-21.336496353149414
ipo,ordinary,867,22,1,0.25094794331622405,-11.229364395141602
ipo,ordinary,867,22,2,0.10242034707213084,-12.125524520874023
ipo,ordinary,867,22,3,0.008615084824157737,-14.601095199584961
ipo,ordinary,867,22,4,0.6380166247874874,-10.296245574951172
ipo,ordinary,945,22,1,0.17131080522080744,-21.495346069335938
ipo,ordinary,945,22,2,0.39865005355575434,-20.650741577148438
ipo,ordinary,945,22,3,0.37746812146654174,-20.705339431762695
ipo,ordinary,945,22,4,0.052571019756896466,-22.676660537719727
ipo,ordinary,54,23,1,0.0006123156500395256,-17.256559371948242
ipo,ordinary,54,23,2,0.489009822879132,-10.57366943359375
ipo,ordinary,54,23,3,0.30629014700097823,-11.041519165039062
ipo,ordinary,54,23,4,0.20408771446985036,-11.447502136230469
ipo,ordinary,251,23,1,0.08855663501517817,-16.114770889282227
ipo,ordinary,251,23,2,0.657577909444761,-14.10984992980957
ipo,ordinary,251,23,3,0.02867723521635933,-17.2423095703125
ipo,ordinary,251,23,4,0.2251882203237015,-15.181476593017578
ipo,ordinary,612,23,1,0.05207627793542576,-20.521265029907227
ipo,ordinary,612,23,2,0.4516707635385717,-18.361021041870117
ipo,ordinary,612,23,3,0.3215698134807475,-18.700759887695312
ipo,ordinary,612,23,4,0.17468314504525495,-19.31100082397461
ipo,ordinary,737,23,1,0.28289755892042956,-20.21371078491211
ipo,ordinary,737,23,2,0.4787083542056743,-19.68770408630371
ipo,ordinary,737,23,3,0.14877402190779496,-20.856367111206055
ipo,ordinary,737,23,4,0.08962006496610121,-21.363216400146484
ipo,ordinary,867,23,1,0.3213221930524976,-10.708621978759766
ipo,ordinary,867,23,2,0.18905416660945526,-11.239032745361328
ipo,ordinary,867,23,3,0.00453922781466502,-14.96830940246582
ipo,ordinary,867,23,4,0.4850844125233822,-10.296743392944336
ipo,ordinary,945,23,1,0.24547836086786495,-20.96160888671875
ipo,ordinary,945,23,2,0.3145110353300882,-20.71379852294922
ipo,ordinary,945,23,3,0.35649239089171514,-20.588504791259766
ipo,ordinary,945,23,4,0.08351821291033178,-22.039752960205078
ipo,ordinary,54,24,1,0.0007317987234448446,-16.499168395996094
ipo,ordinary,54,24,2,0.6534748099207706,-9.704614639282227
ipo,ordinary,54,24,3,0.13506760578983437,-11.281143188476562
ipo,ordinary,54,24,4,0.21072578556595023,-10.836360931396484
ipo,ordinary,251,24,1,0.25998390304122404,-14.970146179199219
ipo,ordinary,251,24,2,0.5008616614253907,-14.314435958862305
ipo,ordinary,251,24,3,0.032899020946759464,-17.037322998046875
ipo,ordinary,251,24,4,0.20625541458662583,-15.201650619506836
ipo,ordinary,612,24,1,0.019676830263672684,-21.145099639892578
ipo,ordinary,612,24,2,0.27802883173081117,-18.496816635131836
ipo,ordinary,612,24,3,0.46594471169748625,-17.9804744720459
ipo,ordinary,612,24,4,0.23634962630802986,-18.659229278564453
ipo,ordinary,737,24,1,0.1932657298396059,-20.366409301757812
ipo,ordinary,737,24,2,0.537179588812679,-19.34414291381836
ipo,ordinary,737,24,3,0.15358313466344667,-20.596233367919922
ipo,ordinary,737,24,4,0.11597154668426832,-20.87713050842285
ipo,ordinary,867,24,1,0.23580698091808397,-10.95230484008789
ipo,ordinary,867,24,2,0.19320594566007462,-11.151561737060547
ipo,ordinary,867,24,3,0.005368397991191631,-14.73478889465332
ipo,ordinary,867,24,4,0.5656186754306497,-10.077398300170898
ipo,ordinary,945,24,1,0.41723628932747053,-19.90097999572754
ipo,ordinary,945,24,2,0.2732427358274506,-20.32427215576172
ipo,ordinary,945,24,3,0.18040961909322317,-20.739402770996094
ipo,ordinary,945,24,4,0.12911135575185567,-21.073957443237305
ipo,ordinary,54,25,1,0.0011662904684983833,-16.221036911010742
ipo,ordinary,54,25,2,0.6306536794750783,-9.928108215332031
ipo,ordinary,54,25,3,0.18488583225061822,-11.155126571655273
ipo,ordinary,54,25,4,0.18329419780580494,-11.163772583007812
ipo,ordinary,251,25,1,0.4681322215085484,-14.243972778320312
ipo,ordinary,251,25,2,0.40841655239221186,-14.380435943603516
ipo,ordinary,251,25,3,0.03410390150387795,-16.863311767578125
ipo,ordinary,251,25,4,0.08934732459536184,-15.900192260742188
ipo,ordinary,612,25,1,0.01960773516695877,-21.253889083862305
ipo,ordinary,612,25,2,0.33124964501634985,-18.42694091796875
ipo,ordinary,612,25,3,0.385147095245227,-18.276187896728516
ipo,ordinary,612,25,4,0.26399552457146425,-18.653881072998047
ipo,ordinary,737,25,1,0.19173781393650743,-20.393695831298828
ipo,ordinary,737,25,2,0.5135879658325113,-19.408403396606445
ipo,ordinary,737,25,3,0.19188195816934933,-20.3929443359375
ipo,ordinary,737,25,4,0.10279226206163193,-21.017114639282227
ipo,ordinary,867,25,1,0.222493403459366,-10.930339813232422
ipo,ordinary,867,25,2,0.2550422668120465,-10.793807983398438
ipo,ordinary,867,25,3,0.003753607699102394,-15.012519836425781
ipo,ordinary,867,25,4,0.5187107220294851,-10.083890914916992
ipo,ordinary,945,25,1,0.49960119703745215,-19.519874572753906
ipo,ordinary,945,25,2,0.22002597984009514,-20.33993911743164
ipo,ordinary,945,25,3,0.11957175848783853,-20.94976806640625
ipo,ordinary,945,25,4,0.16080106463461413,-20.65351676940918
ipo,ordinary,54,26,1,0.0005817991419371261,-16.7358455657959
ipo,ordinary,54,26,2,0.6116524210356337,-9.778051376342773
ipo,ordinary,54,26,3,0.14612752329054066,-11.209735870361328
ipo,ordinary,54,26,4,0.24163825653188867,-10.70677375793457
ipo,ordinary,251,26,1,0.6583652768305477,-13.871286392211914
ipo,ordinary,251,26,2,0.2266322962301524,-14.93771743774414
ipo,ordinary,251,26,3,0.05813697273021999,-16.29824447631836
ipo,ordinary,251,26,4,0.056865454209079964,-16.320358276367188
ipo,ordinary,612,26,1,0.01904069918880384,-21.25089454650879
ipo,ordinary,612,26,2,0.28935044038076596,-18.529834747314453
ipo,ordinary,612,26,3,0.41589921647728223,-18.167030334472656
ipo,ordinary,612,26,4,0.2757096439531479,-18.578125
ipo,ordinary,737,26,1,0.0996083279183624,-20.842172622680664
ipo,ordinary,737,26,2,0.5682099862531008,-19.100927352905273
ipo,ordinary,737,26,3,0.23969336845813624,-19.96405792236328
ipo,ordinary,737,26,4,0.09248831737040059,-20.916336059570312
ipo,ordinary,867,26,1,0.1573123643629501,-11.321285247802734
ipo,ordinary,867,26,2,0.18673753088685327,-11.14981460571289
ipo,ordinary,867,26,3,0.004177051578192013,-14.949913024902344
ipo,ordinary,867,26,4,0.6517730531720047,-9.899822235107422
ipo,ordinary,945,26,1,0.4169484780289482,-19.72884178161621
ipo,ordinary,945,26,2,0.2927818995769678,-20.08237648010254
ipo,ordinary,945,26,3,0.1276296102253279,-20.91267204284668
ipo,ordinary,945,26,4,0.16264001216875618,-20.670265197753906
ipo,ordinary,54,27,1,0.0004803392281069235,-17.160890579223633
ipo,ordinary,54,27,2,0.4885952116514666,-10.236093521118164
ipo,ordinary,54,27,3,0.18439592292382687,-11.210542678833008
ipo,ordinary,54,27,4,0.32652852619659944,-10.639110565185547
ipo,ordinary,251,27,1,0.6562569033828932,-13.970876693725586
ipo,ordinary,251,27,2,0.14342357106768727,-15.491626739501953
ipo,ordinary,251,27,3,0.15271029251283097,-15.428886413574219
ipo,ordinary,251,27,4,0.04760923303658867,-16.594402313232422
ipo,ordinary,612,27,1,0.018512190180511454,-21.09992790222168
ipo,ordinary,612,27,2,0.2788705969944701,-18.387609481811523
ipo,ordinary,612,27,3,0.43002109233919683,-17.95452308654785
ipo,ordinary,612,27,4,0.2725961204858216,-18.41036605834961
ipo,ordinary,737,27,1,0.12588009594460464,-20.810611724853516
ipo,ordinary,737,27,2,0.685212298040115,-19.116212844848633
ipo,ordinary,737,27,3,0.11574409760015802,-20.894559860229492
ipo,ordinary,737,27,4,0.07316350841512237,-21.35324478149414
ipo,ordinary,867,27,1,0.28635187467377016,-10.736209869384766
ipo,ordinary,867,27,2,0.27035290896627784,-10.793703079223633
ipo,ordinary,867,27,3,0.003606178526382167,-15.110782623291016
ipo,ordinary,867,27,4,0.43968903783357005,-10.307363510131836
ipo,ordinary,945,27,1,0.43703305986164825,-20.010271072387695
ipo,ordinary,945,27,2,0.26556127919866745,-20.508434295654297
ipo,ordinary,945,27,3,0.16788783729941106,-20.966983795166016
ipo,ordinary,945,27,4,0.1295178236402731,-21.22646141052246
ipo,ordinary,54,28,1,0.0006542059246302868,-16.900531768798828
ipo,ordinary,54,28,2,0.4520224510414513,-10.362466812133789
ipo,ordinary,54,28,3,0.1910329040484321,-11.223752975463867
ipo,ordinary,54,28,4,0.3562904389854864,-10.600452423095703
ipo,ordinary,251,28,1,0.4873057444041001,-14.306266784667969
ipo,ordinary,251,28,2,0.17810926600375165,-15.312761306762695
ipo,ordinary,251,28,3,0.3078579350883258,-14.765520095825195
ipo,ordinary,251,28,4,0.026727054503822394,-17.209482192993164
ipo,ordinary,612,28,1,0.019064175645031992,-21.37081527709961
ipo,ordinary,612,28,2,0.385792323989461,-18.363327026367188
ipo,ordinary,612,28,3,0.29338674231151013,-18.637134552001953
ipo,ordinary,612,28,4,0.30175675805399677,-18.609004974365234
ipo,ordinary,737,28,1,0.13187939633772167,-20.689783096313477
ipo,ordinary,737,28,2,0.6630063813651802,-19.074886322021484
ipo,ordinary,737,28,3,0.08666514604173615,-21.109619140625
ipo,ordinary,737,28,4,0.11844907625536205,-20.79718780517578
ipo,ordinary,867,28,1,0.19335652771337455,-10.864500045776367
ipo,ordinary,867,28,2,0.3171855794692521,-10.369548797607422
ipo,ordinary,867,28,3,0.003209412757845857,-14.962947845458984
ipo,ordinary,867,28,4,0.48624848005952753,-9.942316055297852
ipo,ordinary,945,28,1,0.47368126840013,-19.761205673217773
ipo,ordinary,945,28,2,0.24716739995527684,-20.41167449951172
ipo,ordinary,945,28,3,0.15652381304061622,-20.868532180786133
ipo,ordinary,945,28,4,0.12262751860397703,-21.11258888244629
ipo,ordinary,54,29,1,0.0017396554760546318,-15.80862808227539
ipo,ordinary,54,29,2,0.5124550426565235,-10.123102188110352
ipo,ordinary,54,29,3,0.11800423074385495,-11.591594696044922
ipo,ordinary,54,29,4,0.36780107112356697,-10.45477294921875
ipo,ordinary,251,29,1,0.5751439653576711,-14.040075302124023
ipo,ordinary,251,29,2,0.12158038640162765,-15.594120025634766
ipo,ordinary,251,29,3,0.2666655161610754,-14.808700561523438
ipo,ordinary,251,29,4,0.03661013207962597,-16.794370651245117
ipo,ordinary,612,29,1,0.026485888760059098,-21.071372985839844
ipo,ordinary,612,29,2,0.364080123486125,-18.450611114501953
ipo,ordinary,612,29,3,0.27231906488325675,-18.741010665893555
ipo,ordinary,612,29,4,0.33711492287055916,-18.52756118774414
ipo,ordinary,737,29,1,0.10758945315866174,-20.87038803100586
ipo,ordinary,737,29,2,0.6473331790696817,-19.075849533081055
ipo,ordinary,737,29,3,0.06455770374850406,-21.38115119934082
ipo,ordinary,737,29,4,0.1805196640231526,-20.35287094116211
ipo,ordinary,867,29,1,0.1391943515903234,-11.238016128540039
ipo,ordinary,867,29,2,0.3323576063235028,-10.36767578125
ipo,ordinary,867,29,3,0.003541685367226621,-14.909284591674805
ipo,ordinary,867,29,4,0.5249063567189473,-9.910667419433594
ipo,ordinary,945,29,1,0.3421642939214426,-20.257396697998047
ipo,ordinary,945,29,2,0.3188604180821034,-20.32793426513672
ipo,ordinary,945,29,3,0.20552610798256815,-20.767114639282227
ipo,ordinary,945,29,4,0.13344918001388578,-21.19896697998047
ipo,ordinary,54,30,1,0.0027422622687433107,-15.419422149658203
ipo,ordinary,54,30,2,0.5810282532497187,-10.063405990600586
ipo,ordinary,54,30,3,0.12076378873587026,-11.634368896484375
ipo,ordinary,54,30,4,0.2954656957456677,-10.739652633666992
ipo,ordinary,251,30,1,0.5826760948426126,-13.832466125488281
ipo,ordinary,251,30,2,0.05735186234066808,-16.15089225769043
ipo,ordinary,251,30,3,0.31550205192333064,-14.445932388305664
ipo,ordinary,251,30,4,0.04446999089338852,-16.405282974243164
ipo,ordinary,612,30,1,0.017451670232416984,-21.5297908782959
ipo,ordinary,612,30,2,0.3425179331895175,-18.552902221679688
ipo,ordinary,612,30,3,0.24169115351201703,-18.901565551757812
ipo,ordinary,612,30,4,0.39833924306604845,-18.40192222595215
ipo,ordinary,737,30,1,0.07460714294960832,-21.04964256286621
ipo,ordinary,737,30,2,0.4647040529148381,-19.220478057861328
ipo,ordinary,737,30,3,0.07946540809373157,-20.986557006835938
ipo,ordinary,737,30,4,0.38122339604182226,-19.418493270874023
ipo,ordinary,867,30,1,0.11357725538254851,-11.467708587646484
ipo,ordinary,867,30,2,0.3226997465739892,-10.423469543457031
ipo,ordinary,867,30,3,0.001938686248636243,-15.53818130493164
ipo,ordinary,867,30,4,0.561784311794826,-9.869073867797852
ipo,ordinary,945,30,1,0.297323943489423,-20.398130416870117
ipo,ordinary,945,30,2,0.31660414339894405,-20.33530044555664
ipo,ordinary,945,30,3,0.2279992231511425,-20.663610458374023
ipo,ordinary,945,30,4,0.15807268996049048,-21.029897689819336
ipo,ordinary,54,31,1,0.002467995318835465,-15.583211898803711
ipo,ordinary,54,31,2,0.5327241557294039,-10.208614349365234
ipo,ordinary,54,31,3,0.18827284558154253,-11.248725891113281
ipo,ordinary,54,31,4,0.276535003370218,-10.864280700683594
ipo,ordinary,251,31,1,0.4010594525630258,-14.04437255859375
ipo,ordinary,251,31,2,0.03733594516160146,-16.41852569580078
ipo,ordinary,251,31,3,0.5158110210649619,-13.792741775512695
ipo,ordinary,251,31,4,0.045793581210410765,-16.214338302612305
ipo,ordinary,612,31,1,0.01226865554544861,-21.899412155151367
ipo,ordinary,612,31,2,0.35385288675091003,-18.537578582763672
ipo,ordinary,612,31,3,0.20917318885824446,-19.063297271728516
ipo,ordinary,612,31,4,0.42470526884539683,-18.355064392089844
ipo,ordinary,737,31,1,0.07450429960023928,-20.899463653564453
ipo,ordinary,737,31,2,0.44097506039721773,-19.1213321685791
ipo,ordinary,737,31,3,0.08304503627261252,-20.790937423706055
ipo,ordinary,737,31,4,0.4014756037299306,-19.215173721313477
ipo,ordinary,867,31,1,0.07691145971795046,-11.514131546020508
ipo,ordinary,867,31,2,0.40159686847539033,-9.861337661743164
ipo,ordinary,867,31,3,0.0017054197596497527,-15.322975158691406
ipo,ordinary,867,31,4,0.5197862520470095,-9.603368759155273
ipo,ordinary,945,31,1,0.2978705919032558,-20.412893295288086
ipo,ordinary,945,31,2,0.3246294489788559,-20.326868057250977
ipo,ordinary,945,31,3,0.21141091061518563,-20.755748748779297
ipo,ordinary,945,31,4,0.1660890485027026,-20.997028350830078
ipo,ordinary,54,32,1,0.0032554513988070108,-15.306816101074219
ipo,ordinary,54,32,2,0.5663483062783647,-10.147937774658203
ipo,ordinary,54,32,3,0.15179316325542053,-11.464628219604492
ipo,ordinary,54,32,4,0.2786030790674076,-10.857358932495117
ipo,ordinary,251,32,1,0.3926864049970151,-13.706308364868164
ipo,ordinary,251,32,2,0.016880302410087956,-16.853172302246094
ipo,ordinary,251,32,3,0.5078435541068088,-13.449146270751953
ipo,ordinary,251,32,4,0.08258973848608804,-15.265434265136719
ipo,ordinary,612,32,1,0.014825532425714877,-21.615488052368164
ipo,ordinary,612,32,2,0.26191016259047395,-18.743837356567383
ipo,ordinary,612,32,3,0.17328217560951306,-19.156917572021484
ipo,ordinary,612,32,4,0.549982129374298,-18.001953125
ipo,ordinary,737,32,1,0.09109809067315515,-20.807661056518555
ipo,ordinary,737,32,2,0.4147343270341433,-19.291959762573242
ipo,ordinary,737,32,3,0.09929693171122789,-20.72148323059082
ipo,ordinary,737,32,4,0.3948706505814737,-19.341039657592773
ipo,ordinary,867,32,1,0.10256023589575204,-11.4105224609375
ipo,ordinary,867,32,2,0.3316379342591602,-10.236928939819336
ipo,ordinary,867,32,3,0.0018280774725555917,-15.437707901000977
ipo,ordinary,867,32,4,0.5639737523725322,-9.705965042114258
ipo,ordinary,945,32,1,0.20950163206813902,-20.954504013061523
ipo,ordinary,945,32,2,0.33834928809844256,-20.475156784057617
ipo,ordinary,945,32,3,0.340547360597275,-20.46868133544922
ipo,ordinary,945,32,4,0.11160171923614348,-21.584299087524414
ipo,ordinary,54,33,1,0.006182305875310786,-14.791542053222656
ipo,ordinary,54,33,2,0.6091609264931506,-10.201150894165039
ipo,ordinary,54,33,3,0.1739724942509456,-11.454336166381836
ipo,ordinary,54,33,4,0.21068427338059292,-11.262872695922852
ipo,ordinary,251,33,1,0.21796506845719152,-14.084451675415039
ipo,ordinary,251,33,2,0.014857597832569538,-16.770275115966797
ipo,ordinary,251,33,3,0.6360921837028596,-13.013442993164062
ipo,ordinary,251,33,4,0.13108515000737936,-14.592939376831055
ipo,ordinary,612,33,1,0.010687376509915688,-21.472745895385742
ipo,ordinary,612,33,2,0.15600432709545695,-18.79192543029785
ipo,ordinary,612,33,3,0.23542857194930766,-18.380401611328125
ipo,ordinary,612,33,4,0.5978797244453197,-17.44841957092285
ipo,ordinary,737,33,1,0.24171638238255322,-20.151653289794922
ipo,ordinary,737,33,2,0.46541070257748723,-19.496498107910156
ipo,ordinary,737,33,3,0.07063886651141169,-21.381837844848633
ipo,ordinary,737,33,4,0.22223404852854792,-20.235687255859375
ipo,ordinary,867,33,1,0.1130803217222574,-11.396139144897461
ipo,ordinary,867,33,2,0.26297830484637985,-10.552165985107422
ipo,ordinary,867,33,3,0.0013978410997956827,-15.789308547973633
ipo,ordinary,867,33,4,0.6225435323315671,-9.690423965454102
ipo,ordinary,945,33,1,0.2695562322044668,-20.70155906677246
ipo,ordinary,945,33,2,0.3015335956438393,-20.589454650878906
ipo,ordinary,945,33,3,0.26082420811152657,-20.73448944091797
ipo,ordinary,945,33,4,0.16808596404016737,-21.173860549926758
ipo,ordinary,54,34,1,0.010639356568293238,-14.431127548217773
ipo,ordinary,54,34,2,0.5663689257389584,-10.456441879272461
ipo,ordinary,54,34,3,0.18557270165422843,-11.572240829467773
ipo,ordinary,54,34,4,0.23741901603852011,-11.325860977172852
ipo,ordinary,251,34,1,0.12504827047444197,-14.391304016113281
ipo,ordinary,251,34,2,0.020413997293296536,-16.20378303527832
ipo,ordinary,251,34,3,0.6855116085217794,-12.689838409423828
ipo,ordinary,251,34,4,0.169026123710482,-14.089950561523438
ipo,ordinary,612,34,1,0.012826755039114774,-21.638612747192383
ipo,ordinary,612,34,2,0.31483388773930576,-18.438100814819336
ipo,ordinary,612,34,3,0.21582962257489882,-18.815656661987305
ipo,ordinary,612,34,4,0.45650973464668054,-18.06653594970703
ipo,ordinary,737,34,1,0.25545411422269904,-19.975234985351562
ipo,ordinary,737,34,2,0.43983711502554673,-19.431873321533203
ipo,ordinary,737,34,3,0.08554405399665155,-21.069246292114258
ipo,ordinary,737,34,4,0.21916471675510266,-20.128454208374023
ipo,ordinary,867,34,1,0.22662969237227995,-11.042943954467773
ipo,ordinary,867,34,2,0.1829054833431565,-11.257291793823242
ipo,ordinary,867,34,3,0.0017311148124583488,-15.917495727539062
ipo,ordinary,867,34,4,0.5887337094721051,-10.088287353515625
ipo,ordinary,945,34,1,0.25542740695208405,-21.011587142944336
ipo,ordinary,945,34,2,0.3152531675118843,-20.801149368286133
ipo,ordinary,945,34,3,0.29147199795829076,-20.879581451416016
ipo,ordinary,945,34,4,0.13784742757774096,-21.62837791442871
ipo,ordinary,54,35,1,0.01330704866138859,-14.298786163330078
ipo,ordinary,54,35,2,0.5958930583247749,-10.497018814086914
ipo,ordinary,54,35,3,0.17888337186658876,-11.700345993041992
ipo,ordinary,54,35,4,0.21191652114724777,-11.530887603759766
ipo,ordinary,251,35,1,0.10341174269464037,-14.569761276245117
ipo,ordinary,251,35,2,0.02604042522011719,-15.948829650878906
ipo,ordinary,251,35,3,0.688108104063563,-12.67453384399414
ipo,ordinary,251,35,4,0.18243972802167938,-14.002059936523438
ipo,ordinary,612,35,1,0.025612128390868915,-21.076688766479492
ipo,ordinary,612,35,2,0.24391915363067398,-18.822917938232422
ipo,ordinary,612,35,3,0.17177214828404155,-19.173585891723633
ipo,ordinary,612,35,4,0.5586965696944155,-17.99414825439453
ipo,ordinary,737,35,1,0.2651691303178958,-19.881046295166016
ipo,ordinary,737,35,2,0.3889449597979997,-19.497976303100586
ipo,ordinary,737,35,3,0.169366435893303,-20.329349517822266
ipo,ordinary,737,35,4,0.17651947399080148,-20.287982940673828
ipo,ordinary,867,35,1,0.33740516049910035,-10.795352935791016
ipo,ordinary,867,35,2,0.12077361306051694,-11.82271957397461
ipo,ordinary,867,35,3,0.002018544155406158,-15.914260864257812
ipo,ordinary,867,35,4,0.5398026822849766,-10.325433731079102
ipo,ordinary,945,35,1,0.28411360206556874,-20.89451026916504
ipo,ordinary,945,35,2,0.2587624004168765,-20.987974166870117
ipo,ordinary,945,35,3,0.2971000842269373,-20.849815368652344
ipo,ordinary,945,35,4,0.16002391329061744,-21.46856117248535
ipo,ordinary,54,36,1,0.015624866521189912,-14.079254150390625
ipo,ordinary,54,36,2,0.565112666752331,-10.491092681884766
ipo,ordinary,54,36,3,0.20277442767082168,-11.516023635864258
ipo,ordinary,54,36,4,0.21648803905565744,-11.450582504272461
ipo,ordinary,251,36,1,0.05383393990684775,-14.982213973999023
ipo,ordinary,251,36,2,0.0356838722783073,-15.39341926574707
ipo,ordinary,251,36,3,0.5798080087039224,-12.60542106628418
ipo,ordinary,251,36,4,0.33067417911092256,-13.166984558105469
ipo,ordinary,612,36,1,0.03292834385780255,-20.94608497619629
ipo,ordinary,612,36,2,0.3048484706585751,-18.720603942871094
ipo,ordinary,612,36,3,0.1765620296688609,-19.266746520996094
ipo,ordinary,612,36,4,0.4856611558147614,-18.254907608032227
ipo,ordinary,737,36,1,0.14688091196260505,-20.33790397644043
ipo,ordinary,737,36,2,0.42666200658718134,-19.271533966064453
ipo,ordinary,737,36,3,0.18371797075689067,-20.114124298095703
ipo,ordinary,737,36,4,0.242739110693323,-19.835538864135742
ipo,ordinary,867,36,1,0.33822705229025346,-10.701028823852539
ipo,ordinary,867,36,2,0.14988251601918634,-11.514894485473633
ipo,ordinary,867,36,3,0.0019386491660304493,-15.862754821777344
ipo,ordinary,867,36,4,0.5099517825245298,-10.290430068969727
ipo,ordinary,945,36,1,0.2164315904264523,-20.99311637878418
ipo,ordinary,945,36,2,0.23864213822991934,-20.89542579650879
ipo,ordinary,945,36,3,0.3254977576365539,-20.58503532409668
ipo,ordinary,945,36,4,0.21942851370707434,-20.9793643951416
ipo,ordinary,54,37,1,0.013544205741870187,-14.21046257019043
ipo,ordinary,54,37,2,0.523409651124292,-10.55605697631836
ipo,ordinary,54,37,3,0.19671675079631504,-11.534656524658203
ipo,ordinary,54,37,4,0.26632939233752273,-11.231687545776367
ipo,ordinary,251,37,1,0.03349111239632032,-15.22938346862793
ipo,ordinary,251,37,2,0.07471840649835691,-14.426937103271484
ipo,ordinary,251,37,3,0.6138123243049728,-12.320974349975586
ipo,ordinary,251,37,4,0.27797815680035,-13.113121032714844
ipo,ordinary,612,37,1,0.042160194576782564,-20.75030517578125
ipo,ordinary,612,37,2,0.33231210509761266,-18.685707092285156
ipo,ordinary,612,37,3,0.1643348777190703,-19.389875411987305
ipo,ordinary,612,37,4,0.46119282260653444,-18.35796546936035
ipo,ordinary,737,37,1,0.15435135317855947,-20.352218627929688
ipo,ordinary,737,37,2,0.42612735723853773,-19.336711883544922
ipo,ordinary,737,37,3,0.17632589075322577,-20.2191162109375
ipo,ordinary,737,37,4,0.243195398829677,-19.897584915161133
ipo,ordinary,867,37,1,0.3550657284684486,-10.276107788085938
ipo,ordinary,867,37,2,0.3170307539443563,-10.389411926269531
ipo,ordinary,867,37,3,0.0009712966064961894,-16.177534103393555
ipo,ordinary,867,37,4,0.3269322209806988,-10.358657836914062
ipo,ordinary,945,37,1,0.17975627520650447,-21.32276725769043
ipo,ordinary,945,37,2,0.33122454111418465,-20.711572647094727
ipo,ordinary,945,37,3,0.33744698796935374,-20.692960739135742
ipo,ordinary,945,37,4,0.1515721957099572,-21.49330711364746
ipo,ordinary,54,38,1,0.007247732767735562,-14.843297958374023
ipo,ordinary,54,38,2,0.44766386810607955,-10.71994400024414
ipo,ordinary,54,38,3,0.22115027793493955,-11.42514419555664
ipo,ordinary,54,38,4,0.3239381211912453,-11.043434143066406
ipo,ordinary,251,38,1,0.03394601032483128,-15.289667129516602
ipo,ordinary,251,38,2,0.05357280386806105,-14.833396911621094
ipo,ordinary,251,38,3,0.4166268250079816,-12.782247543334961
ipo,ordinary,251,38,4,0.49585436079912615,-12.608156204223633
ipo,ordinary,612,38,1,0.07122230667413033,-20.428245544433594
ipo,ordinary,612,38,2,0.38409921772665506,-18.74315071105957
ipo,ordinary,612,38,3,0.12057229683842588,-19.90180206298828
ipo,ordinary,612,38,4,0.4241061787607886,-18.644067764282227
ipo,ordinary,737,38,1,0.1303563191865687,-20.456966400146484
ipo,ordinary,737,38,2,0.4652745451975161,-19.18461036682129
ipo,ordinary,737,38,3,0.1467453680143828,-20.338539123535156
ipo,ordinary,737,38,4,0.2576237676015325,-19.775737762451172
ipo,ordinary,867,38,1,0.3349732280626033,-10.175060272216797
ipo,ordinary,867,38,2,0.34043394549892503,-10.158889770507812
ipo,ordinary,867,38,3,0.001631522022343877,-15.499597549438477
ipo,ordinary,867,38,4,0.3229613044161278,-10.211578369140625
ipo,ordinary,945,38,1,0.1345621643338762,-21.377382278442383
ipo,ordinary,945,38,2,0.38117674228063375,-20.336145401000977
ipo,ordinary,945,38,3,0.3313047680940245,-20.476369857788086
ipo,ordinary,945,38,4,0.1529563252914656,-21.249256134033203
ipo,ordinary,54,39,1,0.004215588723046611,-15.322320938110352
ipo,ordinary,54,39,2,0.41063935250122685,-10.74339485168457
ipo,ordinary,54,39,3,0.21872169094058053,-11.373310089111328
ipo,ordinary,54,39,4,0.36642336783514595,-10.857320785522461
ipo,ordinary,251,39,1,0.057861261995465034,-14.958660125732422
ipo,ordinary,251,39,2,0.08179675798611477,-14.612470626831055
ipo,ordinary,251,39,3,0.19525625718172387,-13.742395401000977
ipo,ordinary,251,39,4,0.6650857228366962,-12.516792297363281
ipo,ordinary,612,39,1,0.04296716889397581,-20.63111114501953
ipo,ordinary,612,39,2,0.3113668556557343,-18.650575637817383
ipo,ordinary,612,39,3,0.13719681964375577,-19.470130920410156
ipo,ordinary,612,39,4,0.5084691558065341,-18.16014289855957
ipo,ordinary,737,39,1,0.1709778506725388,-20.210838317871094
ipo,ordinary,737,39,2,0.3588194524367303,-19.469552993774414
ipo,ordinary,737,39,3,0.1881825723211304,-20.114959716796875
ipo,ordinary,737,39,4,0.2820201245696005,-19.71039390563965
ipo,ordinary,867,39,1,0.32523760860012957,-10.386333465576172
ipo,ordinary,867,39,2,0.3059219877560872,-10.447559356689453
ipo,ordinary,867,39,3,0.002993615656906313,-15.074407577514648
ipo,ordinary,867,39,4,0.36584678798687703,-10.268674850463867
ipo,ordinary,945,39,1,0.17341050695500698,-20.982433319091797
ipo,ordinary,945,39,2,0.34104848351971245,-20.30607032775879
ipo,ordinary,945,39,3,0.22148343097497422,-20.737747192382812
ipo,ordinary,945,39,4,0.26405757855030637,-20.561927795410156
ipo,ordinary,54,40,1,0.0049160969642833025,-15.31214714050293
ipo,ordinary,54,40,2,0.32326605549380955,-11.12618637084961
ipo,ordinary,54,40,3,0.21846465953931948,-11.518037796020508
ipo,ordinary,54,40,4,0.4533531880025876,-10.78799057006836
ipo,ordinary,251,40,1,0.08398177550101028,-14.676794052124023
ipo,ordinary,251,40,2,0.17152945722933177,-13.962638854980469
ipo,ordinary,251,40,3,0.1344623008260492,-14.206110000610352
ipo,ordinary,251,40,4,0.6100264664436087,-12.693891525268555
ipo,ordinary,612,40,1,0.04672072061583981,-20.78472137451172
ipo,ordinary,612,40,2,0.3352983012994884,-18.813888549804688
ipo,ordinary,612,40,3,0.13792646009189688,-19.70218849182129
ipo,ordinary,612,40,4,0.480054517992775,-18.45500946044922
ipo,ordinary,737,40,1,0.19026082041673584,-20.02012825012207
ipo,ordinary,737,40,2,0.3483994393349233,-19.41517448425293
ipo,ordinary,737,40,3,0.2307132069580097,-19.827348709106445
ipo,ordinary,737,40,4,0.2306265332903312,-19.82772445678711
ipo,ordinary,867,40,1,0.379715677242692,-10.113897323608398
ipo,ordinary,867,40,2,0.33761018534568354,-10.231428146362305
ipo,ordinary,867,40,3,0.004164712866976112,-14.626672744750977
ipo,ordinary,867,40,4,0.27850942454464833,-10.423868179321289
ipo,ordinary,945,40,1,0.16398757282267734,-21.09794044494629
ipo,ordinary,945,40,2,0.39939702746833,-20.207775115966797
ipo,ordinary,945,40,3,0.22661751177450298,-20.77446746826172
ipo,ordinary,945,40,4,0.20999788793448976,-20.85063362121582
ipo,ordinary,54,41,1,0.00876661062852594,-14.56186294555664
ipo,ordinary,54,41,2,0.4191869698217752,-10.694496154785156
ipo,ordinary,54,41,3,0.11888454216460415,-11.954660415649414
ipo,ordinary,54,41,4,0.45316187738509467,-10.61656379699707
ipo,ordinary,251,41,1,0.11114865009780672,-14.611640930175781
ipo,ordinary,251,41,2,0.2872251882758989,-13.662242889404297
ipo,ordinary,251,41,3,0.07543291776435837,-14.999265670776367
ipo,ordinary,251,41,4,0.526193243861936,-13.056840896606445
ipo,ordinary,612,41,1,0.04112194395358599,-20.617467880249023
ipo,ordinary,612,41,2,0.2312137977216605,-18.890666961669922
ipo,ordinary,612,41,3,0.13167583258802534,-19.45366668701172
ipo,ordinary,612,41,4,0.5959884257367282,-17.943788528442383
ipo,ordinary,737,41,1,0.1390435487904148,-20.25282859802246
ipo,ordinary,737,41,2,0.43852522110209263,-19.104198455810547
ipo,ordinary,737,41,3,0.2559061263403598,-19.642805099487305
ipo,ordinary,737,41,4,0.1665251037671327,-20.07246971130371
ipo,ordinary,867,41,1,0.2968058510319294,-10.01921272277832
ipo,ordinary,867,41,2,0.46170273703142284,-9.577369689941406
ipo,ordinary,867,41,3,0.005852527056397927,-13.945417404174805
ipo,ordinary,867,41,4,0.23563888488024984,-10.249990463256836
ipo,ordinary,945,41,1,0.2040099310789532,-20.74339485168457
ipo,ordinary,945,41,2,0.3550224308608646,-20.189382553100586
ipo,ordinary,945,41,3,0.1771333440712704,-20.884660720825195
ipo,ordinary,945,41,4,0.26383429398891184,-20.486242294311523
ipo,ordinary,54,42,1,0.014615012429947187,-14.189718246459961
ipo,ordinary,54,42,2,0.44530826752746516,-10.773000717163086
ipo,ordinary,54,42,3,0.10852594643205356,-12.184778213500977
ipo,ordinary,54,42,4,0.4315507736105341,-10.80438232421875
ipo,ordinary,251,42,1,0.12624201194630133,-14.678651809692383
ipo,ordinary,251,42,2,0.5031860028278751,-13.295892715454102
ipo,ordinary,251,42,3,0.05703886447665581,-15.473119735717773
ipo,ordinary,251,42,4,0.3135331207491678,-13.76894760131836
ipo,ordinary,612,42,1,0.07167404991912549,-19.81981086730957
ipo,ordinary,612,42,2,0.1471298513116049,-19.100624084472656
ipo,ordinary,612,42,3,0.14836075446060473,-19.09229278564453
ipo,ordinary,612,42,4,0.6328353443086648,-17.6417293548584
ipo,ordinary,737,42,1,0.13152330643724033,-20.031064987182617
ipo,ordinary,737,42,2,0.4377905857359835,-18.828508377075195
ipo,ordinary,737,42,3,0.3042544441039053,-19.192384719848633
ipo,ordinary,737,42,4,0.1264316637228709,-20.070547103881836
ipo,ordinary,867,42,1,0.25396497259369216,-10.165006637573242
ipo,ordinary,867,42,2,0.5259652480327921,-9.436967849731445
ipo,ordinary,867,42,3,0.009535059830673603,-13.447227478027344
ipo,ordinary,867,42,4,0.21053471954284209,-10.35255241394043
ipo,ordinary,945,42,1,0.30739597740710517,-20.489238739013672
ipo,ordinary,945,42,2,0.3857985410218072,-20.262060165405273
ipo,ordinary,945,42,3,0.127225767738716,-21.37141227722168
ipo,ordinary,945,42,4,0.17957971383237167,-21.026756286621094
ipo,ordinary,54,43,1,0.030418489467014698,-13.656484603881836
ipo,ordinary,54,43,2,0.48673018344170677,-10.883825302124023
ipo,ordinary,54,43,3,0.17108011037246723,-11.929403305053711
ipo,ordinary,54,43,4,0.3117712167188113,-11.329265594482422
ipo,ordinary,251,43,1,0.2991766110835836,-14.13496208190918
ipo,ordinary,251,43,2,0.4057808048460136,-13.830183029174805
ipo,ordinary,251,43,3,0.06950451129992104,-15.5946044921875
ipo,ordinary,251,43,4,0.22553807277048177,-14.41750717163086
ipo,ordinary,612,43,1,0.11704096912690559,-19.0848388671875
ipo,ordinary,612,43,2,0.09464789663982344,-19.297199249267578
ipo,ordinary,612,43,3,0.1914468927116551,-18.59275245666504
ipo,ordinary,612,43,4,0.5968642415216159,-17.455673217773438
ipo,ordinary,737,43,1,0.11537445135026207,-20.307300567626953
ipo,ordinary,737,43,2,0.45264975896848986,-18.940364837646484
ipo,ordinary,737,43,3,0.29283630125590115,-19.375869750976562
ipo,ordinary,737,43,4,0.13913948842534699,-20.120006561279297
ipo,ordinary,867,43,1,0.16254165397992226,-9.938385009765625
ipo,ordinary,867,43,2,0.7418928262064287,-8.420114517211914
ipo,ordinary,867,43,3,0.008751384259975266,-12.860107421875
ipo,ordinary,867,43,4,0.08681413555367369,-10.565549850463867
ipo,ordinary,945,43,1,0.3771397111274668,-20.456418991088867
ipo,ordinary,945,43,2,0.3422662285870856,-20.55344581604004
ipo,ordinary,945,43,3,0.13635277775760637,-21.47378921508789
ipo,ordinary,945,43,4,0.1442412825278413,-21.41754722595215
ipo,ordinary,54,44,1,0.027802455032546525,-13.612752914428711
ipo,ordinary,54,44,2,0.5447956722622158,-10.637466430664062
ipo,ordinary,54,44,3,0.17521123857044288,-11.77188491821289
ipo,ordinary,54,44,4,0.2521906341347947,-11.407691955566406
ipo,ordinary,251,44,1,0.43315048122430055,-13.664896011352539
ipo,ordinary,251,44,2,0.2414766450040501,-14.249208450317383
ipo,ordinary,251,44,3,0.04991961267876962,-15.825567245483398
ipo,ordinary,251,44,4,0.27545326109287965,-14.117563247680664
ipo,ordinary,612,44,1,0.174174382376651,-18.33427619934082
ipo,ordinary,612,44,2,0.0629242398603845,-19.352401733398438
ipo,ordinary,612,44,3,0.23722461124815925,-18.025325775146484
ipo,ordinary,612,44,4,0.5256767665148052,-17.229646682739258
ipo,ordinary,737,44,1,0.1165414725728088,-20.109119415283203
ipo,ordinary,737,44,2,0.5574525742864358,-18.543989181518555
ipo,ordinary,737,44,3,0.19403000700902356,-19.599353790283203
ipo,ordinary,737,44,4,0.13197594613173175,-19.9847469329834
ipo,ordinary,867,44,1,0.10496470145705146,-10.459901809692383
ipo,ordinary,867,44,2,0.7083628004274732,-8.550569534301758
ipo,ordinary,867,44,3,0.04520300128361493,-11.302362442016602
ipo,ordinary,867,44,4,0.1414694968318603,-10.161441802978516
ipo,ordinary,945,44,1,0.2952831793078919,-20.432636260986328
ipo,ordinary,945,44,2,0.35049830719767144,-20.261215209960938
ipo,ordinary,945,44,3,0.18017862068684157,-20.92662239074707
ipo,ordinary,945,44,4,0.17403989280759516,-20.961286544799805
ipo,ordinary,54,45,1,0.021751885076605873,-13.656877517700195
ipo,ordinary,54,45,2,0.5602688615017721,-10.408161163330078
ipo,ordinary,54,45,3,0.14209491346924333,-11.780082702636719
ipo,ordinary,54,45,4,0.2758843399523786,-11.116596221923828
ipo,ordinary,251,45,1,0.5471498669949921,-13.513341903686523
ipo,ordinary,251,45,2,0.20027723930226649,-14.518362045288086
ipo,ordinary,251,45,3,0.06414469266249886,-15.656923294067383
ipo,ordinary,251,45,4,0.18842820104024255,-14.579347610473633
ipo,ordinary,612,45,1,0.16819769802516954,-18.465450286865234
ipo,ordinary,612,45,2,0.08516758958257467,-19.14596939086914
ipo,ordinary,612,45,3,0.3020968285106515,-17.87984275817871
ipo,ordinary,612,45,4,0.4445378838816042,-17.493555068969727
ipo,ordinary,737,45,1,0.10412258437764377,-20.321035385131836
ipo,ordinary,737,45,2,0.5000549129528972,-18.75188636779785
ipo,ordinary,737,45,3,0.2258119522487951,-19.54690170288086
ipo,ordinary,737,45,4,0.17001055042066401,-19.83074378967285
ipo,ordinary,867,45,1,0.06585006310487433,-10.942779541015625
ipo,ordinary,867,45,2,0.6809855221904644,-8.606618881225586
ipo,ordinary,867,45,3,0.08294384802482842,-10.711996078491211
ipo,ordinary,867,45,4,0.17022056667983282,-9.993064880371094
ipo,ordinary,945,45,1,0.39665470290370386,-19.80889892578125
ipo,ordinary,945,45,2,0.27111482905786727,-20.189422607421875
ipo,ordinary,945,45,3,0.16443255611693497,-20.689464569091797
ipo,ordinary,945,45,4,0.16779791192149393,-20.669204711914062
ipo,ordinary,54,46,1,0.03292268383572136,-13.304365158081055
ipo,ordinary,54,46,2,0.5265801179734712,-10.532123565673828
ipo,ordinary,54,46,3,0.12568498708701165,-11.96474838256836
ipo,ordinary,54,46,4,0.31481221110379576,-11.046550750732422
ipo,ordinary,251,46,1,0.5632538150525465,-13.363162994384766
ipo,ordinary,251,46,2,0.15817518615571788,-14.633190155029297
ipo,ordinary,251,46,3,0.09933092885314745,-15.09843635559082
ipo,ordinary,251,46,4,0.1792400699385883,-14.508167266845703
ipo,ordinary,612,46,1,0.10679691896364621,-18.826717376708984
ipo,ordinary,612,46,2,0.07163526597105346,-19.226058959960938
ipo,ordinary,612,46,3,0.3865769049499198,-17.540315628051758
ipo,ordinary,612,46,4,0.43499091011538055,-17.422321319580078
ipo,ordinary,737,46,1,0.0684055410767661,-20.557476043701172
ipo,ordinary,737,46,2,0.4340491449742654,-18.70977210998535
ipo,ordinary,737,46,3,0.20795698858056894,-19.445598602294922
ipo,ordinary,737,46,4,0.28958832536839973,-19.114469528198242
ipo,ordinary,867,46,1,0.05044931483207027,-11.409111022949219
ipo,ordinary,867,46,2,0.5056060228562494,-9.10432243347168
ipo,ordinary,867,46,3,0.14721778160945104,-10.338167190551758
ipo,ordinary,867,46,4,0.2967268807022292,-9.63726806640625
ipo,ordinary,945,46,1,0.43728734453528867,-19.339101791381836
ipo,ordinary,945,46,2,0.2231163042279746,-20.011999130249023
ipo,ordinary,945,46,3,0.13114379670193566,-20.543397903442383
ipo,ordinary,945,46,4,0.2084525545348011,-20.079980850219727
ipo,ordinary,54,47,1,0.035840531150104986,-13.13093376159668
ipo,ordinary,54,47,2,0.5902337785863951,-10.32949447631836
ipo,ordinary,54,47,3,0.10267451337502412,-12.078449249267578
ipo,ordinary,54,47,4,0.2712511768884757,-11.10696792602539
ipo,ordinary,251,47,1,0.6104566266283944,-13.39738655090332
ipo,ordinary,251,47,2,0.0800951047070721,-15.42837905883789
ipo,ordinary,251,47,3,0.11695833017452709,-15.049776077270508
ipo,ordinary,251,47,4,0.19248993849000637,-14.551549911499023
ipo,ordinary,612,47,1,0.10494134372814273,-18.613954544067383
ipo,ordinary,612,47,2,0.057987064093316436,-19.207136154174805
ipo,ordinary,612,47,3,0.4284116494127544,-17.207271575927734
ipo,ordinary,612,47,4,0.40865994276578643,-17.254472732543945
ipo,ordinary,737,47,1,0.10062783219313014,-20.27974510192871
ipo,ordinary,737,47,2,0.38897235444990746,-18.92766571044922
ipo,ordinary,737,47,3,0.18447319497300074,-19.673669815063477
ipo,ordinary,737,47,4,0.32592661838396175,-19.104501724243164
ipo,ordinary,867,47,1,0.048602712896339204,-11.603885650634766
ipo,ordinary,867,47,2,0.414026263945916,-9.46163558959961
ipo,ordinary,867,47,3,0.12317889058528805,-10.673927307128906
ipo,ordinary,867,47,4,0.41419213257245674,-9.461235046386719
ipo,ordinary,945,47,1,0.3101999780505367,-20.22440528869629
ipo,ordinary,945,47,2,0.2992047843664103,-20.260494232177734
ipo,ordinary,945,47,3,0.22330468548274096,-20.553085327148438
ipo,ordinary,945,47,4,0.1672905521003121,-20.841890335083008
ipo,ordinary,54,48,1,0.03666742773498519,-13.08803939819336
ipo,ordinary,54,48,2,0.49885465581608646,-10.47761344909668
ipo,ordinary,54,48,3,0.08945438355473889,-12.196199417114258
ipo,ordinary,54,48,4,0.3750235328941893,-10.762939453125
ipo,ordinary,251,48,1,0.5950554949250508,-13.370597839355469
ipo,ordinary,251,48,2,0.05036220095522629,-15.840011596679688
ipo,ordinary,251,48,3,0.19781391664350598,-14.471925735473633
ipo,ordinary,251,48,4,0.15676838747621694,-14.704483032226562
ipo,ordinary,612,48,1,0.0870933992161586,-18.61780548095703
ipo,ordinary,612,48,2,0.06516540194501798,-18.90785789489746
ipo,ordinary,612,48,3,0.5339179252536524,-16.80454444885254
ipo,ordinary,612,48,4,0.313823273585171,-17.335956573486328
ipo,ordinary,737,48,1,0.11046160783737327,-20.15609359741211
ipo,ordinary,737,48,2,0.3788619577609746,-18.9235897064209
ipo,ordinary,737,48,3,0.16055830143465777,-19.7821044921875
ipo,ordinary,737,48,4,0.3501181329669944,-19.002490997314453
ipo,ordinary,867,48,1,0.0434820201152817,-11.879108428955078
ipo,ordinary,867,48,2,0.33934907587353824,-9.824426651000977
ipo,ordinary,867,48,3,0.10554494106455047,-10.992319107055664
ipo,ordinary,867,48,4,0.5116239629466297,-9.41386604309082
ipo,ordinary,945,48,1,0.33720020697670205,-20.035648345947266
ipo,ordinary,945,48,2,0.26940665323854696,-20.260103225708008
ipo,ordinary,945,48,3,0.22376382922491997,-20.44573402404785
ipo,ordinary,945,48,4,0.16962931055983094,-20.72270965576172
ipo,ordinary,54,49,1,0.038754031150388134,-13.140874862670898
ipo,ordinary,54,49,2,0.511989811980089,-10.559804916381836
ipo,ordinary,54,49,3,0.13586551700443283,-11.886444091796875
ipo,ordinary,54,49,4,0.3133906398650901,-11.0506591796875
ipo,ordinary,251,49,1,0.45352882052979293,-13.631637573242188
ipo,ordinary,251,49,2,0.02326838902305024,-16.601600646972656
ipo,ordinary,251,49,3,0.3734050493185614,-13.826032638549805
ipo,ordinary,251,49,4,0.14979774112859554,-14.739410400390625
ipo,ordinary,612,49,1,0.05444710366066838,-19.455820083618164
ipo,ordinary,612,49,2,0.1238300083047056,-18.634140014648438
ipo,ordinary,612,49,3,0.5359176165437991,-17.169069290161133
ipo,ordinary,612,49,4,0.285805271490827,-17.797739028930664
ipo,ordinary,737,49,1,0.12376601217017173,-20.15546226501465
ipo,ordinary,737,49,2,0.352384279286812,-19.109132766723633
ipo,ordinary,737,49,3,0.16033017017652615,-19.89661979675293
ipo,ordinary,737,49,4,0.3635195383664902,-19.078022003173828
ipo,ordinary,867,49,1,0.07230410443492988,-11.61958122253418
ipo,ordinary,867,49,2,0.2943084760823723,-10.21583366394043
ipo,ordinary,867,49,3,0.08035992337185992,-11.513946533203125
ipo,ordinary,867,49,4,0.5530274961108379,-9.585054397583008
ipo,ordinary,945,49,1,0.29798229719040886,-20.279659271240234
ipo,ordinary,945,49,2,0.2470539067056185,-20.467086791992188
ipo,ordinary,945,49,3,0.28306021359971084,-20.33103370666504
ipo,ordinary,945,49,4,0.17190358250426171,-20.82975959777832
ipo,ordinary,54,50,1,0.03905558170272281,-13.224918365478516
ipo,ordinary,54,50,2,0.5694708724082004,-10.545196533203125
ipo,ordinary,54,50,3,0.1482779323585764,-11.890815734863281
ipo,ordinary,54,50,4,0.2431956135305005,-11.396038055419922
ipo,ordinary,251,50,1,0.3812293986160524,-13.696218490600586
ipo,ordinary,251,50,2,0.013725154219974904,-17.020389556884766
ipo,ordinary,251,50,3,0.4526960717093649,-13.524398803710938
ipo,ordinary,251,50,4,0.1523493754546079,-14.613443374633789
ipo,ordinary,612,50,1,0.019189254131530234,-20.61199951171875
ipo,ordinary,612,50,2,0.14461296726125036,-18.592288970947266
ipo,ordinary,612,50,3,0.5576063186988174,-17.24269676208496
ipo,ordinary,612,50,4,0.278591459908402,-17.936603546142578
ipo,ordinary,737,50,1,0.13369866058294477,-20.13155174255371
ipo,ordinary,737,50,2,0.3324008818983557,-19.22079849243164
ipo,ordinary,737,50,3,0.13998970993877985,-20.0855712890625
ipo,ordinary,737,50,4,0.39391074757991956,-19.051015853881836
ipo,ordinary,867,50,1,0.17422928618039812,-11.263153076171875
ipo,ordinary,867,50,2,0.2519783168093791,-10.894182205200195
ipo,ordinary,867,50,3,0.07702558041057235,-12.079387664794922
ipo,ordinary,867,50,4,0.4967668165996503,-10.215404510498047
ipo,ordinary,945,50,1,0.19332125149834672,-20.979719161987305
ipo,ordinary,945,50,2,0.29429376351442865,-20.559494018554688
ipo,ordinary,945,50,3,0.3161432996076765,-20.487876892089844
ipo,ordinary,945,50,4,0.1962416853795481,-20.964725494384766
ipo,ordinary,54,51,1,0.040142189213119225,-13.227472305297852
ipo,ordinary,54,51,2,0.5656825010494543,-10.581867218017578
ipo,ordinary,54,51,3,0.18866308852647753,-11.679937362670898
ipo,ordinary,54,51,4,0.2055122212109489,-11.59439468383789
ipo,ordinary,251,51,1,0.3005704796674853,-13.69658088684082
ipo,ordinary,251,51,2,0.012737536575094853,-16.857709884643555
ipo,ordinary,251,51,3,0.44964612894620143,-13.293802261352539
ipo,ordinary,251,51,4,0.23704585481121845,-13.934009552001953
ipo,ordinary,612,51,1,0.01888842117565462,-20.898475646972656
ipo,ordinary,612,51,2,0.2333050577890837,-18.38467788696289
ipo,ordinary,612,51,3,0.4862430037663384,-17.65031623840332
ipo,ordinary,612,51,4,0.2615635172689232,-18.270347595214844
ipo,ordinary,737,51,1,0.13629529782663213,-19.876712799072266
ipo,ordinary,737,51,2,0.23107397252583403,-19.348798751831055
ipo,ordinary,737,51,3,0.18678030606756219,-19.561603546142578
ipo,ordinary,737,51,4,0.4458504235799717,-18.691553115844727
ipo,ordinary,867,51,1,0.23066224982779476,-10.861543655395508
ipo,ordinary,867,51,2,0.22494452373220683,-10.88664436340332
ipo,ordinary,867,51,3,0.049117478073735885,-12.408283233642578
ipo,ordinary,867,51,4,0.49527574836626254,-10.097383499145508
ipo,ordinary,945,51,1,0.17564669867592222,-21.054363250732422
ipo,ordinary,945,51,2,0.28823354218988495,-20.559066772460938
ipo,ordinary,945,51,3,0.30028995962094396,-20.518089294433594
ipo,ordinary,945,51,4,0.23582979951324895,-20.759727478027344
ipo,ordinary,54,52,1,0.01583871920139208,-13.778745651245117
ipo,ordinary,54,52,2,0.626043228246494,-10.101783752441406
ipo,ordinary,54,52,3,0.15516714472813722,-11.496700286865234
ipo,ordinary,54,52,4,0.20295090782397673,-11.228239059448242
ipo,ordinary,251,52,1,0.18747620592933356,-13.987325668334961
ipo,ordinary,251,52,2,0.020297541594664972,-16.210477828979492
ipo,ordinary,251,52,3,0.519806141106632,-12.967521667480469
ipo,ordinary,251,52,4,0.2724201113693694,-13.613632202148438
ipo,ordinary,612,52,1,0.014773912466696501,-21.057537078857422
ipo,ordinary,612,52,2,0.2394762099474893,-18.27194595336914
ipo,ordinary,612,52,3,0.5203227719360183,-17.49595069885254
ipo,ordinary,612,52,4,0.22542710564979596,-18.3324031829834
ipo,ordinary,737,52,1,0.15648393217946255,-19.58814811706543
ipo,ordinary,737,52,2,0.2148916544831519,-19.270967483520508
ipo,ordinary,737,52,3,0.27725472607188817,-19.016164779663086
ipo,ordinary,737,52,4,0.35136968726549744,-18.77926254272461
ipo,ordinary,867,52,1,0.22179829664789294,-11.093761444091797
ipo,ordinary,867,52,2,0.17299980363163775,-11.342239379882812
ipo,ordinary,867,52,3,0.06310685879613993,-12.350700378417969
ipo,ordinary,867,52,4,0.5420950409243294,-10.200088500976562
ipo,ordinary,945,52,1,0.2510168823089713,-19.86905860900879
ipo,ordinary,945,52,2,0.2249234028892727,-19.978818893432617
ipo,ordinary,945,52,3,0.1790743769886759,-20.206777572631836
ipo,ordinary,945,52,4,0.34498533781308005,-19.551076889038086
ipo,ordinary,54,53,1,0.012704002560157041,-14.092292785644531
ipo,ordinary,54,53,2,0.5869727077537289,-10.259231567382812
ipo,ordinary,54,53,3,0.20485474556014083,-11.311908721923828
ipo,ordinary,54,53,4,0.19546854412597336,-11.358810424804688
ipo,ordinary,251,53,1,0.19181604892242593,-14.00300407409668
ipo,ordinary,251,53,2,0.035767446416907794,-15.682502746582031
ipo,ordinary,251,53,3,0.4730364319088802,-13.10036849975586
ipo,ordinary,251,53,4,0.2993800727517861,-13.55782699584961
ipo,ordinary,612,53,1,0.009783009060448706,-21.6611328125
ipo,ordinary,612,53,2,0.33357626082931574,-18.131908416748047
ipo,ordinary,612,53,3,0.38810165591896295,-17.980512619018555
ipo,ordinary,612,53,4,0.2685390741912727,-18.348783493041992
ipo,ordinary,737,53,1,0.18137166091477566,-19.49553108215332
ipo,ordinary,737,53,2,0.19193128700269355,-19.438941955566406
ipo,ordinary,737,53,3,0.3007771211629876,-18.989709854125977
ipo,ordinary,737,53,4,0.32591993091954324,-18.909427642822266
ipo,ordinary,867,53,1,0.2612575913092887,-10.888778686523438
ipo,ordinary,867,53,2,0.14989718256827894,-11.4443359375
ipo,ordinary,867,53,3,0.02916862164920539,-13.081192016601562
ipo,ordinary,867,53,4,0.5596766044732269,-10.12692642211914
ipo,ordinary,945,53,1,0.3693768665532535,-19.549654006958008
ipo,ordinary,945,53,2,0.19278867929477114,-20.19987678527832
ipo,ordinary,945,53,3,0.12820736987608233,-20.60782241821289
ipo,ordinary,945,53,4,0.30962708427589297,-19.726102828979492
ipo,ordinary,54,54,1,0.012514655259519891,-14.28834342956543
ipo,ordinary,54,54,2,0.5015349964794241,-10.597570419311523
ipo,ordinary,54,54,3,0.26460965505414313,-11.236988067626953
ipo,ordinary,54,54,4,0.22134069320691285,-11.41554069519043
ipo,ordinary,251,54,1,0.18757734142216678,-13.978620529174805
ipo,ordinary,251,54,2,0.02967802626760619,-15.822404861450195
ipo,ordinary,251,54,3,0.4168250183411947,-13.180145263671875
ipo,ordinary,251,54,4,0.3659196139690324,-13.31039810180664
ipo,ordinary,612,54,1,0.009312690869866906,-21.982074737548828
ipo,ordinary,612,54,2,0.38830145340868394,-18.251670837402344
ipo,ordinary,612,54,3,0.27881858933586506,-18.5828914642334
ipo,ordinary,612,54,4,0.3235672663855841,-18.434045791625977
ipo,ordinary,737,54,1,0.1422063437670328,-19.420040130615234
ipo,ordinary,737,54,2,0.13020871204002052,-19.508180618286133
ipo,ordinary,737,54,3,0.4207351566878788,-18.335315704345703
ipo,ordinary,737,54,4,0.3068497875050678,-18.65096092224121
ipo,ordinary,867,54,1,0.2766228977895034,-10.69883918762207
ipo,ordinary,867,54,2,0.21979509169266973,-10.92879867553711
ipo,ordinary,867,54,3,0.0357475631486813,-12.745012283325195
ipo,ordinary,867,54,4,0.46783444736914553,-10.173379898071289
ipo,ordinary,945,54,1,0.3677628303903771,-19.72467613220215
ipo,ordinary,945,54,2,0.2374006975001871,-20.162364959716797
ipo,ordinary,945,54,3,0.13525600440582733,-20.724945068359375
ipo,ordinary,945,54,4,0.25958046770360843,-20.073047637939453
ipo,ordinary,54,55,1,0.016702701023218667,-14.023405075073242
ipo,ordinary,54,55,2,0.4797344133204708,-10.665742874145508
ipo,ordinary,54,55,3,0.3083163598646139,-11.10784912109375
ipo,ordinary,54,55,4,0.19524652579169655,-11.564712524414062
ipo,ordinary,251,55,1,0.14566766361708844,-14.044729232788086
ipo,ordinary,251,55,2,0.05160731040691029,-15.082393646240234
ipo,ordinary,251,55,3,0.33266097483303136,-13.21893310546875
ipo,ordinary,251,55,4,0.47006405114296984,-12.873188018798828
ipo,ordinary,612,55,1,0.009034918780980054,-22.073997497558594
ipo,ordinary,612,55,2,0.3504399739300892,-18.415904998779297
ipo,ordinary,612,55,3,0.19611500129186316,-18.99639320373535
ipo,ordinary,612,55,4,0.4444101059970675,-18.178346633911133
ipo,ordinary,737,55,1,0.07091110777318925,-20.015056610107422
ipo,ordinary,737,55,2,0.2261300592099246,-18.85537338256836
ipo,ordinary,737,55,3,0.49691264275142943,-18.068069458007812
ipo,ordinary,737,55,4,0.20604619026545665,-18.948383331298828
ipo,ordinary,867,55,1,0.26483190538829016,-10.450788497924805
ipo,ordinary,867,55,2,0.30473826986835273,-10.310430526733398
ipo,ordinary,867,55,3,0.02996893089364127,-12.629722595214844
ipo,ordinary,867,55,4,0.4004608938497159,-10.037267684936523
ipo,ordinary,945,55,1,0.3983844834428542,-19.699344635009766
ipo,ordinary,945,55,2,0.20790164343085632,-20.34969711303711
ipo,ordinary,945,55,3,0.14044326432921656,-20.741958618164062
ipo,ordinary,945,55,4,0.25327060879707286,-20.15230369567871
ipo,ordinary,54,56,1,0.020122381519025463,-14.050525665283203
ipo,ordinary,54,56,2,0.36068190327722116,-11.164361953735352
ipo,ordinary,54,56,3,0.3960703790322434,-11.07076644897461
ipo,ordinary,54,56,4,0.22312533617150987,-11.644624710083008
ipo,ordinary,251,56,1,0.16628142484240208,-14.147930145263672
ipo,ordinary,251,56,2,0.06443708738711684,-15.095922470092773
ipo,ordinary,251,56,3,0.25507538002840296,-13.720052719116211
ipo,ordinary,251,56,4,0.5142061077420781,-13.018987655639648
ipo,ordinary,612,56,1,0.011676776300423153,-21.895748138427734
ipo,ordinary,612,56,2,0.32432877700279655,-18.571592330932617
ipo,ordinary,612,56,3,0.1757187433646093,-19.184465408325195
ipo,ordinary,612,56,4,0.488275703332171,-18.1624698638916
ipo,ordinary,737,56,1,0.03703717800118424,-20.77104949951172
ipo,ordinary,737,56,2,0.32474987166975855,-18.599916458129883
ipo,ordinary,737,56,3,0.3412032968746746,-18.550493240356445
ipo,ordinary,737,56,4,0.29700965345438257,-18.689207077026367
ipo,ordinary,867,56,1,0.34788682977265184,-10.26327896118164
ipo,ordinary,867,56,2,0.23919193960453888,-10.637889862060547
ipo,ordinary,867,56,3,0.02411266842133182,-12.932418823242188
ipo,ordinary,867,56,4,0.38880856220147747,-10.152069091796875
ipo,ordinary,945,56,1,0.38549164860311574,-19.900012969970703
ipo,ordinary,945,56,2,0.2109324545437459,-20.502994537353516
ipo,ordinary,945,56,3,0.18686439183334633,-20.624149322509766
ipo,ordinary,945,56,4,0.21671150501979206,-20.47596549987793
ipo,ordinary,54,57,1,0.009079281641545683,-14.722986221313477
ipo,ordinary,54,57,2,0.3160386804141626,-11.173116683959961
ipo,ordinary,54,57,3,0.37365384564592896,-11.005651473999023
ipo,ordinary,54,57,4,0.3012281922983628,-11.221113204956055
ipo,ordinary,251,57,1,0.2129320951944049,-13.923128128051758
ipo,ordinary,251,57,2,0.09690253000906698,-14.710395812988281
ipo,ordinary,251,57,3,0.17920217975808525,-14.095586776733398
ipo,ordinary,251,57,4,0.5109631950384429,-13.04780387878418
ipo,ordinary,612,57,1,0.01085463048983302,-21.845460891723633
ipo,ordinary,612,57,2,0.29254015068614575,-18.551450729370117
ipo,ordinary,612,57,3,0.20726326628096467,-18.89606285095215
ipo,ordinary,612,57,4,0.48934195254305657,-18.036991119384766
ipo,ordinary,737,57,1,0.04808168785889978,-20.555862426757812
ipo,ordinary,737,57,2,0.24409514115885297,-18.93120574951172
ipo,ordinary,737,57,3,0.4351375078951881,-18.35310173034668
ipo,ordinary,737,57,4,0.2726856630870592,-18.820444107055664
ipo,ordinary,867,57,1,0.3539751839410282,-10.610584259033203
ipo,ordinary,867,57,2,0.2114327507559158,-11.125904083251953
ipo,ordinary,867,57,3,0.03758282683191622,-12.853263854980469
ipo,ordinary,867,57,4,0.3970092384711398,-10.495851516723633
ipo,ordinary,945,57,1,0.29998503969758067,-20.07556915283203
ipo,ordinary,945,57,2,0.2328527290864565,-20.328895568847656
ipo,ordinary,945,57,3,0.20207418312845404,-20.470666885375977
ipo,ordinary,945,57,4,0.2650880480875089,-20.19923973083496
ipo,ordinary,54,58,1,0.020386834051768412,-14.042203903198242
ipo,ordinary,54,58,2,0.4229658070795331,-11.009801864624023
ipo,ordinary,54,58,3,0.25967123671241066,-11.497676849365234
ipo,ordinary,54,58,4,0.2969761221562879,-11.363441467285156
ipo,ordinary,251,58,1,0.26588160422883017,-13.59832763671875
ipo,ordinary,251,58,2,0.06101918481213012,-15.0701904296875
ipo,ordinary,251,58,3,0.08717452164441,-14.71346664428711
ipo,ordinary,251,58,4,0.5859246893146297,-12.808187484741211
ipo,ordinary,612,58,1,0.0106744505329181,-21.79899787902832
ipo,ordinary,612,58,2,0.2579399140183312,-18.614124298095703
ipo,ordinary,612,58,3,0.17679747702786924,-18.991846084594727
ipo,ordinary,612,58,4,0.5545881584208815,-17.84862518310547
ipo,ordinary,737,58,1,0.03183278955234675,-20.703960418701172
ipo,ordinary,737,58,2,0.26000165409014103,-18.603769302368164
ipo,ordinary,737,58,3,0.4732158347013771,-18.004905700683594
ipo,ordinary,737,58,4,0.23494972165613498,-18.70508575439453
ipo,ordinary,867,58,1,0.34195019110736075,-10.321535110473633
ipo,ordinary,867,58,2,0.26939836480917534,-10.560009002685547
ipo,ordinary,867,58,3,0.033339161553164166,-12.649467468261719
ipo,ordinary,867,58,4,0.35531228253029973,-10.283203125
ipo,ordinary,945,58,1,0.19462862743762566,-20.91291046142578
ipo,ordinary,945,58,2,0.35832932291349767,-20.30255126953125
ipo,ordinary,945,58,3,0.270567332825449,-20.58348274230957
ipo,ordinary,945,58,4,0.17647471682342775,-21.010826110839844
ipo,ordinary,54,59,1,0.03396840225201478,-13.598373413085938
ipo,ordinary,54,59,2,0.43217415795598596,-11.054975509643555
ipo,ordinary,54,59,3,0.25580185575483005,-11.579401016235352
ipo,ordinary,54,59,4,0.2780555840371692,-11.495983123779297
ipo,ordinary,251,59,1,0.3072251547262405,-13.64340591430664
ipo,ordinary,251,59,2,0.096905662698504,-14.797248840332031
ipo,ordinary,251,59,3,0.08910764502135043,-14.881141662597656
ipo,ordinary,251,59,4,0.5067615375539051,-13.142946243286133
ipo,ordinary,612,59,1,0.025784091711334462,-20.78839683532715
ipo,ordinary,612,59,2,0.18239745717129288,-18.831966400146484
ipo,ordinary,612,59,3,0.21954718273244883,-18.646587371826172
ipo,ordinary,612,59,4,0.5722712683849238,-17.688541412353516
ipo,ordinary,737,59,1,0.023501049760325143,-21.047988891601562
ipo,ordinary,737,59,2,0.2819035663903621,-18.56346893310547
ipo,ordinary,737,59,3,0.45111861167458767,-18.093303680419922
ipo,ordinary,737,59,4,0.2434767721747251,-18.710012435913086
ipo,ordinary,867,59,1,0.3113298505980844,-10.18545150756836
ipo,ordinary,867,59,2,0.33113088811435376,-10.123790740966797
ipo,ordinary,867,59,3,0.027006571969009976,-12.630224227905273
ipo,ordinary,867,59,4,0.33053268931855184,-10.125598907470703
ipo,ordinary,945,59,1,0.22926202694838688,-20.866304397583008
ipo,ordinary,945,59,2,0.3428245700188384,-20.463951110839844
ipo,ordinary,945,59,3,0.25540440921571356,-20.75832176208496
ipo,ordinary,945,59,4,0.17250899381706128,-21.150720596313477
ipo,ordinary,54,60,1,0.03503572194731656,-13.640800476074219
ipo,ordinary,54,60,2,0.36215386278424644,-11.305099487304688
ipo,ordinary,54,60,3,0.26927726290511655,-11.60142707824707
ipo,ordinary,54,60,4,0.3335331523633205,-11.387426376342773
ipo,ordinary,251,60,1,0.3476457394651843,-13.506153106689453
ipo,ordinary,251,60,2,0.07683561033292703,-15.015668869018555
ipo,ordinary,251,60,3,0.06074082853063918,-15.250720977783203
ipo,ordinary,251,60,4,0.5147778216712494,-13.113601684570312
ipo,ordinary,612,60,1,0.026070417465343155,-20.726964950561523
ipo,ordinary,612,60,2,0.14611110074981304,-19.003398895263672
ipo,ordinary,612,60,3,0.27071342609078114,-18.38670539855957
ipo,ordinary,612,60,4,0.5571050556940627,-17.66501235961914
ipo,ordinary,737,60,1,0.01556228769163542,-21.432344436645508
ipo,ordinary,737,60,2,0.3121223395266762,-18.433799743652344
ipo,ordinary,737,60,3,0.405774957064352,-18.171396255493164
ipo,ordinary,737,60,4,0.26654041571733633,-18.5916690826416
ipo,ordinary,867,60,1,0.33584228508576197,-10.218851089477539
ipo,ordinary,867,60,2,0.35689453042917807,-10.158052444458008
ipo,ordinary,867,60,3,0.03282451038414558,-12.544317245483398
ipo,ordinary,867,60,4,0.27443867410091427,-10.420764923095703
ipo,ordinary,945,60,1,0.24657997346651986,-20.876436233520508
ipo,ordinary,945,60,2,0.32246574827925023,-20.608125686645508
ipo,ordinary,945,60,3,0.28682612069239366,-20.72524642944336
ipo,ordinary,945,60,4,0.14412815756183622,-21.413419723510742
ipo,ordinary,54,61,1,0.0353871747992769,-13.596996307373047
ipo,ordinary,54,61,2,0.3767730299208703,-11.23170280456543
ipo,ordinary,54,61,3,0.24443314908587824,-11.664403915405273
ipo,ordinary,54,61,4,0.3434066461939746,-11.324430465698242
ipo,ordinary,251,61,1,0.3915283067743685,-13.355039596557617
ipo,ordinary,251,61,2,0.07643935149830912,-14.98859977722168
ipo,ordinary,251,61,3,0.0730085319139284,-15.034521102905273
ipo,ordinary,251,61,4,0.45902380981339386,-13.195995330810547
ipo,ordinary,612,61,1,0.0228907656320921,-20.71280288696289
ipo,ordinary,612,61,2,0.1528508953568265,-18.81407356262207
ipo,ordinary,612,61,3,0.2962088933898028,-18.1524715423584
ipo,ordinary,612,61,4,0.5280494456212786,-17.5743465423584
ipo,ordinary,737,61,1,0.009475631891011166,-21.85268211364746
ipo,ordinary,737,61,2,0.3279006654436547,-18.30869483947754
ipo,ordinary,737,61,3,0.34990098419542287,-18.243755340576172
ipo,ordinary,737,61,4,0.3127227184699113,-18.356088638305664
ipo,ordinary,867,61,1,0.31183766097843396,-9.982797622680664
ipo,ordinary,867,61,2,0.4353093945310669,-9.649223327636719
ipo,ordinary,867,61,3,0.035220352902364305,-12.163656234741211
ipo,ordinary,867,61,4,0.21763259158813483,-10.342472076416016
ipo,ordinary,945,61,1,0.2677491603349875,-20.585487365722656
ipo,ordinary,945,61,2,0.30860973174187034,-20.44346046447754
ipo,ordinary,945,61,3,0.25090702801214493,-20.650455474853516
ipo,ordinary,945,61,4,0.17273407991099723,-21.023784637451172
ipo,ordinary,54,62,1,0.07444083499693577,-13.054471969604492
ipo,ordinary,54,62,2,0.3760346294399722,-11.434795379638672
ipo,ordinary,54,62,3,0.23528010569683114,-11.90369987487793
ipo,ordinary,54,62,4,0.314244429866261,-11.61430549621582
ipo,ordinary,251,62,1,0.411919444541035,-13.423196792602539
ipo,ordinary,251,62,2,0.07216898138713192,-15.165014266967773
ipo,ordinary,251,62,3,0.09054660198665895,-14.938159942626953
ipo,ordinary,251,62,4,0.4253649720851741,-13.391077041625977
ipo,ordinary,612,62,1,0.021423784163415664,-20.65515899658203
ipo,ordinary,612,62,2,0.14185079450004692,-18.76488494873047
ipo,ordinary,612,62,3,0.3147697745271771,-17.967819213867188
ipo,ordinary,612,62,4,0.5219556468093604,-17.462078094482422
ipo,ordinary,737,62,1,0.021335150770567003,-21.25813865661621
ipo,ordinary,737,62,2,0.4263771988219955,-18.26317024230957
ipo,ordinary,737,62,3,0.313052862544034,-18.57212257385254
ipo,ordinary,737,62,4,0.23923478786340346,-18.841049194335938
ipo,ordinary,867,62,1,0.2834837749484296,-10.135677337646484
ipo,ordinary,867,62,2,0.42385032451575594,-9.733451843261719
ipo,ordinary,867,62,3,0.030496768925647556,-12.365211486816406
ipo,ordinary,867,62,4,0.2621691316101671,-10.213842391967773
ipo,ordinary,945,62,1,0.26405829663738367,-20.507320404052734
ipo,ordinary,945,62,2,0.30113468102367563,-20.375932693481445
ipo,ordinary,945,62,3,0.21466272542918619,-20.71442222595215
ipo,ordinary,945,62,4,0.2201442969097545,-20.689207077026367
ipo,ordinary,54,63,1,0.06728379527790723,-13.127082824707031
ipo,ordinary,54,63,2,0.4296705266714484,-11.27298355102539
ipo,ordinary,54,63,3,0.23775005092035462,-11.864782333374023
ipo,ordinary,54,63,4,0.2652956271302898,-11.755157470703125
ipo,ordinary,251,63,1,0.42345406111137834,-13.444374084472656
ipo,ordinary,251,63,2,0.09874653214899809,-14.900262832641602
ipo,ordinary,251,63,3,0.06993875390419678,-15.245199203491211
ipo,ordinary,251,63,4,0.40786065283542683,-13.481893539428711
ipo,ordinary,612,63,1,0.03421117284014374,-20.44298553466797
ipo,ordinary,612,63,2,0.20957203877102254,-18.630470275878906
ipo,ordinary,612,63,3,0.2971622481992498,-18.281259536743164
ipo,ordinary,612,63,4,0.45905454018958397,-17.84636878967285
ipo,ordinary,737,63,1,0.026877162719717445,-20.915313720703125
ipo,ordinary,737,63,2,0.47876749461893703,-18.035375595092773
ipo,ordinary,737,63,3,0.2465532318447287,-18.699012756347656
ipo,ordinary,737,63,4,0.24780211081661688,-18.693960189819336
ipo,ordinary,867,63,1,0.1862202060833,-10.53860855102539
ipo,ordinary,867,63,2,0.4338553585925309,-9.692827224731445
ipo,ordinary,867,63,3,0.07636560518790925,-11.43000602722168
ipo,ordinary,867,63,4,0.30355883013625984,-10.049962997436523
ipo,ordinary,945,63,1,0.22318630330718453,-20.713930130004883
ipo,ordinary,945,63,2,0.35070770317918515,-20.26198387145996
ipo,ordinary,945,63,3,0.23433350673649353,-20.665191650390625
ipo,ordinary,945,63,4,0.19177248677713682,-20.86562728881836
ipo,ordinary,54,64,1,0.06896930769387069,-13.090221405029297
ipo,ordinary,54,64,2,0.4561743813338418,-11.201007843017578
ipo,ordinary,54,64,3,0.22746885665860686,-11.896869659423828
ipo,ordinary,54,64,4,0.2473874543136806,-11.81292724609375
ipo,ordinary,251,64,1,0.4728378138690359,-13.234170913696289
ipo,ordinary,251,64,2,0.05174822603481675,-15.446533203125
ipo,ordinary,251,64,3,0.05033915420544865,-15.474140167236328
ipo,ordinary,251,64,4,0.4250748058906986,-13.340658187866211
ipo,ordinary,612,64,1,0.051919891348386496,-19.915058135986328
ipo,ordinary,612,64,2,0.16036896184176108,-18.787282943725586
ipo,ordinary,612,64,3,0.32713269694330915,-18.07439422607422
ipo,ordinary,612,64,4,0.4605784498665433,-17.732276916503906
ipo,ordinary,737,64,1,0.04773245137438371,-20.540382385253906
ipo,ordinary,737,64,2,0.545470405911084,-18.104345321655273
ipo,ordinary,737,64,3,0.19364654005926746,-19.13995933532715
ipo,ordinary,737,64,4,0.21315060265526495,-19.043994903564453
ipo,ordinary,867,64,1,0.20647870816828687,-10.596689224243164
ipo,ordinary,867,64,2,0.3864695763555469,-9.969833374023438
ipo,ordinary,867,64,3,0.05080664319891589,-11.998859405517578
ipo,ordinary,867,64,4,0.3562450722772504,-10.051267623901367
ipo,ordinary,945,64,1,0.2334315325335585,-20.80209732055664
ipo,ordinary,945,64,2,0.3627657065000626,-20.361228942871094
ipo,ordinary,945,64,3,0.19991569532467973,-20.957090377807617
ipo,ordinary,945,64,4,0.20388706564169903,-20.937419891357422
ipo,ordinary,54,65,1,0.07383153004928915,-13.005636215209961
ipo,ordinary,54,65,2,0.4990322555209119,-11.094751358032227
ipo,ordinary,54,65,3,0.2505996311959893,-11.783565521240234
ipo,ordinary,54,65,4,0.17653658323380964,-12.133893966674805
ipo,ordinary,251,65,1,0.551878107721263,-13.183126449584961
ipo,ordinary,251,65,2,0.05698471935615659,-15.453670501708984
ipo,ordinary,251,65,3,0.049610137541447,-15.59225845336914
ipo,ordinary,251,65,4,0.3415270353811334,-13.663026809692383
ipo,ordinary,612,65,1,0.06479496260336322,-19.813447952270508
ipo,ordinary,612,65,2,0.2828206614145521,-18.339862823486328
ipo,ordinary,612,65,3,0.30931587681909406,-18.25031280517578
ipo,ordinary,612,65,4,0.3430684991629906,-18.146745681762695
ipo,ordinary,737,65,1,0.032962056329529595,-20.98259735107422
ipo,ordinary,737,65,2,0.6090701666407354,-18.066020965576172
ipo,ordinary,737,65,3,0.1565657284530296,-19.42447853088379
ipo,ordinary,737,65,4,0.20140204857670538,-19.172651290893555
ipo,ordinary,867,65,1,0.17202747130720225,-10.867029190063477
ipo,ordinary,867,65,2,0.30552605322963294,-10.292648315429688
ipo,ordinary,867,65,3,0.05657487736467292,-11.979118347167969
ipo,ordinary,867,65,4,0.46587159809849177,-9.870773315429688
ipo,ordinary,945,65,1,0.273852584356737,-20.658966064453125
ipo,ordinary,945,65,2,0.3485972464163677,-20.417638778686523
ipo,ordinary,945,65,3,0.2001718661561116,-20.972379684448242
ipo,ordinary,945,65,4,0.17737830307078384,-21.093271255493164
ipo,ordinary,54,66,1,0.08871827828469699,-12.75634765625
ipo,ordinary,54,66,2,0.5368388037871059,-10.95611572265625
ipo,ordinary,54,66,3,0.20675436743754563,-11.910282135009766
ipo,ordinary,54,66,4,0.16768855049065146,-12.119705200195312
ipo,ordinary,251,66,1,0.5926450970469094,-13.08549690246582
ipo,ordinary,251,66,2,0.03843415908489824,-15.821146011352539
ipo,ordinary,251,66,3,0.056308822370703615,-15.439241409301758
ipo,ordinary,251,66,4,0.3126119214974888,-13.725130081176758
ipo,ordinary,612,66,1,0.07985138648707635,-19.982757568359375
ipo,ordinary,612,66,2,0.3470399321892203,-18.513484954833984
ipo,ordinary,612,66,3,0.21177659528517404,-19.00739288330078
ipo,ordinary,612,66,4,0.36133208603852934,-18.473127365112305
ipo,ordinary,737,66,1,0.04271203721139194,-20.69409942626953
ipo,ordinary,737,66,2,0.607426758853437,-18.039348602294922
ipo,ordinary,737,66,3,0.13246325362383812,-19.562274932861328
ipo,ordinary,737,66,4,0.217397950311333,-19.066850662231445
ipo,ordinary,867,66,1,0.1180759336727697,-11.062749862670898
ipo,ordinary,867,66,2,0.316320449247187,-10.077322006225586
ipo,ordinary,867,66,3,0.05860129896792487,-11.763320922851562
ipo,ordinary,867,66,4,0.5070023181121184,-9.605562210083008
ipo,ordinary,945,66,1,0.2234793771952656,-20.797462463378906
ipo,ordinary,945,66,2,0.3757861162459039,-20.277761459350586
ipo,ordinary,945,66,3,0.24831882399596256,-20.692068099975586
ipo,ordinary,945,66,4,0.15241568256286786,-21.1801700592041
ipo,ordinary,54,67,1,0.049447091989243235,-13.259693145751953
ipo,ordinary,54,67,2,0.5297267474979203,-10.888235092163086
ipo,ordinary,54,67,3,0.2533815354560737,-11.625699996948242
ipo,ordinary,54,67,4,0.16744462505676277,-12.03994369506836
ipo,ordinary,251,67,1,0.604388595127807,-13.224748611450195
ipo,ordinary,251,67,2,0.03754973266686665,-16.003299713134766
ipo,ordinary,251,67,3,0.06100622203978699,-15.517990112304688
ipo,ordinary,251,67,4,0.29705545016553936,-13.935047149658203
ipo,ordinary,612,67,1,0.05763844335076773,-20.22933006286621
ipo,ordinary,612,67,2,0.3005460001251407,-18.577919006347656
ipo,ordinary,612,67,3,0.1794364893675697,-19.093698501586914
ipo,ordinary,612,67,4,0.46237906715652183,-18.14713478088379
ipo,ordinary,737,67,1,0.04727505224278362,-20.809484481811523
ipo,ordinary,737,67,2,0.4864317163968971,-18.478370666503906
ipo,ordinary,737,67,3,0.06457101052209721,-20.49770164489746
ipo,ordinary,737,67,4,0.4017222208382221,-18.669706344604492
ipo,ordinary,867,67,1,0.0932782763709899,-11.254707336425781
ipo,ordinary,867,67,2,0.26478808709818635,-10.21136474609375
ipo,ordinary,867,67,3,0.05079225312271089,-11.862550735473633
ipo,ordinary,867,67,4,0.5911413834081128,-9.408239364624023
ipo,ordinary,945,67,1,0.187432397209108,-21.101377487182617
ipo,ordinary,945,67,2,0.4360261810370942,-20.25709342956543
ipo,ordinary,945,67,3,0.25081178400891824,-20.81009292602539
ipo,ordinary,945,67,4,0.12572963774487966,-21.500661849975586
ipo,ordinary,54,68,1,0.03590830230025657,-13.503908157348633
ipo,ordinary,54,68,2,0.569958506372541,-10.739313125610352
ipo,ordinary,54,68,3,0.28607866914289914,-11.428609848022461
ipo,ordinary,54,68,4,0.1080545221843032,-12.402240753173828
ipo,ordinary,251,68,1,0.5367912090910756,-13.455760955810547
ipo,ordinary,251,68,2,0.0390367697055952,-16.076866149902344
ipo,ordinary,251,68,3,0.10488228968449158,-15.088531494140625
ipo,ordinary,251,68,4,0.31928973151883777,-13.975271224975586
ipo,ordinary,612,68,1,0.03757241653789034,-20.703386306762695
ipo,ordinary,612,68,2,0.26371401130695205,-18.754791259765625
ipo,ordinary,612,68,3,0.13945262689148968,-19.391931533813477
ipo,ordinary,612,68,4,0.5592609452636679,-18.003040313720703
ipo,ordinary,737,68,1,0.06523348214933145,-20.353506088256836
ipo,ordinary,737,68,2,0.44113029415171545,-18.442138671875
ipo,ordinary,737,68,3,0.06926778688111608,-20.293498992919922
ipo,ordinary,737,68,4,0.42436843681783704,-18.480876922607422
ipo,ordinary,867,68,1,0.17849172495768328,-10.999269485473633
ipo,ordinary,867,68,2,0.20536945306309615,-10.859001159667969
ipo,ordinary,867,68,3,0.04617982241983145,-12.351268768310547
ipo,ordinary,867,68,4,0.569958999559389,-9.838247299194336
ipo,ordinary,945,68,1,0.29096926336313966,-20.860763549804688
ipo,ordinary,945,68,2,0.4084100707726626,-20.521709442138672
ipo,ordinary,945,68,3,0.22177739079106457,-21.132307052612305
ipo,ordinary,945,68,4,0.0788432750731332,-22.166519165039062
ipo,ordinary,54,69,1,0.03378086192317078,-13.526355743408203
ipo,ordinary,54,69,2,0.563632737613702,-10.711847305297852
ipo,ordinary,54,69,3,0.28917859311687716,-11.379205703735352
ipo,ordinary,54,69,4,0.11340780734625021,-12.31525993347168
ipo,ordinary,251,69,1,0.49782130178445305,-13.415842056274414
ipo,ordinary,251,69,2,0.010257650050989773,-17.298059463500977
ipo,ordinary,251,69,3,0.1472034185895048,-14.634267807006836
ipo,ordinary,251,69,4,0.34471762957505236,-13.783357620239258
ipo,ordinary,612,69,1,0.06705101617946026,-19.865787506103516
ipo,ordinary,612,69,2,0.23321514807663474,-18.619279861450195
ipo,ordinary,612,69,3,0.14202066341027691,-19.11526870727539
ipo,ordinary,612,69,4,0.5577131723336282,-17.74739646911621
ipo,ordinary,737,69,1,0.0796900862998071,-20.513595581054688
ipo,ordinary,737,69,2,0.49298254013010595,-18.691267013549805
ipo,ordinary,737,69,3,0.05335393626198411,-20.914793014526367
ipo,ordinary,737,69,4,0.3739734373081028,-18.96755599975586
ipo,ordinary,867,69,1,0.14273788137879978,-11.119672775268555
ipo,ordinary,867,69,2,0.2122597893220514,-10.722871780395508
ipo,ordinary,867,69,3,0.02819970653689687,-12.741371154785156
ipo,ordinary,867,69,4,0.616802622762252,-9.656133651733398
ipo,ordinary,945,69,1,0.35649781716016543,-20.537803649902344
ipo,ordinary,945,69,2,0.3903528815806377,-20.447080612182617
ipo,ordinary,945,69,3,0.17627165206736556,-21.24210548400879
ipo,ordinary,945,69,4,0.07687764919183127,-22.071916580200195
ipo,ordinary,54,70,1,0.030846510692453283,-13.781078338623047
ipo,ordinary,54,70,2,0.40988188642748324,-11.194232940673828
ipo,ordinary,54,70,3,0.4418299644993139,-11.119176864624023
ipo,ordinary,54,70,4,0.11744163838074964,-12.444160461425781
ipo,ordinary,251,70,1,0.5072048001836417,-13.467432022094727
ipo,ordinary,251,70,2,0.007494392247207113,-17.682191848754883
ipo,ordinary,251,70,3,0.14639043034361343,-14.71006965637207
ipo,ordinary,251,70,4,0.3389103772255377,-13.870611190795898
ipo,ordinary,612,70,1,0.08542085580724212,-19.97022819519043
ipo,ordinary,612,70,2,0.24331631078584848,-18.9234561920166
ipo,ordinary,612,70,3,0.16653638333483703,-19.30260467529297
ipo,ordinary,612,70,4,0.5047264500720724,-18.193801879882812
ipo,ordinary,737,70,1,0.14042785935038796,-20.21648597717285
ipo,ordinary,737,70,2,0.4621336349318317,-19.025325775146484
ipo,ordinary,737,70,3,0.04398787146185642,-21.37726593017578
ipo,ordinary,737,70,4,0.35345063425592393,-19.29343605041504
ipo,ordinary,867,70,1,0.25451114242500816,-10.551567077636719
ipo,ordinary,867,70,2,0.172593941703201,-10.939970016479492
ipo,ordinary,867,70,3,0.016047002325269125,-13.315389633178711
ipo,ordinary,867,70,4,0.5568479135465219,-9.768619537353516
ipo,ordinary,945,70,1,0.3863194081393036,-20.4415340423584
ipo,ordinary,945,70,2,0.34675515701477677,-20.549579620361328
ipo,ordinary,945,70,3,0.20767872278199248,-21.062206268310547
ipo,ordinary,945,70,4,0.0592467120639273,-22.31648826599121
ipo,ordinary,54,71,1,0.028518858979599736,-13.851354598999023
ipo,ordinary,54,71,2,0.27346047447946775,-11.590763092041016
ipo,ordinary,54,71,3,0.5558763219029775,-10.88137435913086
ipo,ordinary,54,71,4,0.14214434463795506,-12.245077133178711
ipo,ordinary,251,71,1,0.4132928325381761,-13.798568725585938
ipo,ordinary,251,71,2,0.01874786114049454,-16.891645431518555
ipo,ordinary,251,71,3,0.245360663696828,-14.319995880126953
ipo,ordinary,251,71,4,0.3225986426245014,-14.046316146850586
ipo,ordinary,612,71,1,0.10826473335773455,-19.42266082763672
ipo,ordinary,612,71,2,0.20866901865956392,-18.766490936279297
ipo,ordinary,612,71,3,0.20152309732226326,-18.80133628845215
ipo,ordinary,612,71,4,0.4815431506604382,-17.93024444580078
ipo,ordinary,737,71,1,0.280357279743813,-19.59539794921875
ipo,ordinary,737,71,2,0.4033111849628153,-19.231754302978516
ipo,ordinary,737,71,3,0.051959695047263395,-21.280994415283203
ipo,ordinary,737,71,4,0.26437184024610816,-19.65410614013672
ipo,ordinary,867,71,1,0.2963839370714429,-10.461284637451172
ipo,ordinary,867,71,2,0.17433485487428207,-10.991962432861328
ipo,ordinary,867,71,3,0.01180679483561318,-13.68426513671875
ipo,ordinary,867,71,4,0.5174744132186617,-9.903980255126953
ipo,ordinary,945,71,1,0.4216041066838039,-20.391197204589844
ipo,ordinary,945,71,2,0.2765838637868749,-20.8127498626709
ipo,ordinary,945,71,3,0.2039627146937494,-21.117326736450195
ipo,ordinary,945,71,4,0.09784931483557187,-21.851835250854492
ipo,ordinary,54,72,1,0.03397327382715926,-13.687726974487305
ipo,ordinary,54,72,2,0.2925013041673404,-11.534832000732422
ipo,ordinary,54,72,3,0.427310449517109,-11.155790328979492
ipo,ordinary,54,72,4,0.24621497248839136,-11.707096099853516
ipo,ordinary,251,72,1,0.3837336507218706,-13.609674453735352
ipo,ordinary,251,72,2,0.017348126830548795,-16.706138610839844
ipo,ordinary,251,72,3,0.21996035057743618,-14.166175842285156
ipo,ordinary,251,72,4,0.37895787187014435,-13.622198104858398
ipo,ordinary,612,72,1,0.06036988456392578,-19.871196746826172
ipo,ordinary,612,72,2,0.17198238925933934,-18.824295043945312
ipo,ordinary,612,72,3,0.2133113264339868,-18.60893440246582
ipo,ordinary,612,72,4,0.5543363997427481,-17.653915405273438
ipo,ordinary,737,72,1,0.34299007959356836,-19.274646759033203
ipo,ordinary,737,72,2,0.3940870261801878,-19.13577651977539
ipo,ordinary,737,72,3,0.051340607658573685,-21.173866271972656
ipo,ordinary,737,72,4,0.21158228656767006,-19.757734298706055
ipo,ordinary,867,72,1,0.383202021097669,-10.071161270141602
ipo,ordinary,867,72,2,0.18911711685532515,-10.77735710144043
ipo,ordinary,867,72,3,0.011262557088310286,-13.59823989868164
ipo,ordinary,867,72,4,0.41641830495869564,-9.988033294677734
ipo,ordinary,945,72,1,0.46638933666825166,-19.99120330810547
ipo,ordinary,945,72,2,0.21314651036581375,-20.77424430847168
ipo,ordinary,945,72,3,0.2228020402641005,-20.72994041442871
ipo,ordinary,945,72,4,0.09766211270183407,-21.554710388183594
ipo,ordinary,54,73,1,0.04019953976716369,-13.561197280883789
ipo,ordinary,54,73,2,0.27143063567810827,-11.651346206665039
ipo,ordinary,54,73,3,0.2895139884584894,-11.586849212646484
ipo,ordinary,54,73,4,0.39885583609623865,-11.26645278930664
ipo,ordinary,251,73,1,0.35808869378843167,-13.641427993774414
ipo,ordinary,251,73,2,0.030923905599798258,-16.090679168701172
ipo,ordinary,251,73,3,0.2583844550034472,-13.96776008605957
ipo,ordinary,251,73,4,0.35260294560832284,-13.656866073608398
ipo,ordinary,612,73,1,0.10608111176307532,-18.95026969909668
ipo,ordinary,612,73,2,0.07899022364449623,-19.245149612426758
ipo,ordinary,612,73,3,0.1923483833309676,-18.355165481567383
ipo,ordinary,612,73,4,0.6225802812614608,-17.180601119995117
ipo,ordinary,737,73,1,0.38744089061931714,-18.95248031616211
ipo,ordinary,737,73,2,0.337161299881731,-19.091482162475586
ipo,ordinary,737,73,3,0.08793532861100778,-20.435441970825195
ipo,ordinary,737,73,4,0.18746248088794393,-19.678464889526367
ipo,ordinary,867,73,1,0.4201336824594472,-9.837335586547852
ipo,ordinary,867,73,2,0.2342364523133551,-10.421577453613281
ipo,ordinary,867,73,3,0.011114458475817091,-13.469661712646484
ipo,ordinary,867,73,4,0.3345154067513805,-10.065225601196289
ipo,ordinary,945,73,1,0.4860971020129493,-20.03531265258789
ipo,ordinary,945,73,2,0.19376919328516837,-20.955053329467773
ipo,ordinary,945,73,3,0.2524942919174019,-20.690332412719727
ipo,ordinary,945,73,4,0.0676394127844805,-22.007530212402344
ipo,ordinary,54,74,1,0.08484551359658042,-12.921760559082031
ipo,ordinary,54,74,2,0.29271604550609376,-11.683389663696289
ipo,ordinary,54,74,3,0.2862195689239105,-11.705833435058594
ipo,ordinary,54,74,4,0.3362188719734153,-11.544830322265625
ipo,ordinary,251,74,1,0.33130490727774603,-13.7445068359375
ipo,ordinary,251,74,2,0.027315248427718156,-16.240100860595703
ipo,ordinary,251,74,3,0.34140269224065695,-13.714483261108398
ipo,ordinary,251,74,4,0.2999771520538789,-13.843839645385742
ipo,ordinary,612,74,1,0.054845971994815286,-19.295495986938477
ipo,ordinary,612,74,2,0.06670372937211426,-19.099763870239258
ipo,ordinary,612,74,3,0.27195414937509854,-17.69439125061035
ipo,ordinary,612,74,4,0.606496149257972,-16.89232635498047
ipo,ordinary,737,74,1,0.3066120646317216,-19.02714729309082
ipo,ordinary,737,74,2,0.4257820776213167,-18.698802947998047
ipo,ordinary,737,74,3,0.1148894263973969,-20.008760452270508
ipo,ordinary,737,74,4,0.1527164313495649,-19.72414779663086
ipo,ordinary,867,74,1,0.39018294190924,-9.615005493164062
ipo,ordinary,867,74,2,0.35952262261185447,-9.696844100952148
ipo,ordinary,867,74,3,0.014317135345930763,-12.920164108276367
ipo,ordinary,867,74,4,0.23597730013297474,-10.11788558959961
ipo,ordinary,945,74,1,0.5330208282807812,-19.977022171020508
ipo,ordinary,945,74,2,0.15732162099853064,-21.197290420532227
ipo,ordinary,945,74,3,0.2451983385991802,-20.753515243530273
ipo,ordinary,945,74,4,0.06445921212150789,-22.089550018310547
ipo,ordinary,54,75,1,0.11372948803336096,-12.655710220336914
ipo,ordinary,54,75,2,0.3111542059796094,-11.64924430847168
ipo,ordinary,54,75,3,0.29485402877759537,-11.703052520751953
ipo,ordinary,54,75,4,0.28026227720943425,-11.753807067871094
ipo,ordinary,251,75,1,0.23944060406380988,-13.909915924072266
ipo,ordinary,251,75,2,0.030189526764846344,-15.98072624206543
ipo,ordinary,251,75,3,0.40481606248951424,-13.384788513183594
ipo,ordinary,251,75,4,0.32555380668182954,-13.602693557739258
ipo,ordinary,612,75,1,0.06650695134383316,-19.14912986755371
ipo,ordinary,612,75,2,0.07743039317354193,-18.99705696105957
ipo,ordinary,612,75,3,0.2835561698289017,-17.699026107788086
ipo,ordinary,612,75,4,0.5725064856537232,-16.99641227722168
ipo,ordinary,737,75,1,0.30202277341161116,-18.986459732055664
ipo,ordinary,737,75,2,0.4174561405375302,-18.662782669067383
ipo,ordinary,737,75,3,0.12101557024182706,-19.901042938232422
ipo,ordinary,737,75,4,0.1595055158090314,-19.6248836517334
ipo,ordinary,867,75,1,0.3565085292665399,-9.78314208984375
ipo,ordinary,867,75,2,0.39754942656581443,-9.67418098449707
ipo,ordinary,867,75,3,0.015915570027734142,-12.892202377319336
ipo,ordinary,867,75,4,0.2300264741399116,-10.221305847167969
ipo,ordinary,945,75,1,0.39933128217959346,-20.32063865661621
ipo,ordinary,945,75,2,0.21017287190768283,-20.962499618530273
ipo,ordinary,945,75,3,0.3556050631886781,-20.436609268188477
ipo,ordinary,945,75,4,0.03489078272404558,-22.758207321166992
ipo,ordinary,54,76,1,0.12694812192572894,-12.360054016113281
ipo,ordinary,54,76,2,0.36109289955663526,-11.314697265625
ipo,ordinary,54,76,3,0.19309375890070682,-11.940656661987305
ipo,ordinary,54,76,4,0.318865219616929,-11.439064025878906
ipo,ordinary,251,76,1,0.18702995334595093,-13.907255172729492
ipo,ordinary,251,76,2,0.024164622731606442,-15.953634262084961
ipo,ordinary,251,76,3,0.4464659250221119,-13.037160873413086
ipo,ordinary,251,76,4,0.34233949890033066,-13.30272102355957
ipo,ordinary,612,76,1,0.057115089022468875,-19.460124969482422
ipo,ordinary,612,76,2,0.13410691682999412,-18.606555938720703
ipo,ordinary,612,76,3,0.3162214061679012,-17.748750686645508
ipo,ordinary,612,76,4,0.4925565879796358,-17.305583953857422
ipo,ordinary,737,76,1,0.3102429635380678,-18.952573776245117
ipo,ordinary,737,76,2,0.4618878574112304,-18.554607391357422
ipo,ordinary,737,76,3,0.1306178473502771,-19.81765365600586
ipo,ordinary,737,76,4,0.0972513317004248,-20.11263084411621
ipo,ordinary,867,76,1,0.36309293781709556,-9.719091415405273
ipo,ordinary,867,76,2,0.3978914136315668,-9.627571105957031
ipo,ordinary,867,76,3,0.020207189399514127,-12.607711791992188
ipo,ordinary,867,76,4,0.21880845915182343,-10.225553512573242
ipo,ordinary,945,76,1,0.5150051625229038,-19.886985778808594
ipo,ordinary,945,76,2,0.1593124867167795,-21.06029510498047
ipo,ordinary,945,76,3,0.26342449190482736,-20.557395935058594
ipo,ordinary,945,76,4,0.06225785885548941,-21.9998779296875
ipo,ordinary,54,77,1,0.12132372223007408,-12.541601181030273
ipo,ordinary,54,77,2,0.360314981959897,-11.453084945678711
ipo,ordinary,54,77,3,0.22986207808253498,-11.902584075927734
ipo,ordinary,54,77,4,0.288499217727494,-11.675371170043945
ipo,ordinary,251,77,1,0.2619423088485955,-13.723855972290039
ipo,ordinary,251,77,2,0.02208337930188705,-16.197154998779297
ipo,ordinary,251,77,3,0.36352871066799375,-13.396121978759766
ipo,ordinary,251,77,4,0.35244560118152374,-13.427083969116211
ipo,ordinary,612,77,1,0.08261807313735538,-18.803438186645508
ipo,ordinary,612,77,2,0.0698130545015087,-18.971845626831055
ipo,ordinary,612,77,3,0.38354655314703134,-17.268205642700195
ipo,ordinary,612,77,4,0.4640223192141046,-17.077733993530273
ipo,ordinary,737,77,1,0.33026507687524437,-18.687091827392578
ipo,ordinary,737,77,2,0.4714299914372579,-18.33121681213379
ipo,ordinary,737,77,3,0.12532675201621846,-19.656063079833984
ipo,ordinary,737,77,4,0.07297817967127933,-20.196826934814453
ipo,ordinary,867,77,1,0.25644876432939023,-10.247051239013672
ipo,ordinary,867,77,2,0.3597470918001905,-9.908578872680664
ipo,ordinary,867,77,3,0.039009362558876416,-12.130178451538086
ipo,ordinary,867,77,4,0.3447947813115428,-9.951030731201172
ipo,ordinary,945,77,1,0.38789482823830224,-20.429101943969727
ipo,ordinary,945,77,2,0.2221052539515917,-20.986684799194336
ipo,ordinary,945,77,3,0.32621246203719706,-20.60228729248047
ipo,ordinary,945,77,4,0.06378745577290905,-22.23427963256836
ipo,ordinary,54,78,1,0.09264226212060912,-12.636285781860352
ipo,ordinary,54,78,2,0.4731390294712216,-11.00564193725586
ipo,ordinary,54,78,3,0.17668586952413762,-11.990657806396484
ipo,ordinary,54,78,4,0.25753283888403156,-11.613883972167969
ipo,ordinary,251,78,1,0.20645744899676402,-13.990375518798828
ipo,ordinary,251,78,2,0.03605913576880056,-15.735309600830078
ipo,ordinary,251,78,3,0.36163157655606004,-13.42984390258789
ipo,ordinary,251,78,4,0.3958518386783753,-13.33942985534668
ipo,ordinary,612,78,1,0.054154444198992714,-19.327125549316406
ipo,ordinary,612,78,2,0.08777953611611407,-18.84413719177246
ipo,ordinary,612,78,3,0.3814198517685279,-17.375064849853516
ipo,ordinary,612,78,4,0.4766461679163653,-17.152191162109375
ipo,ordinary,737,78,1,0.3622218221715416,-18.77178382873535
ipo,ordinary,737,78,2,0.43468027723184227,-18.58942985534668
ipo,ordinary,737,78,3,0.12181397166382488,-19.86154556274414
ipo,ordinary,737,78,4,0.08128392893279142,-20.26609230041504
ipo,ordinary,867,78,1,0.3980607710341059,-9.952953338623047
ipo,ordinary,867,78,2,0.26579454195713287,-10.356834411621094
ipo,ordinary,867,78,3,0.020579900065455275,-12.915243148803711
ipo,ordinary,867,78,4,0.31556478694330603,-10.18519401550293
ipo,ordinary,945,78,1,0.3323375197470283,-20.58732032775879
ipo,ordinary,945,78,2,0.21583418551861164,-21.01896095275879
ipo,ordinary,945,78,3,0.37935825370575615,-20.45499038696289
ipo,ordinary,945,78,4,0.07247004102860395,-22.11029815673828
ipo,ordinary,54,79,1,0.11571247225832056,-12.485197067260742
ipo,ordinary,54,79,2,0.48457380780697834,-11.053035736083984
ipo,ordinary,54,79,3,0.18505583784438703,-12.015647888183594
ipo,ordinary,54,79,4,0.21465788209031403,-11.867259979248047
ipo,ordinary,251,79,1,0.2249748128908667,-13.88552474975586
ipo,ordinary,251,79,2,0.03769895898493695,-15.671880722045898
ipo,ordinary,251,79,3,0.323040646738267,-13.523735046386719
ipo,ordinary,251,79,4,0.4142855813859294,-13.274957656860352
ipo,ordinary,612,79,1,0.04691349423512816,-19.446352005004883
ipo,ordinary,612,79,2,0.1112654164517971,-18.582738876342773
ipo,ordinary,612,79,3,0.43401320066489696,-17.221582412719727
ipo,ordinary,612,79,4,0.4078078886481778,-17.28386116027832
ipo,ordinary,737,79,1,0.3357762802553929,-18.805540084838867
ipo,ordinary,737,79,2,0.467373987757037,-18.474855422973633
ipo,ordinary,737,79,3,0.1454846849197649,-19.64191436767578
ipo,ordinary,737,79,4,0.05136504706780523,-20.683027267456055
ipo,ordinary,867,79,1,0.431220805808975,-9.940248489379883
ipo,ordinary,867,79,2,0.2453069950423187,-10.504358291625977
ipo,ordinary,867,79,3,0.02167325065062758,-12.930789947509766
ipo,ordinary,867,79,4,0.3017989484980787,-10.297107696533203
ipo,ordinary,945,79,1,0.31408898879442665,-20.675142288208008
ipo,ordinary,945,79,2,0.2061520245937452,-21.09620475769043
ipo,ordinary,945,79,3,0.4123915470972967,-20.40284538269043
ipo,ordinary,945,79,4,0.06736743951453157,-22.214656829833984
ipo,ordinary,54,80,1,0.12662055494976465,-12.41390609741211
ipo,ordinary,54,80,2,0.4915904211480918,-11.057455062866211
ipo,ordinary,54,80,3,0.20250431665177585,-11.944339752197266
ipo,ordinary,54,80,4,0.17928470725036774,-12.066125869750977
ipo,ordinary,251,80,1,0.16861804949101042,-13.999929428100586
ipo,ordinary,251,80,2,0.0390474625582139,-15.462787628173828
ipo,ordinary,251,80,3,0.33591893798249584,-13.31069564819336
ipo,ordinary,251,80,4,0.4564155499682799,-13.004161834716797
ipo,ordinary,612,80,1,0.051724982316214974,-19.405858993530273
ipo,ordinary,612,80,2,0.10472596388102853,-18.70045280456543
ipo,ordinary,612,80,3,0.39625292759468755,-17.369747161865234
ipo,ordinary,612,80,4,0.44729612620806897,-17.248579025268555
ipo,ordinary,737,80,1,0.24803516247578247,-18.981674194335938
ipo,ordinary,737,80,2,0.590583410561507,-18.114133834838867
ipo,ordinary,737,80,3,0.1104980364510378,-19.790246963500977
ipo,ordinary,737,80,4,0.05088339051167276,-20.56570816040039
ipo,ordinary,867,80,1,0.427996731943632,-9.598472595214844
ipo,ordinary,867,80,2,0.34813479867757496,-9.804998397827148
ipo,ordinary,867,80,3,0.016322063999620114,-12.865070343017578
ipo,ordinary,867,80,4,0.20754640537917296,-10.322233200073242
ipo,ordinary,945,80,1,0.21911638572165057,-21.031171798706055
ipo,ordinary,945,80,2,0.23556006407390087,-20.95880889892578
ipo,ordinary,945,80,3,0.4844195367312194,-20.237823486328125
ipo,ordinary,945,80,4,0.06090401347322909,-22.31147575378418
ipo,ordinary,54,81,1,0.07293457088730064,-12.767707824707031
ipo,ordinary,54,81,2,0.48996716053028144,-10.862932205200195
ipo,ordinary,54,81,3,0.26133424960531887,-11.491470336914062
ipo,ordinary,54,81,4,0.175764018977099,-11.888128280639648
ipo,ordinary,251,81,1,0.17894337339678196,-13.81927490234375
ipo,ordinary,251,81,2,0.04423156677131198,-15.21690559387207
ipo,ordinary,251,81,3,0.22425014669038335,-13.593582153320312
ipo,ordinary,251,81,4,0.5525749131415227,-12.691755294799805
ipo,ordinary,612,81,1,0.07732822714506674,-19.118228912353516
ipo,ordinary,612,81,2,0.12093464683998462,-18.671037673950195
ipo,ordinary,612,81,3,0.38491566659288606,-17.513263702392578
ipo,ordinary,612,81,4,0.4168214594220626,-17.433629989624023
ipo,ordinary,737,81,1,0.19415808827965775,-19.062702178955078
ipo,ordinary,737,81,2,0.5557942116658504,-18.010976791381836
ipo,ordinary,737,81,3,0.17843950747348156,-19.147125244140625
ipo,ordinary,737,81,4,0.07160819258101027,-20.060165405273438
ipo,ordinary,867,81,1,0.3562756507223026,-9.592700958251953
ipo,ordinary,867,81,2,0.42217609752827284,-9.422983169555664
ipo,ordinary,867,81,3,0.02487744493243785,-12.254444122314453
ipo,ordinary,867,81,4,0.19667080681698676,-10.186874389648438
ipo,ordinary,945,81,1,0.25419863990239444,-20.77435874938965
ipo,ordinary,945,81,2,0.1906330746547896,-21.062124252319336
ipo,ordinary,945,81,3,0.4923198750499147,-20.113346099853516
ipo,ordinary,945,81,4,0.06284841039290137,-22.171749114990234
ipo,ordinary,54,82,1,0.052071029976814356,-13.023008346557617
ipo,ordinary,54,82,2,0.44169379268826303,-10.885000228881836
ipo,ordinary,54,82,3,0.2825945232647272,-11.33160400390625
ipo,ordinary,54,82,4,0.22364065407019545,-11.565576553344727
ipo,ordinary,251,82,1,0.22916797141166215,-13.738523483276367
ipo,ordinary,251,82,2,0.04953156492088798,-15.270368576049805
ipo,ordinary,251,82,3,0.1702554325957067,-14.03567886352539
ipo,ordinary,251,82,4,0.5510450310717431,-12.861162185668945
ipo,ordinary,612,82,1,0.0852016467320797,-18.890409469604492
ipo,ordinary,612,82,2,0.12028588707192707,-18.54555892944336
ipo,ordinary,612,82,3,0.43521330510710454,-17.259593963623047
ipo,ordinary,612,82,4,0.35929916108888865,-17.451274871826172
ipo,ordinary,737,82,1,0.1272949186956661,-19.169960021972656
ipo,ordinary,737,82,2,0.45651843672264364,-17.892837524414062
ipo,ordinary,737,82,3,0.29257050649355354,-18.33776092529297
ipo,ordinary,737,82,4,0.12361613808813676,-19.19928550720215
ipo,ordinary,867,82,1,0.1679522674683868,-10.171226501464844
ipo,ordinary,867,82,2,0.5459722431569345,-8.992338180541992
ipo,ordinary,867,82,3,0.027548029878103095,-11.978975296020508
ipo,ordinary,867,82,4,0.2585274594965757,-9.739904403686523
ipo,ordinary,945,82,1,0.18112524215960102,-21.071693420410156
ipo,ordinary,945,82,2,0.18658735246698974,-21.041982650756836
ipo,ordinary,945,82,3,0.5334636002883479,-19.991491317749023
ipo,ordinary,945,82,4,0.09882380508506126,-21.67754364013672
ipo,ordinary,54,83,1,0.05599308731462222,-12.798255920410156
ipo,ordinary,54,83,2,0.47992575268441956,-10.649852752685547
ipo,ordinary,54,83,3,0.2388654426598771,-11.347583770751953
ipo,ordinary,54,83,4,0.22521571734108112,-11.406425476074219
ipo,ordinary,251,83,1,0.2637506625872922,-13.568181991577148
ipo,ordinary,251,83,2,0.07768681467524516,-14.79050064086914
ipo,ordinary,251,83,3,0.18681758808074797,-13.913053512573242
ipo,ordinary,251,83,4,0.47174493465671474,-12.986747741699219
ipo,ordinary,612,83,1,0.09582968929618894,-18.955869674682617
ipo,ordinary,612,83,2,0.19578174524467137,-18.24144172668457
ipo,ordinary,612,83,3,0.4169437922070613,-17.485490798950195
ipo,ordinary,612,83,4,0.2914447732520783,-17.843591690063477
ipo,ordinary,737,83,1,0.10885449823910438,-19.238122940063477
ipo,ordinary,737,83,2,0.42894186303350984,-17.86681365966797
ipo,ordinary,737,83,3,0.3146566812578257,-18.176652908325195
ipo,ordinary,737,83,4,0.14754695746956012,-18.933988571166992
ipo,ordinary,867,83,1,0.1265326915547098,-10.217239379882812
ipo,ordinary,867,83,2,0.6154974893439671,-8.635309219360352
ipo,ordinary,867,83,3,0.03860494080544106,-11.404359817504883
ipo,ordinary,867,83,4,0.21936487829588205,-9.667003631591797
ipo,ordinary,945,83,1,0.16523709985815022,-21.117673873901367
ipo,ordinary,945,83,2,0.19033987927974375,-20.97624397277832
ipo,ordinary,945,83,3,0.48796714608343716,-20.034807205200195
ipo,ordinary,945,83,4,0.1564558747786688,-21.17228126525879
ipo,ordinary,54,84,1,0.08719217705443089,-12.60598373413086
ipo,ordinary,54,84,2,0.43444682397591217,-11.000024795532227
ipo,ordinary,54,84,3,0.28880292722872325,-11.408353805541992
ipo,ordinary,54,84,4,0.1895580717409335,-11.829402923583984
ipo,ordinary,251,84,1,0.335250784477658,-13.451366424560547
ipo,ordinary,251,84,2,0.08459363098686484,-14.828386306762695
ipo,ordinary,251,84,3,0.155977180618044,-14.216535568237305
ipo,ordinary,251,84,4,0.42417840391743306,-13.21609115600586
ipo,ordinary,612,84,1,0.05328049725761152,-19.468402862548828
ipo,ordinary,612,84,2,0.1918982565166187,-18.187007904052734
ipo,ordinary,612,84,3,0.46371603447267146,-17.30470085144043
ipo,ordinary,612,84,4,0.29110521175309834,-17.770288467407227
ipo,ordinary,737,84,1,0.08723854227875785,-19.446392059326172
ipo,ordinary,737,84,2,0.45101686664122653,-17.80353355407715
ipo,ordinary,737,84,3,0.27849641981432044,-18.285633087158203
ipo,ordinary,737,84,4,0.18324817126569518,-18.70419692993164
ipo,ordinary,867,84,1,0.08045376716494508,-10.735954284667969
ipo,ordinary,867,84,2,0.5531423805681077,-8.808021545410156
ipo,ordinary,867,84,3,0.05310341216680373,-11.151395797729492
ipo,ordinary,867,84,4,0.3133004401001434,-9.376474380493164
ipo,ordinary,945,84,1,0.14010839737602718,-21.128755569458008
ipo,ordinary,945,84,2,0.1936195379127577,-20.80527687072754
ipo,ordinary,945,84,3,0.4485453011143557,-19.96516227722168
ipo,ordinary,945,84,4,0.21772676359685944,-20.687931060791016
ipo,ordinary,54,85,1,0.05618373571990504,-12.679323196411133
ipo,ordinary,54,85,2,0.5182578725513756,-10.457477569580078
ipo,ordinary,54,85,3,0.1912128815661296,-11.45456314086914
ipo,ordinary,54,85,4,0.23434551016258975,-11.251153945922852
ipo,ordinary,251,85,1,0.31773515637046906,-13.462186813354492
ipo,ordinary,251,85,2,0.12801912290695272,-14.371225357055664
ipo,ordinary,251,85,3,0.17332189610174503,-14.068254470825195
ipo,ordinary,251,85,4,0.3809238246208332,-13.280805587768555
ipo,ordinary,612,85,1,0.06969954405535814,-19.317142486572266
ipo,ordinary,612,85,2,0.24337973757536413,-18.066713333129883
ipo,ordinary,612,85,3,0.4225308604192631,-17.515073776245117
ipo,ordinary,612,85,4,0.26438985795001463,-17.983911514282227
ipo,ordinary,737,85,1,0.09791348145519828,-19.367996215820312
ipo,ordinary,737,85,2,0.3428399762007741,-18.114816665649414
ipo,ordinary,737,85,3,0.2911304923140202,-18.278308868408203
ipo,ordinary,737,85,4,0.2681160500300075,-18.360660552978516
ipo,ordinary,867,85,1,0.06952580784973154,-10.747457504272461
ipo,ordinary,867,85,2,0.5206539927175998,-8.73406982421875
ipo,ordinary,867,85,3,0.0917698674893011,-10.469871520996094
ipo,ordinary,867,85,4,0.3180503319433675,-9.226945877075195
ipo,ordinary,945,85,1,0.10736697904331219,-21.29107093811035
ipo,ordinary,945,85,2,0.23654606486550442,-20.50118064880371
ipo,ordinary,945,85,3,0.4749023185239204,-19.804214477539062
ipo,ordinary,945,85,4,0.1811846375672629,-20.767807006835938
ipo,ordinary,54,86,1,0.0582092862133515,-12.774175643920898
ipo,ordinary,54,86,2,0.4551349512849315,-10.717626571655273
ipo,ordinary,54,86,3,0.19696455344083513,-11.555196762084961
ipo,ordinary,54,86,4,0.2896912090608819,-11.169404983520508
ipo,ordinary,251,86,1,0.32643335935437634,-13.386640548706055
ipo,ordinary,251,86,2,0.10104278220076364,-14.559322357177734
ipo,ordinary,251,86,3,0.15811531718782235,-14.111541748046875
ipo,ordinary,251,86,4,0.4144085412570378,-13.148014068603516
ipo,ordinary,612,86,1,0.05176331329603394,-19.462467193603516
ipo,ordinary,612,86,2,0.21546214928268606,-18.03636360168457
ipo,ordinary,612,86,3,0.4432115656560033,-17.315101623535156
ipo,ordinary,612,86,4,0.2895629717652767,-17.74077606201172
ipo,ordinary,737,86,1,0.07280337015958688,-19.372852325439453
ipo,ordinary,737,86,2,0.26505656672501576,-18.080671310424805
ipo,ordinary,737,86,3,0.3774225671300252,-17.727249145507812
ipo,ordinary,737,86,4,0.28471749598537227,-18.009117126464844
ipo,ordinary,867,86,1,0.03305461913939721,-11.33359146118164
ipo,ordinary,867,86,2,0.46629625373851147,-8.686931610107422
ipo,ordinary,867,86,3,0.0919046802679741,-10.31100082397461
ipo,ordinary,867,86,4,0.40874444685411726,-8.818662643432617
ipo,ordinary,945,86,1,0.0853059527753912,-21.422067642211914
ipo,ordinary,945,86,2,0.17962155472233543,-20.677459716796875
ipo,ordinary,945,86,3,0.49342704011511784,-19.66693687438965
ipo,ordinary,945,86,4,0.2416454523871556,-20.380840301513672
ipo,ordinary,54,87,1,0.047765587899811245,-12.822628021240234
ipo,ordinary,54,87,2,0.47627968020663475,-10.522928237915039
ipo,ordinary,54,87,3,0.19512358241415312,-11.415300369262695
ipo,ordinary,54,87,4,0.2808311494794009,-11.051179885864258
ipo,ordinary,251,87,1,0.385211929811831,-13.320436477661133
ipo,ordinary,251,87,2,0.12619529504822677,-14.436399459838867
ipo,ordinary,251,87,3,0.14834539639262456,-14.274686813354492
ipo,ordinary,251,87,4,0.3402473787473177,-13.444557189941406
ipo,ordinary,612,87,1,0.04628366190760831,-19.82486915588379
ipo,ordinary,612,87,2,0.2599083802823464,-18.099328994750977
ipo,ordinary,612,87,3,0.38771170950605266,-17.69939613342285
ipo,ordinary,612,87,4,0.3060962483039926,-17.935758590698242
ipo,ordinary,737,87,1,0.07182671883578244,-19.305458068847656
ipo,ordinary,737,87,2,0.28539011258050606,-17.925857543945312
ipo,ordinary,737,87,3,0.3339974018086267,-17.76858139038086
ipo,ordinary,737,87,4,0.3087857667750849,-17.84706687927246
ipo,ordinary,867,87,1,0.0297234251136506,-11.698345184326172
ipo,ordinary,867,87,2,0.34184726651056424,-9.255916595458984
ipo,ordinary,867,87,3,0.13127779257713415,-10.21296501159668
ipo,ordinary,867,87,4,0.49715151579865097,-8.881385803222656
ipo,ordinary,945,87,1,0.0784074531333569,-21.150991439819336
ipo,ordinary,945,87,2,0.1759946524037246,-20.342456817626953
ipo,ordinary,945,87,3,0.3523548863150783,-19.648271560668945
ipo,ordinary,945,87,4,0.39324300814784025,-19.538482666015625
ipo,ordinary,54,88,1,0.057743143012282956,-12.690654754638672
ipo,ordinary,54,88,2,0.5088086226574243,-10.51458740234375
ipo,ordinary,54,88,3,0.18325129863655573,-11.53580093383789
ipo,ordinary,54,88,4,0.25019693569373697,-11.224411010742188
ipo,ordinary,251,88,1,0.3151368342084002,-13.774480819702148
ipo,ordinary,251,88,2,0.11932601888385808,-14.745628356933594
ipo,ordinary,251,88,3,0.3293484415892564,-13.730371475219727
ipo,ordinary,251,88,4,0.23618870531848515,-14.062856674194336
ipo,ordinary,612,88,1,0.035755269037726675,-20.091873168945312
ipo,ordinary,612,88,2,0.23770276175331015,-18.19754981994629
ipo,ordinary,612,88,3,0.2981915546511266,-17.970834732055664
ipo,ordinary,612,88,4,0.42835041455783657,-17.60862922668457
ipo,ordinary,737,88,1,0.07304085621168589,-19.51883888244629
ipo,ordinary,737,88,2,0.3421588726292799,-17.97458267211914
ipo,ordinary,737,88,3,0.28753429494090005,-18.148515701293945
ipo,ordinary,737,88,4,0.29726597621813416,-18.115230560302734
ipo,ordinary,867,88,1,0.03602781837306526,-11.910289764404297
ipo,ordinary,867,88,2,0.2647446518833156,-9.915815353393555
ipo,ordinary,867,88,3,0.06861752471564085,-11.266033172607422
ipo,ordinary,867,88,4,0.6306100050279783,-9.047893524169922
ipo,ordinary,945,88,1,0.09991116798338058,-20.980371475219727
ipo,ordinary,945,88,2,0.1733675094160858,-20.42923927307129
ipo,ordinary,945,88,3,0.28898512198686516,-19.918277740478516
ipo,ordinary,945,88,4,0.43773620061366847,-19.503036499023438
ipo,ordinary,54,89,1,0.06863051780403694,-12.751117706298828
ipo,ordinary,54,89,2,0.47258736192270334,-10.821632385253906
ipo,ordinary,54,89,3,0.19011327015162025,-11.732234954833984
ipo,ordinary,54,89,4,0.26866885012163955,-11.386375427246094
ipo,ordinary,251,89,1,0.32555917642950477,-13.730487823486328
ipo,ordinary,251,89,2,0.11933942963591312,-14.734060287475586
ipo,ordinary,251,89,3,0.31189216801764047,-13.773374557495117
ipo,ordinary,251,89,4,0.24320922591694175,-14.022109985351562
ipo,ordinary,612,89,1,0.04212155472938545,-20.037036895751953
ipo,ordinary,612,89,2,0.27552020006227307,-18.158935546875
ipo,ordinary,612,89,3,0.3111269464842224,-18.037395477294922
ipo,ordinary,612,89,4,0.3712312987241191,-17.86077117919922
ipo,ordinary,737,89,1,0.08322819921846382,-19.436418533325195
ipo,ordinary,737,89,2,0.2594090249195131,-18.299598693847656
ipo,ordinary,737,89,3,0.295913869797904,-18.167936325073242
ipo,ordinary,737,89,4,0.3614489060641191,-17.967884063720703
ipo,ordinary,867,89,1,0.04699491820945798,-11.886285781860352
ipo,ordinary,867,89,2,0.20774915327540805,-10.399993896484375
ipo,ordinary,867,89,3,0.07331466774861642,-11.441564559936523
ipo,ordinary,867,89,4,0.6719412607665176,-9.226154327392578
ipo,ordinary,945,89,1,0.046288264344169064,-21.769916534423828
ipo,ordinary,945,89,2,0.2844806633229435,-19.954139709472656
ipo,ordinary,945,89,3,0.3610674524032592,-19.715740203857422
ipo,ordinary,945,89,4,0.3081636199296282,-19.874174118041992
ipo,ordinary,54,90,1,0.08756417777182181,-12.653053283691406
ipo,ordinary,54,90,2,0.47509330007348155,-10.9619140625
ipo,ordinary,54,90,3,0.23082896458173785,-11.683748245239258
ipo,ordinary,54,90,4,0.20651355757295872,-11.795059204101562
ipo,ordinary,251,90,1,0.36701819840330635,-13.719736099243164
ipo,ordinary,251,90,2,0.10009577247695926,-15.019020080566406
ipo,ordinary,251,90,3,0.27837467339180255,-13.996179580688477
ipo,ordinary,251,90,4,0.2545113557279318,-14.08580207824707
ipo,ordinary,612,90,1,0.05010716851450605,-19.896638870239258
ipo,ordinary,612,90,2,0.282488317568282,-18.167165756225586
ipo,ordinary,612,90,3,0.2689477833046075,-18.216285705566406
ipo,ordinary,612,90,4,0.3984567306126045,-17.823204040527344
ipo,ordinary,737,90,1,0.1416501205980233,-19.19019317626953
ipo,ordinary,737,90,2,0.3880241862908684,-18.182485580444336
ipo,ordinary,737,90,3,0.21833918418555806,-18.757503509521484
ipo,ordinary,737,90,4,0.25198650892555036,-18.614177703857422
ipo,ordinary,867,90,1,0.08061286486094893,-11.710309982299805
ipo,ordinary,867,90,2,0.14805638815031796,-11.102375030517578
ipo,ordinary,867,90,3,0.070467260377884,-11.844820022583008
ipo,ordinary,867,90,4,0.7008634866108491,-9.54765510559082
ipo,ordinary,945,90,1,0.0642943987866091,-21.711713790893555
ipo,ordinary,945,90,2,0.3250598505846607,-20.091176986694336
ipo,ordinary,945,90,3,0.322830561167057,-20.098058700561523
ipo,ordinary,945,90,4,0.28781518946167317,-20.212867736816406
ipo,ordinary,54,91,1,0.10379720384446842,-12.57931137084961
ipo,ordinary,54,91,2,0.48464862308108886,-11.038326263427734
ipo,ordinary,54,91,3,0.241586729614371,-11.734521865844727
ipo,ordinary,54,91,4,0.16996744346007178,-12.086143493652344
ipo,ordinary,251,91,1,0.2196626572627792,-13.901618957519531
ipo,ordinary,251,91,2,0.07009493670345143,-15.043861389160156
ipo,ordinary,251,91,3,0.2936939742201016,-13.611173629760742
ipo,ordinary,251,91,4,0.4165484318136679,-13.261709213256836
ipo,ordinary,612,91,1,0.045935540666735296,-19.87526512145996
ipo,ordinary,612,91,2,0.23116671578884893,-18.25936508178711
ipo,ordinary,612,91,3,0.2386312340301217,-18.227584838867188
ipo,ordinary,612,91,4,0.48426650951429406,-17.519868850708008
ipo,ordinary,737,91,1,0.17489016442710753,-19.048877716064453
ipo,ordinary,737,91,2,0.32616188815834296,-18.425642013549805
ipo,ordinary,737,91,3,0.21243279713923788,-18.85441017150879
ipo,ordinary,737,91,4,0.28651515027531177,-18.55524444580078
ipo,ordinary,867,91,1,0.10346583638423831,-11.893156051635742
ipo,ordinary,867,91,2,0.08733661006778148,-12.062627792358398
ipo,ordinary,867,91,3,0.07039317325088834,-12.278301239013672
ipo,ordinary,867,91,4,0.7388043802970918,-9.927364349365234
ipo,ordinary,945,91,1,0.07275644113316684,-21.722434997558594
ipo,ordinary,945,91,2,0.3724651822913416,-20.08940887451172
ipo,ordinary,945,91,3,0.2651030491121279,-20.429433822631836
ipo,ordinary,945,91,4,0.2896753274633637,-20.340791702270508
ipo,ordinary,54,92,1,0.09050118012923088,-12.565706253051758
ipo,ordinary,54,92,2,0.5254028515699233,-10.806903839111328
ipo,ordinary,54,92,3,0.22405538392787325,-11.659175872802734
ipo,ordinary,54,92,4,0.1600405843729726,-11.995641708374023
ipo,ordinary,251,92,1,0.164947751863347,-14.180326461791992
ipo,ordinary,251,92,2,0.06016263157252574,-15.18890380859375
ipo,ordinary,251,92,3,0.41319982114488396,-13.26202392578125
ipo,ordinary,251,92,4,0.36168979541924323,-13.39516830444336
ipo,ordinary,612,92,1,0.06217532167615642,-19.415515899658203
ipo,ordinary,612,92,2,0.1599758246812736,-18.47045135498047
ipo,ordinary,612,92,3,0.25549878892770095,-18.002256393432617
ipo,ordinary,612,92,4,0.522350064714869,-17.28713607788086
ipo,ordinary,737,92,1,0.200408379489305,-18.82282829284668
ipo,ordinary,737,92,2,0.29207339732197574,-18.44618034362793
ipo,ordinary,737,92,3,0.22775786179650925,-18.694902420043945
ipo,ordinary,737,92,4,0.27976036139220994,-18.4892520904541
ipo,ordinary,867,92,1,0.2415953848328443,-11.144197463989258
ipo,ordinary,867,92,2,0.08817942525710223,-12.152088165283203
ipo,ordinary,867,92,3,0.04179099996896227,-12.898780822753906
ipo,ordinary,867,92,4,0.6284341899410911,-10.188230514526367
ipo,ordinary,945,92,1,0.0653987474352031,-21.905033111572266
ipo,ordinary,945,92,2,0.412991587686106,-20.062108993530273
ipo,ordinary,945,92,3,0.2352903803556955,-20.62471580505371
ipo,ordinary,945,92,4,0.2863192845229955,-20.428428649902344
ipo,ordinary,54,93,1,0.0613081701455307,-12.998140335083008
ipo,ordinary,54,93,2,0.5516877872645255,-10.801071166992188
ipo,ordinary,54,93,3,0.22655476607707362,-11.69106674194336
ipo,ordinary,54,93,4,0.16044927651287025,-12.036075592041016
ipo,ordinary,251,93,1,0.21728930549146652,-14.05634880065918
ipo,ordinary,251,93,2,0.06996944096577663,-15.189519882202148
ipo,ordinary,251,93,3,0.26328942479323525,-13.864324569702148
ipo,ordinary,251,93,4,0.44945182874952166,-13.329549789428711
ipo,ordinary,612,93,1,0.05259007351089222,-19.29873275756836
ipo,ordinary,612,93,2,0.11261461209323655,-18.537288665771484
ipo,ordinary,612,93,3,0.27303739410095995,-17.65165138244629
ipo,ordinary,612,93,4,0.5617579202949112,-16.93018913269043
ipo,ordinary,737,93,1,0.19338179865337637,-19.10822105407715
ipo,ordinary,737,93,2,0.3069812044118879,-18.646100997924805
ipo,ordinary,737,93,3,0.2355008807589217,-18.91117286682129
ipo,ordinary,737,93,4,0.264136116175814,-18.796422958374023
ipo,ordinary,867,93,1,0.3398346769501047,-10.68211555480957
ipo,ordinary,867,93,2,0.07207522966685058,-12.232864379882812
ipo,ordinary,867,93,3,0.0129680302570531,-13.948087692260742
ipo,ordinary,867,93,4,0.5751220631259917,-10.15599250793457
ipo,ordinary,945,93,1,0.07192923754068792,-21.9105167388916
ipo,ordinary,945,93,2,0.5055251328691887,-19.960601806640625
ipo,ordinary,945,93,3,0.21669541061745873,-20.807706832885742
ipo,ordinary,945,93,4,0.20585021897266473,-20.859050750732422
ipo,ordinary,54,94,1,0.0660874168914401,-12.868202209472656
ipo,ordinary,54,94,2,0.5575501449724481,-10.735628128051758
ipo,ordinary,54,94,3,0.199767609878023,-11.762025833129883
ipo,ordinary,54,94,4,0.17659482825808884,-11.885322570800781
ipo,ordinary,251,94,1,0.18285594489756668,-14.135259628295898
ipo,ordinary,251,94,2,0.05190690524320238,-15.394506454467773
ipo,ordinary,251,94,3,0.2756950887239134,-13.724662780761719
ipo,ordinary,251,94,4,0.48954206113531756,-13.150487899780273
ipo,ordinary,612,94,1,0.06602840452019869,-19.322988510131836
ipo,ordinary,612,94,2,0.12647619667865576,-18.673019409179688
ipo,ordinary,612,94,3,0.27645603491231013,-17.891021728515625
ipo,ordinary,612,94,4,0.5310393638888354,-17.238237380981445
ipo,ordinary,737,94,1,0.13074836089457767,-19.205835342407227
ipo,ordinary,737,94,2,0.3393366736350462,-18.252117156982422
ipo,ordinary,737,94,3,0.32095656467275935,-18.307804107666016
ipo,ordinary,737,94,4,0.20895840079761674,-18.736974716186523
ipo,ordinary,867,94,1,0.335938634991809,-10.571941375732422
ipo,ordinary,867,94,2,0.12053479031214369,-11.596931457519531
ipo,ordinary,867,94,3,0.00843804891477935,-14.256118774414062
ipo,ordinary,867,94,4,0.535088525781268,-10.106437683105469
ipo,ordinary,945,94,1,0.08405411409868367,-21.904273986816406
ipo,ordinary,945,94,2,0.5642730902006903,-20.00019645690918
ipo,ordinary,945,94,3,0.20010894233730547,-21.03687286376953
ipo,ordinary,945,94,4,0.1515638533633206,-21.314727783203125
ipo,ordinary,54,95,1,0.039726155291559484,-13.236448287963867
ipo,ordinary,54,95,2,0.5265493826473646,-10.65211296081543
ipo,ordinary,54,95,3,0.2256632036078758,-11.499414443969727
ipo,ordinary,54,95,4,0.20806125845320006,-11.580625534057617
ipo,ordinary,251,95,1,0.1818912264677871,-14.113380432128906
ipo,ordinary,251,95,2,0.051387335267964726,-15.377397537231445
ipo,ordinary,251,95,3,0.21904185050770844,-13.927526473999023
ipo,ordinary,251,95,4,0.5476795877565397,-13.011098861694336
ipo,ordinary,612,95,1,0.0543727674456218,-19.402132034301758
ipo,ordinary,612,95,2,0.11712516986395781,-18.63475227355957
ipo,ordinary,612,95,3,0.32703717977594343,-17.607921600341797
ipo,ordinary,612,95,4,0.501464882914477,-17.180461883544922
ipo,ordinary,737,95,1,0.10440896266417223,-19.357961654663086
ipo,ordinary,737,95,2,0.34704517927473333,-18.156822204589844
ipo,ordinary,737,95,3,0.3009917451924358,-18.2991943359375
ipo,ordinary,737,95,4,0.24755411286865847,-18.494647979736328
ipo,ordinary,867,95,1,0.47420716440152716,-10.203702926635742
ipo,ordinary,867,95,2,0.10823136007407383,-11.681076049804688
ipo,ordinary,867,95,3,0.005504210255919371,-14.659833908081055
ipo,ordinary,867,95,4,0.4120572652684796,-10.344184875488281
ipo,ordinary,945,95,1,0.17623182620441194,-21.140464782714844
ipo,ordinary,945,95,2,0.5355664139702837,-20.028940200805664
ipo,ordinary,945,95,3,0.14890307749494414,-21.308969497680664
ipo,ordinary,945,95,4,0.13929868233036014,-21.37564468383789
ipo,ordinary,54,96,1,0.05004248255514561,-13.21131706237793
ipo,ordinary,54,96,2,0.477226690202892,-10.956197738647461
ipo,ordinary,54,96,3,0.23092101154869463,-11.682113647460938
ipo,ordinary,54,96,4,0.24180981569326787,-11.636037826538086
ipo,ordinary,251,96,1,0.12294356580705401,-14.39608383178711
ipo,ordinary,251,96,2,0.08202250698419057,-14.80081558227539
ipo,ordinary,251,96,3,0.219963792622376,-13.814346313476562
ipo,ordinary,251,96,4,0.5750701345863793,-12.853317260742188
ipo,ordinary,612,96,1,0.0474077055438929,-19.340856552124023
ipo,ordinary,612,96,2,0.10026472510612758,-18.591827392578125
ipo,ordinary,612,96,3,0.35327262095753914,-17.332401275634766
ipo,ordinary,612,96,4,0.4990549483924403,-16.98692512512207
ipo,ordinary,737,96,1,0.0961087301775157,-19.44964027404785
ipo,ordinary,737,96,2,0.4136386915858809,-17.990127563476562
ipo,ordinary,737,96,3,0.278951949723603,-18.38408088684082
ipo,ordinary,737,96,4,0.21130062851300052,-18.66183853149414
ipo,ordinary,867,96,1,0.5857792392585147,-9.589693069458008
ipo,ordinary,867,96,2,0.17152135006498834,-10.817928314208984
ipo,ordinary,867,96,3,0.004228341025256947,-14.52082633972168
ipo,ordinary,867,96,4,0.23847106965124007,-10.488388061523438
ipo,ordinary,945,96,1,0.23468553856708177,-20.940658569335938
ipo,ordinary,945,96,2,0.5611492009290585,-20.068918228149414
ipo,ordinary,945,96,3,0.1232643588416729,-21.58457374572754
ipo,ordinary,945,96,4,0.0809009016621868,-22.005680084228516
ipo,ordinary,54,97,1,0.048663328506418475,-13.190408706665039
ipo,ordinary,54,97,2,0.4412177290552293,-10.985795974731445
ipo,ordinary,54,97,3,0.2592949270587427,-11.51736831665039
ipo,ordinary,54,97,4,0.25082401537960947,-11.550582885742188
ipo,ordinary,251,97,1,0.14892070281398936,-14.399608612060547
ipo,ordinary,251,97,2,0.18646092648269233,-14.174800872802734
ipo,ordinary,251,97,3,0.19475821137825694,-14.131263732910156
ipo,ordinary,251,97,4,0.4698601593250613,-13.250587463378906
ipo,ordinary,612,97,1,0.042684278844716934,-19.35498809814453
ipo,ordinary,612,97,2,0.08847399762912149,-18.626110076904297
ipo,ordinary,612,97,3,0.35916783347090536,-17.22502899169922
ipo,ordinary,612,97,4,0.5096738900552562,-16.87504768371582
ipo,ordinary,737,97,1,0.11357713741812074,-19.421035766601562
ipo,ordinary,737,97,2,0.45585662997403453,-18.031339645385742
ipo,ordinary,737,97,3,0.25920082745469414,-18.595914840698242
ipo,ordinary,737,97,4,0.17136540515315057,-19.009719848632812
ipo,ordinary,867,97,1,0.4985003811576576,-9.73086166381836
ipo,ordinary,867,97,2,0.2715852099926518,-10.338190078735352
ipo,ordinary,867,97,3,0.0044598304403180205,-14.447355270385742
ipo,ordinary,867,97,4,0.22545457840937264,-10.524347305297852
ipo,ordinary,945,97,1,0.18270028660264512,-21.079965591430664
ipo,ordinary,945,97,2,0.5771489206881286,-19.929712295532227
ipo,ordinary,945,97,3,0.16988759200704173,-21.15267562866211
ipo,ordinary,945,97,4,0.07026320070218435,-22.035564422607422
ipo,ordinary,54,98,1,0.04746062583645719,-13.12453842163086
ipo,ordinary,54,98,2,0.5216371733029677,-10.727466583251953
ipo,ordinary,54,98,3,0.19841341020612746,-11.694086074829102
ipo,ordinary,54,98,4,0.23248879065444775,-11.53559684753418
ipo,ordinary,251,98,1,0.17948508210234138,-14.308069229125977
ipo,ordinary,251,98,2,0.28563821800591266,-13.843435287475586
ipo,ordinary,251,98,3,0.1600641839521371,-14.422586441040039
ipo,ordinary,251,98,4,0.3748125159396089,-13.571735382080078
ipo,ordinary,612,98,1,0.06281165560984814,-19.30950355529785
ipo,ordinary,612,98,2,0.1214141961855055,-18.650436401367188
ipo,ordinary,612,98,3,0.3750256581709498,-17.52264976501465
ipo,ordinary,612,98,4,0.44074849003369665,-17.361169815063477
ipo,ordinary,737,98,1,0.0729854485677573,-19.59775161743164
ipo,ordinary,737,98,2,0.5041469219255781,-17.665143966674805
ipo,ordinary,737,98,3,0.2562090150982219,-18.342018127441406
ipo,ordinary,737,98,4,0.16665861440844268,-18.772064208984375
ipo,ordinary,867,98,1,0.42546971225350494,-9.526247024536133
ipo,ordinary,867,98,2,0.4136934420751058,-9.554315567016602
ipo,ordinary,867,98,3,0.006670490209801019,-13.681747436523438
ipo,ordinary,867,98,4,0.15416635546158824,-10.54140853881836
ipo,ordinary,945,98,1,0.2165459792590851,-20.909725189208984
ipo,ordinary,945,98,2,0.6004797814283372,-19.889799118041992
ipo,ordinary,945,98,3,0.13042808528162775,-21.416706085205078
ipo,ordinary,945,98,4,0.05254615403095005,-22.325836181640625
ipo,ordinary,54,99,1,0.04985205704645428,-13.197307586669922
ipo,ordinary,54,99,2,0.4105658782949922,-11.088830947875977
ipo,ordinary,54,99,3,0.24902364285087983,-11.58881950378418
ipo,ordinary,54,99,4,0.2905584218076736,-11.434562683105469
ipo,ordinary,251,99,1,0.250439388405305,-13.93170166015625
ipo,ordinary,251,99,2,0.2752049919367323,-13.83740234375
ipo,ordinary,251,99,3,0.11205791128355529,-14.735902786254883
ipo,ordinary,251,99,4,0.3622977083744073,-13.56245231628418
ipo,ordinary,612,99,1,0.040810738399165596,-19.442670822143555
ipo,ordinary,612,99,2,0.09558661626497364,-18.591583251953125
ipo,ordinary,612,99,3,0.4376777266949152,-17.070133209228516
ipo,ordinary,612,99,4,0.4259249186409455,-17.097352981567383
ipo,ordinary,737,99,1,0.0669337836568517,-19.695148468017578
ipo,ordinary,737,99,2,0.40023467850460875,-17.906801223754883
ipo,ordinary,737,99,3,0.2825649533240519,-18.25494384765625
ipo,ordinary,737,99,4,0.2502665845144877,-18.376325607299805
ipo,ordinary,867,99,1,0.28679231750867606,-9.888673782348633
ipo,ordinary,867,99,2,0.510711917735306,-9.311626434326172
ipo,ordinary,867,99,3,0.00815605635922665,-13.448671340942383
ipo,ordinary,867,99,4,0.19433970839679132,-10.277824401855469
ipo,ordinary,945,99,1,0.15256525317513434,-21.25969696044922
ipo,ordinary,945,99,2,0.6407244501511337,-19.824689865112305
ipo,ordinary,945,99,3,0.1480626620775691,-21.289653778076172
ipo,ordinary,945,99,4,0.05864763459616291,-22.215742111206055
ipo,ordinary,54,100,1,0.0537797985419478,-13.116872787475586
ipo,ordinary,54,100,2,0.41595417166515597,-11.071195602416992
ipo,ordinary,54,100,3,0.2154832400996246,-11.728887557983398
ipo,ordinary,54,100,4,0.3147827896932716,-11.34988784790039
ipo,ordinary,251,100,1,0.3851108654872271,-13.675743103027344
ipo,ordinary,251,100,2,0.18009616746848284,-14.435783386230469
ipo,ordinary,251,100,3,0.12513455045356825,-14.799884796142578
ipo,ordinary,251,100,4,0.3096584165907218,-13.893804550170898
ipo,ordinary,612,100,1,0.026931477486961064,-19.7298641204834
ipo,ordinary,612,100,2,0.09304345653459266,-18.490093231201172
ipo,ordinary,612,100,3,0.47167534333480104,-16.86686897277832
ipo,ordinary,612,100,4,0.4083497226436453,-17.011035919189453
ipo,ordinary,737,100,1,0.08078266358947593,-19.69974136352539
ipo,ordinary,737,100,2,0.5585843988120416,-17.766098022460938
ipo,ordinary,737,100,3,0.23110136831597924,-18.64864730834961
ipo,ordinary,737,100,4,0.1295315692825031,-19.22757911682129
ipo,ordinary,867,100,1,0.2272601740824097,-10.151456832885742
ipo,ordinary,867,100,2,0.5047760732730882,-9.353437423706055
ipo,ordinary,867,100,3,0.011372364162371933,-13.146366119384766
ipo,ordinary,867,100,4,0.25659138848213014,-10.030067443847656
ipo,ordinary,945,100,1,0.22535468366623057,-20.755657196044922
ipo,ordinary,945,100,2,0.6163337293483178,-19.749544143676758
ipo,ordinary,945,100,3,0.11058309092233833,-21.467565536499023
ipo,ordinary,945,100,4,0.04772849606311325,-22.307804107666016
ipo,reference,54,0,1,0.3712115726937563,-11.455205917358398
ipo,reference,54,0,2,0.6029922801684683,-10.970073699951172
ipo,reference,54,0,3,0.013535056151053621,-14.766695022583008
ipo,reference,54,0,4,0.012261090986721752,-14.865547180175781
ipo,reference,251,0,1,0.694191099475356,-14.002059936523438
ipo,reference,251,0,2,0.05016718807243481,-16.629446029663086
ipo,reference,251,0,3,0.19044195905865974,-15.295459747314453
ipo,reference,251,0,4,0.06519975339354969,-16.367351531982422
ipo,reference,612,0,1,0.011528466077837621,-22.023841857910156
ipo,reference,612,0,2,0.7315963931614523,-17.873432159423828
ipo,reference,612,0,3,0.23203468246272563,-19.021774291992188
ipo,reference,612,0,4,0.024840458297984383,-21.256187438964844
ipo,reference,737,0,1,0.03122719912330496,-21.474811553955078
ipo,reference,737,0,2,0.07528141785186789,-20.594867706298828
ipo,reference,737,0,3,0.8825096617860657,-18.133331298828125
ipo,reference,737,0,4,0.010981721238761349,-22.519868850708008
ipo,reference,867,0,1,0.09175021384384172,-13.859933853149414
ipo,reference,867,0,2,0.020779009578621742,-15.345060348510742
ipo,reference,867,0,3,0.03044524853192668,-14.96307373046875
ipo,reference,867,0,4,0.8570255280456098,-11.62553596496582
ipo,reference,945,0,1,0.12281756762231946,-22.115964889526367
ipo,reference,945,0,2,0.4665705454925932,-20.7812557220459
ipo,reference,945,0,3,0.06747558918123138,-22.71489906311035
ipo,reference,945,0,4,0.3431362977038559,-21.088537216186523
ipo,reference,54,1,1,0.4413615479608491,-11.393749237060547
ipo,reference,54,1,2,0.5348313960583958,-11.201662063598633
ipo,reference,54,1,3,0.014985232672134136,-14.776548385620117
ipo,reference,54,1,4,0.008821823308620946,-15.306385040283203
ipo,reference,251,1,1,0.7298200835333827,-13.636192321777344
ipo,reference,251,1,2,0.014797267847709416,-17.534547805786133
ipo,reference,251,1,3,0.17089774708000177,-15.08792495727539
ipo,reference,251,1,4,0.08448490153890606,-15.792417526245117
ipo,reference,612,1,1,0.0017115023650281305,-24.10304832458496
ipo,reference,612,1,2,0.8516049026441911,-17.89329719543457
ipo,reference,612,1,3,0.10456429374273686,-19.990617752075195
ipo,reference,612,1,4,0.04211930124804394,-20.899913787841797
ipo,reference,737,1,1,0.017339189840972893,-22.22139549255371
ipo,reference,737,1,2,0.13505043620383575,-20.168716430664062
ipo,reference,737,1,3,0.8305141970040535,-18.352319717407227
ipo,reference,737,1,4,0.01709617695113789,-22.235509872436523
ipo,reference,867,1,1,0.12808621183548105,-13.349275588989258
ipo,reference,867,1,2,0.02017920252379777,-15.19732666015625
ipo,reference,867,1,3,0.009852431641712539,-15.914260864257812
ipo,reference,867,1,4,0.8418821539990086,-11.466339111328125
ipo,reference,945,1,1,0.1851722690251151,-21.859811782836914
ipo,reference,945,1,2,0.527585189455121,-20.812788009643555
ipo,reference,945,1,3,0.08779997524201387,-22.606037139892578
ipo,reference,945,1,4,0.19944256627775006,-21.785572052001953
ipo,reference,54,2,1,0.4296675754196657,-11.54892349243164
ipo,reference,54,2,2,0.5328941863057449,-11.333612442016602
ipo,reference,54,2,3,0.02582890242204244,-14.360441207885742
ipo,reference,54,2,4,0.011609335852546913,-15.160125732421875
ipo,reference,251,2,1,0.6450674431082846,-13.930061340332031
ipo,reference,251,2,2,0.03482658220160305,-16.849035263061523
ipo,reference,251,2,3,0.24160749042978177,-14.912101745605469
ipo,reference,251,2,4,0.0784984842603306,-16.03633689880371
ipo,reference,612,2,1,0.004844515486103643,-23.783376693725586
ipo,reference,612,2,2,0.8232731687490144,-18.64793586730957
ipo,reference,612,2,3,0.04583741391932906,-21.536123275756836
ipo,reference,612,2,4,0.12604490184555306,-20.524585723876953
ipo,reference,737,2,1,0.010445459197757509,-22.77605438232422
ipo,reference,737,2,2,0.23196519888661082,-19.675634384155273
ipo,reference,737,2,3,0.7456388689320218,-18.507980346679688
ipo,reference,737,2,4,0.01195047298360983,-22.641450881958008
ipo,reference,867,2,1,0.11063872535019363,-13.463428497314453
ipo,reference,867,2,2,0.0185003455063192,-15.251909255981445
ipo,reference,867,2,3,0.0080885869556724,-16.07924461364746
ipo,reference,867,2,4,0.8627723421878147,-11.409547805786133
ipo,reference,945,2,1,0.12701444923901006,-22.299564361572266
ipo,reference,945,2,2,0.6285671902896822,-20.700422286987305
ipo,reference,945,2,3,0.09583531377395912,-22.581233978271484
ipo,reference,945,2,4,0.14858304669734865,-22.14272117614746
ipo,reference,54,3,1,0.2446582401713521,-11.737546920776367
ipo,reference,54,3,2,0.7208689181335298,-10.656951904296875
ipo,reference,54,3,3,0.02654720767272656,-13.958484649658203
ipo,reference,54,3,4,0.007925634022391537,-15.167306900024414
ipo,reference,251,3,1,0.5359366861914795,-14.094049453735352
ipo,reference,251,3,2,0.01332700766020738,-17.788272857666016
ipo,reference,251,3,3,0.367259681801644,-14.471996307373047
ipo,reference,251,3,4,0.08347662434666914,-15.953498840332031
ipo,reference,612,3,1,0.002965272939936079,-24.340301513671875
ipo,reference,612,3,2,0.7463324460244651,-18.81209945678711
ipo,reference,612,3,3,0.04533887453103475,-21.61310577392578
ipo,reference,612,3,4,0.20536340650456397,-20.102489471435547
ipo,reference,737,3,1,0.00850214983024198,-23.384565353393555
ipo,reference,737,3,2,0.4092199738499746,-19.510631561279297
ipo,reference,737,3,3,0.5375105491947865,-19.23793601989746
ipo,reference,737,3,4,0.04476732712499701,-21.723405838012695
ipo,reference,867,3,1,0.2351837634758452,-12.432928085327148
ipo,reference,867,3,2,0.02333988333988314,-14.743131637573242
ipo,reference,867,3,3,0.004591068012454393,-16.369182586669922
ipo,reference,867,3,4,0.7368852851718172,-11.290863037109375
ipo,reference,945,3,1,0.16152928464023866,-22.121774673461914
ipo,reference,945,3,2,0.6230589021895208,-20.771820068359375
ipo,reference,945,3,3,0.07558360219588625,-22.881221771240234
ipo,reference,945,3,4,0.13982821097435433,-22.26604652404785
ipo,reference,54,4,1,0.2132142224700528,-11.854270935058594
ipo,reference,54,4,2,0.7461023457586481,-10.601705551147461
ipo,reference,54,4,3,0.032429643011377435,-13.737495422363281
ipo,reference,54,4,4,0.008253788759921644,-15.10589599609375
ipo,reference,251,4,1,0.416618586196613,-14.467718124389648
ipo,reference,251,4,2,0.021133134783077295,-17.449047088623047
ipo,reference,251,4,3,0.49794097013272004,-14.289407730102539
ipo,reference,251,4,4,0.06430730888758966,-16.33621597290039
ipo,reference,612,4,1,0.004743799913412313,-24.117046356201172
ipo,reference,612,4,2,0.6409815965645466,-19.21088409423828
ipo,reference,612,4,3,0.02302658873578389,-22.537235260009766
ipo,reference,612,4,4,0.3312480147862571,-19.871017456054688
ipo,reference,737,4,1,0.011316029044379835,-23.080718994140625
ipo,reference,737,4,2,0.446135383782408,-19.40631675720215
ipo,reference,737,4,3,0.5039049171162627,-19.2845516204834
ipo,reference,737,4,4,0.03864367005694938,-21.852556228637695
ipo,reference,867,4,1,0.38073996011950567,-12.100715637207031
ipo,reference,867,4,2,0.02139650388604749,-14.979604721069336
ipo,reference,867,4,3,0.003335050047379113,-16.83834457397461
ipo,reference,867,4,4,0.5945284859470678,-11.65506362915039
ipo,reference,945,4,1,0.2370635097405365,-21.906030654907227
ipo,reference,945,4,2,0.5582909279960062,-21.04947853088379
ipo,reference,945,4,3,0.056046931763057986,-23.348169326782227
ipo,reference,945,4,4,0.14859863050039931,-22.373109817504883
ipo,reference,54,5,1,0.29840792027058544,-11.758182525634766
ipo,reference,54,5,2,0.6346316610184667,-11.003599166870117
ipo,reference,54,5,3,0.05851462292540494,-13.387367248535156
ipo,reference,54,5,4,0.00844579578554294,-15.322975158691406
ipo,reference,251,5,1,0.42625461282316235,-14.245168685913086
ipo,reference,251,5,2,0.008525445396854039,-18.157150268554688
ipo,reference,251,5,3,0.459404369637284,-14.17027473449707
ipo,reference,251,5,4,0.10581557214269975,-15.638507843017578
ipo,reference,612,5,1,0.0072376090730755785,-23.801719665527344
ipo,reference,612,5,2,0.7352531850135645,-19.180795669555664
ipo,reference,612,5,3,0.021322765474860225,-22.721235275268555
ipo,reference,612,5,4,0.23618644043849965,-20.316389083862305
ipo,reference,737,5,1,0.006997630852764801,-23.55496597290039
ipo,reference,737,5,2,0.6433591729723539,-19.03383445739746
ipo,reference,737,5,3,0.30468837177926106,-19.781248092651367
ipo,reference,737,5,4,0.04495482439562021,-21.69487953186035
ipo,reference,867,5,1,0.39862854817850296,-11.788745880126953
ipo,reference,867,5,2,0.020283623880049655,-14.766962051391602
ipo,reference,867,5,3,0.0021422335422140414,-17.01492691040039
ipo,reference,867,5,4,0.5789455943992334,-11.415567398071289
ipo,reference,945,5,1,0.1871064672049112,-21.750581741333008
ipo,reference,945,5,2,0.6128295231708216,-20.564172744750977
ipo,reference,945,5,3,0.1331364280333737,-22.090885162353516
ipo,reference,945,5,4,0.06692758159089345,-22.778648376464844
ipo,reference,54,6,1,0.10668415589209461,-12.384675979614258
ipo,reference,54,6,2,0.8291271533059967,-10.334175109863281
ipo,reference,54,6,3,0.05731538557404629,-13.005979537963867
ipo,reference,54,6,4,0.006873305227862312,-15.126903533935547
ipo,reference,251,6,1,0.39299065513911635,-14.374895095825195
ipo,reference,251,6,2,0.01352766382597294,-17.74394416809082
ipo,reference,251,6,3,0.5260672077769907,-14.083251953125
ipo,reference,251,6,4,0.06741447325792005,-16.137821197509766
ipo,reference,612,6,1,0.009437494868404887,-23.778438568115234
ipo,reference,612,6,2,0.7731206552780661,-19.37269401550293
ipo,reference,612,6,3,0.01347148356524875,-23.42255401611328
ipo,reference,612,6,4,0.20397036628828047,-20.705154418945312
ipo,reference,737,6,1,0.011102906085505645,-23.300626754760742
ipo,reference,737,6,2,0.7277347334211973,-19.117897033691406
ipo,reference,737,6,3,0.2283058883190688,-20.27714729309082
ipo,reference,737,6,4,0.032856472174228206,-22.21568489074707
ipo,reference,867,6,1,0.6486611806056132,-10.941707611083984
ipo,reference,867,6,2,0.01814805088204743,-14.518054962158203
ipo,reference,867,6,3,0.0006893187703029189,-17.78866958618164
ipo,reference,867,6,4,0.3325014497420365,-11.609973907470703
ipo,reference,945,6,1,0.2720035133752961,-21.42689323425293
ipo,reference,945,6,2,0.5931976567291968,-20.647180557250977
ipo,reference,945,6,3,0.08386575685752873,-22.603490829467773
ipo,reference,945,6,4,0.05093307303797824,-23.102195739746094
ipo,reference,54,7,1,0.05108486568284412,-13.050651550292969
ipo,reference,54,7,2,0.8284545419311116,-10.264577865600586
ipo,reference,54,7,3,0.1115279014744008,-12.269865036010742
ipo,reference,54,7,4,0.0089326909116435,-14.794422149658203
ipo,reference,251,7,1,0.25182424359775213,-14.636089324951172
ipo,reference,251,7,2,0.007614854464373939,-18.134719848632812
ipo,reference,251,7,3,0.6436508767313186,-13.697664260864258
ipo,reference,251,7,4,0.09691002520655537,-15.59103775024414
ipo,reference,612,7,1,0.008465904096890292,-24.03773307800293
ipo,reference,612,7,2,0.5387526177198761,-19.884523391723633
ipo,reference,612,7,3,0.009173365489391535,-23.957475662231445
ipo,reference,612,7,4,0.44360811269384204,-20.078838348388672
ipo,reference,737,7,1,0.0071611074300709674,-23.703340530395508
ipo,reference,737,7,2,0.7358336804597874,-19.071001052856445
ipo,reference,737,7,3,0.15954061329672828,-20.599706649780273
ipo,reference,737,7,4,0.0974645988134133,-21.09251594543457
ipo,reference,867,7,1,0.5823584230963568,-11.038179397583008
ipo,reference,867,7,2,0.03157222669593075,-13.952987670898438
ipo,reference,867,7,3,0.0012677157314912376,-17.168048858642578
ipo,reference,867,7,4,0.38480163447622123,-11.452537536621094
ipo,reference,945,7,1,0.27432792755848046,-21.226512908935547
ipo,reference,945,7,2,0.559928963312449,-20.51302719116211
ipo,reference,945,7,3,0.1228793082501996,-22.029634475708008
ipo,reference,945,7,4,0.042863800878870865,-23.082809448242188
ipo,reference,54,8,1,0.027981859170415832,-13.104278564453125
ipo,reference,54,8,2,0.908537656364825,-9.623998641967773
ipo,reference,54,8,3,0.05454351018708726,-12.436836242675781
ipo,reference,54,8,4,0.008936974277671964,-14.245637893676758
ipo,reference,251,8,1,0.2098628258946712,-15.06063461303711
ipo,reference,251,8,2,0.019846828591242614,-17.419044494628906
ipo,reference,251,8,3,0.6697101193930011,-13.900243759155273
ipo,reference,251,8,4,0.10058022612108511,-15.796133041381836
ipo,reference,612,8,1,0.026172503342577307,-22.936199188232422
ipo,reference,612,8,2,0.48246907594567046,-20.021991729736328
ipo,reference,612,8,3,0.0076906301107845815,-24.160905838012695
ipo,reference,612,8,4,0.4836677906009676,-20.01951026916504
ipo,reference,737,8,1,0.00922875058269737,-23.323579788208008
ipo,reference,737,8,2,0.853331948286541,-18.796754837036133
ipo,reference,737,8,3,0.10280056224934829,-20.91311264038086
ipo,reference,737,8,4,0.03463873888141331,-22.000930786132812
ipo,reference,867,8,1,0.7171364826462614,-10.68936538696289
ipo,reference,867,8,2,0.026252607977260537,-13.996866226196289
ipo,reference,867,8,3,0.0018704178699486605,-16.638469696044922
ipo,reference,867,8,4,0.25474049150652917,-11.724386215209961
ipo,reference,945,8,1,0.2744474268623426,-21.033315658569336
ipo,reference,945,8,2,0.5936001516711592,-20.261869430541992
ipo,reference,945,8,3,0.1008430874426173,-22.034509658813477
ipo,reference,945,8,4,0.031109334023880796,-23.210567474365234
ipo,reference,54,9,1,0.0144258546053393,-14.070024490356445
ipo,reference,54,9,2,0.8229919234178543,-10.026100158691406
ipo,reference,54,9,3,0.14788199630968446,-11.742631912231445
ipo,reference,54,9,4,0.014700225667121845,-14.051183700561523
ipo,reference,251,9,1,0.12504457317435289,-15.306537628173828
ipo,reference,251,9,2,0.0162377066221587,-17.347871780395508
ipo,reference,251,9,3,0.668358929917565,-13.630382537841797
ipo,reference,251,9,4,0.19035879028592345,-14.886297225952148
ipo,reference,612,9,1,0.01773780691607569,-22.855161666870117
ipo,reference,612,9,2,0.28557073969846064,-20.076370239257812
ipo,reference,612,9,3,0.018711573838639074,-22.80171775817871
ipo,reference,612,9,4,0.6779798795468246,-19.211742401123047
ipo,reference,737,9,1,0.008122648333763855,-23.529203414916992
ipo,reference,737,9,2,0.8129352220510336,-18.923208236694336
ipo,reference,737,9,3,0.0925105811735076,-21.09653663635254
ipo,reference,737,9,4,0.0864315484416949,-21.164506912231445
ipo,reference,867,9,1,0.7336404535614899,-10.088930130004883
ipo,reference,867,9,2,0.061078863175948864,-12.574783325195312
ipo,reference,867,9,3,0.0017452346166152604,-16.13006019592285
ipo,reference,867,9,4,0.20353544864594603,-11.371109008789062
ipo,reference,945,9,1,0.477294086704202,-20.217756271362305
ipo,reference,945,9,2,0.4050533701073202,-20.38187026977539
ipo,reference,945,9,3,0.08108255320828513,-21.990421295166016
ipo,reference,945,9,4,0.036569989980192674,-22.78666114807129
ipo,reference,54,10,1,0.016773967215653614,-13.906436920166016
ipo,reference,54,10,2,0.8244606291863669,-10.01153564453125
ipo,reference,54,10,3,0.14467767921796634,-11.75175666809082
ipo,reference,54,10,4,0.014087724380013024,-14.080961227416992
ipo,reference,251,10,1,0.1578659810165617,-15.335565567016602
ipo,reference,251,10,2,0.029945115810929634,-16.99794578552246
ipo,reference,251,10,3,0.6699991136097416,-13.890035629272461
ipo,reference,251,10,4,0.14218978956276684,-15.440149307250977
ipo,reference,612,10,1,0.1196306210088195,-20.978248596191406
ipo,reference,612,10,2,0.15597775527303245,-20.71294403076172
ipo,reference,612,10,3,0.018961556701971607,-22.82024383544922
ipo,reference,612,10,4,0.7054300670161765,-19.20384979248047
ipo,reference,737,10,1,0.00965703259494213,-23.367292404174805
ipo,reference,737,10,2,0.7143060579293528,-19.06366729736328
ipo,reference,737,10,3,0.10034512033643919,-21.026363372802734
ipo,reference,737,10,4,0.17569178913926592,-20.46624755859375
ipo,reference,867,10,1,0.6865178259967224,-10.194330215454102
ipo,reference,867,10,2,0.07037702900067955,-12.472095489501953
ipo,reference,867,10,3,0.0021923914616359917,-15.940969467163086
ipo,reference,867,10,4,0.24091275354096195,-11.241527557373047
ipo,reference,945,10,1,0.38445050562509836,-20.647226333618164
ipo,reference,945,10,2,0.426584867694061,-20.543230056762695
ipo,reference,945,10,3,0.14794546752431983,-21.602197647094727
ipo,reference,945,10,4,0.041019159156520824,-22.88500213623047
ipo,reference,54,11,1,0.008780979578123576,-14.427125930786133
ipo,reference,54,11,2,0.8170104285615906,-9.894062042236328
ipo,reference,54,11,3,0.1589688135992921,-11.531005859375
ipo,reference,54,11,4,0.01523977826099374,-13.875804901123047
ipo,reference,251,11,1,0.06305259525271034,-15.88494873046875
ipo,reference,251,11,2,0.026890100960502338,-16.737159729003906
ipo,reference,251,11,3,0.7989259272227747,-13.345649719238281
ipo,reference,251,11,4,0.11113137656401274,-15.318204879760742
ipo,reference,612,11,1,0.14665746651342867,-20.586240768432617
ipo,reference,612,11,2,0.1234489832270697,-20.758512496948242
ipo,reference,612,11,3,0.025765157470984814,-22.3253173828125
ipo,reference,612,11,4,0.7041283927885169,-19.017379760742188
ipo,reference,737,11,1,0.01394092495890042,-22.891935348510742
ipo,reference,737,11,2,0.7886529956652784,-18.85643768310547
ipo,reference,737,11,3,0.0783454615572732,-21.16563606262207
ipo,reference,737,11,4,0.11906061781854796,-20.74713134765625
ipo,reference,867,11,1,0.5868264793659171,-10.303049087524414
ipo,reference,867,11,2,0.14990591621278,-11.667770385742188
ipo,reference,867,11,3,0.002405596972640574,-15.799980163574219
ipo,reference,867,11,4,0.2608620074486623,-11.113786697387695
ipo,reference,945,11,1,0.7207062249902129,-19.143617630004883
ipo,reference,945,11,2,0.2112216523578209,-20.370941162109375
ipo,reference,945,11,3,0.04936724544291796,-21.824562072753906
ipo,reference,945,11,4,0.018704877209048485,-22.79506492614746
ipo,reference,54,12,1,0.007304137542622425,-14.416419982910156
ipo,reference,54,12,2,0.8665816997042244,-9.640304565429688
ipo,reference,54,12,3,0.1087732795405491,-11.715595245361328
ipo,reference,54,12,4,0.017340883212604154,-13.551794052124023
ipo,reference,251,12,1,0.10851202833796264,-15.71360969543457
ipo,reference,251,12,2,0.02767685996744055,-17.07987403869629
ipo,reference,251,12,3,0.7647414479510192,-13.760932922363281
ipo,reference,251,12,4,0.09906966374357763,-15.804647445678711
ipo,reference,612,12,1,0.08491095941564719,-20.909639358520508
ipo,reference,612,12,2,0.11362190213864262,-20.618366241455078
ipo,reference,612,12,3,0.02938403990703231,-21.97079086303711
ipo,reference,612,12,4,0.772083098538678,-18.702150344848633
ipo,reference,737,12,1,0.01720116970720842,-22.682912826538086
ipo,reference,737,12,2,0.8805990936098304,-18.74728775024414
ipo,reference,737,12,3,0.041421248267956755,-21.804096221923828
ipo,reference,737,12,4,0.060778488415004564,-21.420654296875
ipo,reference,867,12,1,0.6291206418142588,-10.247734069824219
ipo,reference,867,12,2,0.09136169261057021,-12.177230834960938
ipo,reference,867,12,3,0.003248262087668879,-15.513936996459961
ipo,reference,867,12,4,0.27626940348750206,-11.070680618286133
ipo,reference,945,12,1,0.3380167967804505,-20.53577423095703
ipo,reference,945,12,2,0.4663061604337915,-20.214027404785156
ipo,reference,945,12,3,0.16058193059532902,-21.280065536499023
ipo,reference,945,12,4,0.03509511219042894,-22.80080795288086
ipo,reference,54,13,1,0.011483418701597746,-14.19607162475586
ipo,reference,54,13,2,0.8154815079934293,-9.933197021484375
ipo,reference,54,13,3,0.1563863491489474,-11.584646224975586
ipo,reference,54,13,4,0.016648724156025533,-13.824642181396484
ipo,reference,251,13,1,0.0366108810755377,-16.884552001953125
ipo,reference,251,13,2,0.056854033709096016,-16.44441032409668
ipo,reference,251,13,3,0.8055738696485595,-13.793342590332031
ipo,reference,251,13,4,0.10096121556680679,-15.870161056518555
ipo,reference,612,13,1,0.24731352255752984,-19.11700439453125
ipo,reference,612,13,2,0.03928982940850466,-20.956695556640625
ipo,reference,612,13,3,0.09875107335368112,-20.035058975219727
ipo,reference,612,13,4,0.6146455746802845,-18.206615447998047
ipo,reference,737,13,1,0.017970615194624503,-22.597436904907227
ipo,reference,737,13,2,0.7753909073430643,-18.832807540893555
ipo,reference,737,13,3,0.08157344818630641,-21.084671020507812
ipo,reference,737,13,4,0.12506502927600469,-20.65734100341797
ipo,reference,867,13,1,0.47228707309721213,-10.543905258178711
ipo,reference,867,13,2,0.18837124430784222,-11.463077545166016
ipo,reference,867,13,3,0.0030349505008492946,-15.591297149658203
ipo,reference,867,13,4,0.3363067320940964,-10.883468627929688
ipo,reference,945,13,1,0.3566201151682766,-20.89345932006836
ipo,reference,945,13,2,0.42664665358627885,-20.714174270629883
ipo,reference,945,13,3,0.19636781685669016,-21.490140914916992
ipo,reference,945,13,4,0.020365414388754433,-23.75629234313965
ipo,reference,54,14,1,0.0031466933264259513,-15.100395202636719
ipo,reference,54,14,2,0.7984633456853855,-9.564058303833008
ipo,reference,54,14,3,0.18038036410238314,-11.051679611206055
ipo,reference,54,14,4,0.018009596885805484,-13.355842590332031
ipo,reference,251,14,1,0.02670711205134661,-17.132293701171875
ipo,reference,251,14,2,0.07611573669528165,-16.08496856689453
ipo,reference,251,14,3,0.8139548684191108,-13.71531867980957
ipo,reference,251,14,4,0.08322228283426082,-15.995708465576172
ipo,reference,612,14,1,0.0710904332254507,-20.12630271911621
ipo,reference,612,14,2,0.040204687637258193,-20.696271896362305
ipo,reference,612,14,3,0.07025255620863124,-20.138158798217773
ipo,reference,612,14,4,0.8184523229286599,-17.68284034729004
ipo,reference,737,14,1,0.016667101540040516,-22.54891014099121
ipo,reference,737,14,2,0.9052409368446315,-18.55414581298828
ipo,reference,737,14,3,0.03277294551750792,-21.872743606567383
ipo,reference,737,14,4,0.045319016097820075,-21.548620223999023
ipo,reference,867,14,1,0.4175148596758254,-10.657987594604492
ipo,reference,867,14,2,0.1800671918276717,-11.498977661132812
ipo,reference,867,14,3,0.005267498322811849,-15.030752182006836
ipo,reference,867,14,4,0.39715045017369105,-10.707992553710938
ipo,reference,945,14,1,0.32307696530717506,-20.759624481201172
ipo,reference,945,14,2,0.38237105212089834,-20.591123580932617
ipo,reference,945,14,3,0.25660457169279266,-20.989978790283203
ipo,reference,945,14,4,0.03794741087913393,-22.90131378173828
ipo,reference,54,15,1,0.008509667544270563,-14.56656265258789
ipo,reference,54,15,2,0.7303730267288687,-10.11421012878418
ipo,reference,54,15,3,0.2256870595654656,-11.288616180419922
ipo,reference,54,15,4,0.035430246161394986,-13.140199661254883
ipo,reference,251,15,1,0.021188903769122205,-17.18221664428711
ipo,reference,251,15,2,0.05809268344495077,-16.173654556274414
ipo,reference,251,15,3,0.8507610429433115,-13.48956298828125
ipo,reference,251,15,4,0.06995736984261554,-15.987808227539062
ipo,reference,612,15,1,0.32086690791616634,-19.21503257751465
ipo,reference,612,15,2,0.07467265605562985,-20.672945022583008
ipo,reference,612,15,3,0.08880274654908352,-20.49964141845703
ipo,reference,612,15,4,0.5156576894791202,-18.740615844726562
ipo,reference,737,15,1,0.0168739946570365,-22.676130294799805
ipo,reference,737,15,2,0.8278345888216886,-18.783090591430664
ipo,reference,737,15,3,0.040072467676131325,-21.811214447021484
ipo,reference,737,15,4,0.11521894884514348,-20.755069732666016
ipo,reference,867,15,1,0.3525302982158161,-10.611886978149414
ipo,reference,867,15,2,0.2993866617079536,-10.775287628173828
ipo,reference,867,15,3,0.0051336064065939605,-14.841215133666992
ipo,reference,867,15,4,0.3429494336696363,-10.639440536499023
ipo,reference,945,15,1,0.15543802575561433,-21.451711654663086
ipo,reference,945,15,2,0.5036537950893507,-20.27606964111328
ipo,reference,945,15,3,0.32938192522859133,-20.700740814208984
ipo,reference,945,15,4,0.011526253926443597,-24.05333137512207
ipo,reference,54,16,1,0.0025452497644987563,-15.530267715454102
ipo,reference,54,16,2,0.6954767023598326,-9.919898986816406
ipo,reference,54,16,3,0.27549677903713005,-10.84592056274414
ipo,reference,54,16,4,0.026481268838538574,-13.188058853149414
ipo,reference,251,16,1,0.039990735379989865,-16.804861068725586
ipo,reference,251,16,2,0.09585907558393096,-15.93062973022461
ipo,reference,251,16,3,0.7306012633281423,-13.899641036987305
ipo,reference,251,16,4,0.13354892570793678,-15.599040985107422
ipo,reference,612,16,1,0.18351115863491668,-19.658493041992188
ipo,reference,612,16,2,0.08858394074731539,-20.386817932128906
ipo,reference,612,16,3,0.10314738768077147,-20.234609603881836
ipo,reference,612,16,4,0.6247575129369963,-18.43340492248535
ipo,reference,737,16,1,0.02587495225755783,-22.28179359436035
ipo,reference,737,16,2,0.8872920325773918,-18.74689483642578
ipo,reference,737,16,3,0.019452732515190106,-22.567081451416016
ipo,reference,737,16,4,0.06738028264986032,-21.324716567993164
ipo,reference,867,16,1,0.22476380055055478,-11.079385757446289
ipo,reference,867,16,2,0.3004392410124793,-10.789190292358398
ipo,reference,867,16,3,0.007078387147088305,-14.537389755249023
ipo,reference,867,16,4,0.46771857128987754,-10.346569061279297
ipo,reference,945,16,1,0.11827325547763487,-21.59037208557129
ipo,reference,945,16,2,0.5425491981338387,-20.06709098815918
ipo,reference,945,16,3,0.3168684055674798,-20.604883193969727
ipo,reference,945,16,4,0.022309140821046663,-23.258373260498047
ipo,reference,54,17,1,0.002967638079625387,-15.616533279418945
ipo,reference,54,17,2,0.5515531172963645,-10.391561508178711
ipo,reference,54,17,3,0.4123864692621944,-10.68233871459961
ipo,reference,54,17,4,0.03309277536181569,-13.204984664916992
ipo,reference,251,17,1,0.03652253043026902,-16.734838485717773
ipo,reference,251,17,2,0.05882125600760575,-16.258264541625977
ipo,reference,251,17,3,0.5999664970956227,-13.935894012451172
ipo,reference,251,17,4,0.3046897164665025,-14.613473892211914
ipo,reference,612,17,1,0.2150774042814122,-19.460891723632812
ipo,reference,612,17,2,0.10430321939830638,-20.184587478637695
ipo,reference,612,17,3,0.13308917893701785,-19.94087028503418
ipo,reference,612,17,4,0.5475301973832636,-18.526472091674805
ipo,reference,737,17,1,0.028038386402988294,-22.252180099487305
ipo,reference,737,17,2,0.793979375481911,-18.9086971282959
ipo,reference,737,17,3,0.012487343892492267,-23.061038970947266
ipo,reference,737,17,4,0.1654948942226083,-20.47681427001953
ipo,reference,867,17,1,0.2770610672129662,-10.634698867797852
ipo,reference,867,17,2,0.3628849387999511,-10.364850997924805
ipo,reference,867,17,3,0.006295956318410726,-14.419029235839844
ipo,reference,867,17,4,0.35375803766867203,-10.390323638916016
ipo,reference,945,17,1,0.19091266684878308,-21.280414581298828
ipo,reference,945,17,2,0.48834271140005847,-20.34121322631836
ipo,reference,945,17,3,0.2889215353883787,-20.86607551574707
ipo,reference,945,17,4,0.03182308636277977,-23.072038650512695
ipo,reference,54,18,1,0.0019880317595217393,-15.983318328857422
ipo,reference,54,18,2,0.5563776125581607,-10.349016189575195
ipo,reference,54,18,3,0.38420398900840896,-10.719289779663086
ipo,reference,54,18,4,0.057430366673908745,-12.619890213012695
ipo,reference,251,18,1,0.016768530108253257,-17.919057846069336
ipo,reference,251,18,2,0.13020898840230377,-15.869421005249023
ipo,reference,251,18,3,0.6029674624895184,-14.336698532104492
ipo,reference,251,18,4,0.25005501899992444,-15.216880798339844
ipo,reference,612,18,1,0.23529629934318247,-18.94468116760254
ipo,reference,612,18,2,0.06539228492728016,-20.225122451782227
ipo,reference,612,18,3,0.24070580023693197,-18.921951293945312
ipo,reference,612,18,4,0.4586056154926054,-18.27733612060547
ipo,reference,737,18,1,0.08265899325033935,-21.388242721557617
ipo,reference,737,18,2,0.7058196727111495,-19.243606567382812
ipo,reference,737,18,3,0.03257032285294423,-22.319564819335938
ipo,reference,737,18,4,0.1789510111855668,-20.615854263305664
ipo,reference,867,18,1,0.3347784000346692,-10.720220565795898
ipo,reference,867,18,2,0.2534855496225443,-10.998382568359375
ipo,reference,867,18,3,0.01058772511376802,-14.173994064331055
ipo,reference,867,18,4,0.4011483252290185,-10.539358139038086
ipo,reference,945,18,1,0.1409621662151093,-21.392532348632812
ipo,reference,945,18,2,0.5734948173514067,-19.989274978637695
ipo,reference,945,18,3,0.2693273816096604,-20.74509620666504
ipo,reference,945,18,4,0.01621563482382357,-23.5550479888916
ipo,reference,54,19,1,0.0016049895700723288,-15.87088394165039
ipo,reference,54,19,2,0.7332116663221027,-9.746566772460938
ipo,reference,54,19,3,0.19358227794038857,-11.078298568725586
ipo,reference,54,19,4,0.07160106616743642,-12.072891235351562
ipo,reference,251,19,1,0.006264042184903032,-18.295068740844727
ipo,reference,251,19,2,0.04868098080595411,-16.244606018066406
ipo,reference,251,19,3,0.3093933968117588,-14.395280838012695
ipo,reference,251,19,4,0.6356615801973841,-13.675228118896484
ipo,reference,612,19,1,0.13842377830893615,-19.638874053955078
ipo,reference,612,19,2,0.06759605780792283,-20.35564422607422
ipo,reference,612,19,3,0.08330966405217839,-20.146629333496094
ipo,reference,612,19,4,0.7106704998309626,-18.00298500061035
ipo,reference,737,19,1,0.05754914867375083,-21.689037322998047
ipo,reference,737,19,2,0.863788613189805,-18.980348587036133
ipo,reference,737,19,3,0.01434827701764274,-23.078046798706055
ipo,reference,737,19,4,0.06431396111880125,-21.577899932861328
ipo,reference,867,19,1,0.2032914389686629,-11.087812423706055
ipo,reference,867,19,2,0.26574501574899634,-10.819915771484375
ipo,reference,867,19,3,0.011424640913367526,-13.966680526733398
ipo,reference,867,19,4,0.5195389043689732,-10.149511337280273
ipo,reference,945,19,1,0.27304809854468526,-20.788471221923828
ipo,reference,945,19,2,0.4808147256874399,-20.222637176513672
ipo,reference,945,19,3,0.21307719024431895,-21.03646469116211
ipo,reference,945,19,4,0.03305998552355597,-22.899795532226562
ipo,reference,54,20,1,0.0010840331551657948,-16.579551696777344
ipo,reference,54,20,2,0.5194157552335349,-10.407535552978516
ipo,reference,54,20,3,0.4095154395698855,-10.645265579223633
ipo,reference,54,20,4,0.06998477204141369,-12.411962509155273
ipo,reference,251,20,1,0.016766509348999457,-17.841856002807617
ipo,reference,251,20,2,0.16187280136948676,-15.57442855834961
ipo,reference,251,20,3,0.23467423814164337,-15.203041076660156
ipo,reference,251,20,4,0.5866864511398704,-14.286748886108398
ipo,reference,612,20,1,0.1308207893016136,-19.311960220336914
ipo,reference,612,20,2,0.04734780848275213,-20.32826805114746
ipo,reference,612,20,3,0.20007879316767838,-18.88707733154297
ipo,reference,612,20,4,0.6217526090479559,-17.753246307373047
ipo,reference,737,20,1,0.05449166869066507,-21.71866226196289
ipo,reference,737,20,2,0.6376718100002319,-19.258886337280273
ipo,reference,737,20,3,0.013662169903003223,-23.102079391479492
ipo,reference,737,20,4,0.29417435140610004,-20.03253746032715
ipo,reference,867,20,1,0.2885362348754181,-10.523965835571289
ipo,reference,867,20,2,0.37985216862996607,-10.249004364013672
ipo,reference,867,20,3,0.010398350133996903,-13.847139358520508
ipo,reference,867,20,4,0.321213246360619,-10.416681289672852
ipo,reference,945,20,1,0.32023341464477656,-20.697765350341797
ipo,reference,945,20,2,0.37203245855251804,-20.547834396362305
ipo,reference,945,20,3,0.28352769542055584,-20.81950569152832
ipo,reference,945,20,4,0.024206431382149625,-23.280197143554688
ipo,reference,54,21,1,0.0017022241399448034,-16.200237274169922
ipo,reference,54,21,2,0.6220702561710836,-10.29911994934082
ipo,reference,54,21,3,0.2399534460857125,-11.251728057861328
ipo,reference,54,21,4,0.136274073603259,-11.8175048828125
ipo,reference,251,21,1,0.01065670480542669,-18.46163558959961
ipo,reference,251,21,2,0.3245202472459662,-15.045476913452148
ipo,reference,251,21,3,0.11856874493753985,-16.052331924438477
ipo,reference,251,21,4,0.5462543030110673,-14.524740219116211
ipo,reference,612,21,1,0.11029329010729445,-19.495147705078125
ipo,reference,612,21,2,0.06759334497668901,-19.98478126525879
ipo,reference,612,21,3,0.20076411679704062,-18.896160125732422
ipo,reference,612,21,4,0.6213492481189758,-17.76639747619629
ipo,reference,737,21,1,0.11800806056362571,-21.302536010742188
ipo,reference,737,21,2,0.763902495503712,-19.43484878540039
ipo,reference,737,21,3,0.013068824117459481,-23.50305938720703
ipo,reference,737,21,4,0.10502061981520255,-21.419132232666016
ipo,reference,867,21,1,0.20389538932241816,-10.915407180786133
ipo,reference,867,21,2,0.36730547990155754,-10.326820373535156
ipo,reference,867,21,3,0.014763316462446064,-13.540868759155273
ipo,reference,867,21,4,0.4140358143135782,-10.207061767578125
ipo,reference,945,21,1,0.3837518144361993,-20.55391502380371
ipo,reference,945,21,2,0.3427576945149902,-20.666887283325195
ipo,reference,945,21,3,0.25054361965611693,-20.98027801513672
ipo,reference,945,21,4,0.0229468713926936,-23.370729446411133
ipo,reference,54,22,1,0.0014964212543682547,-16.432077407836914
ipo,reference,54,22,2,0.5379151899621365,-10.547452926635742
ipo,reference,54,22,3,0.3031223073977801,-11.121017456054688
ipo,reference,54,22,4,0.1574660813857151,-11.775943756103516
ipo,reference,251,22,1,0.0271544356811016,-17.58639144897461
ipo,reference,251,22,2,0.5102552037558306,-14.653020858764648
ipo,reference,251,22,3,0.07776364002302082,-16.534257888793945
ipo,reference,251,22,4,0.3848267205400471,-14.935138702392578
ipo,reference,612,22,1,0.19149287718544192,-18.91061019897461
ipo,reference,612,22,2,0.05005872364739956,-20.25226402282715
ipo,reference,612,22,3,0.2597335683998684,-18.605804443359375
ipo,reference,612,22,4,0.4987148307672902,-17.953426361083984
ipo,reference,737,22,1,0.08428680524677482,-21.506078720092773
ipo,reference,737,22,2,0.6709521069122347,-19.43160629272461
ipo,reference,737,22,3,0.008105376755965708,-23.847776412963867
ipo,reference,737,22,4,0.2366557110850247,-20.473697662353516
ipo,reference,867,22,1,0.24617865620061735,-10.708669662475586
ipo,reference,867,22,2,0.34326759079881325,-10.376216888427734
ipo,reference,867,22,3,0.014795235418050657,-13.520421981811523
ipo,reference,867,22,4,0.39575851758251857,-10.233922958374023
ipo,reference,945,22,1,0.365672192738305,-20.666532516479492
ipo,reference,945,22,2,0.34265802393794154,-20.731536865234375
ipo,reference,945,22,3,0.2617991044525323,-21.00069236755371
ipo,reference,945,22,4,0.02987067887122128,-23.1713924407959
ipo,reference,54,23,1,0.0006911174671585266,-17.205516815185547
ipo,reference,54,23,2,0.4426500427138864,-10.743291854858398
ipo,reference,54,23,3,0.4148568196193209,-10.808137893676758
ipo,reference,54,23,4,0.14180202019963412,-11.88163948059082
ipo,reference,251,23,1,0.033069364698250975,-17.523378372192383
ipo,reference,251,23,2,0.5442888709670521,-14.722505569458008
ipo,reference,251,23,3,0.0887753001994968,-16.535877227783203
ipo,reference,251,23,4,0.3338664641352001,-15.211244583129883
ipo,reference,612,23,1,0.24447005782760658,-18.786561965942383
ipo,reference,612,23,2,0.07276756562358229,-19.998384475708008
ipo,reference,612,23,3,0.2500699543720858,-18.763914108276367
ipo,reference,612,23,4,0.43269242217672543,-18.215627670288086
ipo,reference,737,23,1,0.11142019177472419,-21.107324600219727
ipo,reference,737,23,2,0.6444033775543051,-19.35230827331543
ipo,reference,737,23,3,0.013830747987341109,-23.19373893737793
ipo,reference,737,23,4,0.2303456826836295,-20.381052017211914
ipo,reference,867,23,1,0.2564497257379414,-10.556489944458008
ipo,reference,867,23,2,0.4208356906837029,-10.061180114746094
ipo,reference,867,23,3,0.014435019694327722,-13.433765411376953
ipo,reference,867,23,4,0.3082795638840279,-10.372415542602539
ipo,reference,945,23,1,0.37982949455209786,-20.572219848632812
ipo,reference,945,23,2,0.272418708271974,-20.90460205078125
ipo,reference,945,23,3,0.3060421538690111,-20.788219451904297
ipo,reference,945,23,4,0.04170964330691705,-22.78120994567871
ipo,reference,54,24,1,0.001391116684842185,-16.231136322021484
ipo,reference,54,24,2,0.6167967948471121,-10.136703491210938
ipo,reference,54,24,3,0.2136680861343446,-11.196819305419922
ipo,reference,54,24,4,0.16814400233370108,-11.436422348022461
ipo,reference,251,24,1,0.09300053679070452,-16.06631851196289
ipo,reference,251,24,2,0.31931169771911166,-14.832756042480469
ipo,reference,251,24,3,0.0574982806348197,-16.547168731689453
ipo,reference,251,24,4,0.5301894848553642,-14.325689315795898
ipo,reference,612,24,1,0.08623545639204058,-19.19229507446289
ipo,reference,612,24,2,0.037793023656132824,-20.01725196838379
ipo,reference,612,24,3,0.38164505903156404,-17.704885482788086
ipo,reference,612,24,4,0.4943264609202625,-17.44618034362793
ipo,reference,737,24,1,0.0640289562534229,-21.541126251220703
ipo,reference,737,24,2,0.4853457236452839,-19.515600204467773
ipo,reference,737,24,3,0.009135091473144482,-23.488338470458984
ipo,reference,737,24,4,0.44149022862814863,-19.610305786132812
ipo,reference,867,24,1,0.12352645584488696,-11.265983581542969
ipo,reference,867,24,2,0.35681102924813424,-10.205232620239258
ipo,reference,867,24,3,0.021189593220389196,-13.028928756713867
ipo,reference,867,24,4,0.4984729216865895,-9.870889663696289
ipo,reference,945,24,1,0.45492627305122907,-20.112838745117188
ipo,reference,945,24,2,0.23901705392110292,-20.756439208984375
ipo,reference,945,24,3,0.2703344729396635,-20.63331413269043
ipo,reference,945,24,4,0.035722200088004676,-22.657201766967773
ipo,reference,54,25,1,0.0022552831828396274,-16.158058166503906
ipo,reference,54,25,2,0.4710946685429163,-10.816274642944336
ipo,reference,54,25,3,0.3706688810408593,-11.056024551391602
ipo,reference,54,25,4,0.15598116723338484,-11.921598434448242
ipo,reference,251,25,1,0.14997969343605888,-15.624313354492188
ipo,reference,251,25,2,0.4613245559881024,-14.500711441040039
ipo,reference,251,25,3,0.05708156620950088,-16.59033203125
ipo,reference,251,25,4,0.3316141843663378,-14.830841064453125
ipo,reference,612,25,1,0.11315356432622085,-19.079320907592773
ipo,reference,612,25,2,0.054377483239906176,-19.812116622924805
ipo,reference,612,25,3,0.4326415290897551,-17.738157272338867
ipo,reference,612,25,4,0.3998274233441179,-17.817033767700195
ipo,reference,737,25,1,0.19267223360587304,-20.49848175048828
ipo,reference,737,25,2,0.3788324661959737,-19.822378158569336
ipo,reference,737,25,3,0.025012506036878036,-22.540096282958984
ipo,reference,737,25,4,0.40348279416127525,-19.75933837890625
ipo,reference,867,25,1,0.08414068921234984,-11.313396453857422
ipo,reference,867,25,2,0.4775467170064283,-9.577224731445312
ipo,reference,867,25,3,0.009515199880608751,-13.492996215820312
ipo,reference,867,25,4,0.4287973939006131,-9.68490219116211
ipo,reference,945,25,1,0.5425047059066928,-19.880857467651367
ipo,reference,945,25,2,0.17416456417661286,-21.017053604125977
ipo,reference,945,25,3,0.19091057558931127,-20.925249099731445
ipo,reference,945,25,4,0.09242015432738318,-21.65070915222168
ipo,reference,54,26,1,0.0008178614018673792,-17.103273391723633
ipo,reference,54,26,2,0.33875597142541225,-11.07693099975586
ipo,reference,54,26,3,0.2835567020665237,-11.254798889160156
ipo,reference,54,26,4,0.37686946510619673,-10.970312118530273
ipo,reference,251,26,1,0.24335252705250898,-14.892621994018555
ipo,reference,251,26,2,0.3016620004967946,-14.677825927734375
ipo,reference,251,26,3,0.03040231711361325,-16.972614288330078
ipo,reference,251,26,4,0.42458315533708313,-14.33602523803711
ipo,reference,612,26,1,0.08142904668320256,-19.30827522277832
ipo,reference,612,26,2,0.06469197362450328,-19.53837013244629
ipo,reference,612,26,3,0.43954601445875857,-17.622264862060547
ipo,reference,612,26,4,0.4143329652335356,-17.681337356567383
ipo,reference,737,26,1,0.10701876087984982,-20.55858612060547
ipo,reference,737,26,2,0.2832235241029973,-19.58535385131836
ipo,reference,737,26,3,0.05114914581257324,-21.296844482421875
ipo,reference,737,26,4,0.5586085692045796,-18.90614128112793
ipo,reference,867,26,1,0.10445386880908952,-11.338348388671875
ipo,reference,867,26,2,0.322939454075584,-10.20962905883789
ipo,reference,867,26,3,0.017486684318692176,-13.125654220581055
ipo,reference,867,26,4,0.5551199927966343,-9.667909622192383
ipo,reference,945,26,1,0.36783229164131453,-20.374868392944336
ipo,reference,945,26,2,0.2725838832620385,-20.674549102783203
ipo,reference,945,26,3,0.29164271646035683,-20.606966018676758
ipo,reference,945,26,4,0.06794110863629026,-22.063854217529297
ipo,reference,54,27,1,0.0027411375581102007,-16.190534591674805
ipo,reference,54,27,2,0.34640093058458044,-11.351310729980469
ipo,reference,54,27,3,0.3094935985722895,-11.463970184326172
ipo,reference,54,27,4,0.34136433328501986,-11.365957260131836
ipo,reference,251,27,1,0.251576500262604,-14.946685791015625
ipo,reference,251,27,2,0.3450732249583785,-14.63067626953125
ipo,reference,251,27,3,0.039512369418624224,-16.797819137573242
ipo,reference,251,27,4,0.3638379053603931,-14.57772445678711
ipo,reference,612,27,1,0.07987518624549964,-19.22144889831543
ipo,reference,612,27,2,0.05294806095486028,-19.63260269165039
ipo,reference,612,27,3,0.5173200482590987,-17.353252410888672
ipo,reference,612,27,4,0.34985670454054135,-17.7443904876709
ipo,reference,737,27,1,0.36336661383398006,-19.890409469604492
ipo,reference,737,27,2,0.275892726572334,-20.165809631347656
ipo,reference,737,27,3,0.02096971410340635,-22.74274253845215
ipo,reference,737,27,4,0.3397709454902796,-19.957550048828125
ipo,reference,867,27,1,0.1393241590307751,-11.040681838989258
ipo,reference,867,27,2,0.433065072209454,-9.906597137451172
ipo,reference,867,27,3,0.0139545092856724,-13.341682434082031
ipo,reference,867,27,4,0.41365625947409845,-9.952449798583984
ipo,reference,945,27,1,0.49928142101491907,-20.090473175048828
ipo,reference,945,27,2,0.20133469834412207,-20.998674392700195
ipo,reference,945,27,3,0.2551281637564434,-20.761877059936523
ipo,reference,945,27,4,0.044255716884515406,-22.51365852355957
ipo,reference,54,28,1,0.001389198498373238,-16.359529495239258
ipo,reference,54,28,2,0.42481106524658835,-10.636611938476562
ipo,reference,54,28,3,0.14976662036994387,-11.679178237915039
ipo,reference,54,28,4,0.4240331158850946,-10.638444900512695
ipo,reference,251,28,1,0.2623980785414357,-14.917749404907227
ipo,reference,251,28,2,0.4844879141371438,-14.304519653320312
ipo,reference,251,28,3,0.04469144820558646,-16.687829971313477
ipo,reference,251,28,4,0.2084225591158341,-15.14804458618164
ipo,reference,612,28,1,0.033621042760068616,-20.454017639160156
ipo,reference,612,28,2,0.10989674662720912,-19.269628524780273
ipo,reference,612,28,3,0.5207867985653203,-17.713829040527344
ipo,reference,612,28,4,0.33569541204740216,-18.152965545654297
ipo,reference,737,28,1,0.2651065085082818,-20.217041015625
ipo,reference,737,28,2,0.407792138313522,-19.786415100097656
ipo,reference,737,28,3,0.032430254814660435,-22.31808090209961
ipo,reference,737,28,4,0.29467109836353583,-20.111312866210938
ipo,reference,867,28,1,0.06421191892442846,-11.744014739990234
ipo,reference,867,28,2,0.36917734334083346,-9.994926452636719
ipo,reference,867,28,3,0.018035343261075705,-13.013870239257812
ipo,reference,867,28,4,0.5485753944736623,-9.598878860473633
ipo,reference,945,28,1,0.3509982360663955,-20.580764770507812
ipo,reference,945,28,2,0.28612037294410003,-20.785133361816406
ipo,reference,945,28,3,0.33017538119023093,-20.641921997070312
ipo,reference,945,28,4,0.03270600979927363,-22.95398712158203
ipo,reference,54,29,1,0.004134669836742953,-15.385597229003906
ipo,reference,54,29,2,0.4795738644886259,-10.63210678100586
ipo,reference,54,29,3,0.13171401101371943,-11.924371719360352
ipo,reference,54,29,4,0.38457745466091176,-10.852859497070312
ipo,reference,251,29,1,0.44153034602223235,-14.398933410644531
ipo,reference,251,29,2,0.33616648332023924,-14.671573638916016
ipo,reference,251,29,3,0.04006139179499618,-16.79876708984375
ipo,reference,251,29,4,0.18224177886253218,-15.283845901489258
ipo,reference,612,29,1,0.08553245647992595,-19.584163665771484
ipo,reference,612,29,2,0.14334650022409234,-19.067794799804688
ipo,reference,612,29,3,0.49997261993307596,-17.818506240844727
ipo,reference,612,29,4,0.27114842336290573,-18.43039321899414
ipo,reference,737,29,1,0.2856738024467536,-19.83542823791504
ipo,reference,737,29,2,0.2861798984244015,-19.83365821838379
ipo,reference,737,29,3,0.07508131255159732,-21.171707153320312
ipo,reference,737,29,4,0.35306498657724755,-19.623626708984375
ipo,reference,867,29,1,0.08414820838579049,-11.499578475952148
ipo,reference,867,29,2,0.3589890309871752,-10.048866271972656
ipo,reference,867,29,3,0.011415666925807075,-13.497171401977539
ipo,reference,867,29,4,0.5454470937012273,-9.630552291870117
ipo,reference,945,29,1,0.31804340427851896,-20.835224151611328
ipo,reference,945,29,2,0.3048058361890942,-20.877737045288086
ipo,reference,945,29,3,0.31769175942174016,-20.83633041381836
ipo,reference,945,29,4,0.05945900011064666,-22.51212501525879
ipo,reference,54,30,1,0.0042198329640440605,-15.38315200805664
ipo,reference,54,30,2,0.5420269880756707,-10.527631759643555
ipo,reference,54,30,3,0.139417145717409,-11.885477066040039
ipo,reference,54,30,4,0.31433603324287607,-11.072484970092773
ipo,reference,251,30,1,0.5469850354621922,-14.262510299682617
ipo,reference,251,30,2,0.2635001096346629,-14.992877960205078
ipo,reference,251,30,3,0.046154746195014675,-16.73493194580078
ipo,reference,251,30,4,0.1433601087081302,-15.601572036743164
ipo,reference,612,30,1,0.025180109201700798,-20.712753295898438
ipo,reference,612,30,2,0.1621718538739787,-18.85015106201172
ipo,reference,612,30,3,0.5434183106731268,-17.640928268432617
ipo,reference,612,30,4,0.2692297262511936,-18.343242645263672
ipo,reference,737,30,1,0.23080422335791387,-20.03105926513672
ipo,reference,737,30,2,0.2656140068118934,-19.89058494567871
ipo,reference,737,30,3,0.10292831287259527,-20.83859634399414
ipo,reference,737,30,4,0.4006534569575975,-19.47953224182129
ipo,reference,867,30,1,0.08742283310976154,-11.510669708251953
ipo,reference,867,30,2,0.37010398003360645,-10.067642211914062
ipo,reference,867,30,3,0.00625451384148162,-14.148122787475586
ipo,reference,867,30,4,0.5362186730151504,-9.696884155273438
ipo,reference,945,30,1,0.26030757300438395,-21.095077514648438
ipo,reference,945,30,2,0.32668322815442286,-20.867950439453125
ipo,reference,945,30,3,0.3607614649665724,-20.76872444152832
ipo,reference,945,30,4,0.05224773387462067,-22.700944900512695
ipo,reference,54,31,1,0.0027237625141288,-15.705169677734375
ipo,reference,54,31,2,0.5158525870754322,-10.461362838745117
ipo,reference,54,31,3,0.1579129900157038,-11.645139694213867
ipo,reference,54,31,4,0.32351066039473514,-10.92795181274414
ipo,reference,251,31,1,0.6526408411987648,-14.020133972167969
ipo,reference,251,31,2,0.18475977069514218,-15.2821044921875
ipo,reference,251,31,3,0.06669918716978847,-16.300968170166016
ipo,reference,251,31,4,0.09590020093630464,-15.93785285949707
ipo,reference,612,31,1,0.022877840212811786,-21.20732879638672
ipo,reference,612,31,2,0.2886069178274964,-18.67243194580078
ipo,reference,612,31,3,0.4146264246440163,-18.31011962890625
ipo,reference,612,31,4,0.2738888173156755,-18.724775314331055
ipo,reference,737,31,1,0.28703937682129194,-19.914655685424805
ipo,reference,737,31,2,0.31242273341308224,-19.829917907714844
ipo,reference,737,31,3,0.10791420133899159,-20.8929386138916
ipo,reference,737,31,4,0.2926236884266341,-19.895387649536133
ipo,reference,867,31,1,0.0789798430058754,-11.56562614440918
ipo,reference,867,31,2,0.3961757177305439,-9.952960968017578
ipo,reference,867,31,3,0.008021529139307485,-13.852689743041992
ipo,reference,867,31,4,0.5168229101242733,-9.687118530273438
ipo,reference,945,31,1,0.2312774194793323,-21.100414276123047
ipo,reference,945,31,2,0.328459547062254,-20.749618530273438
ipo,reference,945,31,3,0.3724263485610141,-20.623992919921875
ipo,reference,945,31,4,0.06783668489739965,-22.326929092407227
ipo,reference,54,32,1,0.003687187876710801,-15.488910675048828
ipo,reference,54,32,2,0.5252534323525484,-10.52989387512207
ipo,reference,54,32,3,0.14556468073222814,-11.813154220581055
ipo,reference,54,32,4,0.32549469903851275,-11.008428573608398
ipo,reference,251,32,1,0.7425999312718138,-13.693866729736328
ipo,reference,251,32,2,0.06996798459577996,-16.055986404418945
ipo,reference,251,32,3,0.08586975783654491,-15.851192474365234
ipo,reference,251,32,4,0.10156232629586141,-15.683351516723633
ipo,reference,612,32,1,0.02732600726744852,-21.03775978088379
ipo,reference,612,32,2,0.2628694803905398,-18.773941040039062
ipo,reference,612,32,3,0.3991900260178501,-18.35616111755371
ipo,reference,612,32,4,0.31061448632416155,-18.607046127319336
ipo,reference,737,32,1,0.30434198763078624,-19.673095703125
ipo,reference,737,32,2,0.21798351124659154,-20.00682830810547
ipo,reference,737,32,3,0.167789498759423,-20.268537521362305
ipo,reference,737,32,4,0.3098850023631993,-19.655046463012695
ipo,reference,867,32,1,0.10351526040243401,-11.576772689819336
ipo,reference,867,32,2,0.3077377880297094,-10.48724365234375
ipo,reference,867,32,3,0.005575797315840843,-14.498056411743164
ipo,reference,867,32,4,0.5831711542520157,-9.848011016845703
ipo,reference,945,32,1,0.22203420326377896,-21.198673248291016
ipo,reference,945,32,2,0.30317987190626616,-20.887178421020508
ipo,reference,945,32,3,0.40682074888892955,-20.59313201904297
ipo,reference,945,32,4,0.06796517594102547,-22.382509231567383
ipo,reference,54,33,1,0.007349182722939205,-14.92926025390625
ipo,reference,54,33,2,0.5399401990027392,-10.632390975952148
ipo,reference,54,33,3,0.17217414327234687,-11.77534294128418
ipo,reference,54,33,4,0.2805364750019748,-11.287145614624023
ipo,reference,251,33,1,0.6969963383446447,-13.728139877319336
ipo,reference,251,33,2,0.0501002894291628,-16.36089324951172
ipo,reference,251,33,3,0.15407711479141056,-15.237466812133789
ipo,reference,251,33,4,0.09882625743478168,-15.681556701660156
ipo,reference,612,33,1,0.01682260554961939,-21.336713790893555
ipo,reference,612,33,2,0.24119031920533734,-18.673851013183594
ipo,reference,612,33,3,0.401397179575951,-18.164485931396484
ipo,reference,612,33,4,0.34058989566909226,-18.328758239746094
ipo,reference,737,33,1,0.4014122041141593,-19.778118133544922
ipo,reference,737,33,2,0.3488813726792654,-19.91837501525879
ipo,reference,737,33,3,0.10520891957524203,-21.117158889770508
ipo,reference,737,33,4,0.14449750363133337,-20.79984474182129
ipo,reference,867,33,1,0.1142394728432655,-11.616369247436523
ipo,reference,867,33,2,0.2795009013724941,-10.721660614013672
ipo,reference,867,33,3,0.003962137872152764,-14.977882385253906
ipo,reference,867,33,4,0.6022974879120877,-9.953914642333984
ipo,reference,945,33,1,0.26438742737088555,-21.210960388183594
ipo,reference,945,33,2,0.3121389204103897,-21.0449275970459
ipo,reference,945,33,3,0.3173417716290949,-21.028396606445312
ipo,reference,945,33,4,0.10613188058962988,-22.123693466186523
ipo,reference,54,34,1,0.009920153659191518,-14.668420791625977
ipo,reference,54,34,2,0.5079680512940405,-10.73257064819336
ipo,reference,54,34,3,0.16775947990910958,-11.840457916259766
ipo,reference,54,34,4,0.3143523151376582,-11.212474822998047
ipo,reference,251,34,1,0.640351768429567,-13.785238265991211
ipo,reference,251,34,2,0.0344234131463888,-16.708518981933594
ipo,reference,251,34,3,0.2459887657642424,-14.74197006225586
ipo,reference,251,34,4,0.07923605265980176,-15.874824523925781
ipo,reference,612,34,1,0.01844539221166735,-21.55422592163086
ipo,reference,612,34,2,0.4181944399208394,-18.433094024658203
ipo,reference,612,34,3,0.30441793837045417,-18.750638961791992
ipo,reference,612,34,4,0.2589422294970391,-18.91243553161621
ipo,reference,737,34,1,0.3441819948507918,-19.689620971679688
ipo,reference,737,34,2,0.2669878861418681,-19.943588256835938
ipo,reference,737,34,3,0.21227908221352218,-20.172889709472656
ipo,reference,737,34,4,0.17655103679381778,-20.357181549072266
ipo,reference,867,34,1,0.18670264130347808,-11.385885238647461
ipo,reference,867,34,2,0.2328334333489213,-11.165079116821289
ipo,reference,867,34,3,0.003049195897007826,-15.500524520874023
ipo,reference,867,34,4,0.5774147294505928,-10.256841659545898
ipo,reference,945,34,1,0.2761853302809054,-21.167184829711914
ipo,reference,945,34,2,0.3114951798018795,-21.046873092651367
ipo,reference,945,34,3,0.3233222945063181,-21.009607315063477
ipo,reference,945,34,4,0.08899719541089682,-22.299652099609375
ipo,reference,54,35,1,0.00990375049716721,-14.689483642578125
ipo,reference,54,35,2,0.5512462143724332,-10.670215606689453
ipo,reference,54,35,3,0.20850043162650847,-11.6424560546875
ipo,reference,54,35,4,0.2303496035038912,-11.54279899597168
ipo,reference,251,35,1,0.5255584814638586,-13.947383880615234
ipo,reference,251,35,2,0.020592385495119225,-17.18692398071289
ipo,reference,251,35,3,0.3640749678599989,-14.314485549926758
ipo,reference,251,35,4,0.08977416518102321,-15.714548110961914
ipo,reference,612,35,1,0.028041433869265255,-21.061525344848633
ipo,reference,612,35,2,0.3348877071949354,-18.58141326904297
ipo,reference,612,35,3,0.30100899631122513,-18.688068389892578
ipo,reference,612,35,4,0.33606186262457427,-18.577913284301758
ipo,reference,737,35,1,0.3003844455463139,-19.642080307006836
ipo,reference,737,35,2,0.28529798879209306,-19.6936092376709
ipo,reference,737,35,3,0.3205116787873126,-19.577224731445312
ipo,reference,737,35,4,0.09380588687428047,-20.80591583251953
ipo,reference,867,35,1,0.26719391855504077,-11.134780883789062
ipo,reference,867,35,2,0.16030801722606952,-11.645658493041992
ipo,reference,867,35,3,0.004477571354774622,-15.223674774169922
ipo,reference,867,35,4,0.5680204928641152,-10.380598068237305
ipo,reference,945,35,1,0.31128392116432163,-20.913230895996094
ipo,reference,945,35,2,0.25610938572321135,-21.10833168029785
ipo,reference,945,35,3,0.31843370899429824,-20.890522003173828
ipo,reference,945,35,4,0.11417298411816874,-21.916221618652344
ipo,reference,54,36,1,0.008317708409756985,-14.973188400268555
ipo,reference,54,36,2,0.45608547044990194,-10.968894958496094
ipo,reference,54,36,3,0.23144211024979572,-11.647245407104492
ipo,reference,54,36,4,0.3041547108905453,-11.374038696289062
ipo,reference,251,36,1,0.4625969284453956,-13.988462448120117
ipo,reference,251,36,2,0.02717184358422469,-16.823137283325195
ipo,reference,251,36,3,0.3912859347983206,-14.155879974365234
ipo,reference,251,36,4,0.11894529317205897,-15.346654891967773
ipo,reference,612,36,1,0.02318815038514515,-21.500638961791992
ipo,reference,612,36,2,0.47212988892175306,-18.48702621459961
ipo,reference,612,36,3,0.2318471266323938,-19.19820213317871
ipo,reference,612,36,4,0.27283483406070813,-19.03541374206543
ipo,reference,737,36,1,0.18492366006291866,-20.051612854003906
ipo,reference,737,36,2,0.3222017817457233,-19.49637794494629
ipo,reference,737,36,3,0.3406551493637514,-19.440685272216797
ipo,reference,737,36,4,0.1522194088276067,-20.246232986450195
ipo,reference,867,36,1,0.26588693255453294,-11.125972747802734
ipo,reference,867,36,2,0.17033453816343946,-11.571279525756836
ipo,reference,867,36,3,0.0030251212027776146,-15.602092742919922
ipo,reference,867,36,4,0.56075340807925,-10.379762649536133
ipo,reference,945,36,1,0.21775156385881467,-21.255556106567383
ipo,reference,945,36,2,0.28383370461494595,-20.990522384643555
ipo,reference,945,36,3,0.3789279628407609,-20.70156478881836
ipo,reference,945,36,4,0.1194867686854785,-21.85570526123047
ipo,reference,54,37,1,0.016263333241522293,-14.298112869262695
ipo,reference,54,37,2,0.47426098695568153,-10.925268173217773
ipo,reference,54,37,3,0.18076851570455185,-11.889808654785156
ipo,reference,54,37,4,0.32870716409824413,-11.291858673095703
ipo,reference,251,37,1,0.2806422613441682,-14.465471267700195
ipo,reference,251,37,2,0.04507674115222242,-16.294185638427734
ipo,reference,251,37,3,0.5889780870109427,-13.724163055419922
ipo,reference,251,37,4,0.08530291049266671,-15.656343460083008
ipo,reference,612,37,1,0.026098747172786704,-21.485456466674805
ipo,reference,612,37,2,0.4942190547697082,-18.54436492919922
ipo,reference,612,37,3,0.1565536633138034,-19.693944931030273
ipo,reference,612,37,4,0.3231285347437017,-18.96929359436035
ipo,reference,737,37,1,0.18633255122620115,-19.998680114746094
ipo,reference,737,37,2,0.312808681980696,-19.480621337890625
ipo,reference,737,37,3,0.3843153140602985,-19.274749755859375
ipo,reference,737,37,4,0.11654345273280423,-20.46794891357422
ipo,reference,867,37,1,0.34370264534095457,-10.887016296386719
ipo,reference,867,37,2,0.18726250603498273,-11.494281768798828
ipo,reference,867,37,3,0.001863558644519678,-16.104305267333984
ipo,reference,867,37,4,0.467171289979543,-10.580097198486328
ipo,reference,945,37,1,0.16792602488477873,-21.623565673828125
ipo,reference,945,37,2,0.3422301257986085,-20.911605834960938
ipo,reference,945,37,3,0.40723083335172416,-20.737709045410156
ipo,reference,945,37,4,0.08261301596488849,-22.332921981811523
ipo,reference,54,38,1,0.008455562548592201,-14.923223495483398
ipo,reference,54,38,2,0.4127311418078517,-11.03525161743164
ipo,reference,54,38,3,0.2166064336747557,-11.67996597290039
ipo,reference,54,38,4,0.36220686196880036,-11.16583251953125
ipo,reference,251,38,1,0.24273010189615873,-14.444852828979492
ipo,reference,251,38,2,0.028923478973927774,-16.5721492767334
ipo,reference,251,38,3,0.576020411630453,-13.580659866333008
ipo,reference,251,38,4,0.15232600749946035,-14.91077995300293
ipo,reference,612,38,1,0.04104349565149265,-21.20602035522461
ipo,reference,612,38,2,0.4879451747116545,-18.730449676513672
ipo,reference,612,38,3,0.10275420911557474,-20.288312911987305
ipo,reference,612,38,4,0.368257120521278,-19.011871337890625
ipo,reference,737,38,1,0.12218338321302864,-20.291715621948242
ipo,reference,737,38,2,0.3351349787042775,-19.282705307006836
ipo,reference,737,38,3,0.38660271885137715,-19.139841079711914
ipo,reference,737,38,4,0.1560789192313167,-20.046876907348633
ipo,reference,867,38,1,0.4282476330362285,-10.54654312133789
ipo,reference,867,38,2,0.1850550270766089,-11.385591506958008
ipo,reference,867,38,3,0.0019874399978708347,-15.919397354125977
ipo,reference,867,38,4,0.3847098998892918,-10.653755187988281
ipo,reference,945,38,1,0.1727689936862644,-21.71969985961914
ipo,reference,945,38,2,0.32483531168584473,-21.088336944580078
ipo,reference,945,38,3,0.3932667203441822,-20.897167205810547
ipo,reference,945,38,4,0.10912897428370867,-22.17912483215332
ipo,reference,54,39,1,0.009249506618629515,-14.847074508666992
ipo,reference,54,39,2,0.4592635847641304,-10.942020416259766
ipo,reference,54,39,3,0.2072872326656676,-11.737539291381836
ipo,reference,54,39,4,0.3241996759515727,-11.290285110473633
ipo,reference,251,39,1,0.3316876473701422,-14.104341506958008
ipo,reference,251,39,2,0.026924577470503454,-16.615495681762695
ipo,reference,251,39,3,0.45984616429960823,-13.777643203735352
ipo,reference,251,39,4,0.18154161085974607,-14.707050323486328
ipo,reference,612,39,1,0.014849970532944562,-21.844968795776367
ipo,reference,612,39,2,0.2891248226514566,-18.876108169555664
ipo,reference,612,39,3,0.15328089802460798,-19.51069450378418
ipo,reference,612,39,4,0.5427443087909908,-18.246328353881836
ipo,reference,737,39,1,0.09225261886582521,-20.414033889770508
ipo,reference,737,39,2,0.39656495353279536,-18.955724716186523
ipo,reference,737,39,3,0.3907624594011558,-18.9704647064209
ipo,reference,737,39,4,0.12041996820022365,-20.147579193115234
ipo,reference,867,39,1,0.440968476232059,-10.67019271850586
ipo,reference,867,39,2,0.15411603096261337,-11.721460342407227
ipo,reference,867,39,3,0.0021965490473521733,-15.972278594970703
ipo,reference,867,39,4,0.40271894375797557,-10.760927200317383
ipo,reference,945,39,1,0.1846066619788314,-21.475059509277344
ipo,reference,945,39,2,0.32945242875058417,-20.895854949951172
ipo,reference,945,39,3,0.26505844698039577,-21.11333656311035
ipo,reference,945,39,4,0.22088246229018862,-21.295656204223633
ipo,reference,54,40,1,0.007683940529862119,-15.215560913085938
ipo,reference,54,40,2,0.3482916239450763,-11.401653289794922
ipo,reference,54,40,3,0.2751799788331052,-11.63726806640625
ipo,reference,54,40,4,0.3688444566919565,-11.344318389892578
ipo,reference,251,40,1,0.2893707674847693,-14.22378921508789
ipo,reference,251,40,2,0.02064038797473153,-16.864248275756836
ipo,reference,251,40,3,0.5041727220570342,-13.6685791015625
ipo,reference,251,40,4,0.18581612248346493,-14.666740417480469
ipo,reference,612,40,1,0.041636050893214246,-21.164894104003906
ipo,reference,612,40,2,0.37320198257940795,-18.97174072265625
ipo,reference,612,40,3,0.10488506136171995,-20.240995407104492
ipo,reference,612,40,4,0.48027690516565785,-18.719497680664062
ipo,reference,737,40,1,0.13036968293613016,-20.25433921813965
ipo,reference,737,40,2,0.43624357430472216,-19.046512603759766
ipo,reference,737,40,3,0.3396328056621422,-19.29684829711914
ipo,reference,737,40,4,0.09375393709700539,-20.58403968811035
ipo,reference,867,40,1,0.5421755879420883,-10.192667007446289
ipo,reference,867,40,2,0.19612343057275552,-11.209512710571289
ipo,reference,867,40,3,0.002342100042165267,-15.637208938598633
ipo,reference,867,40,4,0.25935888144299085,-10.930044174194336
ipo,reference,945,40,1,0.12876059760307332,-21.87018394470215
ipo,reference,945,40,2,0.40362616023772524,-20.727649688720703
ipo,reference,945,40,3,0.3294464081325415,-20.93072509765625
ipo,reference,945,40,4,0.13816683402665997,-21.7996768951416
ipo,reference,54,41,1,0.013095073514150896,-14.42049789428711
ipo,reference,54,41,2,0.45006894402081815,-10.883333206176758
ipo,reference,54,41,3,0.16851048585515327,-11.86573600769043
ipo,reference,54,41,4,0.36832549660987773,-11.08376693725586
ipo,reference,251,41,1,0.2484604618436023,-14.297937393188477
ipo,reference,251,41,2,0.03255532060820437,-16.330280303955078
ipo,reference,251,41,3,0.5113659524098702,-13.576135635375977
ipo,reference,251,41,4,0.2076182651383232,-14.477519989013672
ipo,reference,612,41,1,0.021006860848089,-21.451824188232422
ipo,reference,612,41,2,0.251519097673512,-18.969154357910156
ipo,reference,612,41,3,0.08812847569939833,-20.01787757873535
ipo,reference,612,41,4,0.6393455657790008,-18.03622817993164
ipo,reference,737,41,1,0.07837448556921482,-20.655498504638672
ipo,reference,737,41,2,0.5761311020208854,-18.660661697387695
ipo,reference,737,41,3,0.2903485503858726,-19.345914840698242
ipo,reference,737,41,4,0.05514586202402726,-21.007015228271484
ipo,reference,867,41,1,0.41465341997911265,-10.143115997314453
ipo,reference,867,41,2,0.3239818315500303,-10.389871597290039
ipo,reference,867,41,3,0.0033386754024955765,-14.964984893798828
ipo,reference,867,41,4,0.25802607306836156,-10.617498397827148
ipo,reference,945,41,1,0.15756696716884913,-21.521142959594727
ipo,reference,945,41,2,0.3551192160993048,-20.708539962768555
ipo,reference,945,41,3,0.22822109664926066,-21.150678634643555
ipo,reference,945,41,4,0.2590927200825853,-21.023807525634766
ipo,reference,54,42,1,0.016346426924347478,-14.234918594360352
ipo,reference,54,42,2,0.4713669677820131,-10.873291015625
ipo,reference,54,42,3,0.13947646856148413,-12.091032028198242
ipo,reference,54,42,4,0.37281013673215524,-11.107858657836914
ipo,reference,251,42,1,0.22018447433128763,-14.463603973388672
ipo,reference,251,42,2,0.03230669079733116,-16.382795333862305
ipo,reference,251,42,3,0.44241410110604457,-13.765823364257812
ipo,reference,251,42,4,0.3050947337653366,-14.137447357177734
ipo,reference,612,42,1,0.05668923719679669,-20.425752639770508
ipo,reference,612,42,2,0.19458782974093833,-19.192453384399414
ipo,reference,612,42,3,0.117061918134554,-19.700634002685547
ipo,reference,612,42,4,0.631661014927711,-18.014984130859375
ipo,reference,737,42,1,0.10604349541571707,-20.631380081176758
ipo,reference,737,42,2,0.5979319510898875,-18.901752471923828
ipo,reference,737,42,3,0.21857793841855452,-19.9080867767334
ipo,reference,737,42,4,0.07744661507584104,-20.945640563964844
ipo,reference,867,42,1,0.4980107014784224,-9.817310333251953
ipo,reference,867,42,2,0.2961316779701518,-10.337127685546875
ipo,reference,867,42,3,0.003341333856847025,-14.821561813354492
ipo,reference,867,42,4,0.20251628669457894,-10.717111587524414
ipo,reference,945,42,1,0.21463489588097004,-21.47308349609375
ipo,reference,945,42,2,0.44772677848021714,-20.737838745117188
ipo,reference,945,42,3,0.17691150270601375,-21.666372299194336
ipo,reference,945,42,4,0.160726822932799,-21.76231575012207
ipo,reference,54,43,1,0.020889632377892875,-14.014909744262695
ipo,reference,54,43,2,0.49773864049376404,-10.844087600708008
ipo,reference,54,43,3,0.1658202609131985,-11.943258285522461
ipo,reference,54,43,4,0.3155514662151447,-11.299840927124023
ipo,reference,251,43,1,0.19615389653502152,-14.43985366821289
ipo,reference,251,43,2,0.02704968817440228,-16.421077728271484
ipo,reference,251,43,3,0.4451337111317954,-13.620378494262695
ipo,reference,251,43,4,0.3316627041587808,-13.914634704589844
ipo,reference,612,43,1,0.08884759612881617,-19.702974319458008
ipo,reference,612,43,2,0.11349376051863712,-19.458148956298828
ipo,reference,612,43,3,0.14745933497654984,-19.19634437561035
ipo,reference,612,43,4,0.6501993083759968,-17.712617874145508
ipo,reference,737,43,1,0.10488985922416909,-20.542400360107422
ipo,reference,737,43,2,0.6437574361256986,-18.727989196777344
ipo,reference,737,43,3,0.19100706301418252,-19.94300079345703
ipo,reference,737,43,4,0.06034564163594976,-21.09522247314453
ipo,reference,867,43,1,0.3908695807191099,-9.880708694458008
ipo,reference,867,43,2,0.4166137377563662,-9.816923141479492
ipo,reference,867,43,3,0.004923532518460029,-14.255056381225586
ipo,reference,867,43,4,0.18759314900606405,-10.61480712890625
ipo,reference,945,43,1,0.25954475238417934,-21.27716636657715
ipo,reference,945,43,2,0.3808462934717401,-20.893699645996094
ipo,reference,945,43,3,0.17322911852305312,-21.681480407714844
ipo,reference,945,43,4,0.18637983562102745,-21.608308792114258
ipo,reference,54,44,1,0.02998205583639192,-13.819355010986328
ipo,reference,54,44,2,0.4662031266749385,-11.075332641601562
ipo,reference,54,44,3,0.15808424001831622,-12.15682601928711
ipo,reference,54,44,4,0.34573057747035324,-11.37429428100586
ipo,reference,251,44,1,0.2223007360532141,-14.35903549194336
ipo,reference,251,44,2,0.0385766937125684,-16.11041831970215
ipo,reference,251,44,3,0.40279422189104713,-13.764640808105469
ipo,reference,251,44,4,0.33632834834317027,-13.944978713989258
ipo,reference,612,44,1,0.10742289068165473,-19.433683395385742
ipo,reference,612,44,2,0.12331891225661346,-19.295682907104492
ipo,reference,612,44,3,0.171593201108247,-18.965330123901367
ipo,reference,612,44,4,0.5976649959534849,-17.717426300048828
ipo,reference,737,44,1,0.09941364556294333,-20.625534057617188
ipo,reference,737,44,2,0.640014654801997,-18.76333236694336
ipo,reference,737,44,3,0.13232512716658854,-20.339561462402344
ipo,reference,737,44,4,0.1282465724684711,-20.370868682861328
ipo,reference,867,44,1,0.358166172715183,-10.2147216796875
ipo,reference,867,44,2,0.3944963857317148,-10.118108749389648
ipo,reference,867,44,3,0.01408659958943216,-13.450494766235352
ipo,reference,867,44,4,0.23325084196367013,-10.643604278564453
ipo,reference,945,44,1,0.21930181918359523,-21.27936363220215
ipo,reference,945,44,2,0.37374932496820135,-20.746227264404297
ipo,reference,945,44,3,0.19437478346761783,-21.4000244140625
ipo,reference,945,44,4,0.2125740723805856,-21.310522079467773
ipo,reference,54,45,1,0.01932846755910863,-13.881525039672852
ipo,reference,54,45,2,0.6086608694217794,-10.431842803955078
ipo,reference,54,45,3,0.10120615071825495,-12.225944519042969
ipo,reference,54,45,4,0.270804512300857,-11.241706848144531
ipo,reference,251,45,1,0.20959382502122706,-14.40123176574707
ipo,reference,251,45,2,0.04744440582853587,-15.886844635009766
ipo,reference,251,45,3,0.4506528499669284,-13.635705947875977
ipo,reference,251,45,4,0.29230891918330887,-14.068592071533203
ipo,reference,612,45,1,0.10246944360718772,-19.54828643798828
ipo,reference,612,45,2,0.14685322906675402,-19.188417434692383
ipo,reference,612,45,3,0.17722904017789737,-19.000408172607422
ipo,reference,612,45,4,0.5734482871481609,-17.826183319091797
ipo,reference,737,45,1,0.0821436164305451,-20.645462036132812
ipo,reference,737,45,2,0.5660525271910042,-18.71524429321289
ipo,reference,737,45,3,0.19908514114899767,-19.76019859313965
ipo,reference,737,45,4,0.152718715229453,-20.025333404541016
ipo,reference,867,45,1,0.33224737155149975,-10.017440795898438
ipo,reference,867,45,2,0.48481506664519175,-9.63955307006836
ipo,reference,867,45,3,0.010859295087476043,-13.438299179077148
ipo,reference,867,45,4,0.1720782667158324,-10.675371170043945
ipo,reference,945,45,1,0.3472593306428724,-20.855791091918945
ipo,reference,945,45,2,0.34559818214274385,-20.860586166381836
ipo,reference,945,45,3,0.13755443887874297,-21.781843185424805
ipo,reference,945,45,4,0.16958804833564078,-21.572490692138672
ipo,reference,54,46,1,0.023944730731054294,-13.70697021484375
ipo,reference,54,46,2,0.461055157037772,-10.749200820922852
ipo,reference,54,46,3,0.10052882335489581,-12.272274017333984
ipo,reference,54,46,4,0.41447128887627793,-10.855714797973633
ipo,reference,251,46,1,0.19087437091098666,-14.341711044311523
ipo,reference,251,46,2,0.04778257413581981,-15.726665496826172
ipo,reference,251,46,3,0.5044548093639855,-13.369848251342773
ipo,reference,251,46,4,0.25688824558920803,-14.044685363769531
ipo,reference,612,46,1,0.19167706841994928,-19.20580291748047
ipo,reference,612,46,2,0.24428584333921674,-18.963275909423828
ipo,reference,612,46,3,0.13906833945377087,-19.526649475097656
ipo,reference,612,46,4,0.4249687487870631,-18.40959930419922
ipo,reference,737,46,1,0.08290311580166732,-20.566184997558594
ipo,reference,737,46,2,0.5168992836161536,-18.73600959777832
ipo,reference,737,46,3,0.17851163325182595,-19.799203872680664
ipo,reference,737,46,4,0.22168596733035317,-19.582595825195312
ipo,reference,867,46,1,0.25649137960974594,-10.418066024780273
ipo,reference,867,46,2,0.49312773028472145,-9.764392852783203
ipo,reference,867,46,3,0.02165933089067454,-12.889724731445312
ipo,reference,867,46,4,0.22872155921485796,-10.532655715942383
ipo,reference,945,46,1,0.3533878573452057,-20.708404541015625
ipo,reference,945,46,2,0.31261944657611956,-20.830984115600586
ipo,reference,945,46,3,0.12124629795423908,-21.778146743774414
ipo,reference,945,46,4,0.21274639812443577,-21.215869903564453
ipo,reference,54,47,1,0.030357632308223984,-13.418148040771484
ipo,reference,54,47,2,0.5820455503961106,-10.46464729309082
ipo,reference,54,47,3,0.08530133048733969,-12.385005950927734
ipo,reference,54,47,4,0.3022954868083255,-11.119791030883789
ipo,reference,251,47,1,0.14122576910726284,-14.40665054321289
ipo,reference,251,47,2,0.046868947389730464,-15.509654998779297
ipo,reference,251,47,3,0.3918851104105534,-13.386041641235352
ipo,reference,251,47,4,0.4200201730924533,-13.316707611083984
ipo,reference,612,47,1,0.12734221543526544,-19.255891799926758
ipo,reference,612,47,2,0.15293166236080086,-19.072778701782227
ipo,reference,612,47,3,0.2079670130547577,-18.765390396118164
ipo,reference,612,47,4,0.511759109149176,-17.86491584777832
ipo,reference,737,47,1,0.13394962845724587,-20.280487060546875
ipo,reference,737,47,2,0.5365138501793786,-18.892858505249023
ipo,reference,737,47,3,0.11823425974678752,-20.405282974243164
ipo,reference,737,47,4,0.21130226161658802,-19.824661254882812
ipo,reference,867,47,1,0.2274659659112318,-10.65435791015625
ipo,reference,867,47,2,0.5382940895996273,-9.792953491210938
ipo,reference,867,47,3,0.03171711228531401,-12.624502182006836
ipo,reference,867,47,4,0.20252283220382686,-10.770505905151367
ipo,reference,945,47,1,0.34554056982340975,-20.780803680419922
ipo,reference,945,47,2,0.3716064469097599,-20.708078384399414
ipo,reference,945,47,3,0.1544059593660731,-21.586328506469727
ipo,reference,945,47,4,0.12844702390075718,-21.770397186279297
ipo,reference,54,48,1,0.022359014834003408,-13.683116912841797
ipo,reference,54,48,2,0.47929758847545456,-10.618024826049805
ipo,reference,54,48,3,0.08715365438787989,-12.322673797607422
ipo,reference,54,48,4,0.4111897423026623,-10.771291732788086
ipo,reference,251,48,1,0.17675874181825457,-14.356191635131836
ipo,reference,251,48,2,0.05256766152998271,-15.568876266479492
ipo,reference,251,48,3,0.3964060994071074,-13.548538208007812
ipo,reference,251,48,4,0.3742674972446554,-13.606006622314453
ipo,reference,612,48,1,0.21366171354241947,-18.7432804107666
ipo,reference,612,48,2,0.159448786488991,-19.035951614379883
ipo,reference,612,48,3,0.2410828376172849,-18.622533798217773
ipo,reference,612,48,4,0.3858066623513046,-18.1523380279541
ipo,reference,737,48,1,0.11333601391122831,-20.396133422851562
ipo,reference,737,48,2,0.5138565411946593,-18.884546279907227
ipo,reference,737,48,3,0.12571357691495919,-20.292484283447266
ipo,reference,737,48,4,0.2470938679791532,-19.616722106933594
ipo,reference,867,48,1,0.17370124979679624,-11.097940444946289
ipo,reference,867,48,2,0.5125795181813483,-10.01582145690918
ipo,reference,867,48,3,0.053025928236694844,-12.284496307373047
ipo,reference,867,48,4,0.2606933037851606,-10.691932678222656
ipo,reference,945,48,1,0.3356663364938728,-20.615848541259766
ipo,reference,945,48,2,0.33915504318558504,-20.60550880432129
ipo,reference,945,48,3,0.19063849578923206,-21.18158721923828
ipo,reference,945,48,4,0.1345401245313101,-21.53010368347168
ipo,reference,54,49,1,0.02097433097257983,-13.6832275390625
ipo,reference,54,49,2,0.5566720804854678,-10.404550552368164
ipo,reference,54,49,3,0.11940976512983996,-11.943965911865234
ipo,reference,54,49,4,0.30294382341211246,-11.012979507446289
ipo,reference,251,49,1,0.12563854181621453,-14.445341110229492
ipo,reference,251,49,2,0.045002653130390514,-15.472028732299805
ipo,reference,251,49,3,0.37807107036167875,-13.343667984008789
ipo,reference,251,49,4,0.4512877346917161,-13.166645050048828
ipo,reference,612,49,1,0.18519059555547632,-18.975908279418945
ipo,reference,612,49,2,0.2197964053906889,-18.80459213256836
ipo,reference,612,49,3,0.24431688137357746,-18.698827743530273
ipo,reference,612,49,4,0.3506961176802573,-18.337373733520508
ipo,reference,737,49,1,0.13193210327068158,-20.1532039642334
ipo,reference,737,49,2,0.46833536100094847,-18.886306762695312
ipo,reference,737,49,3,0.11151960616382543,-20.321290969848633
ipo,reference,737,49,4,0.28821292956454464,-19.37179183959961
ipo,reference,867,49,1,0.13515983971557963,-11.076986312866211
ipo,reference,867,49,2,0.5677811327525809,-9.641708374023438
ipo,reference,867,49,3,0.05008498484873389,-12.069723129272461
ipo,reference,867,49,4,0.2469740426831056,-10.474161148071289
ipo,reference,945,49,1,0.35249477159831477,-20.499849319458008
ipo,reference,945,49,2,0.33192736368248793,-20.559968948364258
ipo,reference,945,49,3,0.19202569161796326,-21.107255935668945
ipo,reference,945,49,4,0.1235521731012341,-21.548221588134766
ipo,reference,54,50,1,0.021919081913735167,-13.738426208496094
ipo,reference,54,50,2,0.5677924367349684,-10.484027862548828
ipo,reference,54,50,3,0.12861727627945505,-11.968942642211914
ipo,reference,54,50,4,0.2816712050718413,-11.185043334960938
ipo,reference,251,50,1,0.1416023796846285,-14.444465637207031
ipo,reference,251,50,2,0.08827814970784845,-14.916996002197266
ipo,reference,251,50,3,0.3288701229962074,-13.601825714111328
ipo,reference,251,50,4,0.4412493476113158,-13.307878494262695
ipo,reference,612,50,1,0.11749044745918247,-19.313575744628906
ipo,reference,612,50,2,0.2034599850742355,-18.764463424682617
ipo,reference,612,50,3,0.3267712792861382,-18.290672302246094
ipo,reference,612,50,4,0.3522782881804438,-18.215511322021484
ipo,reference,737,50,1,0.117296847036586,-20.217145919799805
ipo,reference,737,50,2,0.4235590822277445,-18.93316078186035
ipo,reference,737,50,3,0.0969535901500649,-20.407621383666992
ipo,reference,737,50,4,0.3621904805856046,-19.089683532714844
ipo,reference,867,50,1,0.15086799286429187,-11.34228515625
ipo,reference,867,50,2,0.5363036560325952,-10.073989868164062
ipo,reference,867,50,3,0.07364733263248618,-12.059402465820312
ipo,reference,867,50,4,0.23918101847062673,-10.8814697265625
ipo,reference,945,50,1,0.273018611091498,-20.92790985107422
ipo,reference,945,50,2,0.35799632023232597,-20.65692710876465
ipo,reference,945,50,3,0.2510717351792644,-21.01171112060547
ipo,reference,945,50,4,0.11791333349691172,-21.767499923706055
ipo,reference,54,51,1,0.03184610146268603,-13.515628814697266
ipo,reference,54,51,2,0.5531759337442318,-10.660867691040039
ipo,reference,54,51,3,0.16736334009415568,-11.856376647949219
ipo,reference,54,51,4,0.24761462469892642,-11.464670181274414
ipo,reference,251,51,1,0.14689043248223624,-14.432243347167969
ipo,reference,251,51,2,0.07654984590234234,-15.083988189697266
ipo,reference,251,51,3,0.29714253677983693,-13.727718353271484
ipo,reference,251,51,4,0.47941718483558443,-13.249359130859375
ipo,reference,612,51,1,0.10107173746618368,-19.66973304748535
ipo,reference,612,51,2,0.3356284915457925,-18.469558715820312
ipo,reference,612,51,3,0.2714536352116646,-18.681772232055664
ipo,reference,612,51,4,0.29184613577635926,-18.609336853027344
ipo,reference,737,51,1,0.15841058748532003,-19.79528045654297
ipo,reference,737,51,2,0.4070410319327329,-18.8515567779541
ipo,reference,737,51,3,0.12163844137051201,-20.059417724609375
ipo,reference,737,51,4,0.3129099392114351,-19.11455535888672
ipo,reference,867,51,1,0.1081792835397893,-11.635017395019531
ipo,reference,867,51,2,0.5221491737153472,-10.060853958129883
ipo,reference,867,51,3,0.1085602292325263,-11.631502151489258
ipo,reference,867,51,4,0.2611113135123372,-10.753860473632812
ipo,reference,945,51,1,0.23595409920362573,-21.025293350219727
ipo,reference,945,51,2,0.3585621304985131,-20.606828689575195
ipo,reference,945,51,3,0.29615602789666035,-20.798044204711914
ipo,reference,945,51,4,0.10932774240120094,-21.794580459594727
ipo,reference,54,52,1,0.018854310421547237,-13.894601821899414
ipo,reference,54,52,2,0.5748304686744816,-10.47726821899414
ipo,reference,54,52,3,0.1536943972267208,-11.796377182006836
ipo,reference,54,52,4,0.2526208236772504,-11.299453735351562
ipo,reference,251,52,1,0.1567744197727991,-14.605110168457031
ipo,reference,251,52,2,0.18982953160720442,-14.41379165649414
ipo,reference,251,52,3,0.2847060160710652,-14.008460998535156
ipo,reference,251,52,4,0.3686900325489313,-13.749961853027344
ipo,reference,612,52,1,0.08260006250924251,-19.708005905151367
ipo,reference,612,52,2,0.2295582161036459,-18.68585968017578
ipo,reference,612,52,3,0.3448707129504943,-18.278846740722656
ipo,reference,612,52,4,0.34297100843661726,-18.28437042236328
ipo,reference,737,52,1,0.19531331695284845,-19.62078285217285
ipo,reference,737,52,2,0.39466718017589014,-18.91734504699707
ipo,reference,737,52,3,0.14651104623755629,-19.908287048339844
ipo,reference,737,52,4,0.26350845663370503,-19.32130241394043
ipo,reference,867,52,1,0.09778235395312233,-12.170415878295898
ipo,reference,867,52,2,0.40811169493046634,-10.741619110107422
ipo,reference,867,52,3,0.14271685691449196,-11.79229736328125
ipo,reference,867,52,4,0.35138909420191944,-10.891265869140625
ipo,reference,945,52,1,0.30972070557849896,-20.634614944458008
ipo,reference,945,52,2,0.3338197353219128,-20.55968475341797
ipo,reference,945,52,3,0.2028217030871245,-21.057958602905273
ipo,reference,945,52,4,0.1536378560124636,-21.3356876373291
ipo,reference,54,53,1,0.026982403643384813,-13.712190628051758
ipo,reference,54,53,2,0.5693414614032544,-10.662895202636719
ipo,reference,54,53,3,0.18599242516887787,-11.781669616699219
ipo,reference,54,53,4,0.21768370978448298,-11.624332427978516
ipo,reference,251,53,1,0.17223501498674226,-14.493642807006836
ipo,reference,251,53,2,0.14541674158693962,-14.662899017333984
ipo,reference,251,53,3,0.29410476627735394,-13.958566665649414
ipo,reference,251,53,4,0.38824347714896423,-13.680870056152344
ipo,reference,612,53,1,0.0527437234464091,-19.879316329956055
ipo,reference,612,53,2,0.2438756681968214,-18.348102569580078
ipo,reference,612,53,3,0.34724584636669015,-17.994728088378906
ipo,reference,612,53,4,0.3561347619900794,-17.969451904296875
ipo,reference,737,53,1,0.26081173982811223,-19.334487915039062
ipo,reference,737,53,2,0.32011079183878427,-19.129619598388672
ipo,reference,737,53,3,0.1703932747952068,-19.760177612304688
ipo,reference,737,53,4,0.24868419353789672,-19.382102966308594
ipo,reference,867,53,1,0.1030857428468993,-11.638910293579102
ipo,reference,867,53,2,0.3946302497129714,-10.29652214050293
ipo,reference,867,53,3,0.06498213768748551,-12.100358963012695
ipo,reference,867,53,4,0.4373018697526437,-10.19384765625
ipo,reference,945,53,1,0.3511536844178668,-20.635473251342773
ipo,reference,945,53,2,0.31492886659032426,-20.74435043334961
ipo,reference,945,53,3,0.19995200920840703,-21.198619842529297
ipo,reference,945,53,4,0.13396543978340184,-21.5991153717041
ipo,reference,54,54,1,0.021383511259501806,-14.015954971313477
ipo,reference,54,54,2,0.4797043851477113,-10.905405044555664
ipo,reference,54,54,3,0.21949233853468555,-11.687257766723633
ipo,reference,54,54,4,0.27941976505810134,-11.445859909057617
ipo,reference,251,54,1,0.1870810332214269,-14.476211547851562
ipo,reference,251,54,2,0.15437137451494803,-14.668392181396484
ipo,reference,251,54,3,0.28075459430983957,-14.070272445678711
ipo,reference,251,54,4,0.3777929979537855,-13.773406982421875
ipo,reference,612,54,1,0.07968334258334425,-19.70594596862793
ipo,reference,612,54,2,0.2903083058252246,-18.413063049316406
ipo,reference,612,54,3,0.2710211643405016,-18.481809616088867
ipo,reference,612,54,4,0.3589871872509295,-18.200719833374023
ipo,reference,737,54,1,0.1977822320951291,-19.435977935791016
ipo,reference,737,54,2,0.3177323875777016,-18.96193504333496
ipo,reference,737,54,3,0.2167354228757549,-19.344467163085938
ipo,reference,737,54,4,0.26774995745141444,-19.13309097290039
ipo,reference,867,54,1,0.07541130048163436,-12.227338790893555
ipo,reference,867,54,2,0.30937832472629634,-10.815731048583984
ipo,reference,867,54,3,0.11570594334204244,-11.799243927001953
ipo,reference,867,54,4,0.49950443145002676,-10.336679458618164
ipo,reference,945,54,1,0.32978580346885566,-20.491567611694336
ipo,reference,945,54,2,0.3237336470663313,-20.510089874267578
ipo,reference,945,54,3,0.21951297675484627,-20.89859962463379
ipo,reference,945,54,4,0.12696757270996673,-21.44607925415039
ipo,reference,54,55,1,0.03490084851644135,-13.679544448852539
ipo,reference,54,55,2,0.5113824239810071,-10.994937896728516
ipo,reference,54,55,3,0.22182647887777146,-11.830160140991211
ipo,reference,54,55,4,0.23189024862477997,-11.785791397094727
ipo,reference,251,55,1,0.18666285070462355,-14.586204528808594
ipo,reference,251,55,2,0.2057439096177921,-14.488876342773438
ipo,reference,251,55,3,0.2377479721256832,-14.344297409057617
ipo,reference,251,55,4,0.36984526755190106,-13.902423858642578
ipo,reference,612,55,1,0.05185593858791829,-20.106048583984375
ipo,reference,612,55,2,0.2300203704445446,-18.616350173950195
ipo,reference,612,55,3,0.29931553912783404,-18.35301971435547
ipo,reference,612,55,4,0.418808151839703,-18.017105102539062
ipo,reference,737,55,1,0.16502191157150028,-19.7028865814209
ipo,reference,737,55,2,0.3622080260541076,-18.916746139526367
ipo,reference,737,55,3,0.22742312894277356,-19.382152557373047
ipo,reference,737,55,4,0.2453469334316185,-19.306291580200195
ipo,reference,867,55,1,0.08951317267924673,-11.96461296081543
ipo,reference,867,55,2,0.28931548548375285,-10.791481018066406
ipo,reference,867,55,3,0.06598776944327152,-12.269529342651367
ipo,reference,867,55,4,0.5551835723937288,-10.139699935913086
ipo,reference,945,55,1,0.4262414324005964,-20.423480987548828
ipo,reference,945,55,2,0.25176681434083803,-20.949983596801758
ipo,reference,945,55,3,0.1777865822979916,-21.297903060913086
ipo,reference,945,55,4,0.1442051709605741,-21.50724983215332
ipo,reference,54,56,1,0.02927500785557828,-13.952749252319336
ipo,reference,54,56,2,0.41951173871231456,-11.29039192199707
ipo,reference,54,56,3,0.2925637890695416,-11.650800704956055
ipo,reference,54,56,4,0.2586494643625654,-11.774009704589844
ipo,reference,251,56,1,0.24720111044357201,-14.435636520385742
ipo,reference,251,56,2,0.16356113781924916,-14.848651885986328
ipo,reference,251,56,3,0.2385208187634397,-14.471382141113281
ipo,reference,251,56,4,0.3507169329737391,-14.085859298706055
ipo,reference,612,56,1,0.0645465798241594,-20.178937911987305
ipo,reference,612,56,2,0.31672439122919954,-18.588293075561523
ipo,reference,612,56,3,0.2395677318009967,-18.867488861083984
ipo,reference,612,56,4,0.37916129714564434,-18.408363342285156
ipo,reference,737,56,1,0.1614703833619075,-19.790252685546875
ipo,reference,737,56,2,0.30908537955610826,-19.14095687866211
ipo,reference,737,56,3,0.1704007203093022,-19.736421585083008
ipo,reference,737,56,4,0.35904351677268204,-18.991130828857422
ipo,reference,867,56,1,0.1367344027413186,-11.603544235229492
ipo,reference,867,56,2,0.23191926160893933,-11.0751953125
ipo,reference,867,56,3,0.04881714841532596,-12.633502960205078
ipo,reference,867,56,4,0.5825291872344162,-10.154205322265625
ipo,reference,945,56,1,0.3517662375931386,-20.637054443359375
ipo,reference,945,56,2,0.23595396397163532,-21.03638458251953
ipo,reference,945,56,3,0.27344839337026516,-20.88890838623047
ipo,reference,945,56,4,0.13883140506496108,-21.566761016845703
ipo,reference,54,57,1,0.017913004245525593,-14.178255081176758
ipo,reference,54,57,2,0.4278413058378969,-11.005029678344727
ipo,reference,54,57,3,0.2529109553922432,-11.530744552612305
ipo,reference,54,57,4,0.3013347345243343,-11.355560302734375
ipo,reference,251,57,1,0.21560866081997193,-14.459428787231445
ipo,reference,251,57,2,0.1908471599078155,-14.5814208984375
ipo,reference,251,57,3,0.21937650544829285,-14.44210433959961
ipo,reference,251,57,4,0.3741676738239197,-13.90818977355957
ipo,reference,612,57,1,0.04381330056419279,-20.450435638427734
ipo,reference,612,57,2,0.3040230895909161,-18.513269424438477
ipo,reference,612,57,3,0.28566482457667436,-18.57555389404297
ipo,reference,612,57,4,0.3664987852682167,-18.326377868652344
ipo,reference,737,57,1,0.22941667947600505,-19.34908103942871
ipo,reference,737,57,2,0.2624817507146314,-19.214439392089844
ipo,reference,737,57,3,0.2522361257699274,-19.254255294799805
ipo,reference,737,57,4,0.2558654440394362,-19.23996925354004
ipo,reference,867,57,1,0.1470069618456468,-11.758567810058594
ipo,reference,867,57,2,0.19480979588751005,-11.47702407836914
ipo,reference,867,57,3,0.06585476838909958,-12.561595916748047
ipo,reference,867,57,4,0.5923284738777435,-10.364986419677734
ipo,reference,945,57,1,0.3232843407137879,-20.556764602661133
ipo,reference,945,57,2,0.27709893520764395,-20.710922241210938
ipo,reference,945,57,3,0.2352533600799855,-20.8746337890625
ipo,reference,945,57,4,0.1643633639985827,-21.233217239379883
ipo,reference,54,58,1,0.023639095802370568,-13.91055679321289
ipo,reference,54,58,2,0.5709875191298419,-10.726091384887695
ipo,reference,54,58,3,0.15413156806270092,-12.035652160644531
ipo,reference,54,58,4,0.2512418170050867,-11.547042846679688
ipo,reference,251,58,1,0.3081143603862647,-14.060539245605469
ipo,reference,251,58,2,0.11345276028706663,-15.059623718261719
ipo,reference,251,58,3,0.16975688848655085,-14.65664291381836
ipo,reference,251,58,4,0.4086759908401178,-13.778087615966797
ipo,reference,612,58,1,0.033299952213031045,-20.762462615966797
ipo,reference,612,58,2,0.291076391683673,-18.594432830810547
ipo,reference,612,58,3,0.23198490269284686,-18.821346282958984
ipo,reference,612,58,4,0.4436387534104491,-18.17300796508789
ipo,reference,737,58,1,0.16236700703679327,-19.563777923583984
ipo,reference,737,58,2,0.2774559244148807,-19.02797508239746
ipo,reference,737,58,3,0.30105954081700503,-18.94632911682129
ipo,reference,737,58,4,0.2591175277313211,-19.096355438232422
ipo,reference,867,58,1,0.14958840998102063,-11.637479782104492
ipo,reference,867,58,2,0.198602679714909,-11.354061126708984
ipo,reference,867,58,3,0.05458007142405029,-12.645698547363281
ipo,reference,867,58,4,0.59722883888002,-10.253067016601562
ipo,reference,945,58,1,0.21068631694305703,-21.089900970458984
ipo,reference,945,58,2,0.35442904281390003,-20.56976318359375
ipo,reference,945,58,3,0.32581235277807785,-20.653949737548828
ipo,reference,945,58,4,0.10907228746496501,-21.748260498046875
ipo,reference,54,59,1,0.02238913714589565,-14.049467086791992
ipo,reference,54,59,2,0.5168098508273071,-10.910367965698242
ipo,reference,54,59,3,0.20481466134124732,-11.8359375
ipo,reference,54,59,4,0.25598635068554987,-11.612918853759766
ipo,reference,251,59,1,0.2975481156357737,-14.382131576538086
ipo,reference,251,59,2,0.18534266346439024,-14.855501174926758
ipo,reference,251,59,3,0.17204808018368586,-14.929933547973633
ipo,reference,251,59,4,0.3450611407161501,-14.233985900878906
ipo,reference,612,59,1,0.05149955572328917,-20.244203567504883
ipo,reference,612,59,2,0.2953651633203414,-18.4975643157959
ipo,reference,612,59,3,0.23374489922364353,-18.73154640197754
ipo,reference,612,59,4,0.41939038173272597,-18.146974563598633
ipo,reference,737,59,1,0.15811733102576064,-19.49486541748047
ipo,reference,737,59,2,0.23761362671903138,-19.087556838989258
ipo,reference,737,59,3,0.35797619651037804,-18.677736282348633
ipo,reference,737,59,4,0.24629284574482996,-19.051681518554688
ipo,reference,867,59,1,0.1939964601386073,-11.283491134643555
ipo,reference,867,59,2,0.21752239505371956,-11.169029235839844
ipo,reference,867,59,3,0.03305003283836504,-13.053308486938477
ipo,reference,867,59,4,0.5554311119693082,-10.231586456298828
ipo,reference,945,59,1,0.2725257750106955,-21.053136825561523
ipo,reference,945,59,2,0.3137721819232678,-20.912202835083008
ipo,reference,945,59,3,0.2962654945784945,-20.969614028930664
ipo,reference,945,59,4,0.11743654848754223,-21.89497184753418
ipo,reference,54,60,1,0.02703035285936497,-13.861957550048828
ipo,reference,54,60,2,0.4962266317518492,-10.951885223388672
ipo,reference,54,60,3,0.22412295097756751,-11.746723175048828
ipo,reference,54,60,4,0.25262006441121837,-11.627031326293945
ipo,reference,251,60,1,0.38077766095389276,-14.06832504272461
ipo,reference,251,60,2,0.14406122802843832,-15.040302276611328
ipo,reference,251,60,3,0.14869972459542039,-15.008611679077148
ipo,reference,251,60,4,0.3264613864222484,-14.22222900390625
ipo,reference,612,60,1,0.05796312320711528,-20.162342071533203
ipo,reference,612,60,2,0.27567662792732267,-18.602920532226562
ipo,reference,612,60,3,0.2099742787582776,-18.875164031982422
ipo,reference,612,60,4,0.4563859701072846,-18.09881019592285
ipo,reference,737,60,1,0.11454189289182437,-19.887887954711914
ipo,reference,737,60,2,0.3406095134034575,-18.798091888427734
ipo,reference,737,60,3,0.34058352795114794,-18.798168182373047
ipo,reference,737,60,4,0.2042650657535703,-19.309410095214844
ipo,reference,867,60,1,0.263305115017414,-11.04128646850586
ipo,reference,867,60,2,0.20980025263161062,-11.268444061279297
ipo,reference,867,60,3,0.03589642511761446,-13.03396224975586
ipo,reference,867,60,4,0.49099820723336096,-10.418159484863281
ipo,reference,945,60,1,0.24611597658584636,-21.076736450195312
ipo,reference,945,60,2,0.29631644394636736,-20.891111373901367
ipo,reference,945,60,3,0.3673669991414418,-20.676177978515625
ipo,reference,945,60,4,0.09020058032634459,-22.080503463745117
ipo,reference,54,61,1,0.02523557203637901,-13.993284225463867
ipo,reference,54,61,2,0.4333612257251613,-11.149967193603516
ipo,reference,54,61,3,0.25412852912148237,-11.683698654174805
ipo,reference,54,61,4,0.2872746731169774,-11.561100006103516
ipo,reference,251,61,1,0.34531607762380584,-14.098234176635742
ipo,reference,251,61,2,0.10068187670445727,-15.330728530883789
ipo,reference,251,61,3,0.22708580280004625,-14.517366409301758
ipo,reference,251,61,4,0.32691624287169063,-14.152990341186523
ipo,reference,612,61,1,0.04766255912827805,-20.322420120239258
ipo,reference,612,61,2,0.31104622361575984,-18.446624755859375
ipo,reference,612,61,3,0.2117743106543411,-18.831045150756836
ipo,reference,612,61,4,0.42951690660162095,-18.123905181884766
ipo,reference,737,61,1,0.10151128904117265,-19.988693237304688
ipo,reference,737,61,2,0.30317235861791897,-18.894561767578125
ipo,reference,737,61,3,0.34512602438455225,-18.76495361328125
ipo,reference,737,61,4,0.25019032795635604,-19.086641311645508
ipo,reference,867,61,1,0.28928311385338606,-10.821203231811523
ipo,reference,867,61,2,0.26069531344923325,-10.925256729125977
ipo,reference,867,61,3,0.027630912205543673,-13.169673919677734
ipo,reference,867,61,4,0.4223906604918371,-10.442678451538086
ipo,reference,945,61,1,0.2772221401905167,-20.765644073486328
ipo,reference,945,61,2,0.2701461521693605,-20.791500091552734
ipo,reference,945,61,3,0.3109351290567539,-20.65087890625
ipo,reference,945,61,4,0.1416965785833689,-21.43677520751953
ipo,reference,54,62,1,0.05750759371351898,-13.362434387207031
ipo,reference,54,62,2,0.4530549653664475,-11.298337936401367
ipo,reference,54,62,3,0.25643370192761056,-11.867481231689453
ipo,reference,54,62,4,0.23300373899242288,-11.963296890258789
ipo,reference,251,62,1,0.35018445074063476,-14.124271392822266
ipo,reference,251,62,2,0.11461291880059922,-15.241170883178711
ipo,reference,251,62,3,0.23170072478014936,-14.537284851074219
ipo,reference,251,62,4,0.3035019056786167,-14.267343521118164
ipo,reference,612,62,1,0.04900797387077137,-20.298877716064453
ipo,reference,612,62,2,0.28673975938695384,-18.532285690307617
ipo,reference,612,62,3,0.18423485022469424,-18.97464942932129
ipo,reference,612,62,4,0.48001741651758056,-18.017038345336914
ipo,reference,737,62,1,0.11849994566068409,-19.863018035888672
ipo,reference,737,62,2,0.437161156509995,-18.557628631591797
ipo,reference,737,62,3,0.3065820653771822,-18.912445068359375
ipo,reference,737,62,4,0.13775683245213874,-19.712440490722656
ipo,reference,867,62,1,0.308781508084994,-10.565261840820312
ipo,reference,867,62,2,0.27704929243694004,-10.673700332641602
ipo,reference,867,62,3,0.02154794425043614,-13.227615356445312
ipo,reference,867,62,4,0.3926212552276297,-10.325050354003906
ipo,reference,945,62,1,0.24662535647046013,-21.208860397338867
ipo,reference,945,62,2,0.2830438865759954,-21.071128845214844
ipo,reference,945,62,3,0.2965720058375833,-21.02444076538086
ipo,reference,945,62,4,0.17375875111596117,-21.559062957763672
ipo,reference,54,63,1,0.03342416773219573,-13.681371688842773
ipo,reference,54,63,2,0.524748155826214,-10.927732467651367
ipo,reference,54,63,3,0.22458733486433632,-11.776386260986328
ipo,reference,54,63,4,0.21724034157725383,-11.809646606445312
ipo,reference,251,63,1,0.43501250116606427,-13.867368698120117
ipo,reference,251,63,2,0.09690661672340599,-15.368995666503906
ipo,reference,251,63,3,0.16605454144426887,-14.830427169799805
ipo,reference,251,63,4,0.3020263406662609,-14.232229232788086
ipo,reference,612,63,1,0.059301363566017944,-20.167455673217773
ipo,reference,612,63,2,0.37403631108410473,-18.325735092163086
ipo,reference,612,63,3,0.18854239667413822,-19.010765075683594
ipo,reference,612,63,4,0.3781199286757392,-18.314876556396484
ipo,reference,737,63,1,0.11154496594895014,-20.01132583618164
ipo,reference,737,63,2,0.3558284098686567,-18.85130500793457
ipo,reference,737,63,3,0.33952477422724464,-18.89820671081543
ipo,reference,737,63,4,0.19310184995514845,-19.462535858154297
ipo,reference,867,63,1,0.23981305323885535,-11.04751205444336
ipo,reference,867,63,2,0.2916842554614494,-10.851699829101562
ipo,reference,867,63,3,0.050926481395202804,-12.596988677978516
ipo,reference,867,63,4,0.41757620990449246,-10.492904663085938
ipo,reference,945,63,1,0.19771018137076327,-21.304208755493164
ipo,reference,945,63,2,0.33918757766606045,-20.76445770263672
ipo,reference,945,63,3,0.32436327354107075,-20.809146881103516
ipo,reference,945,63,4,0.13873896742210562,-21.658416748046875
ipo,reference,54,64,1,0.033387280988198584,-13.903633117675781
ipo,reference,54,64,2,0.45679699976275484,-11.287569046020508
ipo,reference,54,64,3,0.2871371325972543,-11.751848220825195
ipo,reference,54,64,4,0.22267858665179216,-12.006078720092773
ipo,reference,251,64,1,0.42337421311908346,-13.927621841430664
ipo,reference,251,64,2,0.07875375117607103,-15.609552383422852
ipo,reference,251,64,3,0.16633291895479563,-14.861886978149414
ipo,reference,251,64,4,0.33153911675004993,-14.17213249206543
ipo,reference,612,64,1,0.045223045188222295,-20.339555740356445
ipo,reference,612,64,2,0.29417278750484466,-18.466995239257812
ipo,reference,612,64,3,0.2056204685677056,-18.825130462646484
ipo,reference,612,64,4,0.4549836987392274,-18.030900955200195
ipo,reference,737,64,1,0.12627959936642838,-19.940452575683594
ipo,reference,737,64,2,0.4705855496839525,-18.62497329711914
ipo,reference,737,64,3,0.27056152692341423,-19.178451538085938
ipo,reference,737,64,4,0.13257332402620495,-19.891815185546875
ipo,reference,867,64,1,0.32703783693186467,-10.606548309326172
ipo,reference,867,64,2,0.2572487916265621,-10.846580505371094
ipo,reference,867,64,3,0.020628800737419014,-13.369935989379883
ipo,reference,867,64,4,0.39508457070415415,-10.417524337768555
ipo,reference,945,64,1,0.2542012911281435,-21.091022491455078
ipo,reference,945,64,2,0.3505131887963864,-20.769750595092773
ipo,reference,945,64,3,0.21639845724896456,-21.25202751159668
ipo,reference,945,64,4,0.17888706282650566,-21.442394256591797
ipo,reference,54,65,1,0.04338059997919342,-13.604467391967773
ipo,reference,54,65,2,0.48410737142446986,-11.19217300415039
ipo,reference,54,65,3,0.2823385533900667,-11.731372833251953
ipo,reference,54,65,4,0.19017347520627,-12.126543045043945
ipo,reference,251,65,1,0.4386662741271781,-13.846784591674805
ipo,reference,251,65,2,0.09099423879842226,-15.419727325439453
ipo,reference,251,65,3,0.1478949942959488,-14.93402099609375
ipo,reference,251,65,4,0.32244449277845083,-14.154592514038086
ipo,reference,612,65,1,0.05505932354550221,-20.256668090820312
ipo,reference,612,65,2,0.37825682051822174,-18.329505920410156
ipo,reference,612,65,3,0.1837470182533032,-19.0515193939209
ipo,reference,612,65,4,0.38293683768297293,-18.317209243774414
ipo,reference,737,65,1,0.07178030402812649,-20.346277236938477
ipo,reference,737,65,2,0.4998732275077592,-18.405532836914062
ipo,reference,737,65,3,0.2624462846217672,-19.049840927124023
ipo,reference,737,65,4,0.16590018384234692,-19.508501052856445
ipo,reference,867,65,1,0.26658776685762436,-10.897895812988281
ipo,reference,867,65,2,0.24843594042246037,-10.968414306640625
ipo,reference,867,65,3,0.028410762946285972,-13.136831283569336
ipo,reference,867,65,4,0.45656552977362935,-10.359867095947266
ipo,reference,945,65,1,0.305420575294455,-20.872787475585938
ipo,reference,945,65,2,0.310505520081267,-20.85627555847168
ipo,reference,945,65,3,0.24572145858416558,-21.09027862548828
ipo,reference,945,65,4,0.13835244604011238,-21.6646728515625
ipo,reference,54,66,1,0.04124066836634273,-13.678215026855469
ipo,reference,54,66,2,0.4271968520693678,-11.340394973754883
ipo,reference,54,66,3,0.26184743872758615,-11.829877853393555
ipo,reference,54,66,4,0.2697150408367033,-11.800273895263672
ipo,reference,251,66,1,0.46754355174765516,-13.576868057250977
ipo,reference,251,66,2,0.050233606010013504,-15.807676315307617
ipo,reference,251,66,3,0.12613464987059214,-14.88701057434082
ipo,reference,251,66,4,0.3560881923717392,-13.84918212890625
ipo,reference,612,66,1,0.0701396738426671,-20.041696548461914
ipo,reference,612,66,2,0.3598719317096496,-18.406436920166016
ipo,reference,612,66,3,0.1274362843418876,-19.444568634033203
ipo,reference,612,66,4,0.4425521101057958,-18.199626922607422
ipo,reference,737,66,1,0.09848018048642541,-20.205711364746094
ipo,reference,737,66,2,0.46324417280947533,-18.657312393188477
ipo,reference,737,66,3,0.26601316640471123,-19.212020874023438
ipo,reference,737,66,4,0.17226248029938793,-19.646547317504883
ipo,reference,867,66,1,0.2637779458502452,-10.650857925415039
ipo,reference,867,66,2,0.34722261281439687,-10.375999450683594
ipo,reference,867,66,3,0.026204076166421526,-12.960050582885742
ipo,reference,867,66,4,0.36279536516893623,-10.33212661743164
ipo,reference,945,66,1,0.24633541113162605,-20.974864959716797
ipo,reference,945,66,2,0.3192758089982662,-20.715503692626953
ipo,reference,945,66,3,0.27248024251552994,-20.873992919921875
ipo,reference,945,66,4,0.16190853735457797,-21.394527435302734
ipo,reference,54,67,1,0.027076880096580266,-14.031808853149414
ipo,reference,54,67,2,0.400178183266046,-11.338579177856445
ipo,reference,54,67,3,0.27903762458924797,-11.699142456054688
ipo,reference,54,67,4,0.2937073120481258,-11.647905349731445
ipo,reference,251,67,1,0.5017694296452831,-13.612297058105469
ipo,reference,251,67,2,0.06870836167994195,-15.600566864013672
ipo,reference,251,67,3,0.13365971890869777,-14.935140609741211
ipo,reference,251,67,4,0.2958624897660771,-14.140542984008789
ipo,reference,612,67,1,0.06033009085337226,-20.132205963134766
ipo,reference,612,67,2,0.3392783101588098,-18.405216217041016
ipo,reference,612,67,3,0.13758270462486555,-19.307811737060547
ipo,reference,612,67,4,0.4628088943629525,-18.094722747802734
ipo,reference,737,67,1,0.0975350192473716,-20.256561279296875
ipo,reference,737,67,2,0.483136684736892,-18.65647315979004
ipo,reference,737,67,3,0.1791997676444267,-19.648271560668945
ipo,reference,737,67,4,0.24012852837130969,-19.35559844970703
ipo,reference,867,67,1,0.2403074000455956,-10.86026382446289
ipo,reference,867,67,2,0.26190612473174923,-10.77419662475586
ipo,reference,867,67,3,0.030788575605162863,-12.9150390625
ipo,reference,867,67,4,0.4669978996174924,-10.195858001708984
ipo,reference,945,67,1,0.25257267253690624,-21.02390480041504
ipo,reference,945,67,2,0.37226787042474735,-20.635990142822266
ipo,reference,945,67,3,0.2434765673209605,-21.060583114624023
ipo,reference,945,67,4,0.13168288971738584,-21.675207138061523
ipo,reference,54,68,1,0.04411291223437346,-13.602178573608398
ipo,reference,54,68,2,0.48752444104208925,-11.199590682983398
ipo,reference,54,68,3,0.27964259186259605,-11.75541877746582
ipo,reference,54,68,4,0.18872005486094118,-12.148666381835938
ipo,reference,251,68,1,0.42644638064288126,-13.744157791137695
ipo,reference,251,68,2,0.04682076440894239,-15.953317642211914
ipo,reference,251,68,3,0.2108386718646486,-14.448551177978516
ipo,reference,251,68,4,0.3158941830835278,-14.04423713684082
ipo,reference,612,68,1,0.043485837523411855,-20.514404296875
ipo,reference,612,68,2,0.31590236843390257,-18.53140640258789
ipo,reference,612,68,3,0.09983117024585719,-19.683359146118164
ipo,reference,612,68,4,0.5407806237968285,-17.993825912475586
ipo,reference,737,68,1,0.10702776646330336,-20.08637809753418
ipo,reference,737,68,2,0.4589261530825701,-18.630577087402344
ipo,reference,737,68,3,0.22235308339094992,-19.355199813842773
ipo,reference,737,68,4,0.21169299706317657,-19.404329299926758
ipo,reference,867,68,1,0.31581466653069135,-10.572021484375
ipo,reference,867,68,2,0.29543134890155714,-10.638740539550781
ipo,reference,867,68,3,0.030286547556978474,-12.916473388671875
ipo,reference,867,68,4,0.35846743701077305,-10.44533920288086
ipo,reference,945,68,1,0.3326110610887084,-20.731571197509766
ipo,reference,945,68,2,0.32185116714581546,-20.764455795288086
ipo,reference,945,68,3,0.22673063587272843,-21.114782333374023
ipo,reference,945,68,4,0.11880713589274759,-21.761043548583984
ipo,reference,54,69,1,0.032747823981030995,-13.768962860107422
ipo,reference,54,69,2,0.4384996408381971,-11.174440383911133
ipo,reference,54,69,3,0.3146483088011496,-11.506343841552734
ipo,reference,54,69,4,0.21410422637962226,-11.891336441040039
ipo,reference,251,69,1,0.48264265082608354,-13.395963668823242
ipo,reference,251,69,2,0.019005201387701506,-16.63052749633789
ipo,reference,251,69,3,0.18411981651303516,-14.35965347290039
ipo,reference,251,69,4,0.31423233127317973,-13.82510757446289
ipo,reference,612,69,1,0.08285419816282724,-19.76519203186035
ipo,reference,612,69,2,0.2523169426933346,-18.651588439941406
ipo,reference,612,69,3,0.1039854984361146,-19.538022994995117
ipo,reference,612,69,4,0.5608433607077237,-17.852832794189453
ipo,reference,737,69,1,0.09780981041599195,-20.12957191467285
ipo,reference,737,69,2,0.5236133529809567,-18.45184326171875
ipo,reference,737,69,3,0.1779361893066084,-19.531171798706055
ipo,reference,737,69,4,0.200640647296443,-19.411081314086914
ipo,reference,867,69,1,0.2533447881286934,-10.62856674194336
ipo,reference,867,69,2,0.3894644716592752,-10.198545455932617
ipo,reference,867,69,3,0.029558266500846482,-12.776954650878906
ipo,reference,867,69,4,0.3276324737111849,-10.37142562866211
ipo,reference,945,69,1,0.33420960428134006,-20.639053344726562
ipo,reference,945,69,2,0.3437298296371705,-20.610965728759766
ipo,reference,945,69,3,0.1974156729954201,-21.165510177612305
ipo,reference,945,69,4,0.12464489308606921,-21.62535285949707
ipo,reference,54,70,1,0.052506705174961164,-13.607307434082031
ipo,reference,54,70,2,0.3303357057901682,-11.768138885498047
ipo,reference,54,70,3,0.4007077230749075,-11.575016021728516
ipo,reference,54,70,4,0.21644986595996324,-12.190889358520508
ipo,reference,251,70,1,0.4430432445425953,-13.518987655639648
ipo,reference,251,70,2,0.01652937234372835,-16.80751609802246
ipo,reference,251,70,3,0.2374041844603882,-14.142890930175781
ipo,reference,251,70,4,0.30302319865328814,-13.898845672607422
ipo,reference,612,70,1,0.05516541782668853,-20.231401443481445
ipo,reference,612,70,2,0.24979860779906693,-18.72108268737793
ipo,reference,612,70,3,0.1459952752149273,-19.258163452148438
ipo,reference,612,70,4,0.5490406991593172,-17.933565139770508
ipo,reference,737,70,1,0.12613290264851668,-20.000507354736328
ipo,reference,737,70,2,0.5455459138807723,-18.536056518554688
ipo,reference,737,70,3,0.13276401650944689,-19.949270248413086
ipo,reference,737,70,4,0.19555716696126416,-19.56199073791504
ipo,reference,867,70,1,0.32107753501036207,-10.346895217895508
ipo,reference,867,70,2,0.33777563390784987,-10.296195983886719
ipo,reference,867,70,3,0.026870495772383592,-12.82754898071289
ipo,reference,867,70,4,0.31427633530940446,-10.368305206298828
ipo,reference,945,70,1,0.3643604874770403,-20.57870864868164
ipo,reference,945,70,2,0.26787458669246755,-20.886333465576172
ipo,reference,945,70,3,0.2453466613890427,-20.974180221557617
ipo,reference,945,70,4,0.12241826444144949,-21.669408798217773
ipo,reference,54,71,1,0.060958529437923396,-13.484628677368164
ipo,reference,54,71,2,0.2598287835425002,-12.034799575805664
ipo,reference,54,71,3,0.4461610264511562,-11.494142532348633
ipo,reference,54,71,4,0.2330516605684201,-12.143562316894531
ipo,reference,251,71,1,0.3244194824917332,-13.793498992919922
ipo,reference,251,71,2,0.0317024459753452,-16.119142532348633
ipo,reference,251,71,3,0.3266018052370928,-13.786794662475586
ipo,reference,251,71,4,0.3172762662958287,-13.815763473510742
ipo,reference,612,71,1,0.11513975445520801,-19.268741607666016
ipo,reference,612,71,2,0.22140284066312,-18.614904403686523
ipo,reference,612,71,3,0.16848709441069765,-18.888029098510742
ipo,reference,612,71,4,0.49497031047097434,-17.81039047241211
ipo,reference,737,71,1,0.16410862502421164,-19.72275161743164
ipo,reference,737,71,2,0.5489043002698213,-18.515356063842773
ipo,reference,737,71,3,0.13935796217557628,-19.886234283447266
ipo,reference,737,71,4,0.14762911253039074,-19.828577041625977
ipo,reference,867,71,1,0.2531152180545887,-10.510934829711914
ipo,reference,867,71,2,0.36814562553487523,-10.136301040649414
ipo,reference,867,71,3,0.026535696513070132,-12.766288757324219
ipo,reference,867,71,4,0.35220345989746593,-10.180570602416992
ipo,reference,945,71,1,0.3169742110815426,-20.729578018188477
ipo,reference,945,71,2,0.2336735408077568,-21.034473419189453
ipo,reference,945,71,3,0.22208831142016988,-21.085323333740234
ipo,reference,945,71,4,0.2272639366905308,-21.062286376953125
ipo,reference,54,72,1,0.0698405330715577,-13.353160858154297
ipo,reference,54,72,2,0.2251630873063559,-12.182550430297852
ipo,reference,54,72,3,0.37576047082817904,-11.67042350769043
ipo,reference,54,72,4,0.3292359087939073,-11.802600860595703
ipo,reference,251,72,1,0.31758878252655764,-13.667299270629883
ipo,reference,251,72,2,0.02444161269745773,-16.231769561767578
ipo,reference,251,72,3,0.23262474387954343,-13.978630065917969
ipo,reference,251,72,4,0.4253448608964412,-13.37515640258789
ipo,reference,612,72,1,0.052699460878373176,-20.019243240356445
ipo,reference,612,72,2,0.2110519013253877,-18.631744384765625
ipo,reference,612,72,3,0.15877461857516934,-18.916362762451172
ipo,reference,612,72,4,0.5774740192210698,-17.625185012817383
ipo,reference,737,72,1,0.16328159872955159,-19.86964988708496
ipo,reference,737,72,2,0.529708885168808,-18.692798614501953
ipo,reference,737,72,3,0.11932000629784204,-20.183317184448242
ipo,reference,737,72,4,0.18768950980379845,-19.730337142944336
ipo,reference,867,72,1,0.3111924827665819,-10.333826065063477
ipo,reference,867,72,2,0.34315961155399227,-10.236042022705078
ipo,reference,867,72,3,0.029537369806482167,-12.688581466674805
ipo,reference,867,72,4,0.31611053587294374,-10.318145751953125
ipo,reference,945,72,1,0.3786782442234092,-20.39504051208496
ipo,reference,945,72,2,0.23432393802933657,-20.875022888183594
ipo,reference,945,72,3,0.2025890473608635,-21.02054786682129
ipo,reference,945,72,4,0.18440877038639092,-21.114572525024414
ipo,reference,54,73,1,0.07477543549832072,-13.193775177001953
ipo,reference,54,73,2,0.21246881613739885,-12.149469375610352
ipo,reference,54,73,3,0.25837276533551073,-11.953861236572266
ipo,reference,54,73,4,0.45438298302876967,-11.389324188232422
ipo,reference,251,73,1,0.36681829678172456,-13.709138870239258
ipo,reference,251,73,2,0.05344710415871276,-15.635313034057617
ipo,reference,251,73,3,0.2512342347292134,-14.08761978149414
ipo,reference,251,73,4,0.3285003643303493,-13.819467544555664
ipo,reference,612,73,1,0.0995207338384508,-19.14044761657715
ipo,reference,612,73,2,0.13626996155285329,-18.826175689697266
ipo,reference,612,73,3,0.16818976077996217,-18.615720748901367
ipo,reference,612,73,4,0.5960195438287338,-17.350540161132812
ipo,reference,737,73,1,0.18448104738744267,-19.627185821533203
ipo,reference,737,73,2,0.4567805137541849,-18.720529556274414
ipo,reference,737,73,3,0.15766864504370476,-19.784236907958984
ipo,reference,737,73,4,0.2010697938146678,-19.541080474853516
ipo,reference,867,73,1,0.25831095324578907,-10.539077758789062
ipo,reference,867,73,2,0.3788811821277211,-10.15601921081543
ipo,reference,867,73,3,0.02847636757063861,-12.74416732788086
ipo,reference,867,73,4,0.3343314970558511,-10.281108856201172
ipo,reference,945,73,1,0.38646341172333226,-20.54905891418457
ipo,reference,945,73,2,0.2207254179527899,-21.109176635742188
ipo,reference,945,73,3,0.2546180629873128,-20.966331481933594
ipo,reference,945,73,4,0.13819310733656512,-21.577444076538086
ipo,reference,54,74,1,0.1521148157509082,-12.668329238891602
ipo,reference,54,74,2,0.2672744937991417,-12.10468864440918
ipo,reference,54,74,3,0.24039213408159602,-12.210693359375
ipo,reference,54,74,4,0.3402185563683541,-11.86337661743164
ipo,reference,251,74,1,0.30884664092897807,-13.78569221496582
ipo,reference,251,74,2,0.04075055583889712,-15.811067581176758
ipo,reference,251,74,3,0.31218697660851286,-13.774934768676758
ipo,reference,251,74,4,0.33821582662361194,-13.694852828979492
ipo,reference,612,74,1,0.058614837419621243,-19.602745056152344
ipo,reference,612,74,2,0.1470883924843294,-18.68269920349121
ipo,reference,612,74,3,0.22444777334978466,-18.260089874267578
ipo,reference,612,74,4,0.5698489967462647,-17.32836151123047
ipo,reference,737,74,1,0.14612743116438484,-19.84914207458496
ipo,reference,737,74,2,0.5241555413673183,-18.57183265686035
ipo,reference,737,74,3,0.1582535669402762,-19.76942253112793
ipo,reference,737,74,4,0.17146346052802078,-19.689250946044922
ipo,reference,867,74,1,0.27749916758600157,-10.426004409790039
ipo,reference,867,74,2,0.43020345862153836,-9.987564086914062
ipo,reference,867,74,3,0.0343191442540398,-12.516119003295898
ipo,reference,867,74,4,0.25797822953842037,-10.498947143554688
ipo,reference,945,74,1,0.4128205995727985,-20.473995208740234
ipo,reference,945,74,2,0.21682122001297321,-21.117935180664062
ipo,reference,945,74,3,0.22841644215745174,-21.065837860107422
ipo,reference,945,74,4,0.14194173825677658,-21.54159164428711
ipo,reference,54,75,1,0.1557603918321421,-12.712480545043945
ipo,reference,54,75,2,0.2858278765855678,-12.105409622192383
ipo,reference,54,75,3,0.2729897207561062,-12.151365280151367
ipo,reference,54,75,4,0.2854220108261839,-12.106830596923828
ipo,reference,251,75,1,0.25824805603679474,-13.884801864624023
ipo,reference,251,75,2,0.0518419703960534,-15.490522384643555
ipo,reference,251,75,3,0.3190775254703376,-13.673288345336914
ipo,reference,251,75,4,0.3708324480968143,-13.522972106933594
ipo,reference,612,75,1,0.07504800690750768,-19.26569175720215
ipo,reference,612,75,2,0.10560155598238792,-18.92414665222168
ipo,reference,612,75,3,0.21180146777955672,-18.22817039489746
ipo,reference,612,75,4,0.6075489693305477,-17.174386978149414
ipo,reference,737,75,1,0.1919708697035791,-19.584056854248047
ipo,reference,737,75,2,0.4338276965504418,-18.768753051757812
ipo,reference,737,75,3,0.13402697953139162,-19.943359375
ipo,reference,737,75,4,0.24017445421458739,-19.360034942626953
ipo,reference,867,75,1,0.24833226120234542,-10.459257125854492
ipo,reference,867,75,2,0.4158592393391109,-9.94367790222168
ipo,reference,867,75,3,0.0364059857144011,-12.379291534423828
ipo,reference,867,75,4,0.2994025137441427,-10.272235870361328
ipo,reference,945,75,1,0.37497604958860314,-20.812061309814453
ipo,reference,945,75,2,0.24644072037987183,-21.231801986694336
ipo,reference,945,75,3,0.2893630381667459,-21.07124137878418
ipo,reference,945,75,4,0.0892201918647791,-22.24781608581543
ipo,reference,54,76,1,0.14722276104591045,-12.494012832641602
ipo,reference,54,76,2,0.3560313256664627,-11.610940933227539
ipo,reference,54,76,3,0.18078132652384604,-12.288671493530273
ipo,reference,54,76,4,0.31596458676378075,-11.730329513549805
ipo,reference,251,76,1,0.2443490577064276,-13.80242919921875
ipo,reference,251,76,2,0.03918868414393828,-15.632638931274414
ipo,reference,251,76,3,0.3728501435611275,-13.379850387573242
ipo,reference,251,76,4,0.34361211458850666,-13.46151351928711
ipo,reference,612,76,1,0.08718589535955147,-19.23252296447754
ipo,reference,612,76,2,0.15235028382248397,-18.67438316345215
ipo,reference,612,76,3,0.25692212042369145,-18.151792526245117
ipo,reference,612,76,4,0.5035417003942732,-17.478899002075195
ipo,reference,737,76,1,0.2323619093932401,-19.36455535888672
ipo,reference,737,76,2,0.4798098847638275,-18.639461517333984
ipo,reference,737,76,3,0.13221413188422462,-19.928428649902344
ipo,reference,737,76,4,0.1556140739587078,-19.765472412109375
ipo,reference,867,76,1,0.3074344650067819,-10.408063888549805
ipo,reference,867,76,2,0.3818691043400789,-10.191247940063477
ipo,reference,867,76,3,0.04196978336319858,-12.399375915527344
ipo,reference,867,76,4,0.2687266472899406,-10.542631149291992
ipo,reference,945,76,1,0.4669649126618209,-20.168779373168945
ipo,reference,945,76,2,0.17292357483504148,-21.16218376159668
ipo,reference,945,76,3,0.19863977285581286,-21.023540496826172
ipo,reference,945,76,4,0.16147173964732472,-21.230703353881836
ipo,reference,54,77,1,0.11364542650178516,-12.771049499511719
ipo,reference,54,77,2,0.3541552230893877,-11.634397506713867
ipo,reference,54,77,3,0.2313300159493642,-12.060287475585938
ipo,reference,54,77,4,0.30086933445946284,-11.797456741333008
ipo,reference,251,77,1,0.2888910457621281,-13.714359283447266
ipo,reference,251,77,2,0.038641729594068294,-15.726076126098633
ipo,reference,251,77,3,0.29795854993188875,-13.683454513549805
ipo,reference,251,77,4,0.3745086747119149,-13.454793930053711
ipo,reference,612,77,1,0.08740070710905481,-18.875608444213867
ipo,reference,612,77,2,0.08167318536233438,-18.94338607788086
ipo,reference,612,77,3,0.26130185070950307,-17.78043556213379
ipo,reference,612,77,4,0.5696242568191078,-17.001134872436523
ipo,reference,737,77,1,0.23000898641607126,-19.488718032836914
ipo,reference,737,77,2,0.5167341237135845,-18.67930793762207
ipo,reference,737,77,3,0.1353143785852105,-20.019235610961914
ipo,reference,737,77,4,0.11794251128513371,-20.156639099121094
ipo,reference,867,77,1,0.20807243462745137,-10.957481384277344
ipo,reference,867,77,2,0.34661298249243744,-10.447158813476562
ipo,reference,867,77,3,0.05834842727428413,-12.228935241699219
ipo,reference,867,77,4,0.3869661556058271,-10.337030410766602
ipo,reference,945,77,1,0.3481907735373833,-20.68115997314453
ipo,reference,945,77,2,0.26657228013438417,-20.948265075683594
ipo,reference,945,77,3,0.2749046504031478,-20.9174861907959
ipo,reference,945,77,4,0.1103322959250846,-21.830413818359375
ipo,reference,54,78,1,0.12683666431290117,-12.521455764770508
ipo,reference,54,78,2,0.4315937405607597,-11.296871185302734
ipo,reference,54,78,3,0.16261659511252438,-12.272960662841797
ipo,reference,54,78,4,0.2789530000138147,-11.733312606811523
ipo,reference,251,78,1,0.22649038210357672,-13.963495254516602
ipo,reference,251,78,2,0.05664155231257607,-15.349454879760742
ipo,reference,251,78,3,0.33468065226961513,-13.573020935058594
ipo,reference,251,78,4,0.382187413314232,-13.440286636352539
ipo,reference,612,78,1,0.0790299735800714,-19.158428192138672
ipo,reference,612,78,2,0.10680626816866771,-18.85723876953125
ipo,reference,612,78,3,0.30591244969166187,-17.804956436157227
ipo,reference,612,78,4,0.508251308559599,-17.297279357910156
ipo,reference,737,78,1,0.2189131043307823,-19.522483825683594
ipo,reference,737,78,2,0.5110719629456603,-18.67464828491211
ipo,reference,737,78,3,0.11193000319877364,-20.19328498840332
ipo,reference,737,78,4,0.15808492952478384,-19.848026275634766
ipo,reference,867,78,1,0.3333806472661034,-10.515386581420898
ipo,reference,867,78,2,0.26454850609216585,-10.746646881103516
ipo,reference,867,78,3,0.03368010982195612,-12.807764053344727
ipo,reference,867,78,4,0.3683907368197745,-10.41552734375
ipo,reference,945,78,1,0.37853161625956333,-20.562278747558594
ipo,reference,945,78,2,0.23208612808052217,-21.051469802856445
ipo,reference,945,78,3,0.2545508226877444,-20.959077835083008
ipo,reference,945,78,4,0.13483143297216998,-21.594552993774414
ipo,reference,54,79,1,0.13749746299345075,-12.470582962036133
ipo,reference,54,79,2,0.4159360116725237,-11.363656997680664
ipo,reference,54,79,3,0.18472685842660433,-12.175310134887695
ipo,reference,54,79,4,0.2618396669074213,-11.826456069946289
ipo,reference,251,79,1,0.24617035422532482,-13.901420593261719
ipo,reference,251,79,2,0.051169364117418945,-15.47230339050293
ipo,reference,251,79,3,0.29490226212116305,-13.720800399780273
ipo,reference,251,79,4,0.40775801953609325,-13.396770477294922
ipo,reference,612,79,1,0.07847873496006717,-19.202913284301758
ipo,reference,612,79,2,0.11454908617370263,-18.824737548828125
ipo,reference,612,79,3,0.2923144590212554,-17.887910842895508
ipo,reference,612,79,4,0.5146577198449748,-17.32223892211914
ipo,reference,737,79,1,0.26544835962548635,-19.169063568115234
ipo,reference,737,79,2,0.4641548178414374,-18.610265731811523
ipo,reference,737,79,3,0.16516743510689405,-19.643524169921875
ipo,reference,737,79,4,0.10522938742618222,-20.094341278076172
ipo,reference,867,79,1,0.32155506183991217,-10.551992416381836
ipo,reference,867,79,2,0.28207743546678965,-10.682979583740234
ipo,reference,867,79,3,0.03412523557858801,-12.795124053955078
ipo,reference,867,79,4,0.3622422671147102,-10.43284797668457
ipo,reference,945,79,1,0.38602860003537015,-20.74407958984375
ipo,reference,945,79,2,0.19405702528961902,-21.431838989257812
ipo,reference,945,79,3,0.26829639952667167,-21.107898712158203
ipo,reference,945,79,4,0.15161797514833927,-21.678627014160156
ipo,reference,54,80,1,0.14145790570767922,-12.491037368774414
ipo,reference,54,80,2,0.4598489826424914,-11.312141418457031
ipo,reference,54,80,3,0.17638701259695955,-12.27035903930664
ipo,reference,54,80,4,0.2223060990528698,-12.038984298706055
ipo,reference,251,80,1,0.22172668213403504,-14.067235946655273
ipo,reference,251,80,2,0.049143517516560944,-15.573936462402344
ipo,reference,251,80,3,0.3106682850055868,-13.729955673217773
ipo,reference,251,80,4,0.41846151534381726,-13.432096481323242
ipo,reference,612,80,1,0.11339551289260764,-18.797443389892578
ipo,reference,612,80,2,0.10425325258682723,-18.881502151489258
ipo,reference,612,80,3,0.27637814975223535,-17.90655517578125
ipo,reference,612,80,4,0.5059730847683298,-17.301841735839844
ipo,reference,737,80,1,0.2105901130321621,-19.43402862548828
ipo,reference,737,80,2,0.5706663274778443,-18.437137603759766
ipo,reference,737,80,3,0.09530735895991266,-20.226835250854492
ipo,reference,737,80,4,0.12343620053008093,-19.968217849731445
ipo,reference,867,80,1,0.33492944182078066,-10.252677917480469
ipo,reference,867,80,2,0.3272251046675221,-10.275949478149414
ipo,reference,867,80,3,0.025251715672965826,-12.837703704833984
ipo,reference,867,80,4,0.31259373783873134,-10.321693420410156
ipo,reference,945,80,1,0.3066859549259777,-20.9165096282959
ipo,reference,945,80,2,0.24747759037041359,-21.131013870239258
ipo,reference,945,80,3,0.318352327646967,-20.879175186157227
ipo,reference,945,80,4,0.12748412705664164,-21.794342041015625
ipo,reference,54,81,1,0.07278817000114206,-12.964111328125
ipo,reference,54,81,2,0.44949784670330395,-11.143533706665039
ipo,reference,54,81,3,0.24590737644872987,-11.746709823608398
ipo,reference,54,81,4,0.23180660684682422,-11.805761337280273
ipo,reference,251,81,1,0.2277312865801919,-13.821224212646484
ipo,reference,251,81,2,0.04053850911937507,-15.547138214111328
ipo,reference,251,81,3,0.21419587156511977,-13.882499694824219
ipo,reference,251,81,4,0.5175343327353132,-13.000314712524414
ipo,reference,612,81,1,0.12401769985559732,-18.6273193359375
ipo,reference,612,81,2,0.08763529679100396,-18.974559783935547
ipo,reference,612,81,3,0.2950487748292542,-17.760602951049805
ipo,reference,612,81,4,0.4932982285241446,-17.24662971496582
ipo,reference,737,81,1,0.227032400417925,-19.253421783447266
ipo,reference,737,81,2,0.4199527070171728,-18.63837242126465
ipo,reference,737,81,3,0.18719932587628607,-19.446340560913086
ipo,reference,737,81,4,0.16581556668861608,-19.567638397216797
ipo,reference,867,81,1,0.3202537278378168,-10.256893157958984
ipo,reference,867,81,2,0.3673674502601416,-10.119644165039062
ipo,reference,867,81,3,0.028760121458974313,-12.667016983032227
ipo,reference,867,81,4,0.2836187004430672,-10.378376007080078
ipo,reference,945,81,1,0.34379290099502774,-20.688018798828125
ipo,reference,945,81,2,0.19034235333585922,-21.279233932495117
ipo,reference,945,81,3,0.29917538351883716,-20.827028274536133
ipo,reference,945,81,4,0.1666893621502758,-21.41192626953125
ipo,reference,54,82,1,0.08799588893052812,-12.773553848266602
ipo,reference,54,82,2,0.43074999299235933,-11.18531608581543
ipo,reference,54,82,3,0.23731082628188171,-11.781473159790039
ipo,reference,54,82,4,0.24394329179523083,-11.753908157348633
ipo,reference,251,82,1,0.25891839072722356,-13.63424301147461
ipo,reference,251,82,2,0.0408994606720628,-15.479639053344727
ipo,reference,251,82,3,0.19314978327105778,-13.927289962768555
ipo,reference,251,82,4,0.5070323653296558,-12.962181091308594
ipo,reference,612,82,1,0.16137187613729695,-18.2681941986084
ipo,reference,612,82,2,0.07590372289030975,-19.02243995666504
ipo,reference,612,82,3,0.4000709335811414,-17.36026382446289
ipo,reference,612,82,4,0.36265346739125187,-17.458457946777344
ipo,reference,737,82,1,0.19713078728472067,-19.2509822845459
ipo,reference,737,82,2,0.3856542786168124,-18.57990837097168
ipo,reference,737,82,3,0.22236629646238845,-19.130523681640625
ipo,reference,737,82,4,0.1948486376360785,-19.26262664794922
ipo,reference,867,82,1,0.1809429390707436,-10.584129333496094
ipo,reference,867,82,2,0.4611480153923172,-9.648591995239258
ipo,reference,867,82,3,0.0268564747834626,-12.491804122924805
ipo,reference,867,82,4,0.3310525707534766,-9.980033874511719
ipo,reference,945,82,1,0.2907451723221431,-20.67949104309082
ipo,reference,945,82,2,0.2151304122814237,-20.980693817138672
ipo,reference,945,82,3,0.3084070494034528,-20.62051773071289
ipo,reference,945,82,4,0.18571736599298047,-21.12771224975586
ipo,reference,54,83,1,0.08154979797109041,-12.733518600463867
ipo,reference,54,83,2,0.5112250664031884,-10.89792251586914
ipo,reference,54,83,3,0.18357071481514445,-11.92213249206543
ipo,reference,54,83,4,0.22365442081057668,-11.724630355834961
ipo,reference,251,83,1,0.26656203786015553,-13.73369026184082
ipo,reference,251,83,2,0.07707003806600987,-14.97458267211914
ipo,reference,251,83,3,0.253006281376538,-13.785882949829102
ipo,reference,251,83,4,0.4033616426972966,-13.319463729858398
ipo,reference,612,83,1,0.13283411441649018,-18.793495178222656
ipo,reference,612,83,2,0.15367671390111337,-18.64774513244629
ipo,reference,612,83,3,0.32506750970642606,-17.898563385009766
ipo,reference,612,83,4,0.3884216619759704,-17.720504760742188
ipo,reference,737,83,1,0.18907275478053592,-19.187314987182617
ipo,reference,737,83,2,0.4116838673290167,-18.409191131591797
ipo,reference,737,83,3,0.23308436203678828,-18.978046417236328
ipo,reference,737,83,4,0.16615901585365914,-19.31650161743164
ipo,reference,867,83,1,0.21369726115508864,-10.25314712524414
ipo,reference,867,83,2,0.5232306509611057,-9.357685089111328
ipo,reference,867,83,3,0.02824080955256755,-12.276939392089844
ipo,reference,867,83,4,0.2348312783312382,-10.15884017944336
ipo,reference,945,83,1,0.28524694794978,-20.639657974243164
ipo,reference,945,83,2,0.2004977200142475,-20.992210388183594
ipo,reference,945,83,3,0.2969025256190456,-20.599609375
ipo,reference,945,83,4,0.21735280641692686,-20.91149139404297
ipo,reference,54,84,1,0.11422778556764206,-12.480199813842773
ipo,reference,54,84,2,0.4556939909154085,-11.096572875976562
ipo,reference,54,84,3,0.2508659328599656,-11.693475723266602
ipo,reference,54,84,4,0.17921229065698374,-12.029823303222656
ipo,reference,251,84,1,0.249736022859091,-13.749479293823242
ipo,reference,251,84,2,0.05534918718362349,-15.256221771240234
ipo,reference,251,84,3,0.21336703610542887,-13.906869888305664
ipo,reference,251,84,4,0.4815477538518566,-13.092878341674805
ipo,reference,612,84,1,0.11479413674446451,-18.76714324951172
ipo,reference,612,84,2,0.11659765582560197,-18.751554489135742
ipo,reference,612,84,3,0.32989232866700063,-17.711517333984375
ipo,reference,612,84,4,0.4387158787629329,-17.42643165588379
ipo,reference,737,84,1,0.1654428335779163,-19.22186279296875
ipo,reference,737,84,2,0.3729961968884402,-18.408920288085938
ipo,reference,737,84,3,0.2579109882856352,-18.777873992919922
ipo,reference,737,84,4,0.2036499812480082,-19.01408576965332
ipo,reference,867,84,1,0.12435380470308169,-10.907217025756836
ipo,reference,867,84,2,0.47845124767985625,-9.559793472290039
ipo,reference,867,84,3,0.040396957370190126,-12.031593322753906
ipo,reference,867,84,4,0.3567979902468719,-9.853178024291992
ipo,reference,945,84,1,0.28136074399000494,-20.672954559326172
ipo,reference,945,84,2,0.17598711731189748,-21.142181396484375
ipo,reference,945,84,3,0.2942640493882201,-20.628114700317383
ipo,reference,945,84,4,0.24838808930987744,-20.79759979248047
ipo,reference,54,85,1,0.063138534770642,-12.755887985229492
ipo,reference,54,85,2,0.5399188893154727,-10.609800338745117
ipo,reference,54,85,3,0.17608183812452619,-11.730270385742188
ipo,reference,54,85,4,0.2208607377893591,-11.503686904907227
ipo,reference,251,85,1,0.2797761402515222,-13.66569709777832
ipo,reference,251,85,2,0.1012528565401492,-14.682065963745117
ipo,reference,251,85,3,0.20497809702190173,-13.976783752441406
ipo,reference,251,85,4,0.4139929061864268,-13.27383804321289
ipo,reference,612,85,1,0.15889702844831094,-18.553525924682617
ipo,reference,612,85,2,0.17186633729559062,-18.475065231323242
ipo,reference,612,85,3,0.2958932126440422,-17.93178367614746
ipo,reference,612,85,4,0.37334342161205625,-17.699283599853516
ipo,reference,737,85,1,0.20182138076725226,-19.00987434387207
ipo,reference,737,85,2,0.2520701505394439,-18.78754997253418
ipo,reference,737,85,3,0.30633768684466156,-18.59256935119629
ipo,reference,737,85,4,0.23977078184864226,-18.837574005126953
ipo,reference,867,85,1,0.16079544757282904,-10.704851150512695
ipo,reference,867,85,2,0.47077057277949974,-9.630613327026367
ipo,reference,867,85,3,0.045747401079206114,-11.961849212646484
ipo,reference,867,85,4,0.32268657856846505,-10.008302688598633
ipo,reference,945,85,1,0.2246279458724105,-20.721818923950195
ipo,reference,945,85,2,0.2067838734834126,-20.804590225219727
ipo,reference,945,85,3,0.3357682169301428,-20.319843292236328
ipo,reference,945,85,4,0.23281996371403413,-20.685998916625977
ipo,reference,54,86,1,0.07739293323150677,-12.774547576904297
ipo,reference,54,86,2,0.4622817730459668,-10.987268447875977
ipo,reference,54,86,3,0.19036635620683381,-11.874492645263672
ipo,reference,54,86,4,0.26995893751569255,-11.52517318725586
ipo,reference,251,86,1,0.25325325334142496,-13.655872344970703
ipo,reference,251,86,2,0.09459520775576971,-14.640655517578125
ipo,reference,251,86,3,0.15271312051142683,-14.161701202392578
ipo,reference,251,86,4,0.4994384183913783,-12.976778030395508
ipo,reference,612,86,1,0.12019311724082062,-18.557125091552734
ipo,reference,612,86,2,0.09932462304421784,-18.747831344604492
ipo,reference,612,86,3,0.40018205609025104,-17.354305267333984
ipo,reference,612,86,4,0.3803002036247105,-17.405263900756836
ipo,reference,737,86,1,0.1530730797094311,-19.014095306396484
ipo,reference,737,86,2,0.29928496528358844,-18.34361457824707
ipo,reference,737,86,3,0.3585122997528323,-18.163047790527344
ipo,reference,737,86,4,0.18912965525414827,-18.80257797241211
ipo,reference,867,86,1,0.08278033461177528,-11.226797103881836
ipo,reference,867,86,2,0.4801636609760532,-9.468860626220703
ipo,reference,867,86,3,0.046766117611401634,-11.797828674316406
ipo,reference,867,86,4,0.3902898868007699,-9.676097869873047
ipo,reference,945,86,1,0.19177402751748007,-21.05803680419922
ipo,reference,945,86,2,0.1508821646899314,-21.297855377197266
ipo,reference,945,86,3,0.3884344660623167,-20.352230072021484
ipo,reference,945,86,4,0.26890934173027187,-20.719980239868164
ipo,reference,54,87,1,0.06593357692834012,-12.801126480102539
ipo,reference,54,87,2,0.5319542681727125,-10.713216781616211
ipo,reference,54,87,3,0.18420666971907024,-11.77371597290039
ipo,reference,54,87,4,0.21790548517987704,-11.605712890625
ipo,reference,251,87,1,0.2882814085702262,-13.640630722045898
ipo,reference,251,87,2,0.11304668448557437,-14.576766967773438
ipo,reference,251,87,3,0.1455013050847891,-14.324382781982422
ipo,reference,251,87,4,0.4531706018594103,-13.188299179077148
ipo,reference,612,87,1,0.17657233571198197,-18.395553588867188
ipo,reference,612,87,2,0.1701327968092089,-18.43270492553711
ipo,reference,612,87,3,0.3367258024401272,-17.750015258789062
ipo,reference,612,87,4,0.31656906503868193,-17.811742782592773
ipo,reference,737,87,1,0.13661244516174553,-19.20728874206543
ipo,reference,737,87,2,0.272317670990223,-18.517467498779297
ipo,reference,737,87,3,0.3452675959254368,-18.28011703491211
ipo,reference,737,87,4,0.24580228792259456,-18.619909286499023
ipo,reference,867,87,1,0.08528699452793582,-11.502140045166016
ipo,reference,867,87,2,0.3899916895419239,-9.982036590576172
ipo,reference,867,87,3,0.06106706891501112,-11.836189270019531
ipo,reference,867,87,4,0.4636542470151292,-9.809022903442383
ipo,reference,945,87,1,0.1793046115690588,-20.834869384765625
ipo,reference,945,87,2,0.13769857921105985,-21.098888397216797
ipo,reference,945,87,3,0.2817469902418522,-20.382946014404297
ipo,reference,945,87,4,0.40124981897802914,-20.02937126159668
ipo,reference,54,88,1,0.09615584643720142,-12.588106155395508
ipo,reference,54,88,2,0.49708074956302767,-10.945323944091797
ipo,reference,54,88,3,0.192495642389147,-11.894002914428711
ipo,reference,54,88,4,0.2142677616106238,-11.786849975585938
ipo,reference,251,88,1,0.24460866009541504,-13.923851013183594
ipo,reference,251,88,2,0.11312223779591463,-14.69504165649414
ipo,reference,251,88,3,0.29142059977379675,-13.748743057250977
ipo,reference,251,88,4,0.3508485023348735,-13.563156127929688
ipo,reference,612,88,1,0.10494921808793495,-18.952970504760742
ipo,reference,612,88,2,0.13639536203424574,-18.690889358520508
ipo,reference,612,88,3,0.3306036967518232,-17.805526733398438
ipo,reference,612,88,4,0.42805172312599615,-17.547203063964844
ipo,reference,737,88,1,0.09027853612025362,-19.64596176147461
ipo,reference,737,88,2,0.34229369671253257,-18.31319236755371
ipo,reference,737,88,3,0.36365184217108426,-18.25266456604004
ipo,reference,737,88,4,0.20377592499612965,-18.83184051513672
ipo,reference,867,88,1,0.09949800695397122,-11.370445251464844
ipo,reference,867,88,2,0.35161314971867,-10.108051300048828
ipo,reference,867,88,3,0.046511901730007806,-12.130874633789062
ipo,reference,867,88,4,0.5023769415973509,-9.751232147216797
ipo,reference,945,88,1,0.21544107386369693,-20.7254695892334
ipo,reference,945,88,2,0.12271552916656356,-21.288288116455078
ipo,reference,945,88,3,0.23698699674642534,-20.630151748657227
ipo,reference,945,88,4,0.4248564002233141,-20.046405792236328
ipo,reference,54,89,1,0.1070578944844037,-12.679594039916992
ipo,reference,54,89,2,0.5095429678752478,-11.119449615478516
ipo,reference,54,89,3,0.1773303100618736,-12.174949645996094
ipo,reference,54,89,4,0.2060688275784749,-12.02475357055664
ipo,reference,251,89,1,0.2540792959399711,-14.027616500854492
ipo,reference,251,89,2,0.17969833435477725,-14.373983383178711
ipo,reference,251,89,3,0.22425413083589,-14.152482986450195
ipo,reference,251,89,4,0.34196823886936173,-13.730545043945312
ipo,reference,612,89,1,0.1754153836574944,-18.465574264526367
ipo,reference,612,89,2,0.18572703816713831,-18.4084529876709
ipo,reference,612,89,3,0.3409709247109293,-17.800933837890625
ipo,reference,612,89,4,0.2978866534644379,-17.936017990112305
ipo,reference,737,89,1,0.08628111694097065,-19.5570011138916
ipo,reference,737,89,2,0.3167955443284835,-18.25635528564453
ipo,reference,737,89,3,0.3290309429486293,-18.218460083007812
ipo,reference,737,89,4,0.2678923957819166,-18.424026489257812
ipo,reference,867,89,1,0.11129868820014664,-11.634973526000977
ipo,reference,867,89,2,0.2622789305475722,-10.777782440185547
ipo,reference,867,89,3,0.07038302891006737,-12.093238830566406
ipo,reference,867,89,4,0.5560393523422138,-10.026351928710938
ipo,reference,945,89,1,0.10416498453156325,-21.55640411376953
ipo,reference,945,89,2,0.20998244441934302,-20.855356216430664
ipo,reference,945,89,3,0.34720701663808795,-20.352458953857422
ipo,reference,945,89,4,0.3386455544110058,-20.377426147460938
ipo,reference,54,90,1,0.0910708392076032,-12.749628067016602
ipo,reference,54,90,2,0.5181348447244236,-11.011030197143555
ipo,reference,54,90,3,0.22910277266041418,-11.827095031738281
ipo,reference,54,90,4,0.16169154340755884,-12.175575256347656
ipo,reference,251,90,1,0.2822350006444169,-14.02229118347168
ipo,reference,251,90,2,0.10613893627020192,-15.000282287597656
ipo,reference,251,90,3,0.22363321722235263,-14.255023956298828
ipo,reference,251,90,4,0.3879928458630285,-13.704044342041016
ipo,reference,612,90,1,0.1416458758409978,-18.65423583984375
ipo,reference,612,90,2,0.18644372625244093,-18.379436492919922
ipo,reference,612,90,3,0.3537756322204673,-17.738903045654297
ipo,reference,612,90,4,0.31813476568609395,-17.845090866088867
ipo,reference,737,90,1,0.13319022364522254,-19.595890045166016
ipo,reference,737,90,2,0.508627320920645,-18.255952835083008
ipo,reference,737,90,3,0.2135208769949029,-19.123933792114258
ipo,reference,737,90,4,0.14466157843922958,-19.51327133178711
ipo,reference,867,90,1,0.16970404211859788,-11.616655349731445
ipo,reference,867,90,2,0.20791979012480336,-11.413558959960938
ipo,reference,867,90,3,0.06843923876100828,-12.524765014648438
ipo,reference,867,90,4,0.5539369289955905,-10.433660507202148
ipo,reference,945,90,1,0.17372632139525107,-21.180564880371094
ipo,reference,945,90,2,0.21275490073110429,-20.9779052734375
ipo,reference,945,90,3,0.2836189599802342,-20.690414428710938
ipo,reference,945,90,4,0.3298998178934104,-20.539257049560547
ipo,reference,54,91,1,0.12052261920846984,-12.506929397583008
ipo,reference,54,91,2,0.5043652400052757,-11.07546615600586
ipo,reference,54,91,3,0.23121801115341717,-11.855405807495117
ipo,reference,54,91,4,0.14389412963283732,-12.329689025878906
ipo,reference,251,91,1,0.20656134691878347,-14.13612174987793
ipo,reference,251,91,2,0.15615729334744116,-14.415855407714844
ipo,reference,251,91,3,0.19736667910289887,-14.181655883789062
ipo,reference,251,91,4,0.4399146806308766,-13.380138397216797
ipo,reference,612,91,1,0.09737030159042062,-19.115379333496094
ipo,reference,612,91,2,0.18303549231014993,-18.484220504760742
ipo,reference,612,91,3,0.40933172505914095,-17.67937469482422
ipo,reference,612,91,4,0.3102624810402886,-17.95648193359375
ipo,reference,737,91,1,0.11582030628518213,-19.75252914428711
ipo,reference,737,91,2,0.4235577375968327,-18.45587921142578
ipo,reference,737,91,3,0.19313410959338245,-19.24118423461914
ipo,reference,737,91,4,0.2674878465246027,-18.915494918823242
ipo,reference,867,91,1,0.15812125117252207,-11.739768981933594
ipo,reference,867,91,2,0.16056719140415876,-11.724418640136719
ipo,reference,867,91,3,0.08069376164426921,-12.412469863891602
ipo,reference,867,91,4,0.60061779577905,-10.405172348022461
ipo,reference,945,91,1,0.12887813304896545,-21.424131393432617
ipo,reference,945,91,2,0.21982282328078798,-20.89017677307129
ipo,reference,945,91,3,0.2671947973756131,-20.69502067565918
ipo,reference,945,91,4,0.3841042462946336,-20.33208465576172
ipo,reference,54,92,1,0.07534006319134959,-12.745864868164062
ipo,reference,54,92,2,0.578118838968679,-10.708097457885742
ipo,reference,54,92,3,0.20949821348101455,-11.723161697387695
ipo,reference,54,92,4,0.13704288435895678,-12.1475830078125
ipo,reference,251,92,1,0.17294801834873053,-14.285003662109375
ipo,reference,251,92,2,0.13098274356874987,-14.562929153442383
ipo,reference,251,92,3,0.30931214365473547,-13.703643798828125
ipo,reference,251,92,4,0.38675709442778416,-13.48019790649414
ipo,reference,612,92,1,0.10392757893571794,-18.942861557006836
ipo,reference,612,92,2,0.15015979885639147,-18.57485580444336
ipo,reference,612,92,3,0.4456438568785999,-17.487035751342773
ipo,reference,612,92,4,0.30026876532929075,-17.881877899169922
ipo,reference,737,92,1,0.14811753412619733,-19.46734046936035
ipo,reference,737,92,2,0.4052060592606278,-18.46095085144043
ipo,reference,737,92,3,0.22060778308556964,-19.068960189819336
ipo,reference,737,92,4,0.22606862352760526,-19.04450798034668
ipo,reference,867,92,1,0.2518114300409671,-11.154664993286133
ipo,reference,867,92,2,0.19681091414966434,-11.401102066040039
ipo,reference,867,92,3,0.05926424464018342,-12.601339340209961
ipo,reference,867,92,4,0.49211341116918517,-10.484636306762695
ipo,reference,945,92,1,0.1174744955395955,-21.477279663085938
ipo,reference,945,92,2,0.28701915732655353,-20.583951950073242
ipo,reference,945,92,3,0.2550596488512942,-20.702003479003906
ipo,reference,945,92,4,0.3404466982825567,-20.41324234008789
ipo,reference,54,93,1,0.06424144638373944,-12.929458618164062
ipo,reference,54,93,2,0.5914681546825986,-10.70949935913086
ipo,reference,54,93,3,0.219609056100355,-11.700258255004883
ipo,reference,54,93,4,0.1246813428333069,-12.266345977783203
ipo,reference,251,93,1,0.25249247479612275,-14.098203659057617
ipo,reference,251,93,2,0.12996405475371947,-14.762327194213867
ipo,reference,251,93,3,0.17376423747482114,-14.471885681152344
ipo,reference,251,93,4,0.4437792329753365,-13.534257888793945
ipo,reference,612,93,1,0.05658745828431291,-19.34657096862793
ipo,reference,612,93,2,0.1463922658447788,-18.396068572998047
ipo,reference,612,93,3,0.4870197585828683,-17.194053649902344
ipo,reference,612,93,4,0.31000051728804007,-17.645784378051758
ipo,reference,737,93,1,0.1555921845092636,-19.658828735351562
ipo,reference,737,93,2,0.5006508924276021,-18.490158081054688
ipo,reference,737,93,3,0.14934698372732969,-19.69979476928711
ipo,reference,737,93,4,0.19440993933580453,-19.436098098754883
ipo,reference,867,93,1,0.3076379058998979,-10.87331771850586
ipo,reference,867,93,2,0.1503322078116941,-11.589393615722656
ipo,reference,867,93,3,0.024771541636528786,-13.392545700073242
ipo,reference,867,93,4,0.5172583446518793,-10.35369873046875
ipo,reference,945,93,1,0.11900414838668943,-21.602262496948242
ipo,reference,945,93,2,0.32848950198814153,-20.586915969848633
ipo,reference,945,93,3,0.23728362645970386,-20.91216468811035
ipo,reference,945,93,4,0.31522272316546535,-20.628141403198242
ipo,reference,54,94,1,0.0985404782563941,-12.62796401977539
ipo,reference,54,94,2,0.5603917691830813,-10.889795303344727
ipo,reference,54,94,3,0.19987787629686415,-11.920724868774414
ipo,reference,54,94,4,0.14118987626366045,-12.268325805664062
ipo,reference,251,94,1,0.22849881511738118,-14.072893142700195
ipo,reference,251,94,2,0.12298147393879615,-14.692390441894531
ipo,reference,251,94,3,0.21918048252485933,-14.11452865600586
ipo,reference,251,94,4,0.42933922841896327,-13.442176818847656
ipo,reference,612,94,1,0.047353335089895074,-19.5353946685791
ipo,reference,612,94,2,0.1696626064904561,-18.259220123291016
ipo,reference,612,94,3,0.548822648140287,-17.085256576538086
ipo,reference,612,94,4,0.23416141027936183,-17.937021255493164
ipo,reference,737,94,1,0.12549394823463045,-19.50883674621582
ipo,reference,737,94,2,0.3688908466656485,-18.430593490600586
ipo,reference,737,94,3,0.2868473283776051,-18.682144165039062
ipo,reference,737,94,4,0.21876787672211603,-18.953083038330078
ipo,reference,867,94,1,0.255274789483611,-10.865842819213867
ipo,reference,867,94,2,0.24969022478484693,-10.887962341308594
ipo,reference,867,94,3,0.03120676878830568,-12.967548370361328
ipo,reference,867,94,4,0.4638282169432363,-10.268669128417969
ipo,reference,945,94,1,0.12143246305011283,-21.682689666748047
ipo,reference,945,94,2,0.3971408315901236,-20.497756958007812
ipo,reference,945,94,3,0.23651348041802478,-21.016042709350586
ipo,reference,945,94,4,0.24491322494173887,-20.981143951416016
ipo,reference,54,95,1,0.05859383683955269,-13.022998809814453
ipo,reference,54,95,2,0.5396272879150922,-10.802749633789062
ipo,reference,54,95,3,0.23463947142544014,-11.635578155517578
ipo,reference,54,95,4,0.167139403819915,-11.974800109863281
ipo,reference,251,95,1,0.25434223066956113,-13.920446395874023
ipo,reference,251,95,2,0.10716927149430613,-14.784717559814453
ipo,reference,251,95,3,0.15815799675136774,-14.395532608032227
ipo,reference,251,95,4,0.480330501084765,-13.284652709960938
ipo,reference,612,95,1,0.03375306531167526,-20.062355041503906
ipo,reference,612,95,2,0.1867185629051331,-18.351823806762695
ipo,reference,612,95,3,0.49600335029826753,-17.37484359741211
ipo,reference,612,95,4,0.2835250214849241,-17.934125900268555
ipo,reference,737,95,1,0.10132371967287121,-19.893417358398438
ipo,reference,737,95,2,0.42348062440259304,-18.46323013305664
ipo,reference,737,95,3,0.18706334285614679,-19.280290603637695
ipo,reference,737,95,4,0.2881323130683889,-18.848318099975586
ipo,reference,867,95,1,0.3465953111352763,-10.52967643737793
ipo,reference,867,95,2,0.18769770752242304,-11.143001556396484
ipo,reference,867,95,3,0.02445471613907449,-13.181011199951172
ipo,reference,867,95,4,0.44125226520322613,-10.288217544555664
ipo,reference,945,95,1,0.21281485733964628,-21.039485931396484
ipo,reference,945,95,2,0.36228172730503866,-20.50748634338379
ipo,reference,945,95,3,0.19509964307956287,-21.12639808654785
ipo,reference,945,95,4,0.22980377227575213,-20.962682723999023
ipo,reference,54,96,1,0.09182125564234304,-12.746166229248047
ipo,reference,54,96,2,0.48795699020272737,-11.075782775878906
ipo,reference,54,96,3,0.23588993365162583,-11.802644729614258
ipo,reference,54,96,4,0.1843318205033038,-12.049272537231445
ipo,reference,251,96,1,0.2173320885900266,-14.171899795532227
ipo,reference,251,96,2,0.1539126557213946,-14.51694107055664
ipo,reference,251,96,3,0.2081056344235987,-14.215280532836914
ipo,reference,251,96,4,0.4206496212649802,-13.511526107788086
ipo,reference,612,96,1,0.016569434189894205,-20.570810317993164
ipo,reference,612,96,2,0.1751995652013479,-18.212444305419922
ipo,reference,612,96,3,0.516225456592074,-17.131826400756836
ipo,reference,612,96,4,0.29200554401668394,-17.701597213745117
ipo,reference,737,96,1,0.13635434826499554,-19.50881004333496
ipo,reference,737,96,2,0.3568249938731847,-18.54682159423828
ipo,reference,737,96,3,0.21815519682448184,-19.038860321044922
ipo,reference,737,96,4,0.28866546103733787,-18.758798599243164
ipo,reference,867,96,1,0.3768428695001744,-10.221765518188477
ipo,reference,867,96,2,0.29362437994431845,-10.471292495727539
ipo,reference,867,96,3,0.02063742334830037,-13.126487731933594
ipo,reference,867,96,4,0.3088953272072068,-10.420591354370117
ipo,reference,945,96,1,0.1965231048360868,-21.228912353515625
ipo,reference,945,96,2,0.4440007788888942,-20.41386604309082
ipo,reference,945,96,3,0.18595541677613753,-21.2841854095459
ipo,reference,945,96,4,0.17352069949888144,-21.353395462036133
ipo,reference,54,97,1,0.053415542464656796,-13.062278747558594
ipo,reference,54,97,2,0.5490195821531587,-10.732246398925781
ipo,reference,54,97,3,0.22178250389912738,-11.638683319091797
ipo,reference,54,97,4,0.1757823714830572,-11.871133804321289
ipo,reference,251,97,1,0.26773537692121513,-14.037881851196289
ipo,reference,251,97,2,0.2142714482604417,-14.260637283325195
ipo,reference,251,97,3,0.1942538651741722,-14.358715057373047
ipo,reference,251,97,4,0.32373930964417097,-13.847942352294922
ipo,reference,612,97,1,0.010359462766445572,-21.133926391601562
ipo,reference,612,97,2,0.1833158218981826,-18.260616302490234
ipo,reference,612,97,3,0.5121898524508602,-17.233131408691406
ipo,reference,612,97,4,0.2941348628845117,-17.78778839111328
ipo,reference,737,97,1,0.14153883827271874,-19.38087272644043
ipo,reference,737,97,2,0.41192528141469564,-18.312604904174805
ipo,reference,737,97,3,0.22475583733186788,-18.918432235717773
ipo,reference,737,97,4,0.22178004298071768,-18.931760787963867
ipo,reference,867,97,1,0.2635291559803096,-10.564956665039062
ipo,reference,867,97,2,0.30731328522898527,-10.411252975463867
ipo,reference,867,97,3,0.020740966201301184,-13.107009887695312
ipo,reference,867,97,4,0.40841659258940377,-10.126832962036133
ipo,reference,945,97,1,0.15352305558177587,-21.443050384521484
ipo,reference,945,97,2,0.47046156458283733,-20.32318687438965
ipo,reference,945,97,3,0.22271616972748112,-21.071002960205078
ipo,reference,945,97,4,0.15329921010790576,-21.444509506225586
ipo,reference,54,98,1,0.04412797596968008,-13.194076538085938
ipo,reference,54,98,2,0.5837719975691655,-10.61166000366211
ipo,reference,54,98,3,0.19554956901517886,-11.70535659790039
ipo,reference,54,98,4,0.17655045744597556,-11.807563781738281
ipo,reference,251,98,1,0.28076588044973205,-14.01327133178711
ipo,reference,251,98,2,0.23391668479085437,-14.19582748413086
ipo,reference,251,98,3,0.18963539382365502,-14.405689239501953
ipo,reference,251,98,4,0.29568204093575856,-13.961507797241211
ipo,reference,612,98,1,0.009916790621782265,-21.452381134033203
ipo,reference,612,98,2,0.2596215303105216,-18.18738555908203
ipo,reference,612,98,3,0.434670647054011,-17.672021865844727
ipo,reference,612,98,4,0.29579103201368523,-18.056957244873047
ipo,reference,737,98,1,0.11689628075822613,-19.447994232177734
ipo,reference,737,98,2,0.3946224291332241,-18.231351852416992
ipo,reference,737,98,3,0.26587803623980477,-18.626243591308594
ipo,reference,737,98,4,0.22260325386874485,-18.803890228271484
ipo,reference,867,98,1,0.2890012437516636,-10.323366165161133
ipo,reference,867,98,2,0.39379617675511647,-10.01396369934082
ipo,reference,867,98,3,0.022711446677615477,-12.866928100585938
ipo,reference,867,98,4,0.2944911328156047,-10.304548263549805
ipo,reference,945,98,1,0.15576397035932904,-21.440982818603516
ipo,reference,945,98,2,0.5603170335669418,-20.16082191467285
ipo,reference,945,98,3,0.15207359348099617,-21.4649600982666
ipo,reference,945,98,4,0.13184540259273284,-21.607694625854492
ipo,reference,54,99,1,0.05477540191119936,-13.180976867675781
ipo,reference,54,99,2,0.44196767774180595,-11.092981338500977
ipo,reference,54,99,3,0.28068055440807843,-11.547000885009766
ipo,reference,54,99,4,0.22257636593891636,-11.778947830200195
ipo,reference,251,99,1,0.3103684699921943,-13.96054458618164
ipo,reference,251,99,2,0.22846625426209605,-14.266916275024414
ipo,reference,251,99,3,0.15783493962961814,-14.636754989624023
ipo,reference,251,99,4,0.3033303361160915,-13.983482360839844
ipo,reference,612,99,1,0.010923102316029531,-21.08448600769043
ipo,reference,612,99,2,0.20852575008501087,-18.135303497314453
ipo,reference,612,99,3,0.46246785245363964,-17.338788986206055
ipo,reference,612,99,4,0.31808329514531997,-17.71305274963379
ipo,reference,737,99,1,0.1186664263986453,-19.471290588378906
ipo,reference,737,99,2,0.3762926798615154,-18.31723976135254
ipo,reference,737,99,3,0.24380277513688292,-18.75124740600586
ipo,reference,737,99,4,0.2612381186029565,-18.682174682617188
ipo,reference,867,99,1,0.24819675204075456,-10.339534759521484
ipo,reference,867,99,2,0.3595900327030461,-9.968791961669922
ipo,reference,867,99,3,0.02405081171384193,-12.673587799072266
ipo,reference,867,99,4,0.3681624035423575,-9.945232391357422
ipo,reference,945,99,1,0.09096155142274226,-22.016633987426758
ipo,reference,945,99,2,0.585413339803049,-20.154752731323242
ipo,reference,945,99,3,0.17644274179942276,-21.354074478149414
ipo,reference,945,99,4,0.147182366974786,-21.535398483276367
ipo,reference,54,100,1,0.058746057957340454,-13.156856536865234
ipo,reference,54,100,2,0.5099812859412567,-10.995706558227539
ipo,reference,54,100,3,0.2135729307617728,-11.86610221862793
ipo,reference,54,100,4,0.21769972533963006,-11.846963882446289
ipo,reference,251,100,1,0.35357337390213234,-13.816459655761719
ipo,reference,251,100,2,0.17473630768981005,-14.521272659301758
ipo,reference,251,100,3,0.18831295226334419,-14.44644546508789
ipo,reference,251,100,4,0.28337736614471337,-14.037771224975586
ipo,reference,612,100,1,0.0077210804376544855,-21.589797973632812
ipo,reference,612,100,2,0.24934473906238452,-18.11491584777832
ipo,reference,612,100,3,0.3905013710010634,-17.66632080078125
ipo,reference,612,100,4,0.3524328094988975,-17.768892288208008
ipo,reference,737,100,1,0.14170009047639595,-19.3416748046875
ipo,reference,737,100,2,0.48974282334242975,-18.10150718688965
ipo,reference,737,100,3,0.2306191411010515,-18.8546199798584
ipo,reference,737,100,4,0.13793794508012264,-19.36858367919922
ipo,reference,867,100,1,0.2581421548532725,-10.493452072143555
ipo,reference,867,100,2,0.3304466789339022,-10.246517181396484
ipo,reference,867,100,3,0.01895485739650161,-13.104902267456055
ipo,reference,867,100,4,0.39245630881632376,-10.07453727722168
ipo,reference,945,100,1,0.13787840130407333,-21.811817169189453
ipo,reference,945,100,2,0.6487068544820165,-20.263208389282227
ipo,reference,945,100,3,0.12076790276090023,-21.944318771362305
ipo,reference,945,100,4,0.09264684145300994,-22.209394454956055
ipo,feedback,54,0,1,0.3712115726937563,-11.455205917358398
ipo,feedback,54,0,2,0.6029922801684683,-10.970073699951172
ipo,feedback,54,0,3,0.013535056151053621,-14.766695022583008
ipo,feedback,54,0,4,0.012261090986721752,-14.865547180175781
ipo,feedback,251,0,1,0.694191099475356,-14.002059936523438
ipo,feedback,251,0,2,0.05016718807243481,-16.629446029663086
ipo,feedback,251,0,3,0.19044195905865974,-15.295459747314453
ipo,feedback,251,0,4,0.06519975339354969,-16.367351531982422
ipo,feedback,612,0,1,0.011528466077837621,-22.023841857910156
ipo,feedback,612,0,2,0.7315963931614523,-17.873432159423828
ipo,feedback,612,0,3,0.23203468246272563,-19.021774291992188
ipo,feedback,612,0,4,0.024840458297984383,-21.256187438964844
ipo,feedback,737,0,1,0.03122719912330496,-21.474811553955078
ipo,feedback,737,0,2,0.07528141785186789,-20.594867706298828
ipo,feedback,737,0,3,0.8825096617860657,-18.133331298828125
ipo,feedback,737,0,4,0.010981721238761349,-22.519868850708008
ipo,feedback,867,0,1,0.09175021384384172,-13.859933853149414
ipo,feedback,867,0,2,0.020779009578621742,-15.345060348510742
ipo,feedback,867,0,3,0.03044524853192668,-14.96307373046875
ipo,feedback,867,0,4,0.8570255280456098,-11.62553596496582
ipo,feedback,945,0,1,0.12281756762231946,-22.115964889526367
ipo,feedback,945,0,2,0.4665705454925932,-20.7812557220459
ipo,feedback,945,0,3,0.06747558918123138,-22.71489906311035
ipo,feedback,945,0,4,0.3431362977038559,-21.088537216186523
ipo,feedback,54,1,1,0.3922672471902045,-11.327642440795898
ipo,feedback,54,1,2,0.5841889400286205,-10.929361343383789
ipo,feedback,54,1,3,0.014423213538459106,-14.630746841430664
ipo,feedback,54,1,4,0.009120599242715915,-15.08905029296875
ipo,feedback,251,1,1,0.7094744740640836,-13.67184066772461
ipo,feedback,251,1,2,0.016341310227913304,-17.442668914794922
ipo,feedback,251,1,3,0.1739388276266215,-15.077661514282227
ipo,feedback,251,1,4,0.10024538808138161,-15.628744125366211
ipo,feedback,612,1,1,0.001865117812468307,-24.121450424194336
ipo,feedback,612,1,2,0.8618569425814431,-17.985685348510742
ipo,feedback,612,1,3,0.09118119504742202,-20.23192596435547
ipo,feedback,612,1,4,0.04509674455866656,-20.935964584350586
ipo,feedback,737,1,1,0.018057961167928707,-22.143455505371094
ipo,feedback,737,1,2,0.13608115202977897,-20.123790740966797
ipo,feedback,737,1,3,0.8244821967729917,-18.32228660583496
ipo,feedback,737,1,4,0.02137869002930071,-21.974647521972656
ipo,feedback,867,1,1,0.12028607923279129,-13.273859024047852
ipo,feedback,867,1,2,0.01620614724609333,-15.278341293334961
ipo,feedback,867,1,3,0.010261680321475893,-15.735315322875977
ipo,feedback,867,1,4,0.8532460931996394,-11.31468391418457
ipo,feedback,945,1,1,0.16823807671173482,-21.960407257080078
ipo,feedback,945,1,2,0.5281816372034844,-20.816347122192383
ipo,feedback,945,1,3,0.1002275792678666,-22.478343963623047
ipo,feedback,945,1,4,0.2033527068169141,-21.770845413208008
ipo,feedback,54,2,1,0.3193498019580129,-11.706550598144531
ipo,feedback,54,2,2,0.6376713400161658,-11.0150146484375
ipo,feedback,54,2,3,0.03146841536593265,-14.023853302001953
ipo,feedback,54,2,4,0.011510442659888733,-15.029582977294922
ipo,feedback,251,2,1,0.6054212794776686,-14.001550674438477
ipo,feedback,251,2,2,0.02301599039929161,-17.271286010742188
ipo,feedback,251,2,3,0.25103815764913096,-14.88187026977539
ipo,feedback,251,2,4,0.12052457247390881,-15.615621566772461
ipo,feedback,612,2,1,0.0020964858802408953,-24.72954559326172
ipo,feedback,612,2,2,0.7805117730329357,-18.809858322143555
ipo,feedback,612,2,3,0.029242838747340297,-22.094173431396484
ipo,feedback,612,2,4,0.18814890233948298,-20.232574462890625
ipo,feedback,737,2,1,0.00945540101636641,-22.90800666809082
ipo,feedback,737,2,2,0.31099679348587445,-19.414810180664062
ipo,feedback,737,2,3,0.6589669184374599,-18.66391944885254
ipo,feedback,737,2,4,0.020580887060299143,-22.130229949951172
ipo,feedback,867,2,1,0.1365436657718369,-13.093793869018555
ipo,feedback,867,2,2,0.01541935783828334,-15.27481460571289
ipo,feedback,867,2,3,0.0045548595975416755,-16.494243621826172
ipo,feedback,867,2,4,0.8434821167923381,-11.272899627685547
ipo,feedback,945,2,1,0.14631377785424055,-22.08586311340332
ipo,feedback,945,2,2,0.6043671635785787,-20.667434692382812
ipo,feedback,945,2,3,0.14290752222454592,-22.109418869018555
ipo,feedback,945,2,4,0.10641153634263481,-22.4043025970459
ipo,feedback,54,3,1,0.13621886528956872,-12.165328979492188
ipo,feedback,54,3,2,0.8136331590751837,-10.378082275390625
ipo,feedback,54,3,3,0.03941433608987455,-13.405462265014648
ipo,feedback,54,3,4,0.010733639545373033,-14.706209182739258
ipo,feedback,251,3,1,0.48521604513558086,-14.16465950012207
ipo,feedback,251,3,2,0.012217084793641017,-17.846418380737305
ipo,feedback,251,3,3,0.32718586002312877,-14.558725357055664
ipo,feedback,251,3,4,0.17538101004764936,-15.182292938232422
ipo,feedback,612,3,1,0.002826360386596774,-24.600250244140625
ipo,feedback,612,3,2,0.5695836378418782,-19.294334411621094
ipo,feedback,612,3,3,0.020206148677660893,-22.63325309753418
ipo,feedback,612,3,4,0.4073838530938642,-19.629484176635742
ipo,feedback,737,3,1,0.00867470530439823,-23.459075927734375
ipo,feedback,737,3,2,0.4596467922709971,-19.489028930664062
ipo,feedback,737,3,3,0.461664124810528,-19.484649658203125
ipo,feedback,737,3,4,0.07001437761407667,-21.370786666870117
ipo,feedback,867,3,1,0.28327284274472425,-12.267566680908203
ipo,feedback,867,3,2,0.017117312040351895,-15.07388687133789
ipo,feedback,867,3,3,0.0028859636805423743,-16.85411834716797
ipo,feedback,867,3,4,0.6967238815343814,-11.36758804321289
ipo,feedback,945,3,1,0.1355343321563396,-22.0433406829834
ipo,feedback,945,3,2,0.6213377078527575,-20.52069091796875
ipo,feedback,945,3,3,0.15382501818315586,-21.916749954223633
ipo,feedback,945,3,4,0.08930294180774698,-22.46053123474121
ipo,feedback,54,4,1,0.09000165845626805,-12.653993606567383
ipo,feedback,54,4,2,0.8313880109201137,-10.43072509765625
ipo,feedback,54,4,3,0.06312485922606796,-13.008707046508789
ipo,feedback,54,4,4,0.015485471397550373,-14.413919448852539
ipo,feedback,251,4,1,0.3857603772036204,-14.581989288330078
ipo,feedback,251,4,2,0.024022899341805435,-17.358198165893555
ipo,feedback,251,4,3,0.4316489458276639,-14.469593048095703
ipo,feedback,251,4,4,0.15856777762691027,-15.471023559570312
ipo,feedback,612,4,1,0.004537868604421503,-24.056100845336914
ipo,feedback,612,4,2,0.37438901863468066,-19.64326286315918
ipo,feedback,612,4,3,0.017603770315825065,-22.7004451751709
ipo,feedback,612,4,4,0.6034693424450728,-19.165863037109375
ipo,feedback,737,4,1,0.014567621996253931,-22.891233444213867
ipo,feedback,737,4,2,0.5198116134610459,-19.31656837463379
ipo,feedback,737,4,3,0.36687267371450366,-19.665019989013672
ipo,feedback,737,4,4,0.09874809082819644,-20.977462768554688
ipo,feedback,867,4,1,0.5180284147606872,-11.55638313293457
ipo,feedback,867,4,2,0.019930171945189826,-14.814178466796875
ipo,feedback,867,4,3,0.002398101148341531,-16.93173599243164
ipo,feedback,867,4,4,0.4596433121457815,-11.675962448120117
ipo,feedback,945,4,1,0.18680811981432255,-21.61789321899414
ipo,feedback,945,4,2,0.5905049776744327,-20.466997146606445
ipo,feedback,945,4,3,0.13712320093146393,-21.927095413208008
ipo,feedback,945,4,4,0.0855637015797808,-22.398714065551758
ipo,feedback,54,5,1,0.128879006426904,-12.680900573730469
ipo,feedback,54,5,2,0.7045778127401935,-10.982175827026367
ipo,feedback,54,5,3,0.14261905579259662,-12.579597473144531
ipo,feedback,54,5,4,0.023924125040306044,-14.364887237548828
ipo,feedback,251,5,1,0.43076901740144974,-14.440397262573242
ipo,feedback,251,5,2,0.016044606414503938,-17.7305965423584
ipo,feedback,251,5,3,0.3795408458330044,-14.567007064819336
ipo,feedback,251,5,4,0.17364553035104177,-15.348953247070312
ipo,feedback,612,5,1,0.01675920174885014,-23.028114318847656
ipo,feedback,612,5,2,0.3954245963725181,-19.867101669311523
ipo,feedback,612,5,3,0.02186746053688055,-22.762062072753906
ipo,feedback,612,5,4,0.5659487413417512,-19.50855827331543
ipo,feedback,737,5,1,0.014164805235739727,-23.137380599975586
ipo,feedback,737,5,2,0.6212015687709418,-19.35648536682129
ipo,feedback,737,5,3,0.25971164366381905,-20.22856903076172
ipo,feedback,737,5,4,0.10492198232949954,-21.134923934936523
ipo,feedback,867,5,1,0.6343297613246592,-10.948627471923828
ipo,feedback,867,5,2,0.03300336834840547,-13.904586791992188
ipo,feedback,867,5,3,0.0022569995736629682,-16.587160110473633
ipo,feedback,867,5,4,0.3304098707532724,-11.600862503051758
ipo,feedback,945,5,1,0.14439273032660183,-21.826074600219727
ipo,feedback,945,5,2,0.5990645589613002,-20.403242111206055
ipo,feedback,945,5,3,0.21816982513443361,-21.41333770751953
ipo,feedback,945,5,4,0.03837288557766434,-23.151260375976562
ipo,feedback,54,6,1,0.06394345911931132,-12.931329727172852
ipo,feedback,54,6,2,0.8177342856251977,-10.382791519165039
ipo,feedback,54,6,3,0.09713256650802564,-12.513252258300781
ipo,feedback,54,6,4,0.021189688747465307,-14.03581428527832
ipo,feedback,251,6,1,0.4746838352862943,-14.203201293945312
ipo,feedback,251,6,2,0.011692214087461785,-17.90692710876465
ipo,feedback,251,6,3,0.3565179370658211,-14.489465713500977
ipo,feedback,251,6,4,0.15710601356042286,-15.308929443359375
ipo,feedback,612,6,1,0.04143986893139131,-22.436569213867188
ipo,feedback,612,6,2,0.4401151529155864,-20.073776245117188
ipo,feedback,612,6,3,0.025670990990819886,-22.915451049804688
ipo,feedback,612,6,4,0.4927739871622024,-19.96076202392578
ipo,feedback,737,6,1,0.021485535114544735,-22.707870483398438
ipo,feedback,737,6,2,0.7638310637143831,-19.136903762817383
ipo,feedback,737,6,3,0.13136706961613015,-20.897254943847656
ipo,feedback,737,6,4,0.08331633155494199,-21.35260581970215
ipo,feedback,867,6,1,0.8048547045418445,-9.97365951538086
ipo,feedback,867,6,2,0.027195365316786912,-13.361274719238281
ipo,feedback,867,6,3,0.0007290645758350493,-16.980314254760742
ipo,feedback,867,6,4,0.16722086556553356,-11.545005798339844
ipo,feedback,945,6,1,0.1956005649708597,-21.29547882080078
ipo,feedback,945,6,2,0.6089828647501334,-20.15976333618164
ipo,feedback,945,6,3,0.16960233088250085,-21.43809700012207
ipo,feedback,945,6,4,0.02581423939650616,-23.320627212524414
ipo,feedback,54,7,1,0.019271575130849154,-13.777975082397461
ipo,feedback,54,7,2,0.826977060008725,-10.018829345703125
ipo,feedback,54,7,3,0.13216435453624806,-11.852560043334961
ipo,feedback,54,7,4,0.02158701032417795,-13.664514541625977
ipo,feedback,251,7,1,0.3356441689903732,-14.43027114868164
ipo,feedback,251,7,2,0.010300333808309718,-17.914146423339844
ipo,feedback,251,7,3,0.5129396391861276,-14.00616455078125
ipo,feedback,251,7,4,0.14111585801518942,-15.296741485595703
ipo,feedback,612,7,1,0.04647638197436401,-22.088775634765625
ipo,feedback,612,7,2,0.2886627914247645,-20.262460708618164
ipo,feedback,612,7,3,0.014959348238489024,-23.222383499145508
ipo,feedback,612,7,4,0.6499014783623824,-19.450899124145508
ipo,feedback,737,7,1,0.02480710556139037,-22.849491119384766
ipo,feedback,737,7,2,0.6907888130693157,-19.52278709411621
ipo,feedback,737,7,3,0.06733438349026626,-21.850950241088867
ipo,feedback,737,7,4,0.21706969787902747,-20.680402755737305
ipo,feedback,867,7,1,0.7997044020108233,-9.670095443725586
ipo,feedback,867,7,2,0.06817255040539752,-12.132295608520508
ipo,feedback,867,7,3,0.0012595262927945735,-16.12360191345215
ipo,feedback,867,7,4,0.13086352129098447,-11.480182647705078
ipo,feedback,945,7,1,0.32209433566185536,-20.52402114868164
ipo,feedback,945,7,2,0.5019064028897487,-20.08045196533203
ipo,feedback,945,7,3,0.15737255961419536,-21.240249633789062
ipo,feedback,945,7,4,0.018626701834200666,-23.374269485473633
ipo,feedback,54,8,1,0.007706962327333147,-14.107576370239258
ipo,feedback,54,8,2,0.8938962984084569,-9.354110717773438
ipo,feedback,54,8,3,0.07474408450202612,-11.835630416870117
ipo,feedback,54,8,4,0.02365265476218375,-12.986225128173828
ipo,feedback,251,8,1,0.22473289755576195,-15.016805648803711
ipo,feedback,251,8,2,0.02044951145104342,-17.413759231567383
ipo,feedback,251,8,3,0.5744943295586251,-14.078227996826172
ipo,feedback,251,8,4,0.18032326143456948,-15.236967086791992
ipo,feedback,612,8,1,0.13765456084256822,-21.083133697509766
ipo,feedback,612,8,2,0.20703493500240566,-20.67499351501465
ipo,feedback,612,8,3,0.025354489887563645,-22.774925231933594
ipo,feedback,612,8,4,0.6299560142674625,-19.562231063842773
ipo,feedback,737,8,1,0.05690232926500062,-21.99443244934082
ipo,feedback,737,8,2,0.7796924320935157,-19.376869201660156
ipo,feedback,737,8,3,0.06000736951478138,-21.941301345825195
ipo,feedback,737,8,4,0.10339786912670224,-21.397184371948242
ipo,feedback,867,8,1,0.8034541416023622,-9.51042366027832
ipo,feedback,867,8,2,0.0984504098913936,-11.609790802001953
ipo,feedback,867,8,3,0.0029255977391803405,-15.125844955444336
ipo,feedback,867,8,4,0.09516985076706386,-11.643680572509766
ipo,feedback,945,8,1,0.30698256473461066,-20.443544387817383
ipo,feedback,945,8,2,0.4873736964649093,-19.981304168701172
ipo,feedback,945,8,3,0.1943514563762065,-20.900667190551758
ipo,feedback,945,8,4,0.011292282424273575,-23.7462158203125
ipo,feedback,54,9,1,0.0026445830282324986,-15.063520431518555
ipo,feedback,54,9,2,0.8485253535034355,-9.292533874511719
ipo,feedback,54,9,3,0.11791032436843414,-11.266109466552734
ipo,feedback,54,9,4,0.030919739099897835,-12.604639053344727
ipo,feedback,251,9,1,0.12997283933721657,-15.492073059082031
ipo,feedback,251,9,2,0.039987956581966334,-16.670820236206055
ipo,feedback,251,9,3,0.5509995085340754,-14.047664642333984
ipo,feedback,251,9,4,0.2790396955467417,-14.728044509887695
ipo,feedback,612,9,1,0.09140894353159448,-20.995498657226562
ipo,feedback,612,9,2,0.1305629379744043,-20.638986587524414
ipo,feedback,612,9,3,0.061886494467634154,-21.385540008544922
ipo,feedback,612,9,4,0.716141624026367,-18.93696403503418
ipo,feedback,737,9,1,0.05385111367860926,-22.023054122924805
ipo,feedback,737,9,2,0.7318762453613995,-19.413665771484375
ipo,feedback,737,9,3,0.05741842883769143,-21.958911895751953
ipo,feedback,737,9,4,0.15685421212229983,-20.953960418701172
ipo,feedback,867,9,1,0.7164279618938189,-9.322864532470703
ipo,feedback,867,9,2,0.1996762768279014,-10.600444793701172
ipo,feedback,867,9,3,0.0042701074811425975,-14.445503234863281
ipo,feedback,867,9,4,0.07962565379713711,-11.519805908203125
ipo,feedback,945,9,1,0.5565591200441227,-19.36040687561035
ipo,feedback,945,9,2,0.30124611105387394,-19.974252700805664
ipo,feedback,945,9,3,0.1296629780280543,-20.817241668701172
ipo,feedback,945,9,4,0.012531790873949174,-23.153911590576172
ipo,feedback,54,10,1,0.001957612981261194,-15.470605850219727
ipo,feedback,54,10,2,0.8146001598424026,-9.439634323120117
ipo,feedback,54,10,3,0.15061174426445556,-11.127626419067383
ipo,feedback,54,10,4,0.03283048291188054,-12.65097427368164
ipo,feedback,251,10,1,0.19126380285185063,-15.188516616821289
ipo,feedback,251,10,2,0.06364637444500412,-16.288827896118164
ipo,feedback,251,10,3,0.44175211656055646,-14.351421356201172
ipo,feedback,251,10,4,0.3033377061425889,-14.727323532104492
ipo,feedback,612,10,1,0.26550954036244956,-19.267179489135742
ipo,feedback,612,10,2,0.04410799950031834,-21.06218910217285
ipo,feedback,612,10,3,0.07762115910365175,-20.496990203857422
ipo,feedback,612,10,4,0.6127613010335804,-18.43085479736328
ipo,feedback,737,10,1,0.04750343671966347,-22.040477752685547
ipo,feedback,737,10,2,0.5410391959597516,-19.6077880859375
ipo,feedback,737,10,3,0.06436906502066889,-21.73664665222168
ipo,feedback,737,10,4,0.3470883022999159,-20.051700592041016
ipo,feedback,867,10,1,0.5675834378428598,-9.583608627319336
ipo,feedback,867,10,2,0.3246891951612223,-10.142127990722656
ipo,feedback,867,10,3,0.005854569230100706,-14.157773971557617
ipo,feedback,867,10,4,0.10187279776581716,-11.301271438598633
ipo,feedback,945,10,1,0.5765282936991293,-19.369457244873047
ipo,feedback,945,10,2,0.22035629876665647,-20.331235885620117
ipo,feedback,945,10,3,0.18461743862634547,-20.508195877075195
ipo,feedback,945,10,4,0.0184979689078688,-22.808820724487305
ipo,feedback,54,11,1,0.0021308153697674657,-15.509349822998047
ipo,feedback,54,11,2,0.7351618486350027,-9.665763854980469
ipo,feedback,54,11,3,0.21332249104824363,-10.90304946899414
ipo,feedback,54,11,4,0.049384844946986445,-12.3662109375
ipo,feedback,251,11,1,0.13217682284221413,-15.406116485595703
ipo,feedback,251,11,2,0.06965096253073709,-16.04676055908203
ipo,feedback,251,11,3,0.6192667023645871,-13.86172103881836
ipo,feedback,251,11,4,0.1789055122624616,-15.103399276733398
ipo,feedback,612,11,1,0.4708883086227631,-18.459571838378906
ipo,feedback,612,11,2,0.027504088719513462,-21.29985809326172
ipo,feedback,612,11,3,0.11061718682690176,-19.908117294311523
ipo,feedback,612,11,4,0.39099041583082167,-18.645509719848633
ipo,feedback,737,11,1,0.10110057464215026,-21.113615036010742
ipo,feedback,737,11,2,0.6505162489613063,-19.251964569091797
ipo,feedback,737,11,3,0.05766341344484111,-21.675107955932617
ipo,feedback,737,11,4,0.1907197629517023,-20.478925704956055
ipo,feedback,867,11,1,0.3324673716822851,-10.2308349609375
ipo,feedback,867,11,2,0.44355010334899403,-9.94256591796875
ipo,feedback,867,11,3,0.012594144923692253,-13.504144668579102
ipo,feedback,867,11,4,0.21138838004502875,-10.683679580688477
ipo,feedback,945,11,1,0.8001254519143879,-18.298200607299805
ipo,feedback,945,11,2,0.10060155967003852,-20.371801376342773
ipo,feedback,945,11,3,0.08760677038571722,-20.51011085510254
ipo,feedback,945,11,4,0.011666218029856599,-22.52627182006836
ipo,feedback,54,12,1,0.0020531797090996896,-15.589136123657227
ipo,feedback,54,12,2,0.7630314820213886,-9.671226501464844
ipo,feedback,54,12,3,0.17771722343272628,-11.128332138061523
ipo,feedback,54,12,4,0.057198114836785365,-12.262004852294922
ipo,feedback,251,12,1,0.17093609681482402,-15.244985580444336
ipo,feedback,251,12,2,0.05813844698403481,-16.323448181152344
ipo,feedback,251,12,3,0.5784800656824959,-14.025871276855469
ipo,feedback,251,12,4,0.19244539051864534,-15.126462936401367
ipo,feedback,612,12,1,0.25032176929904726,-18.819000244140625
ipo,feedback,612,12,2,0.0430622114973466,-20.5791015625
ipo,feedback,612,12,3,0.24611160602874457,-18.835962295532227
ipo,feedback,612,12,4,0.4605044131748617,-18.20942497253418
ipo,feedback,737,12,1,0.09131417754247445,-21.428056716918945
ipo,feedback,737,12,2,0.7786066541496182,-19.28485679626465
ipo,feedback,737,12,3,0.04487614819954754,-22.138456344604492
ipo,feedback,737,12,4,0.08520302010835995,-21.497325897216797
ipo,feedback,867,12,1,0.292824496356476,-10.72642707824707
ipo,feedback,867,12,2,0.33196998430835967,-10.600955963134766
ipo,feedback,867,12,3,0.022094141888244427,-13.310688018798828
ipo,feedback,867,12,4,0.3531113774469199,-10.539216995239258
ipo,feedback,945,12,1,0.533982033655814,-19.714630126953125
ipo,feedback,945,12,2,0.181714625577846,-20.79255485534668
ipo,feedback,945,12,3,0.26821178532504264,-20.403215408325195
ipo,feedback,945,12,4,0.01609155544129751,-23.216697692871094
ipo,feedback,54,13,1,0.0042699810242354036,-15.117364883422852
ipo,feedback,54,13,2,0.7486485831900856,-9.950704574584961
ipo,feedback,54,13,3,0.17714225094997443,-11.392021179199219
ipo,feedback,54,13,4,0.06993918483570452,-12.321348190307617
ipo,feedback,251,13,1,0.07172330278981447,-16.296314239501953
ipo,feedback,251,13,2,0.12192984160905877,-15.765684127807617
ipo,feedback,251,13,3,0.6790357290861219,-14.048456192016602
ipo,feedback,251,13,4,0.12731112651500479,-15.722496032714844
ipo,feedback,612,13,1,0.28844226490279345,-17.89594841003418
ipo,feedback,612,13,2,0.0163962995839795,-20.76338768005371
ipo,feedback,612,13,3,0.3521217189785664,-17.69646644592285
ipo,feedback,612,13,4,0.3430397165346606,-17.722597122192383
ipo,feedback,737,13,1,0.08044678551433154,-21.51142120361328
ipo,feedback,737,13,2,0.7307839808457132,-19.304899215698242
ipo,feedback,737,13,3,0.05548798289893899,-21.882850646972656
ipo,feedback,737,13,4,0.13328125074101632,-21.006555557250977
ipo,feedback,867,13,1,0.19468700335289324,-10.917659759521484
ipo,feedback,867,13,2,0.4273878478778536,-10.13136100769043
ipo,feedback,867,13,3,0.009253383543203212,-13.96406364440918
ipo,feedback,867,13,4,0.36867176522604994,-10.279146194458008
ipo,feedback,945,13,1,0.27243798669913305,-20.855026245117188
ipo,feedback,945,13,2,0.2821932336509758,-20.81984519958496
ipo,feedback,945,13,3,0.4311937461351257,-20.3958797454834
ipo,feedback,945,13,4,0.014175033514765636,-23.810955047607422
ipo,feedback,54,14,1,0.0019964448465688007,-15.667016983032227
ipo,feedback,54,14,2,0.7427652840504694,-9.748004913330078
ipo,feedback,54,14,3,0.1860630476048037,-11.132299423217773
ipo,feedback,54,14,4,0.06917522349815818,-12.121742248535156
ipo,feedback,251,14,1,0.03200691016137891,-17.08001708984375
ipo,feedback,251,14,2,0.18316023726541883,-15.335607528686523
ipo,feedback,251,14,3,0.7064854707828493,-13.985666275024414
ipo,feedback,251,14,4,0.07834738179035292,-16.184816360473633
ipo,feedback,612,14,1,0.1552731765769451,-18.427621841430664
ipo,feedback,612,14,2,0.02153595869162706,-20.40308380126953
ipo,feedback,612,14,3,0.41416684978986945,-17.4465389251709
ipo,feedback,612,14,4,0.4090240149415583,-17.459033966064453
ipo,feedback,737,14,1,0.06429893698634681,-21.50888442993164
ipo,feedback,737,14,2,0.7765868867960521,-19.017518997192383
ipo,feedback,737,14,3,0.038624697942589395,-22.018535614013672
ipo,feedback,737,14,4,0.1204894782750117,-20.8808650970459
ipo,feedback,867,14,1,0.1265782802379388,-11.279321670532227
ipo,feedback,867,14,2,0.39432645794193627,-10.143003463745117
ipo,feedback,867,14,3,0.015189501659700079,-13.399578094482422
ipo,feedback,867,14,4,0.4639057601604249,-9.980501174926758
ipo,feedback,945,14,1,0.27542853985159965,-20.798913955688477
ipo,feedback,945,14,2,0.2661583156914266,-20.83315086364746
ipo,feedback,945,14,3,0.41453559862001294,-20.39008331298828
ipo,feedback,945,14,4,0.04387754583696077,-22.635839462280273
ipo,feedback,54,15,1,0.003208393664514857,-15.066946029663086
ipo,feedback,54,15,2,0.7797642877428804,-9.573724746704102
ipo,feedback,54,15,3,0.11410712037924299,-11.49557876586914
ipo,feedback,54,15,4,0.10292019821336171,-11.598762512207031
ipo,feedback,251,15,1,0.03385130916905851,-16.969093322753906
ipo,feedback,251,15,2,0.15596719138213144,-15.441425323486328
ipo,feedback,251,15,3,0.7373515550286713,-13.888006210327148
ipo,feedback,251,15,4,0.07282994442013867,-16.202943801879883
ipo,feedback,612,15,1,0.28665218239589807,-18.35903549194336
ipo,feedback,612,15,2,0.05869647984652316,-19.94492530822754
ipo,feedback,612,15,3,0.3195836204509896,-18.250286102294922
ipo,feedback,612,15,4,0.3350677173065892,-18.202972412109375
ipo,feedback,737,15,1,0.07049563401589025,-21.30990219116211
ipo,feedback,737,15,2,0.7205285640709765,-18.9854679107666
ipo,feedback,737,15,3,0.038602273368105434,-21.912141799926758
ipo,feedback,737,15,4,0.1703735285450277,-20.427459716796875
ipo,feedback,867,15,1,0.0887011375022062,-11.696378707885742
ipo,feedback,867,15,2,0.3821836387885327,-10.235750198364258
ipo,feedback,867,15,3,0.014909392553833833,-13.479660034179688
ipo,feedback,867,15,4,0.5142058311554273,-9.939027786254883
ipo,feedback,945,15,1,0.1247640167481592,-21.545928955078125
ipo,feedback,945,15,2,0.3375568419535219,-20.55061912536621
ipo,feedback,945,15,3,0.5151340557911127,-20.127925872802734
ipo,feedback,945,15,4,0.022545085507206308,-23.2568359375
ipo,feedback,54,16,1,0.002091284406377578,-15.467967987060547
ipo,feedback,54,16,2,0.7529819971915152,-9.581705093383789
ipo,feedback,54,16,3,0.15328366443925392,-11.173456192016602
ipo,feedback,54,16,4,0.09164305396285329,-11.687845230102539
ipo,feedback,251,16,1,0.08532710308478922,-16.16561508178711
ipo,feedback,251,16,2,0.1482656007386188,-15.613101959228516
ipo,feedback,251,16,3,0.6383459461869455,-14.153226852416992
ipo,feedback,251,16,4,0.1280613499896464,-15.759597778320312
ipo,feedback,612,16,1,0.22011780475954212,-18.94118881225586
ipo,feedback,612,16,2,0.08828780699129286,-19.85474967956543
ipo,feedback,612,16,3,0.3466038294115577,-18.48716926574707
ipo,feedback,612,16,4,0.3449905588376073,-18.49183464050293
ipo,feedback,737,16,1,0.12005755135763051,-20.960712432861328
ipo,feedback,737,16,2,0.7611265840738993,-19.11388397216797
ipo,feedback,737,16,3,0.026498695902528235,-22.471588134765625
ipo,feedback,737,16,4,0.09231716866594179,-21.223453521728516
ipo,feedback,867,16,1,0.0627204370356731,-11.892148971557617
ipo,feedback,867,16,2,0.28454041559993515,-10.379961013793945
ipo,feedback,867,16,3,0.016631216051526204,-13.219554901123047
ipo,feedback,867,16,4,0.6361079313128657,-9.575468063354492
ipo,feedback,945,16,1,0.07830349135910701,-21.920928955078125
ipo,feedback,945,16,2,0.44823446962359975,-20.176204681396484
ipo,feedback,945,16,3,0.4417804265775764,-20.19070816040039
ipo,feedback,945,16,4,0.03168161243971682,-22.82578468322754
ipo,feedback,54,17,1,0.0021590106754791425,-15.969083786010742
ipo,feedback,54,17,2,0.6408197168505586,-10.275985717773438
ipo,feedback,54,17,3,0.2599988389043049,-11.178056716918945
ipo,feedback,54,17,4,0.0970224335696574,-12.16379165649414
ipo,feedback,251,17,1,0.10130541101378523,-16.01883316040039
ipo,feedback,251,17,2,0.10631082724826846,-15.970605850219727
ipo,feedback,251,17,3,0.4881063160678894,-14.446439743041992
ipo,feedback,251,17,4,0.30427744567005693,-14.91903305053711
ipo,feedback,612,17,1,0.16392269199134823,-19.288230895996094
ipo,feedback,612,17,2,0.1276219763423316,-19.53855323791504
ipo,feedback,612,17,3,0.3746635337065413,-18.461597442626953
ipo,feedback,612,17,4,0.3337917979597789,-18.57710838317871
ipo,feedback,737,17,1,0.12085454058093785,-21.0537052154541
ipo,feedback,737,17,2,0.7375093036574557,-19.245014190673828
ipo,feedback,737,17,3,0.018625533971916686,-22.92375946044922
ipo,feedback,737,17,4,0.12301062178968979,-21.036022186279297
ipo,feedback,867,17,1,0.12318676568906445,-11.469892501831055
ipo,feedback,867,17,2,0.26289041800292634,-10.711856842041016
ipo,feedback,867,17,3,0.013602820626416018,-13.673316955566406
ipo,feedback,867,17,4,0.6003199956815932,-9.886131286621094
ipo,feedback,945,17,1,0.09796508329028487,-21.879148483276367
ipo,feedback,945,17,2,0.4887932200422558,-20.271820068359375
ipo,feedback,945,17,3,0.3719585477902417,-20.54497718811035
ipo,feedback,945,17,4,0.04128314887721781,-22.743305206298828
ipo,feedback,54,18,1,0.001355658906025122,-16.475187301635742
ipo,feedback,54,18,2,0.5486849330208312,-10.47195053100586
ipo,feedback,54,18,3,0.27374489306522765,-11.167278289794922
ipo,feedback,54,18,4,0.1762145150079161,-11.607772827148438
ipo,feedback,251,18,1,0.06301410864393209,-16.571964263916016
ipo,feedback,251,18,2,0.17177300977711107,-15.569149017333984
ipo,feedback,251,18,3,0.4018231841613688,-14.719310760498047
ipo,feedback,251,18,4,0.363389697417588,-14.819847106933594
ipo,feedback,612,18,1,0.11490378451334005,-19.575563430786133
ipo,feedback,612,18,2,0.1412330151439589,-19.369247436523438
ipo,feedback,612,18,3,0.4629015458455797,-18.182144165039062
ipo,feedback,612,18,4,0.28096165449712135,-18.681440353393555
ipo,feedback,737,18,1,0.16325473956482378,-20.90808868408203
ipo,feedback,737,18,2,0.6469473562633052,-19.53113555908203
ipo,feedback,737,18,3,0.04262988482037656,-22.250844955444336
ipo,feedback,737,18,4,0.14716801935149426,-21.011825561523438
ipo,feedback,867,18,1,0.19877058132314332,-11.218420028686523
ipo,feedback,867,18,2,0.2163419958059729,-11.133710861206055
ipo,feedback,867,18,3,0.01576364742170848,-13.752864837646484
ipo,feedback,867,18,4,0.5691237754491753,-10.166473388671875
ipo,feedback,945,18,1,0.08185633274977645,-21.945518493652344
ipo,feedback,945,18,2,0.5610844606805621,-20.020612716674805
ipo,feedback,945,18,3,0.33387653160475883,-20.53971290588379
ipo,feedback,945,18,4,0.023182674964902637,-23.20707893371582
ipo,feedback,54,19,1,0.0014347263522308373,-15.985471725463867
ipo,feedback,54,19,2,0.6710650881682778,-9.837579727172852
ipo,feedback,54,19,3,0.1358800555155128,-11.434673309326172
ipo,feedback,54,19,4,0.19162012996397856,-11.090930938720703
ipo,feedback,251,19,1,0.03718163815240829,-16.698938369750977
ipo,feedback,251,19,2,0.08041204630397501,-15.927589416503906
ipo,feedback,251,19,3,0.23365660375827838,-14.86090087890625
ipo,feedback,251,19,4,0.6487497117853384,-13.839706420898438
ipo,feedback,612,19,1,0.06000472383112669,-20.558517456054688
ipo,feedback,612,19,2,0.18715790322321474,-19.420988082885742
ipo,feedback,612,19,3,0.23406320772300104,-19.197349548339844
ipo,feedback,612,19,4,0.5187741652226575,-18.401472091674805
ipo,feedback,737,19,1,0.14664219989859537,-20.939476013183594
ipo,feedback,737,19,2,0.7665409507685759,-19.28558349609375
ipo,feedback,737,19,3,0.029873140408079313,-22.5305118560791
ipo,feedback,737,19,4,0.05694370892474957,-21.885408401489258
ipo,feedback,867,19,1,0.16880656782472545,-11.333446502685547
ipo,feedback,867,19,2,0.2186495180330034,-11.074729919433594
ipo,feedback,867,19,3,0.015390774805872292,-13.728431701660156
ipo,feedback,867,19,4,0.5971531393363988,-10.070026397705078
ipo,feedback,945,19,1,0.1281388623929465,-21.601991653442383
ipo,feedback,945,19,2,0.5477452928805067,-20.149295806884766
ipo,feedback,945,19,3,0.29670346959776306,-20.762372970581055
ipo,feedback,945,19,4,0.027412375128783795,-23.14411163330078
ipo,feedback,54,20,1,0.0013281013351070852,-16.464542388916016
ipo,feedback,54,20,2,0.614958254149966,-10.326738357543945
ipo,feedback,54,20,3,0.21647675804997543,-11.370809555053711
ipo,feedback,54,20,4,0.16723688646495155,-11.628881454467773
ipo,feedback,251,20,1,0.06354677709648568,-16.3367919921875
ipo,feedback,251,20,2,0.1151541948693966,-15.74229621887207
ipo,feedback,251,20,3,0.10204567819563935,-15.863147735595703
ipo,feedback,251,20,4,0.7192533498384784,-13.910354614257812
ipo,feedback,612,20,1,0.09239687016031445,-20.021337509155273
ipo,feedback,612,20,2,0.128145849390206,-19.69426155090332
ipo,feedback,612,20,3,0.18983682700755516,-19.301265716552734
ipo,feedback,612,20,4,0.5896204534419244,-18.167951583862305
ipo,feedback,737,20,1,0.13782495121753288,-21.211149215698242
ipo,feedback,737,20,2,0.63760007664775,-19.67942237854004
ipo,feedback,737,20,3,0.02879006038802674,-22.777103424072266
ipo,feedback,737,20,4,0.1957849117466904,-20.860116958618164
ipo,feedback,867,20,1,0.24348840133304028,-11.175760269165039
ipo,feedback,867,20,2,0.19604812627239537,-11.39246940612793
ipo,feedback,867,20,3,0.01176121572202692,-14.206022262573242
ipo,feedback,867,20,4,0.5487022566725374,-10.363273620605469
ipo,feedback,945,20,1,0.16989073666157836,-21.380834579467773
ipo,feedback,945,20,2,0.5002956869943243,-20.300790786743164
ipo,feedback,945,20,3,0.2948821298563463,-20.82941436767578
ipo,feedback,945,20,4,0.03493144648775097,-22.962602615356445
ipo,feedback,54,21,1,0.0014088869944454039,-16.37641716003418
ipo,feedback,54,21,2,0.6123423538920718,-10.301925659179688
ipo,feedback,54,21,3,0.15413903734015397,-11.68136215209961
ipo,feedback,54,21,4,0.2321097217733287,-11.27200698852539
ipo,feedback,251,21,1,0.06952309511376721,-16.448625564575195
ipo,feedback,251,21,2,0.3629267834452695,-14.796083450317383
ipo,feedback,251,21,3,0.058841087764989475,-16.61544418334961
ipo,feedback,251,21,4,0.5087090336759738,-14.45840835571289
ipo,feedback,612,21,1,0.07508410171677335,-20.03609848022461
ipo,feedback,612,21,2,0.1298943867650305,-19.487985610961914
ipo,feedback,612,21,3,0.24532317718048385,-18.852130889892578
ipo,feedback,612,21,4,0.5496983343377122,-18.045337677001953
ipo,feedback,737,21,1,0.20858953010082654,-20.801950454711914
ipo,feedback,737,21,2,0.6358797922697171,-19.68730926513672
ipo,feedback,737,21,3,0.0356190916983289,-22.56943702697754
ipo,feedback,737,21,4,0.11991158593112736,-21.35556411743164
ipo,feedback,867,21,1,0.2646429695714732,-10.932703018188477
ipo,feedback,867,21,2,0.21328514620279054,-11.148454666137695
ipo,feedback,867,21,3,0.007577734601946857,-14.485870361328125
ipo,feedback,867,21,4,0.5144941496237894,-10.267900466918945
ipo,feedback,945,21,1,0.26605129182333653,-20.983095169067383
ipo,feedback,945,21,2,0.4427623710000173,-20.473751068115234
ipo,feedback,945,21,3,0.266465187280676,-20.98154067993164
ipo,feedback,945,21,4,0.024721149895969963,-23.3591251373291
ipo,feedback,54,22,1,0.0016510353357545764,-16.18975067138672
ipo,feedback,54,22,2,0.6060266488901914,-10.284229278564453
ipo,feedback,54,22,3,0.14473075620346426,-11.716278076171875
ipo,feedback,54,22,4,0.24759155957058981,-11.179372787475586
ipo,feedback,251,22,1,0.13890478711385187,-15.802526473999023
ipo,feedback,251,22,2,0.5642112014082656,-14.400886535644531
ipo,feedback,251,22,3,0.038203954376334885,-17.09337615966797
ipo,feedback,251,22,4,0.25868005710154757,-15.180723190307617
ipo,feedback,612,22,1,0.11390142804443697,-19.602375030517578
ipo,feedback,612,22,2,0.12375656184410426,-19.519392013549805
ipo,feedback,612,22,3,0.283871690598455,-18.689186096191406
ipo,feedback,612,22,4,0.4784703195130037,-18.1671142578125
ipo,feedback,737,22,1,0.20169374530080406,-20.940664291381836
ipo,feedback,737,22,2,0.5774042220301604,-19.888872146606445
ipo,feedback,737,22,3,0.026254982518310554,-22.97955894470215
ipo,feedback,737,22,4,0.19464705015072503,-20.976226806640625
ipo,feedback,867,22,1,0.2957605715218115,-10.814798355102539
ipo,feedback,867,22,2,0.19763664254769647,-11.217918395996094
ipo,feedback,867,22,3,0.009081449582322711,-14.298114776611328
ipo,feedback,867,22,4,0.49752133634816925,-10.294710159301758
ipo,feedback,945,22,1,0.25661218539729463,-20.983354568481445
ipo,feedback,945,22,2,0.4339196111515177,-20.45806121826172
ipo,feedback,945,22,3,0.27840807327640194,-20.901832580566406
ipo,feedback,945,22,4,0.03106013017478572,-23.094995498657227
ipo,feedback,54,23,1,0.0012525988725760814,-16.624263763427734
ipo,feedback,54,23,2,0.5305656554602336,-10.575540542602539
ipo,feedback,54,23,3,0.2391104695228345,-11.37255859375
ipo,feedback,54,23,4,0.2290712761443557,-11.415451049804688
ipo,feedback,251,23,1,0.3216547135546477,-14.95781135559082
ipo,feedback,251,23,2,0.4832349796168449,-14.550786972045898
ipo,feedback,251,23,3,0.06226338607068084,-16.599916458129883
ipo,feedback,251,23,4,0.13284692075782656,-15.842092514038086
ipo,feedback,612,23,1,0.13870724946497479,-19.512393951416016
ipo,feedback,612,23,2,0.1395508504911181,-19.506330490112305
ipo,feedback,612,23,3,0.3408576505844115,-18.61329460144043
ipo,feedback,612,23,4,0.3808842494594957,-18.50226402282715
ipo,feedback,737,23,1,0.19395660692821257,-20.717689514160156
ipo,feedback,737,23,2,0.5509376983343216,-19.673702239990234
ipo,feedback,737,23,3,0.04949509903078429,-22.083450317382812
ipo,feedback,737,23,4,0.20561059570668147,-20.659339904785156
ipo,feedback,867,23,1,0.40692531932365467,-10.294374465942383
ipo,feedback,867,23,2,0.26412704008698845,-10.726573944091797
ipo,feedback,867,23,3,0.00598481517653692,-14.513778686523438
ipo,feedback,867,23,4,0.32296282541282,-10.525466918945312
ipo,feedback,945,23,1,0.3192570516258554,-20.690505981445312
ipo,feedback,945,23,2,0.32869346893348894,-20.661376953125
ipo,feedback,945,23,3,0.30906942683203625,-20.722936630249023
ipo,feedback,945,23,4,0.04298005260861942,-22.69576644897461
ipo,feedback,54,24,1,0.0016196086046111403,-15.915313720703125
ipo,feedback,54,24,2,0.6671485701948731,-9.894485473632812
ipo,feedback,54,24,3,0.1064226667715309,-11.730079650878906
ipo,feedback,54,24,4,0.2248091544289849,-10.982246398925781
ipo,feedback,251,24,1,0.5762112323664874,-14.19819450378418
ipo,feedback,251,24,2,0.2094834922065055,-15.210023880004883
ipo,feedback,251,24,3,0.05670937070554174,-16.5167293548584
ipo,feedback,251,24,4,0.15759590472146526,-15.494634628295898
ipo,feedback,612,24,1,0.038490097179849,-20.00783348083496
ipo,feedback,612,24,2,0.07617776925088869,-19.325164794921875
ipo,feedback,612,24,3,0.45728898478969454,-17.53291893005371
ipo,feedback,612,24,4,0.4280431487795676,-17.599010467529297
ipo,feedback,737,24,1,0.126812903603239,-21.042720794677734
ipo,feedback,737,24,2,0.5836676671654911,-19.516101837158203
ipo,feedback,737,24,3,0.04716928774335146,-22.03169059753418
ipo,feedback,737,24,4,0.24235014148791853,-20.395050048828125
ipo,feedback,867,24,1,0.24429738336405785,-10.764265060424805
ipo,feedback,867,24,2,0.3225894374908673,-10.486270904541016
ipo,feedback,867,24,3,0.009500954325745287,-14.011259078979492
ipo,feedback,867,24,4,0.4236122248193294,-10.21383285522461
ipo,feedback,945,24,1,0.3553424061418301,-20.198387145996094
ipo,feedback,945,24,2,0.32566221807713724,-20.285608291625977
ipo,feedback,945,24,3,0.24210995163999602,-20.582077026367188
ipo,feedback,945,24,4,0.07688542414103655,-21.72915267944336
ipo,feedback,54,25,1,0.0016612573794977637,-15.928316116333008
ipo,feedback,54,25,2,0.6560464156269218,-9.94965934753418
ipo,feedback,54,25,3,0.15032834812593662,-11.42306900024414
ipo,feedback,54,25,4,0.19196397886764383,-11.178583145141602
ipo,feedback,251,25,1,0.6472329737014678,-13.769262313842773
ipo,feedback,251,25,2,0.08470633417512674,-15.802778244018555
ipo,feedback,251,25,3,0.1032703755252041,-15.604618072509766
ipo,feedback,251,25,4,0.1647903165982013,-15.13729476928711
ipo,feedback,612,25,1,0.03778375808109817,-20.161314010620117
ipo,feedback,612,25,2,0.0969903207257621,-19.218582153320312
ipo,feedback,612,25,3,0.48508945859661795,-17.60886001586914
ipo,feedback,612,25,4,0.3801364625965218,-17.852663040161133
ipo,feedback,737,25,1,0.18760639920567476,-20.670236587524414
ipo,feedback,737,25,2,0.5253549254688292,-19.6405086517334
ipo,feedback,737,25,3,0.05456877784277695,-21.905120849609375
ipo,feedback,737,25,4,0.23246989748271907,-20.455821990966797
ipo,feedback,867,25,1,0.16672995377422475,-10.870523452758789
ipo,feedback,867,25,2,0.38843738711220166,-10.02476692199707
ipo,feedback,867,25,3,0.007667390619522552,-13.949922561645508
ipo,feedback,867,25,4,0.43716526849405113,-9.906587600708008
ipo,feedback,945,25,1,0.4647718277968049,-19.385746002197266
ipo,feedback,945,25,2,0.2305413019058399,-20.086862564086914
ipo,feedback,945,25,3,0.17593370196238464,-20.35718536376953
ipo,feedback,945,25,4,0.1287531683349704,-20.669395446777344
ipo,feedback,54,26,1,0.0006794929561272646,-16.765775680541992
ipo,feedback,54,26,2,0.5385265900279567,-10.090530395507812
ipo,feedback,54,26,3,0.14362783414317906,-11.412141799926758
ipo,feedback,54,26,4,0.317166082872737,-10.619941711425781
ipo,feedback,251,26,1,0.5952953537120298,-13.747795104980469
ipo,feedback,251,26,2,0.04964900322288827,-16.231874465942383
ipo,feedback,251,26,3,0.1492685984416616,-15.131105422973633
ipo,feedback,251,26,4,0.20578704462342037,-14.81001091003418
ipo,feedback,612,26,1,0.020193121083512358,-20.8992977142334
ipo,feedback,612,26,2,0.1245347113919972,-19.080055236816406
ipo,feedback,612,26,3,0.5056066668159594,-17.67888069152832
ipo,feedback,612,26,4,0.34966550070853103,-18.04766273498535
ipo,feedback,737,26,1,0.16862435907050685,-20.57473373413086
ipo,feedback,737,26,2,0.5026153447834825,-19.482582092285156
ipo,feedback,737,26,3,0.08048097973617128,-21.31438636779785
ipo,feedback,737,26,4,0.24827931640983936,-20.18785285949707
ipo,feedback,867,26,1,0.11799864483591767,-11.231639862060547
ipo,feedback,867,26,2,0.3263756720015855,-10.214263916015625
ipo,feedback,867,26,3,0.00947342656425582,-13.753822326660156
ipo,feedback,867,26,4,0.546152256598241,-9.69941520690918
ipo,feedback,945,26,1,0.3813902693672864,-19.45730972290039
ipo,feedback,945,26,2,0.30239414314805013,-19.689401626586914
ipo,feedback,945,26,3,0.17928737375507464,-20.212142944335938
ipo,feedback,945,26,4,0.13692821372958888,-20.48167610168457
ipo,feedback,54,27,1,0.0008704175988040847,-16.644351959228516
ipo,feedback,54,27,2,0.5102835723583645,-10.27060317993164
ipo,feedback,54,27,3,0.15105863727130786,-11.48790168762207
ipo,feedback,54,27,4,0.33778737277152343,-10.68315315246582
ipo,feedback,251,27,1,0.5030398734180165,-14.084403991699219
ipo,feedback,251,27,2,0.051567261185817156,-16.362186431884766
ipo,feedback,251,27,3,0.19797220405186572,-15.016946792602539
ipo,feedback,251,27,4,0.24742066134430077,-14.793983459472656
ipo,feedback,612,27,1,0.014750173240413205,-21.083032608032227
ipo,feedback,612,27,2,0.1074197137211256,-19.097543716430664
ipo,feedback,612,27,3,0.5395937378597296,-17.483470916748047
ipo,feedback,612,27,4,0.33823637517873156,-17.950542449951172
ipo,feedback,737,27,1,0.18361073224161872,-20.546127319335938
ipo,feedback,737,27,2,0.5769113925876397,-19.401256561279297
ipo,feedback,737,27,3,0.04799896105036443,-21.887765884399414
ipo,feedback,737,27,4,0.19147891412037726,-20.504167556762695
ipo,feedback,867,27,1,0.19436785824306826,-10.852045059204102
ipo,feedback,867,27,2,0.33158448588493594,-10.317914962768555
ipo,feedback,867,27,3,0.006703398463562473,-14.219182968139648
ipo,feedback,867,27,4,0.4673442574084333,-9.9747314453125
ipo,feedback,945,27,1,0.39030619632318386,-19.869434356689453
ipo,feedback,945,27,2,0.30433799259494326,-20.118227005004883
ipo,feedback,945,27,3,0.2065583265388362,-20.505783081054688
ipo,feedback,945,27,4,0.09879748454303652,-21.24329376220703
ipo,feedback,54,28,1,0.0010719882709790969,-16.455400466918945
ipo,feedback,54,28,2,0.5438157965992154,-10.22630500793457
ipo,feedback,54,28,3,0.12588910849076856,-11.68951416015625
ipo,feedback,54,28,4,0.3292231066390368,-10.728179931640625
ipo,feedback,251,28,1,0.48828862687006336,-14.12228012084961
ipo,feedback,251,28,2,0.09729220662218495,-15.735467910766602
ipo,feedback,251,28,3,0.2316940054422156,-14.867769241333008
ipo,feedback,251,28,4,0.1827251610655362,-15.105203628540039
ipo,feedback,612,28,1,0.017563494114215147,-21.294157028198242
ipo,feedback,612,28,2,0.2041019218308693,-18.841360092163086
ipo,feedback,612,28,3,0.43657707943513974,-18.08101463317871
ipo,feedback,612,28,4,0.3417575046197759,-18.325878143310547
ipo,feedback,737,28,1,0.17653973194029401,-20.55423927307129
ipo,feedback,737,28,2,0.5902469281070736,-19.347244262695312
ipo,feedback,737,28,3,0.04186433418148998,-21.993350982666016
ipo,feedback,737,28,4,0.19134900577114256,-20.47368621826172
ipo,feedback,867,28,1,0.14585959998225265,-10.91402816772461
ipo,feedback,867,28,2,0.3593263568965673,-10.012441635131836
ipo,feedback,867,28,3,0.008553697899579568,-13.750308990478516
ipo,feedback,867,28,4,0.48626034522160033,-9.709928512573242
ipo,feedback,945,28,1,0.40195346421288985,-19.896583557128906
ipo,feedback,945,28,2,0.325686966165667,-20.106983184814453
ipo,feedback,945,28,3,0.18430731797761973,-20.676315307617188
ipo,feedback,945,28,4,0.08805225164382344,-21.414989471435547
ipo,feedback,54,29,1,0.0030077534338677522,-15.48869514465332
ipo,feedback,54,29,2,0.5932417578120456,-10.204286575317383
ipo,feedback,54,29,3,0.10947736506450169,-11.894170761108398
ipo,feedback,54,29,4,0.29427312368958486,-10.905380249023438
ipo,feedback,251,29,1,0.5839251039917324,-13.886129379272461
ipo,feedback,251,29,2,0.056442853913601335,-16.222673416137695
ipo,feedback,251,29,3,0.18743383647401007,-15.022476196289062
ipo,feedback,251,29,4,0.17219820562065627,-15.107255935668945
ipo,feedback,612,29,1,0.02177631651030821,-21.143138885498047
ipo,feedback,612,29,2,0.2390444027757964,-18.747312545776367
ipo,feedback,612,29,3,0.42265632137472725,-18.17740249633789
ipo,feedback,612,29,4,0.31652295933916813,-18.46656608581543
ipo,feedback,737,29,1,0.15267554410101059,-20.66486930847168
ipo,feedback,737,29,2,0.5624748460577021,-19.360837936401367
ipo,feedback,737,29,3,0.05868454663059632,-21.621007919311523
ipo,feedback,737,29,4,0.2261650632106909,-20.27191925048828
ipo,feedback,867,29,1,0.09563012837299846,-11.282068252563477
ipo,feedback,867,29,2,0.3617465038011041,-9.95161247253418
ipo,feedback,867,29,3,0.007869212054149003,-13.779598236083984
ipo,feedback,867,29,4,0.5347541557717485,-9.560749053955078
ipo,feedback,945,29,1,0.3189531637854332,-20.436216354370117
ipo,feedback,945,29,2,0.4079862151546978,-20.190027236938477
ipo,feedback,945,29,3,0.19210872094185757,-20.943199157714844
ipo,feedback,945,29,4,0.08095190011801152,-21.807405471801758
ipo,feedback,54,30,1,0.003281059241936778,-15.279956817626953
ipo,feedback,54,30,2,0.6440030813545135,-10.000419616699219
ipo,feedback,54,30,3,0.1233333131154314,-11.65323257446289
ipo,feedback,54,30,4,0.22938254628811833,-11.032732009887695
ipo,feedback,251,30,1,0.6039777573488808,-13.729612350463867
ipo,feedback,251,30,2,0.030588944704634278,-16.71251106262207
ipo,feedback,251,30,3,0.20041760535040873,-14.832746505737305
ipo,feedback,251,30,4,0.1650156925960762,-15.027109146118164
ipo,feedback,612,30,1,0.010342909416703887,-21.80733871459961
ipo,feedback,612,30,2,0.2258626334495135,-18.723712921142578
ipo,feedback,612,30,3,0.4538283537464587,-18.025920867919922
ipo,feedback,612,30,4,0.309966103387324,-18.407176971435547
ipo,feedback,737,30,1,0.10395900769371179,-20.755237579345703
ipo,feedback,737,30,2,0.43658569825939636,-19.320249557495117
ipo,feedback,737,30,3,0.07787907665520727,-21.044076919555664
ipo,feedback,737,30,4,0.38157621739168457,-19.454923629760742
ipo,feedback,867,30,1,0.10208563546385466,-11.541339874267578
ipo,feedback,867,30,2,0.3004667257766536,-10.461814880371094
ipo,feedback,867,30,3,0.0037086731133549405,-14.856477737426758
ipo,feedback,867,30,4,0.5937389656461367,-9.780712127685547
ipo,feedback,945,30,1,0.264426271241837,-20.718326568603516
ipo,feedback,945,30,2,0.4395454724004789,-20.210147857666016
ipo,feedback,945,30,3,0.20666136235152224,-20.964807510375977
ipo,feedback,945,30,4,0.0893668940061618,-21.803138732910156
ipo,feedback,54,31,1,0.0022737667205194614,-15.67601203918457
ipo,feedback,54,31,2,0.6313008206621872,-10.049667358398438
ipo,feedback,54,31,3,0.1692789416707911,-11.365901947021484
ipo,feedback,54,31,4,0.19714647094650223,-11.213502883911133
ipo,feedback,251,31,1,0.5171216462164178,-13.707738876342773
ipo,feedback,251,31,2,0.020092788388155355,-16.955656051635742
ipo,feedback,251,31,3,0.28957977011730457,-14.287586212158203
ipo,feedback,251,31,4,0.17320579527812227,-14.801536560058594
ipo,feedback,612,31,1,0.008049194794773683,-22.244400024414062
ipo,feedback,612,31,2,0.3258567389280201,-18.543514251708984
ipo,feedback,612,31,3,0.35263163119791036,-18.464548110961914
ipo,feedback,612,31,4,0.3134624350792959,-18.582292556762695
ipo,feedback,737,31,1,0.1204283430406657,-20.771987915039062
ipo,feedback,737,31,2,0.4430811995133427,-19.469289779663086
ipo,feedback,737,31,3,0.09197089461103304,-21.04157066345215
ipo,feedback,737,31,4,0.34451956283495866,-19.72089195251465
ipo,feedback,867,31,1,0.08922026699720632,-11.494178771972656
ipo,feedback,867,31,2,0.3926451957379632,-10.012380599975586
ipo,feedback,867,31,3,0.0029661740556824745,-14.898014068603516
ipo,feedback,867,31,4,0.515168363209148,-9.740793228149414
ipo,feedback,945,31,1,0.3067167193309821,-20.50411605834961
ipo,feedback,945,31,2,0.4229861900072422,-20.182701110839844
ipo,feedback,945,31,3,0.186312554999883,-21.002614974975586
ipo,feedback,945,31,4,0.08398453566189268,-21.799407958984375
ipo,feedback,54,32,1,0.0023883693175487507,-15.61872673034668
ipo,feedback,54,32,2,0.6271217979719325,-10.048196792602539
ipo,feedback,54,32,3,0.15441737265991465,-11.449678421020508
ipo,feedback,54,32,4,0.2160724600506042,-11.113723754882812
ipo,feedback,251,32,1,0.4315354756730836,-13.790298461914062
ipo,feedback,251,32,2,0.010550304582117295,-17.501493453979492
ipo,feedback,251,32,3,0.2939467224556614,-14.174249649047852
ipo,feedback,251,32,4,0.26396749728913776,-14.281822204589844
ipo,feedback,612,32,1,0.006273991913044251,-22.586231231689453
ipo,feedback,612,32,2,0.2759376126254285,-18.80246925354004
ipo,feedback,612,32,3,0.2555176488300017,-18.879352569580078
ipo,feedback,612,32,4,0.4622707466315255,-18.2864933013916
ipo,feedback,737,32,1,0.11032605454494843,-20.7657470703125
ipo,feedback,737,32,2,0.39973401015906546,-19.4783878326416
ipo,feedback,737,32,3,0.09638220885557944,-20.90086555480957
ipo,feedback,737,32,4,0.39355772644040665,-19.493959426879883
ipo,feedback,867,32,1,0.1002297727282546,-11.472480773925781
ipo,feedback,867,32,2,0.31732827944901976,-10.320009231567383
ipo,feedback,867,32,3,0.0032086588107913274,-14.914093017578125
ipo,feedback,867,32,4,0.5792332890119344,-9.718240737915039
ipo,feedback,945,32,1,0.26828394122848015,-20.684728622436523
ipo,feedback,945,32,2,0.39872685139394076,-20.288497924804688
ipo,feedback,945,32,3,0.27716048693172407,-20.652177810668945
ipo,feedback,945,32,4,0.05582872044585496,-22.254486083984375
ipo,feedback,54,33,1,0.005368400915255979,-15.039850234985352
ipo,feedback,54,33,2,0.6480872039232747,-10.246355056762695
ipo,feedback,54,33,3,0.18446402263798536,-11.502925872802734
ipo,feedback,54,33,4,0.16208037252348392,-11.632287979125977
ipo,feedback,251,33,1,0.2908418561515958,-14.090002059936523
ipo,feedback,251,33,2,0.012741316519664246,-17.217931747436523
ipo,feedback,251,33,3,0.44634404861413046,-13.661691665649414
ipo,feedback,251,33,4,0.2500727787146095,-14.241029739379883
ipo,feedback,612,33,1,0.0038301996632273657,-22.57578468322754
ipo,feedback,612,33,2,0.15336579954236568,-18.885875701904297
ipo,feedback,612,33,3,0.3010171128124152,-18.21153450012207
ipo,feedback,612,33,4,0.5417868879819917,-17.623828887939453
ipo,feedback,737,33,1,0.24796158600374668,-20.25130271911621
ipo,feedback,737,33,2,0.4931239131441997,-19.56381607055664
ipo,feedback,737,33,3,0.06851451763496129,-21.53753089904785
ipo,feedback,737,33,4,0.19039998321709223,-20.51544952392578
ipo,feedback,867,33,1,0.11529260740089198,-11.446966171264648
ipo,feedback,867,33,2,0.28141599849056714,-10.554605484008789
ipo,feedback,867,33,3,0.0021208608421684687,-15.442617416381836
ipo,feedback,867,33,4,0.6011705332663724,-9.795560836791992
ipo,feedback,945,33,1,0.2911182213884025,-20.683698654174805
ipo,feedback,945,33,2,0.35871248010289175,-20.47490692138672
ipo,feedback,945,33,3,0.2512287487405716,-20.831064224243164
ipo,feedback,945,33,4,0.0989405497681342,-21.762908935546875
ipo,feedback,54,34,1,0.00864170351401014,-14.81402587890625
ipo,feedback,54,34,2,0.5779471890534179,-10.611143112182617
ipo,feedback,54,34,3,0.22281126574314772,-11.564300537109375
ipo,feedback,54,34,4,0.1905998416894243,-11.720449447631836
ipo,feedback,251,34,1,0.19645082253817617,-14.436243057250977
ipo,feedback,251,34,2,0.016171219717486415,-16.933422088623047
ipo,feedback,251,34,3,0.4667515898121008,-13.570858001708984
ipo,feedback,251,34,4,0.3206263679322366,-13.946378707885742
ipo,feedback,612,34,1,0.005096297958106649,-22.716386795043945
ipo,feedback,612,34,2,0.3129905507192695,-18.59872817993164
ipo,feedback,612,34,3,0.3203725750892445,-18.575416564941406
ipo,feedback,612,34,4,0.3615405762333793,-18.454526901245117
ipo,feedback,737,34,1,0.21730770463923946,-20.36827850341797
ipo,feedback,737,34,2,0.5034700887816681,-19.52806854248047
ipo,feedback,737,34,3,0.07658336799293983,-21.411212921142578
ipo,feedback,737,34,4,0.2026388385861525,-20.438167572021484
ipo,feedback,867,34,1,0.23744100686930833,-11.00149917602539
ipo,feedback,867,34,2,0.20747770244161182,-11.136394500732422
ipo,feedback,867,34,3,0.0017715444311986511,-15.899566650390625
ipo,feedback,867,34,4,0.5533097462578812,-10.155500411987305
ipo,feedback,945,34,1,0.2726372000692077,-21.023996353149414
ipo,feedback,945,34,2,0.3532355527689349,-20.765003204345703
ipo,feedback,945,34,3,0.2950689931599044,-20.944929122924805
ipo,feedback,945,34,4,0.079058254001953,-22.261953353881836
ipo,feedback,54,35,1,0.010935130927844356,-14.565546035766602
ipo,feedback,54,35,2,0.6031143061686156,-10.555419921875
ipo,feedback,54,35,3,0.21724479749989653,-11.576501846313477
ipo,feedback,54,35,4,0.1687057654036435,-11.829370498657227
ipo,feedback,251,35,1,0.2052423160232168,-14.530557632446289
ipo,feedback,251,35,2,0.022008148282846765,-16.763336181640625
ipo,feedback,251,35,3,0.4366822133692109,-13.775543212890625
ipo,feedback,251,35,4,0.3360673223247256,-14.037437438964844
ipo,feedback,612,35,1,0.008088243361336959,-22.27851676940918
ipo,feedback,612,35,2,0.2891881310310216,-18.70185089111328
ipo,feedback,612,35,3,0.24281027829522298,-18.87664794921875
ipo,feedback,612,35,4,0.45991334731241845,-18.237890243530273
ipo,feedback,737,35,1,0.21588632657439177,-20.19728660583496
ipo,feedback,737,35,2,0.4323282836793679,-19.502853393554688
ipo,feedback,737,35,3,0.1653443514770326,-20.464008331298828
ipo,feedback,737,35,4,0.18644103826920766,-20.343923568725586
ipo,feedback,867,35,1,0.4004183093793837,-10.616254806518555
ipo,feedback,867,35,2,0.1559842481311229,-11.559009552001953
ipo,feedback,867,35,3,0.001716895536242961,-16.068246841430664
ipo,feedback,867,35,4,0.4418805469532504,-10.517724990844727
ipo,feedback,945,35,1,0.2729820313687195,-20.88288688659668
ipo,feedback,945,35,2,0.32222434615463225,-20.717044830322266
ipo,feedback,945,35,3,0.3181734221013661,-20.72969627380371
ipo,feedback,945,35,4,0.08662020037528208,-22.030759811401367
ipo,feedback,54,36,1,0.011538163120469545,-14.557289123535156
ipo,feedback,54,36,2,0.5401761816581158,-10.711053848266602
ipo,feedback,54,36,3,0.2759902609768253,-11.382583618164062
ipo,feedback,54,36,4,0.1722953942445894,-11.853738784790039
ipo,feedback,251,36,1,0.11795696641751202,-14.62702751159668
ipo,feedback,251,36,2,0.029444082231920212,-16.014854431152344
ipo,feedback,251,36,3,0.38066082832391895,-13.455438613891602
ipo,feedback,251,36,4,0.47193812302664884,-13.240499496459961
ipo,feedback,612,36,1,0.009933553737319682,-22.24945640563965
ipo,feedback,612,36,2,0.39982642735160345,-18.554344177246094
ipo,feedback,612,36,3,0.19809158929159829,-19.25664520263672
ipo,feedback,612,36,4,0.39214842961947854,-18.573734283447266
ipo,feedback,737,36,1,0.13032072375306936,-20.551593780517578
ipo,feedback,737,36,2,0.438370577060983,-19.33852767944336
ipo,feedback,737,36,3,0.196035744082376,-20.143295288085938
ipo,feedback,737,36,4,0.23527295510357174,-19.960845947265625
ipo,feedback,867,36,1,0.3439763728221959,-10.408435821533203
ipo,feedback,867,36,2,0.26684721285206325,-10.662332534790039
ipo,feedback,867,36,3,0.0019765054108711873,-15.567678451538086
ipo,feedback,867,36,4,0.38719990891486966,-10.290067672729492
ipo,feedback,945,36,1,0.20342019973042771,-21.18722915649414
ipo,feedback,945,36,2,0.30658787703598583,-20.77699851989746
ipo,feedback,945,36,3,0.3814827365301132,-20.55843734741211
ipo,feedback,945,36,4,0.10850918670347331,-21.8156681060791
ipo,feedback,54,37,1,0.01307277286234928,-14.542341232299805
ipo,feedback,54,37,2,0.458366967721547,-10.98520278930664
ipo,feedback,54,37,3,0.2713057743975654,-11.509626388549805
ipo,feedback,54,37,4,0.25725448501853826,-11.562807083129883
ipo,feedback,251,37,1,0.1105562486633357,-15.021484375
ipo,feedback,251,37,2,0.08499971627122936,-15.284360885620117
ipo,feedback,251,37,3,0.34564664888870206,-13.881591796875
ipo,feedback,251,37,4,0.45879738617673294,-13.598400115966797
ipo,feedback,612,37,1,0.013527709987771204,-22.00735855102539
ipo,feedback,612,37,2,0.3597819226554982,-18.726600646972656
ipo,feedback,612,37,3,0.12436031153743313,-19.788915634155273
ipo,feedback,612,37,4,0.5023300558192976,-18.392841339111328
ipo,feedback,737,37,1,0.14775863122239902,-20.42379379272461
ipo,feedback,737,37,2,0.43585348641732746,-19.34206771850586
ipo,feedback,737,37,3,0.19873997433347765,-20.127376556396484
ipo,feedback,737,37,4,0.2176479080267959,-20.036495208740234
ipo,feedback,867,37,1,0.29701732094708966,-10.221977233886719
ipo,feedback,867,37,2,0.4120626519053414,-9.89459228515625
ipo,feedback,867,37,3,0.0014530418038782229,-15.542108535766602
ipo,feedback,867,37,4,0.2894669853436907,-10.247726440429688
ipo,feedback,945,37,1,0.18632384170197733,-21.439952850341797
ipo,feedback,945,37,2,0.38841519871238434,-20.705364227294922
ipo,feedback,945,37,3,0.34043351728536336,-20.83721923828125
ipo,feedback,945,37,4,0.08482744230027503,-22.22681999206543
ipo,feedback,54,38,1,0.009474978729967153,-14.867450714111328
ipo,feedback,54,38,2,0.38419200923401065,-11.164962768554688
ipo,feedback,54,38,3,0.2914250614186698,-11.441322326660156
ipo,feedback,54,38,4,0.3149079506173523,-11.363824844360352
ipo,feedback,251,38,1,0.16182960932576282,-14.45608901977539
ipo,feedback,251,38,2,0.06513450858927115,-15.366178512573242
ipo,feedback,251,38,3,0.2230143345307398,-14.135396957397461
ipo,feedback,251,38,4,0.5500215475542262,-13.232675552368164
ipo,feedback,612,38,1,0.03466503080213919,-21.356374740600586
ipo,feedback,612,38,2,0.3437416495635299,-19.06221580505371
ipo,feedback,612,38,3,0.09606144249776305,-20.33711814880371
ipo,feedback,612,38,4,0.5255318771365679,-18.6376953125
ipo,feedback,737,38,1,0.14670138348201242,-20.440113067626953
ipo,feedback,737,38,2,0.4373091591719472,-19.347871780395508
ipo,feedback,737,38,3,0.17822314956596688,-20.24547576904297
ipo,feedback,737,38,4,0.23776630778007346,-19.957223892211914
ipo,feedback,867,38,1,0.22956425981145198,-10.456266403198242
ipo,feedback,867,38,2,0.4491984642765389,-9.784984588623047
ipo,feedback,867,38,3,0.0028597182030757873,-14.841726303100586
ipo,feedback,867,38,4,0.3183775577089335,-10.12921142578125
ipo,feedback,945,38,1,0.16696235324717512,-21.4215087890625
ipo,feedback,945,38,2,0.39956351046937943,-20.548904418945312
ipo,feedback,945,38,3,0.34428698091977605,-20.69780158996582
ipo,feedback,945,38,4,0.0891871553636694,-22.048540115356445
ipo,feedback,54,39,1,0.00809728353986169,-14.965450286865234
ipo,feedback,54,39,2,0.39862328764967625,-11.068962097167969
ipo,feedback,54,39,3,0.23888663030423926,-11.580989837646484
ipo,feedback,54,39,4,0.3543927985062228,-11.186573028564453
ipo,feedback,251,39,1,0.22648250801863873,-14.193391799926758
ipo,feedback,251,39,2,0.082412464990853,-15.204322814941406
ipo,feedback,251,39,3,0.12346518185742228,-14.800100326538086
ipo,feedback,251,39,4,0.5676398451330861,-13.274572372436523
ipo,feedback,612,39,1,0.02646310088803259,-21.30820655822754
ipo,feedback,612,39,2,0.2479250797533367,-19.070831298828125
ipo,feedback,612,39,3,0.09479349810375441,-20.032257080078125
ipo,feedback,612,39,4,0.6308183212548762,-18.136940002441406
ipo,feedback,737,39,1,0.1704771119501952,-20.28288459777832
ipo,feedback,737,39,2,0.34430952477439924,-19.579944610595703
ipo,feedback,737,39,3,0.21796246388887947,-20.03716278076172
ipo,feedback,737,39,4,0.26725089938652613,-19.833297729492188
ipo,feedback,867,39,1,0.2022209314701438,-10.6026611328125
ipo,feedback,867,39,2,0.3988634654331224,-9.923402786254883
ipo,feedback,867,39,3,0.007522072172334774,-13.894180297851562
ipo,feedback,867,39,4,0.39139353092439894,-9.94230842590332
ipo,feedback,945,39,1,0.21162492151293782,-21.039936065673828
ipo,feedback,945,39,2,0.3703875219103737,-20.480201721191406
ipo,feedback,945,39,3,0.24105023727851743,-20.909746170043945
ipo,feedback,945,39,4,0.17693731929817105,-21.218955993652344
ipo,feedback,54,40,1,0.009881550567153508,-14.929119110107422
ipo,feedback,54,40,2,0.35554047801463656,-11.346149444580078
ipo,feedback,54,40,3,0.2518247103682745,-11.691055297851562
ipo,feedback,54,40,4,0.3827532610499355,-11.272397994995117
ipo,feedback,251,40,1,0.3052030588045137,-14.163007736206055
ipo,feedback,251,40,2,0.1278408009892319,-15.033199310302734
ipo,feedback,251,40,3,0.11203748040560411,-15.165151596069336
ipo,feedback,251,40,4,0.45491865980065027,-13.763866424560547
ipo,feedback,612,40,1,0.048344154909065844,-20.786666870117188
ipo,feedback,612,40,2,0.2689214456181571,-19.070592880249023
ipo,feedback,612,40,3,0.09336174614537011,-20.128530502319336
ipo,feedback,612,40,4,0.589372653327407,-18.285953521728516
ipo,feedback,737,40,1,0.20202212884218504,-20.035287857055664
ipo,feedback,737,40,2,0.37618654714710253,-19.4135799407959
ipo,feedback,737,40,3,0.2632162891911961,-19.770689010620117
ipo,feedback,737,40,4,0.15857503481951624,-20.277437210083008
ipo,feedback,867,40,1,0.24549788265815237,-10.520353317260742
ipo,feedback,867,40,2,0.3601389473003403,-10.137151718139648
ipo,feedback,867,40,3,0.009183227018004964,-13.806262969970703
ipo,feedback,867,40,4,0.3851799430235024,-10.069931030273438
ipo,feedback,945,40,1,0.2044432363024409,-21.162578582763672
ipo,feedback,945,40,2,0.4009780842864742,-20.488962173461914
ipo,feedback,945,40,3,0.26987743186399704,-20.88490104675293
ipo,feedback,945,40,4,0.12470124754708783,-21.65694808959961
ipo,feedback,54,41,1,0.016387104628305973,-14.353347778320312
ipo,feedback,54,41,2,0.4221504458650222,-11.104480743408203
ipo,feedback,54,41,3,0.15163553493679524,-12.128362655639648
ipo,feedback,54,41,4,0.4098269145698765,-11.13410758972168
ipo,feedback,251,41,1,0.3252003071242815,-14.073034286499023
ipo,feedback,251,41,2,0.1448259764978341,-14.881942749023438
ipo,feedback,251,41,3,0.12436746465793054,-15.034235000610352
ipo,feedback,251,41,4,0.4056062517199539,-13.852092742919922
ipo,feedback,612,41,1,0.03825266088055914,-20.72443389892578
ipo,feedback,612,41,2,0.18949529303897075,-19.124282836914062
ipo,feedback,612,41,3,0.10567883178672954,-19.708242416381836
ipo,feedback,612,41,4,0.6665732142937405,-17.866497039794922
ipo,feedback,737,41,1,0.12750587121686383,-20.49831771850586
ipo,feedback,737,41,2,0.45780993759535993,-19.22002601623535
ipo,feedback,737,41,3,0.30129520854411723,-19.638389587402344
ipo,feedback,737,41,4,0.11338898264365885,-20.61565589904785
ipo,feedback,867,41,1,0.21862384298263993,-10.612653732299805
ipo,feedback,867,41,2,0.38624471328654714,-10.043535232543945
ipo,feedback,867,41,3,0.01009009860041498,-13.688451766967773
ipo,feedback,867,41,4,0.3850413451303979,-10.046655654907227
ipo,feedback,945,41,1,0.2261973835414844,-21.048627853393555
ipo,feedback,945,41,2,0.35602137111538595,-20.59504508972168
ipo,feedback,945,41,3,0.2338174189040871,-21.01549530029297
ipo,feedback,945,41,4,0.18396382643904247,-21.25529670715332
ipo,feedback,54,42,1,0.021820826107832956,-13.976583480834961
ipo,feedback,54,42,2,0.5011567987963605,-10.842529296875
ipo,feedback,54,42,3,0.12651666914406934,-12.219074249267578
ipo,feedback,54,42,4,0.3505057059517372,-11.200071334838867
ipo,feedback,251,42,1,0.32843834666401667,-14.048444747924805
ipo,feedback,251,42,2,0.18734137979503337,-14.609861373901367
ipo,feedback,251,42,3,0.1206569086533919,-15.049842834472656
ipo,feedback,251,42,4,0.3635633648875581,-13.946840286254883
ipo,feedback,612,42,1,0.0844932859875377,-19.72910499572754
ipo,feedback,612,42,2,0.13263003629848602,-19.278213500976562
ipo,feedback,612,42,3,0.1286252246774416,-19.308874130249023
ipo,feedback,612,42,4,0.6542514530365346,-17.68228530883789
ipo,feedback,737,42,1,0.11223940939545207,-20.52117347717285
ipo,feedback,737,42,2,0.5395919249805461,-18.95099449157715
ipo,feedback,737,42,3,0.2560233690853878,-19.6965389251709
ipo,feedback,737,42,4,0.0921452965386141,-20.718441009521484
ipo,feedback,867,42,1,0.24643783808687145,-10.497411727905273
ipo,feedback,867,42,2,0.397281473743405,-10.019876480102539
ipo,feedback,867,42,3,0.011966101054601622,-13.522443771362305
ipo,feedback,867,42,4,0.34431458711512186,-10.162965774536133
ipo,feedback,945,42,1,0.3770308177102635,-20.46417999267578
ipo,feedback,945,42,2,0.32923998421205247,-20.599720001220703
ipo,feedback,945,42,3,0.14928071333792955,-21.39067840576172
ipo,feedback,945,42,4,0.1444484847397545,-21.423583984375
ipo,feedback,54,43,1,0.032650386294761836,-13.64048957824707
ipo,feedback,54,43,2,0.5097511347406938,-10.892423629760742
ipo,feedback,54,43,3,0.1816710630023912,-11.924148559570312
ipo,feedback,54,43,4,0.27592741596215326,-11.506208419799805
ipo,feedback,251,43,1,0.41646957037313964,-13.807767868041992
ipo,feedback,251,43,2,0.12300372364707815,-15.027366638183594
ipo,feedback,251,43,3,0.13434849489455328,-14.939144134521484
ipo,feedback,251,43,4,0.32617821108522893,-14.05213737487793
ipo,feedback,612,43,1,0.17238739247300697,-18.72899627685547
ipo,feedback,612,43,2,0.08738250968614204,-19.408445358276367
ipo,feedback,612,43,3,0.18274329186439087,-18.670658111572266
ipo,feedback,612,43,4,0.5574868059764602,-17.555301666259766
ipo,feedback,737,43,1,0.08504267403517432,-20.703460693359375
ipo,feedback,737,43,2,0.5330909471253013,-18.867921829223633
ipo,feedback,737,43,3,0.23176508266267037,-19.700889587402344
ipo,feedback,737,43,4,0.150101296176854,-20.135303497314453
ipo,feedback,867,43,1,0.2119180576370775,-10.249210357666016
ipo,feedback,867,43,2,0.5591567145588265,-9.278980255126953
ipo,feedback,867,43,3,0.011184920138763875,-13.19084358215332
ipo,feedback,867,43,4,0.21774030766533226,-10.22210693359375
ipo,feedback,945,43,1,0.3897111936597696,-20.390233993530273
ipo,feedback,945,43,2,0.28161921395249284,-20.715084075927734
ipo,feedback,945,43,3,0.19726637111310405,-21.07108497619629
ipo,feedback,945,43,4,0.1314032212746336,-21.47736930847168
ipo,feedback,54,44,1,0.03125787881406496,-13.69880485534668
ipo,feedback,54,44,2,0.49871435931948954,-10.92904281616211
ipo,feedback,54,44,3,0.20063210302217963,-11.839603424072266
ipo,feedback,54,44,4,0.26939565884426586,-11.54489517211914
ipo,feedback,251,44,1,0.446228573249816,-13.50002670288086
ipo,feedback,251,44,2,0.0844052944159136,-15.165227890014648
ipo,feedback,251,44,3,0.13410227708888253,-14.702255249023438
ipo,feedback,251,44,4,0.3352638552453879,-13.785940170288086
ipo,feedback,612,44,1,0.23161672153163199,-18.415740966796875
ipo,feedback,612,44,2,0.08290318124900559,-19.443151473999023
ipo,feedback,612,44,3,0.2796742003441157,-18.22719955444336
ipo,feedback,612,44,4,0.40580589687524665,-17.854949951171875
ipo,feedback,737,44,1,0.0846650012153484,-20.706890106201172
ipo,feedback,737,44,2,0.5828068045408555,-18.77773666381836
ipo,feedback,737,44,3,0.15805742897403235,-20.08263397216797
ipo,feedback,737,44,4,0.17447076526976363,-19.983835220336914
ipo,feedback,867,44,1,0.15546252585938955,-10.649496078491211
ipo,feedback,867,44,2,0.4874830824518003,-9.506645202636719
ipo,feedback,867,44,3,0.04526927828158559,-11.883272171020508
ipo,feedback,867,44,4,0.31178511340722476,-9.95358657836914
ipo,feedback,945,44,1,0.2766400839743545,-20.599300384521484
ipo,feedback,945,44,2,0.28200540391312523,-20.58009147644043
ipo,feedback,945,44,3,0.2751456119050955,-20.604717254638672
ipo,feedback,945,44,4,0.1662089002074247,-21.10877227783203
ipo,feedback,54,45,1,0.02542531068947377,-13.672164916992188
ipo,feedback,54,45,2,0.5571299190928791,-10.585111618041992
ipo,feedback,54,45,3,0.1558077408495386,-11.85928726196289
ipo,feedback,54,45,4,0.26163702936810845,-11.340951919555664
ipo,feedback,251,45,1,0.4972668440408395,-13.514759063720703
ipo,feedback,251,45,2,0.09363490969812431,-15.18448257446289
ipo,feedback,251,45,3,0.15134486894574065,-14.704324722290039
ipo,feedback,251,45,4,0.25775337731529574,-14.171882629394531
ipo,feedback,612,45,1,0.10989869649506938,-19.227262496948242
ipo,feedback,612,45,2,0.14111864101011715,-18.97722053527832
ipo,feedback,612,45,3,0.45371558186040467,-17.809350967407227
ipo,feedback,612,45,4,0.2952670806344087,-18.238941192626953
ipo,feedback,737,45,1,0.09742295846016476,-20.58007049560547
ipo,feedback,737,45,2,0.4956623049480514,-18.953237533569336
ipo,feedback,737,45,3,0.16827592071194553,-20.033527374267578
ipo,feedback,737,45,4,0.2386388158798383,-19.684181213378906
ipo,feedback,867,45,1,0.15072342941957426,-10.807657241821289
ipo,feedback,867,45,2,0.4754391156522178,-9.658864974975586
ipo,feedback,867,45,3,0.043499432616711194,-12.050355911254883
ipo,feedback,867,45,4,0.3303380223114967,-10.022987365722656
ipo,feedback,945,45,1,0.3164593859046515,-20.1890926361084
ipo,feedback,945,45,2,0.27784997481666174,-20.31920623779297
ipo,feedback,945,45,3,0.23065962891806788,-20.50534439086914
ipo,feedback,945,45,4,0.1750310103606189,-20.78132438659668
ipo,feedback,54,46,1,0.03061391871178722,-13.516887664794922
ipo,feedback,54,46,2,0.4767033047873287,-10.771448135375977
ipo,feedback,54,46,3,0.13128896505619314,-12.060941696166992
ipo,feedback,54,46,4,0.36139381144469096,-11.04837417602539
ipo,feedback,251,46,1,0.5104919665522204,-13.479772567749023
ipo,feedback,251,46,2,0.07566526400113326,-15.38882827758789
ipo,feedback,251,46,3,0.212089515974314,-14.358139038085938
ipo,feedback,251,46,4,0.2017532534723324,-14.408102035522461
ipo,feedback,612,46,1,0.08532157342518878,-19.760156631469727
ipo,feedback,612,46,2,0.2276483412823093,-18.77878189086914
ipo,feedback,612,46,3,0.3728385293616681,-18.285438537597656
ipo,feedback,612,46,4,0.3141915559308337,-18.456581115722656
ipo,feedback,737,46,1,0.10955782983139799,-20.425609588623047
ipo,feedback,737,46,2,0.36234425218213157,-19.229467391967773
ipo,feedback,737,46,3,0.1834303997968414,-19.910226821899414
ipo,feedback,737,46,4,0.34466751818962904,-19.279481887817383
ipo,feedback,867,46,1,0.10929191609259807,-11.26091194152832
ipo,feedback,867,46,2,0.40975110434984086,-9.939384460449219
ipo,feedback,867,46,3,0.055045750068717994,-11.946769714355469
ipo,feedback,867,46,4,0.42591122948884313,-9.900703430175781
ipo,feedback,945,46,1,0.29049629953953066,-20.291471481323242
ipo,feedback,945,46,2,0.29617384967327465,-20.27211570739746
ipo,feedback,945,46,3,0.2329479955796234,-20.51224708557129
ipo,feedback,945,46,4,0.1803818552075713,-20.767986297607422
ipo,feedback,54,47,1,0.040383739698338465,-13.361099243164062
ipo,feedback,54,47,2,0.49447423499075993,-10.85603141784668
ipo,feedback,54,47,3,0.10501751459241948,-12.405399322509766
ipo,feedback,54,47,4,0.36012451071848206,-11.173076629638672
ipo,feedback,251,47,1,0.4691168026889585,-13.699495315551758
ipo,feedback,251,47,2,0.06588090386700322,-15.662498474121094
ipo,feedback,251,47,3,0.2135278361399944,-14.486579895019531
ipo,feedback,251,47,4,0.25147445730404394,-14.323005676269531
ipo,feedback,612,47,1,0.08076779996447911,-19.59264373779297
ipo,feedback,612,47,2,0.18450205477711254,-18.76656150817871
ipo,feedback,612,47,3,0.4066905278663054,-17.97616958618164
ipo,feedback,612,47,4,0.3280396173921029,-18.19108772277832
ipo,feedback,737,47,1,0.15895869264194545,-19.979991912841797
ipo,feedback,737,47,2,0.3311922224162609,-19.24593734741211
ipo,feedback,737,47,3,0.23002267995952186,-19.610458374023438
ipo,feedback,737,47,4,0.2798264049822717,-19.414466857910156
ipo,feedback,867,47,1,0.13502555588353082,-11.203140258789062
ipo,feedback,867,47,2,0.3670193136060387,-10.203189849853516
ipo,feedback,867,47,3,0.06014760646212738,-12.011802673339844
ipo,feedback,867,47,4,0.4378075240483032,-10.026824951171875
ipo,feedback,945,47,1,0.2445418436824783,-20.787036895751953
ipo,feedback,945,47,2,0.3375356493925535,-20.464752197265625
ipo,feedback,945,47,3,0.2939885863292884,-20.602882385253906
ipo,feedback,945,47,4,0.12393392059567979,-21.4666748046875
ipo,feedback,54,48,1,0.03881752732241107,-13.369512557983398
ipo,feedback,54,48,2,0.4375175876690659,-10.947267532348633
ipo,feedback,54,48,3,0.08895136774094706,-12.540294647216797
ipo,feedback,54,48,4,0.43471351726757596,-10.953697204589844
ipo,feedback,251,48,1,0.44124786474586464,-13.425413131713867
ipo,feedback,251,48,2,0.04293473757775064,-15.755338668823242
ipo,feedback,251,48,3,0.2780787709597919,-13.887115478515625
ipo,feedback,251,48,4,0.2377386267165927,-14.043848037719727
ipo,feedback,612,48,1,0.06810395448894024,-19.506216049194336
ipo,feedback,612,48,2,0.1754651927084448,-18.559810638427734
ipo,feedback,612,48,3,0.5220459214825943,-17.46949577331543
ipo,feedback,612,48,4,0.23438493132002067,-18.270286560058594
ipo,feedback,737,48,1,0.16897037535083126,-19.801538467407227
ipo,feedback,737,48,2,0.3927480177400913,-18.958093643188477
ipo,feedback,737,48,3,0.23504090647576115,-19.47150230407715
ipo,feedback,737,48,4,0.20324070043331643,-19.616870880126953
ipo,feedback,867,48,1,0.11675410105210518,-11.270223617553711
ipo,feedback,867,48,2,0.33649063316457933,-10.211723327636719
ipo,feedback,867,48,3,0.05630534964195774,-11.999504089355469
ipo,feedback,867,48,4,0.4904499161413579,-9.834970474243164
ipo,feedback,945,48,1,0.2182823555953155,-20.788713455200195
ipo,feedback,945,48,2,0.31418453022806236,-20.424522399902344
ipo,feedback,945,48,3,0.32920164849276606,-20.377832412719727
ipo,feedback,945,48,4,0.13833146568385618,-21.244850158691406
ipo,feedback,54,49,1,0.04908132580742613,-13.221052169799805
ipo,feedback,54,49,2,0.4428315629266735,-11.021341323852539
ipo,feedback,54,49,3,0.11186844048470006,-12.397207260131836
ipo,feedback,54,49,4,0.3962186707812003,-11.132564544677734
ipo,feedback,251,49,1,0.3322172435388396,-13.661922454833984
ipo,feedback,251,49,2,0.030198152782723357,-16.0599308013916
ipo,feedback,251,49,3,0.34175371359267176,-13.633621215820312
ipo,feedback,251,49,4,0.29583089008576535,-13.777923583984375
ipo,feedback,612,49,1,0.030958658381867753,-20.627573013305664
ipo,feedback,612,49,2,0.288073289141055,-18.397010803222656
ipo,feedback,612,49,3,0.48582546319617803,-17.87437629699707
ipo,feedback,612,49,4,0.19514258928089917,-18.786495208740234
ipo,feedback,737,49,1,0.14381247830537217,-20.064193725585938
ipo,feedback,737,49,2,0.4065504943818076,-19.024995803833008
ipo,feedback,737,49,3,0.2532706559481349,-19.498245239257812
ipo,feedback,737,49,4,0.19636637136468532,-19.752721786499023
ipo,feedback,867,49,1,0.16046729616339617,-11.090015411376953
ipo,feedback,867,49,2,0.32203049656679805,-10.39345932006836
ipo,feedback,867,49,3,0.05034892303123513,-12.249128341674805
ipo,feedback,867,49,4,0.4671532842385707,-10.021448135375977
ipo,feedback,945,49,1,0.21609943353679628,-20.72771644592285
ipo,feedback,945,49,2,0.31708234189864604,-20.34429359436035
ipo,feedback,945,49,3,0.29322414355968823,-20.422517776489258
ipo,feedback,945,49,4,0.17359408100486942,-20.946735382080078
ipo,feedback,54,50,1,0.058404962513565445,-13.096267700195312
ipo,feedback,54,50,2,0.5363951072128439,-10.87879753112793
ipo,feedback,54,50,3,0.10445585466463765,-12.514904022216797
ipo,feedback,54,50,4,0.30074407560895317,-11.457408905029297
ipo,feedback,251,50,1,0.28400457256356604,-13.8084716796875
ipo,feedback,251,50,2,0.036221909361447306,-15.8677978515625
ipo,feedback,251,50,3,0.38458445118184414,-13.505298614501953
ipo,feedback,251,50,4,0.2951890668931426,-13.769845962524414
ipo,feedback,612,50,1,0.00858976755011121,-21.89749526977539
ipo,feedback,612,50,2,0.36508183751850487,-18.147945404052734
ipo,feedback,612,50,3,0.37399479179683787,-18.123825073242188
ipo,feedback,612,50,4,0.2523336031345459,-18.517314910888672
ipo,feedback,737,50,1,0.11691716121738455,-20.35033416748047
ipo,feedback,737,50,2,0.347080435907994,-19.262243270874023
ipo,feedback,737,50,3,0.26273016725523624,-19.540672302246094
ipo,feedback,737,50,4,0.2732722356193854,-19.501331329345703
ipo,feedback,867,50,1,0.2434979454587911,-10.778833389282227
ipo,feedback,867,50,2,0.31947307200421066,-10.507268905639648
ipo,feedback,867,50,3,0.048386915976294395,-12.394712448120117
ipo,feedback,867,50,4,0.388642066560704,-10.311283111572266
ipo,feedback,945,50,1,0.1460923645479583,-21.213693618774414
ipo,feedback,945,50,2,0.3380726246764352,-20.374671936035156
ipo,feedback,945,50,3,0.28830420814728447,-20.533916473388672
ipo,feedback,945,50,4,0.22753080262832207,-20.770647048950195
ipo,feedback,54,51,1,0.05289772415943983,-12.98992919921875
ipo,feedback,54,51,2,0.588505210334281,-10.580703735351562
ipo,feedback,54,51,3,0.12550209979172408,-12.125967025756836
ipo,feedback,54,51,4,0.2330949657145551,-11.506843566894531
ipo,feedback,251,51,1,0.22195790273761684,-13.980398178100586
ipo,feedback,251,51,2,0.04768138334921826,-15.51834487915039
ipo,feedback,251,51,3,0.3435961655470525,-13.543418884277344
ipo,feedback,251,51,4,0.38676454836611246,-13.425069808959961
ipo,feedback,612,51,1,0.009672075428471398,-22.027862548828125
ipo,feedback,612,51,2,0.39628949058835966,-18.314960479736328
ipo,feedback,612,51,3,0.2676620469603725,-18.707380294799805
ipo,feedback,612,51,4,0.3263763870227965,-18.50905418395996
ipo,feedback,737,51,1,0.11792019811876553,-20.26878547668457
ipo,feedback,737,51,2,0.34170773174783425,-19.204837799072266
ipo,feedback,737,51,3,0.2995913269319941,-19.336374282836914
ipo,feedback,737,51,4,0.2407807432014063,-19.554906845092773
ipo,feedback,867,51,1,0.26275549907588575,-10.634956359863281
ipo,feedback,867,51,2,0.3528182921387318,-10.340227127075195
ipo,feedback,867,51,3,0.04954887466549426,-12.303220748901367
ipo,feedback,867,51,4,0.3348773341198883,-10.392416000366211
ipo,feedback,945,51,1,0.10576520168296114,-21.519710540771484
ipo,feedback,945,51,2,0.36663071072693115,-20.27657699584961
ipo,feedback,945,51,3,0.303949274018522,-20.46407127380371
ipo,feedback,945,51,4,0.22365481357158573,-20.770828247070312
ipo,feedback,54,52,1,0.02014955996053136,-13.648996353149414
ipo,feedback,54,52,2,0.6538716959824841,-10.169267654418945
ipo,feedback,54,52,3,0.110458770602254,-11.94753646850586
ipo,feedback,54,52,4,0.21551997345473067,-11.279125213623047
ipo,feedback,251,52,1,0.21430150363449288,-14.115236282348633
ipo,feedback,251,52,2,0.05738175801768459,-15.432893753051758
ipo,feedback,251,52,3,0.31055864762365165,-13.744247436523438
ipo,feedback,251,52,4,0.4177580907241709,-13.447717666625977
ipo,feedback,612,52,1,0.013155103321309432,-21.654518127441406
ipo,feedback,612,52,2,0.3131845642082749,-18.484535217285156
ipo,feedback,612,52,3,0.27252692776022674,-18.62359046936035
ipo,feedback,612,52,4,0.40113340471018893,-18.23703384399414
ipo,feedback,737,52,1,0.12183589681307484,-20.19314193725586
ipo,feedback,737,52,2,0.37326003711670863,-19.07354164123535
ipo,feedback,737,52,3,0.3378065214975534,-19.173343658447266
ipo,feedback,737,52,4,0.16709754457266313,-19.877239227294922
ipo,feedback,867,52,1,0.21415846619610732,-11.023674011230469
ipo,feedback,867,52,2,0.295511337720367,-10.701683044433594
ipo,feedback,867,52,3,0.06415869601095107,-12.22903060913086
ipo,feedback,867,52,4,0.42617150007257465,-10.335548400878906
ipo,feedback,945,52,1,0.15867888000634436,-20.889196395874023
ipo,feedback,945,52,2,0.3557061269174709,-20.081974029541016
ipo,feedback,945,52,3,0.1829262392536486,-20.74699592590332
ipo,feedback,945,52,4,0.30268875382253624,-20.24337387084961
ipo,feedback,54,53,1,0.014102867460674583,-13.962015151977539
ipo,feedback,54,53,2,0.6361421387625951,-10.152971267700195
ipo,feedback,54,53,3,0.12828940398808816,-11.754104614257812
ipo,feedback,54,53,4,0.2214655897886422,-11.208126068115234
ipo,feedback,251,53,1,0.21191807747077804,-14.25088119506836
ipo,feedback,251,53,2,0.08722451153317311,-15.138595581054688
ipo,feedback,251,53,3,0.3408220084721018,-13.775720596313477
ipo,feedback,251,53,4,0.36003540252394706,-13.720878601074219
ipo,feedback,612,53,1,0.01528611090800874,-21.520349502563477
ipo,feedback,612,53,2,0.3023463787672153,-18.535720825195312
ipo,feedback,612,53,3,0.23824412288670335,-18.773998260498047
ipo,feedback,612,53,4,0.4441233874380726,-18.15119171142578
ipo,feedback,737,53,1,0.09869712544623929,-20.28019905090332
ipo,feedback,737,53,2,0.397217212697617,-18.887771606445312
ipo,feedback,737,53,3,0.34037537823384967,-19.042205810546875
ipo,feedback,737,53,4,0.16371028362229412,-19.77415657043457
ipo,feedback,867,53,1,0.26252254925177,-10.813125610351562
ipo,feedback,867,53,2,0.2451127247717284,-10.881744384765625
ipo,feedback,867,53,3,0.025958323236275265,-13.126970291137695
ipo,feedback,867,53,4,0.4664064027402263,-10.238405227661133
ipo,feedback,945,53,1,0.2864500341451813,-20.032752990722656
ipo,feedback,945,53,2,0.3180179430801985,-19.92820930480957
ipo,feedback,945,53,3,0.12904051853436335,-20.830190658569336
ipo,feedback,945,53,4,0.26649150424025686,-20.1049747467041
ipo,feedback,54,54,1,0.014358890722571127,-14.126436233520508
ipo,feedback,54,54,2,0.5988868408238561,-10.395732879638672
ipo,feedback,54,54,3,0.1770434435131119,-11.614410400390625
ipo,feedback,54,54,4,0.20971082494046075,-11.445075988769531
ipo,feedback,251,54,1,0.1969064155511233,-14.26310920715332
ipo,feedback,251,54,2,0.06512509496602441,-15.369527816772461
ipo,feedback,251,54,3,0.261802678944479,-13.978246688842773
ipo,feedback,251,54,4,0.47616581053837326,-13.380071640014648
ipo,feedback,612,54,1,0.03003588738063419,-20.872310638427734
ipo,feedback,612,54,2,0.27761242793742386,-18.64847755432129
ipo,feedback,612,54,3,0.20142240790037919,-18.96929931640625
ipo,feedback,612,54,4,0.4909292767815627,-18.07840347290039
ipo,feedback,737,54,1,0.08581852184562819,-20.546958923339844
ipo,feedback,737,54,2,0.394533353044025,-19.0214900970459
ipo,feedback,737,54,3,0.3336541433256595,-19.189088821411133
ipo,feedback,737,54,4,0.1859939817846872,-19.773479461669922
ipo,feedback,867,54,1,0.24880947418289948,-10.530017852783203
ipo,feedback,867,54,2,0.3637057585155666,-10.150360107421875
ipo,feedback,867,54,3,0.026861224889794512,-12.756021499633789
ipo,feedback,867,54,4,0.36062354241173944,-10.158870697021484
ipo,feedback,945,54,1,0.3068227752315993,-20.26543617248535
ipo,feedback,945,54,2,0.3512551082770131,-20.13019371032715
ipo,feedback,945,54,3,0.1358158990254024,-21.080406188964844
ipo,feedback,945,54,4,0.20610621746598518,-20.663314819335938
ipo,feedback,54,55,1,0.018020163848854607,-13.967071533203125
ipo,feedback,54,55,2,0.5692321120787777,-10.514274597167969
ipo,feedback,54,55,3,0.21226878900426419,-11.500709533691406
ipo,feedback,54,55,4,0.2004789350681036,-11.557853698730469
ipo,feedback,251,55,1,0.20415410584292581,-14.142784118652344
ipo,feedback,251,55,2,0.09954820716300096,-14.861017227172852
ipo,feedback,251,55,3,0.2172384432445386,-14.080663681030273
ipo,feedback,251,55,4,0.4790592437495346,-13.289834976196289
ipo,feedback,612,55,1,0.04393259896951792,-20.399927139282227
ipo,feedback,612,55,2,0.21681376493785712,-18.803544998168945
ipo,feedback,612,55,3,0.21363851773117112,-18.81829833984375
ipo,feedback,612,55,4,0.5256151183614538,-17.918014526367188
ipo,feedback,737,55,1,0.04663721317013792,-20.932575225830078
ipo,feedback,737,55,2,0.5226082412550015,-18.516141891479492
ipo,feedback,737,55,3,0.2506100811063836,-19.251075744628906
ipo,feedback,737,55,4,0.18014446446847696,-19.581214904785156
ipo,feedback,867,55,1,0.23662856777640193,-10.30428695678711
ipo,feedback,867,55,2,0.4414602043408874,-9.68069076538086
ipo,feedback,867,55,3,0.025701800257509712,-12.52421760559082
ipo,feedback,867,55,4,0.29620942762520097,-10.0797119140625
ipo,feedback,945,55,1,0.40270072477861213,-19.93654441833496
ipo,feedback,945,55,2,0.28936041960906117,-20.267065048217773
ipo,feedback,945,55,3,0.11420282120946917,-21.196762084960938
ipo,feedback,945,55,4,0.1937360344028576,-20.668241500854492
ipo,feedback,54,56,1,0.014892209589956962,-14.210845947265625
ipo,feedback,54,56,2,0.5071068645425887,-10.682962417602539
ipo,feedback,54,56,3,0.27289500694744734,-11.302597045898438
ipo,feedback,54,56,4,0.2051059189200071,-11.588157653808594
ipo,feedback,251,56,1,0.26055451238398936,-14.010210037231445
ipo,feedback,251,56,2,0.11867123581167903,-14.79666519165039
ipo,feedback,251,56,3,0.1888171660448177,-14.332242965698242
ipo,feedback,251,56,4,0.43195708575951386,-13.504695892333984
ipo,feedback,612,56,1,0.08066484615929886,-19.94091796875
ipo,feedback,612,56,2,0.24015426589112776,-18.849939346313477
ipo,feedback,612,56,3,0.24123541861721431,-18.845447540283203
ipo,feedback,612,56,4,0.4379454693323591,-18.249126434326172
ipo,feedback,737,56,1,0.03987733028590364,-21.297210693359375
ipo,feedback,737,56,2,0.46860359726241246,-18.833261489868164
ipo,feedback,737,56,3,0.12158170645116952,-20.182432174682617
ipo,feedback,737,56,4,0.36993736600051436,-19.069684982299805
ipo,feedback,867,56,1,0.23966663258084112,-10.332586288452148
ipo,feedback,867,56,2,0.41896818787564816,-9.774040222167969
ipo,feedback,867,56,3,0.026076260865386856,-12.550809860229492
ipo,feedback,867,56,4,0.3152889186781238,-10.058345794677734
ipo,feedback,945,56,1,0.32358861982924836,-20.28844451904297
ipo,feedback,945,56,2,0.283470152870604,-20.42081069946289
ipo,feedback,945,56,3,0.19507736128375688,-20.79452133178711
ipo,feedback,945,56,4,0.19786386601639067,-20.780338287353516
ipo,feedback,54,57,1,0.006023893046751133,-15.049726486206055
ipo,feedback,54,57,2,0.3925474759129437,-10.872802734375
ipo,feedback,54,57,3,0.3460184501029449,-10.998968124389648
ipo,feedback,54,57,4,0.25541018093736023,-11.302589416503906
ipo,feedback,251,57,1,0.3087443812165017,-13.893943786621094
ipo,feedback,251,57,2,0.1542002586329348,-14.588205337524414
ipo,feedback,251,57,3,0.197066451134041,-14.342916488647461
ipo,feedback,251,57,4,0.33998890901652246,-13.797544479370117
ipo,feedback,612,57,1,0.06557399451080845,-20.13724136352539
ipo,feedback,612,57,2,0.28398713357265465,-18.671491622924805
ipo,feedback,612,57,3,0.263187757426939,-18.7475528717041
ipo,feedback,612,57,4,0.3872511144895978,-18.361347198486328
ipo,feedback,737,57,1,0.06511588537423826,-20.55224609375
ipo,feedback,737,57,2,0.3530762547059041,-18.861730575561523
ipo,feedback,737,57,3,0.1878807609728367,-19.49260711669922
ipo,feedback,737,57,4,0.39392709894702105,-18.752248764038086
ipo,feedback,867,57,1,0.21159538810037068,-10.661428451538086
ipo,feedback,867,57,2,0.34285760566082796,-10.178789138793945
ipo,feedback,867,57,3,0.04631275482031688,-12.180686950683594
ipo,feedback,867,57,4,0.3992342514184845,-10.026556015014648
ipo,feedback,945,57,1,0.2705118134908109,-20.14444923400879
ipo,feedback,945,57,2,0.2890892232886718,-20.07802963256836
ipo,feedback,945,57,3,0.18012720929095263,-20.551101684570312
ipo,feedback,945,57,4,0.2602717539295646,-20.18303871154785
ipo,feedback,54,58,1,0.010949037221229085,-14.584674835205078
ipo,feedback,54,58,2,0.4637330381203158,-10.838617324829102
ipo,feedback,54,58,3,0.2477132901887206,-11.465654373168945
ipo,feedback,54,58,4,0.27760463446973443,-11.351728439331055
ipo,feedback,251,58,1,0.3786908838822216,-13.678302764892578
ipo,feedback,251,58,2,0.06538385296712629,-15.434747695922852
ipo,feedback,251,58,3,0.17502132497814052,-14.450115203857422
ipo,feedback,251,58,4,0.38090393817251156,-13.672475814819336
ipo,feedback,612,58,1,0.037765871522677116,-20.587793350219727
ipo,feedback,612,58,2,0.23334131322139562,-18.76669692993164
ipo,feedback,612,58,3,0.26812532466672995,-18.627744674682617
ipo,feedback,612,58,4,0.4607674905891972,-18.086305618286133
ipo,feedback,737,58,1,0.05706009448772724,-20.667139053344727
ipo,feedback,737,58,2,0.2929158411513943,-19.03135871887207
ipo,feedback,737,58,3,0.30105816123870255,-19.00394058227539
ipo,feedback,737,58,4,0.3489659031221759,-18.85626983642578
ipo,feedback,867,58,1,0.20216968282244707,-10.692411422729492
ipo,feedback,867,58,2,0.3300973167162982,-10.202131271362305
ipo,feedback,867,58,3,0.0371983674751282,-12.38525390625
ipo,feedback,867,58,4,0.43053463298612665,-9.936491012573242
ipo,feedback,945,58,1,0.1742267088542427,-21.019376754760742
ipo,feedback,945,58,2,0.4155095631307973,-20.15022850036621
ipo,feedback,945,58,3,0.251921728535866,-20.650615692138672
ipo,feedback,945,58,4,0.158341999479094,-21.11497688293457
ipo,feedback,54,59,1,0.015455457571131936,-14.266637802124023
ipo,feedback,54,59,2,0.45853032143529887,-10.87657356262207
ipo,feedback,54,59,3,0.25409827279302283,-11.466878890991211
ipo,feedback,54,59,4,0.27191594820054643,-11.399106979370117
ipo,feedback,251,59,1,0.36751702106746104,-13.721229553222656
ipo,feedback,251,59,2,0.08105864894553402,-15.232826232910156
ipo,feedback,251,59,3,0.2105599534094469,-14.278228759765625
ipo,feedback,251,59,4,0.34086437657755797,-13.796514511108398
ipo,feedback,612,59,1,0.0659436099578981,-19.91603660583496
ipo,feedback,612,59,2,0.2047246464098309,-18.783170700073242
ipo,feedback,612,59,3,0.258731053313198,-18.549047470092773
ipo,feedback,612,59,4,0.470600690319073,-17.95082664489746
ipo,feedback,737,59,1,0.053603653104354054,-20.578622817993164
ipo,feedback,737,59,2,0.27755808180049035,-18.9342098236084
ipo,feedback,737,59,3,0.3379587704371841,-18.737316131591797
ipo,feedback,737,59,4,0.3308794946579715,-18.758485794067383
ipo,feedback,867,59,1,0.19220593003854428,-10.745634078979492
ipo,feedback,867,59,2,0.34425889082193256,-10.16280746459961
ipo,feedback,867,59,3,0.027847033758639703,-12.677474975585938
ipo,feedback,867,59,4,0.4356881453808836,-9.927274703979492
ipo,feedback,945,59,1,0.20376488496158945,-20.920106887817383
ipo,feedback,945,59,2,0.41017590230015677,-20.220487594604492
ipo,feedback,945,59,3,0.2406897735752664,-20.753564834594727
ipo,feedback,945,59,4,0.1453694391629872,-21.257795333862305
ipo,feedback,54,60,1,0.01580597477300854,-14.313684463500977
ipo,feedback,54,60,2,0.408750147552332,-11.060968399047852
ipo,feedback,54,60,3,0.30006615843477535,-11.37006950378418
ipo,feedback,54,60,4,0.2753777192398841,-11.455928802490234
ipo,feedback,251,60,1,0.4005665481674137,-13.570661544799805
ipo,feedback,251,60,2,0.06333448189244577,-15.415111541748047
ipo,feedback,251,60,3,0.16574568693059272,-14.453086853027344
ipo,feedback,251,60,4,0.37035328300954784,-13.649084091186523
ipo,feedback,612,60,1,0.060313010850765826,-19.960878372192383
ipo,feedback,612,60,2,0.20621078892320013,-18.73152732849121
ipo,feedback,612,60,3,0.28566422723549023,-18.405609130859375
ipo,feedback,612,60,4,0.44781197299054376,-17.956052780151367
ipo,feedback,737,60,1,0.03686555307704364,-20.89179229736328
ipo,feedback,737,60,2,0.32447489455636674,-18.716861724853516
ipo,feedback,737,60,3,0.3587878122795465,-18.6163387298584
ipo,feedback,737,60,4,0.279871740087043,-18.86473846435547
ipo,feedback,867,60,1,0.23042921409743997,-10.63808822631836
ipo,feedback,867,60,2,0.3343389084170879,-10.265876770019531
ipo,feedback,867,60,3,0.03415526061349345,-12.547115325927734
ipo,feedback,867,60,4,0.40107661687197865,-10.083879470825195
ipo,feedback,945,60,1,0.2376002818167055,-20.850820541381836
ipo,feedback,945,60,2,0.3902019595540825,-20.354745864868164
ipo,feedback,945,60,3,0.27122178486640386,-20.718473434448242
ipo,feedback,945,60,4,0.10097597376280817,-21.706527709960938
ipo,feedback,54,61,1,0.018258547195797278,-14.215276718139648
ipo,feedback,54,61,2,0.38592441505659525,-11.164268493652344
ipo,feedback,54,61,3,0.27885615755286547,-11.489213943481445
ipo,feedback,54,61,4,0.316960880194742,-11.36113166809082
ipo,feedback,251,61,1,0.3950280792676739,-13.574726104736328
ipo,feedback,251,61,2,0.048214077005726864,-15.678031921386719
ipo,feedback,251,61,3,0.18967035053439993,-14.308395385742188
ipo,feedback,251,61,4,0.3670874931921994,-13.648082733154297
ipo,feedback,612,61,1,0.05498798333389522,-20.22393035888672
ipo,feedback,612,61,2,0.24335526239591568,-18.736522674560547
ipo,feedback,612,61,3,0.2838682566138134,-18.582534790039062
ipo,feedback,612,61,4,0.4177884976563757,-18.196069717407227
ipo,feedback,737,61,1,0.028283835871949475,-21.209991455078125
ipo,feedback,737,61,2,0.3053422357895898,-18.830848693847656
ipo,feedback,737,61,3,0.35610669170590026,-18.677051544189453
ipo,feedback,737,61,4,0.3102672366325605,-18.814847946166992
ipo,feedback,867,61,1,0.25974284625484567,-10.24968147277832
ipo,feedback,867,61,2,0.3976076477254884,-9.823907852172852
ipo,feedback,867,61,3,0.03532066098306909,-12.244905471801758
ipo,feedback,867,61,4,0.30732884503659685,-10.08145523071289
ipo,feedback,945,61,1,0.2932007202131213,-20.267717361450195
ipo,feedback,945,61,2,0.35509039656436714,-20.076202392578125
ipo,feedback,945,61,3,0.23431888097630701,-20.491891860961914
ipo,feedback,945,61,4,0.11739000224620444,-21.183073043823242
ipo,feedback,54,62,1,0.04569640395675071,-13.441926956176758
ipo,feedback,54,62,2,0.3823844137571088,-11.317520141601562
ipo,feedback,54,62,3,0.28483738571703554,-11.612028121948242
ipo,feedback,54,62,4,0.28708179656910493,-11.604179382324219
ipo,feedback,251,62,1,0.36244920343012726,-13.495912551879883
ipo,feedback,251,62,2,0.0435560618628328,-15.614748001098633
ipo,feedback,251,62,3,0.2323389847399487,-13.94059944152832
ipo,feedback,251,62,4,0.36165574996709127,-13.498104095458984
ipo,feedback,612,62,1,0.04397488121185039,-20.26287269592285
ipo,feedback,612,62,2,0.24211802685321582,-18.557065963745117
ipo,feedback,612,62,3,0.2862096522691392,-18.389766693115234
ipo,feedback,612,62,4,0.42769743966579465,-17.988075256347656
ipo,feedback,737,62,1,0.057243527610785806,-20.717388153076172
ipo,feedback,737,62,2,0.3984637294319774,-18.77708625793457
ipo,feedback,737,62,3,0.33206514432459305,-18.95937156677246
ipo,feedback,737,62,4,0.21222759863264384,-19.40704345703125
ipo,feedback,867,62,1,0.22257300594636897,-10.349407196044922
ipo,feedback,867,62,2,0.42087357679778387,-9.712329864501953
ipo,feedback,867,62,3,0.03108675144759545,-12.317880630493164
ipo,feedback,867,62,4,0.3254666658082516,-9.969402313232422
ipo,feedback,945,62,1,0.311945953910866,-20.47991180419922
ipo,feedback,945,62,2,0.3387052073808775,-20.397611618041992
ipo,feedback,945,62,3,0.20443287713238878,-20.902502059936523
ipo,feedback,945,62,4,0.14491596157586759,-21.2465877532959
ipo,feedback,54,63,1,0.04329488824547612,-13.489315032958984
ipo,feedback,54,63,2,0.4078561102381482,-11.246435165405273
ipo,feedback,54,63,3,0.28427580115868606,-11.607404708862305
ipo,feedback,54,63,4,0.26457320035768966,-11.679231643676758
ipo,feedback,251,63,1,0.40787001279051655,-13.29635238647461
ipo,feedback,251,63,2,0.040678135235677905,-15.60161018371582
ipo,feedback,251,63,3,0.13999929481658044,-14.365663528442383
ipo,feedback,251,63,4,0.4114525571572252,-13.287607192993164
ipo,feedback,612,63,1,0.06288043073693814,-20.3249568939209
ipo,feedback,612,63,2,0.3454198181491128,-18.621431350708008
ipo,feedback,612,63,3,0.20237706727644847,-19.15605926513672
ipo,feedback,612,63,4,0.38932268383750057,-18.50178337097168
ipo,feedback,737,63,1,0.07444448215487086,-20.377098083496094
ipo,feedback,737,63,2,0.4512223471881941,-18.575191497802734
ipo,feedback,737,63,3,0.2748325811173246,-19.07098960876465
ipo,feedback,737,63,4,0.1995005895396104,-19.391334533691406
ipo,feedback,867,63,1,0.15947040592549908,-10.962745666503906
ipo,feedback,867,63,2,0.38367932908624586,-10.084796905517578
ipo,feedback,867,63,3,0.08038307010433252,-11.64780044555664
ipo,feedback,867,63,4,0.37646719488392255,-10.10377311706543
ipo,feedback,945,63,1,0.22731767319971846,-20.74007225036621
ipo,feedback,945,63,2,0.3800651546025335,-20.226078033447266
ipo,feedback,945,63,3,0.2712786027998976,-20.563274383544922
ipo,feedback,945,63,4,0.12133856939785037,-21.367835998535156
ipo,feedback,54,64,1,0.04525047406109796,-13.535284042358398
ipo,feedback,54,64,2,0.3861226348422367,-11.391342163085938
ipo,feedback,54,64,3,0.2928895184425821,-11.667701721191406
ipo,feedback,54,64,4,0.2757373726540834,-11.728048324584961
ipo,feedback,251,64,1,0.4717345967736113,-13.297369003295898
ipo,feedback,251,64,2,0.029974395515462604,-16.053442001342773
ipo,feedback,251,64,3,0.10271857151190854,-14.821792602539062
ipo,feedback,251,64,4,0.39557243619901766,-13.473451614379883
ipo,feedback,612,64,1,0.07178002939158099,-20.06230926513672
ipo,feedback,612,64,2,0.2847165206902062,-18.68442153930664
ipo,feedback,612,64,3,0.2167629156547185,-18.957111358642578
ipo,feedback,612,64,4,0.4267405342634943,-18.279739379882812
ipo,feedback,737,64,1,0.10974927422815117,-20.314712524414062
ipo,feedback,737,64,2,0.47572450296378416,-18.848072052001953
ipo,feedback,737,64,3,0.23055576194274033,-19.572418212890625
ipo,feedback,737,64,4,0.1839704608653244,-19.79813575744629
ipo,feedback,867,64,1,0.19470447114613085,-10.859289169311523
ipo,feedback,867,64,2,0.311037769199543,-10.390857696533203
ipo,feedback,867,64,3,0.04457005981096771,-12.333709716796875
ipo,feedback,867,64,4,0.4496876998433584,-10.022218704223633
ipo,feedback,945,64,1,0.30046238389698576,-20.64616584777832
ipo,feedback,945,64,2,0.37568223431177344,-20.422744750976562
ipo,feedback,945,64,3,0.19769026832879508,-21.064786911010742
ipo,feedback,945,64,4,0.1261651134624457,-21.513896942138672
ipo,feedback,54,65,1,0.06933126130603598,-13.190248489379883
ipo,feedback,54,65,2,0.4000559213198913,-11.437540054321289
ipo,feedback,54,65,3,0.30538619232518527,-11.70756721496582
ipo,feedback,54,65,4,0.22522662504888735,-12.01203727722168
ipo,feedback,251,65,1,0.48430423012397017,-13.374855041503906
ipo,feedback,251,65,2,0.03211339852161732,-16.088294982910156
ipo,feedback,251,65,3,0.10637636084432561,-14.890584945678711
ipo,feedback,251,65,4,0.3772060105100869,-13.624776840209961
ipo,feedback,612,65,1,0.11170654452241366,-19.780597686767578
ipo,feedback,612,65,2,0.38713751182094996,-18.53769302368164
ipo,feedback,612,65,3,0.17701169333133668,-19.32025718688965
ipo,feedback,612,65,4,0.3241442503252997,-18.71528434753418
ipo,feedback,737,65,1,0.06989283610186056,-20.64369773864746
ipo,feedback,737,65,2,0.594132157668301,-18.503559112548828
ipo,feedback,737,65,3,0.1917522665085554,-19.634456634521484
ipo,feedback,737,65,4,0.14422273972128305,-19.919301986694336
ipo,feedback,867,65,1,0.19796583561519449,-10.90909194946289
ipo,feedback,867,65,2,0.24538105612655536,-10.694374084472656
ipo,feedback,867,65,3,0.036248215526106194,-12.606796264648438
ipo,feedback,867,65,4,0.520404892732144,-9.94257926940918
ipo,feedback,945,65,1,0.35744057055135053,-20.633548736572266
ipo,feedback,945,65,2,0.3337863168155529,-20.702016830444336
ipo,feedback,945,65,3,0.20946261693110116,-21.167972564697266
ipo,feedback,945,65,4,0.09931049570199554,-21.91426658630371
ipo,feedback,54,66,1,0.07299407392888645,-13.210380554199219
ipo,feedback,54,66,2,0.4173557809701243,-11.466819763183594
ipo,feedback,54,66,3,0.2472972848268041,-11.990167617797852
ipo,feedback,54,66,4,0.2623528602741851,-11.931068420410156
ipo,feedback,251,66,1,0.4734731454432649,-13.26716423034668
ipo,feedback,251,66,2,0.023557063614074062,-16.267833709716797
ipo,feedback,251,66,3,0.08143778727333485,-15.027420043945312
ipo,feedback,251,66,4,0.4215320036693263,-13.383363723754883
ipo,feedback,612,66,1,0.1356939416271282,-19.740550994873047
ipo,feedback,612,66,2,0.43218138440478965,-18.582107543945312
ipo,feedback,612,66,3,0.11138081521779918,-19.937997817993164
ipo,feedback,612,66,4,0.32074385875028305,-18.88031005859375
ipo,feedback,737,66,1,0.07599116045124996,-20.5741024017334
ipo,feedback,737,66,2,0.5629925137155484,-18.571453094482422
ipo,feedback,737,66,3,0.15798906501839802,-19.842193603515625
ipo,feedback,737,66,4,0.20302726081480366,-19.591379165649414
ipo,feedback,867,66,1,0.19248708281490057,-10.688789367675781
ipo,feedback,867,66,2,0.30846124243352047,-10.217222213745117
ipo,feedback,867,66,3,0.03203079881749595,-12.482120513916016
ipo,feedback,867,66,4,0.467020875934083,-9.802444458007812
ipo,feedback,945,66,1,0.31681933374792004,-20.621692657470703
ipo,feedback,945,66,2,0.314048786817247,-20.630475997924805
ipo,feedback,945,66,3,0.25825608003135314,-20.826072692871094
ipo,feedback,945,66,4,0.11087579940347976,-21.671613693237305
ipo,feedback,54,67,1,0.04118872835349301,-13.641855239868164
ipo,feedback,54,67,2,0.41100619384433973,-11.341411590576172
ipo,feedback,54,67,3,0.26058357177461394,-11.797096252441406
ipo,feedback,54,67,4,0.28722150602755336,-11.699766159057617
ipo,feedback,251,67,1,0.5181108444473128,-13.220142364501953
ipo,feedback,251,67,2,0.022851990709891284,-16.341293334960938
ipo,feedback,251,67,3,0.07461233392898266,-15.158025741577148
ipo,feedback,251,67,4,0.3844248309138132,-13.518583297729492
ipo,feedback,612,67,1,0.10349942677069834,-20.172388076782227
ipo,feedback,612,67,2,0.37779458430368185,-18.87760353088379
ipo,feedback,612,67,3,0.09447450027630247,-20.26362419128418
ipo,feedback,612,67,4,0.4242314886493174,-18.761674880981445
ipo,feedback,737,67,1,0.10508048763003647,-20.436859130859375
ipo,feedback,737,67,2,0.44699067454274954,-18.98904800415039
ipo,feedback,737,67,3,0.09649111729406998,-20.52213478088379
ipo,feedback,737,67,4,0.3514377205331441,-19.22955322265625
ipo,feedback,867,67,1,0.15804456398829544,-11.006649017333984
ipo,feedback,867,67,2,0.2527053142218838,-10.537302017211914
ipo,feedback,867,67,3,0.03332147508382644,-12.563323974609375
ipo,feedback,867,67,4,0.5559286467059943,-9.748886108398438
ipo,feedback,945,67,1,0.266885669346353,-20.79403305053711
ipo,feedback,945,67,2,0.3765802313817048,-20.449722290039062
ipo,feedback,945,67,3,0.2384507559491774,-20.90669059753418
ipo,feedback,945,67,4,0.11808334332276474,-21.60946273803711
ipo,feedback,54,68,1,0.05322818259824982,-13.35820198059082
ipo,feedback,54,68,2,0.4441152961472394,-11.236705780029297
ipo,feedback,54,68,3,0.2965892219071827,-11.64044189453125
ipo,feedback,54,68,4,0.2060672993473282,-12.004587173461914
ipo,feedback,251,68,1,0.5037389424647636,-13.45958137512207
ipo,feedback,251,68,2,0.024577015006693955,-16.479827880859375
ipo,feedback,251,68,3,0.15196410075389416,-14.657995223999023
ipo,feedback,251,68,4,0.31971994177464824,-13.914194107055664
ipo,feedback,612,68,1,0.08754780343170371,-20.14558982849121
ipo,feedback,612,68,2,0.3569030330083237,-18.740310668945312
ipo,feedback,612,68,3,0.06467780961528993,-20.44835662841797
ipo,feedback,612,68,4,0.4908713539446826,-18.421592712402344
ipo,feedback,737,68,1,0.16226183988915405,-19.99673843383789
ipo,feedback,737,68,2,0.389181333015159,-19.121904373168945
ipo,feedback,737,68,3,0.14249644748279758,-20.126632690429688
ipo,feedback,737,68,4,0.30606037961288945,-19.362167358398438
ipo,feedback,867,68,1,0.2366094739601744,-10.76822280883789
ipo,feedback,867,68,2,0.21361334236221532,-10.870466232299805
ipo,feedback,867,68,3,0.03104191463565989,-12.799295425415039
ipo,feedback,867,68,4,0.5187352690419504,-9.983240127563477
ipo,feedback,945,68,1,0.359145001307082,-20.459339141845703
ipo,feedback,945,68,2,0.35444598612211875,-20.472509384155273
ipo,feedback,945,68,3,0.20981972654474035,-20.996816635131836
ipo,feedback,945,68,4,0.0765892860260589,-22.004608154296875
ipo,feedback,54,69,1,0.050770688653671237,-13.394683837890625
ipo,feedback,54,69,2,0.47608056381009967,-11.156415939331055
ipo,feedback,54,69,3,0.28720902931988457,-11.661792755126953
ipo,feedback,54,69,4,0.18593971821634453,-12.096580505371094
ipo,feedback,251,69,1,0.4748131479107292,-13.173925399780273
ipo,feedback,251,69,2,0.007501534179025325,-17.321739196777344
ipo,feedback,251,69,3,0.1840398276461439,-14.121694564819336
ipo,feedback,251,69,4,0.3336454902641017,-13.52676773071289
ipo,feedback,612,69,1,0.10045767439850148,-20.07564353942871
ipo,feedback,612,69,2,0.2804494775402609,-19.048986434936523
ipo,feedback,612,69,3,0.058626738446960355,-20.61418914794922
ipo,feedback,612,69,4,0.5604661096142773,-18.356611251831055
ipo,feedback,737,69,1,0.1543667539884642,-20.02121925354004
ipo,feedback,737,69,2,0.4090727371937683,-19.04665756225586
ipo,feedback,737,69,3,0.16453707371837045,-19.957414627075195
ipo,feedback,737,69,4,0.27202343509939697,-19.454662322998047
ipo,feedback,867,69,1,0.20271573009745217,-10.722633361816406
ipo,feedback,867,69,2,0.2819399065195333,-10.392744064331055
ipo,feedback,867,69,3,0.024275863151783365,-12.844955444335938
ipo,feedback,867,69,4,0.4910685002312312,-9.837854385375977
ipo,feedback,945,69,1,0.4297234065109657,-20.149877548217773
ipo,feedback,945,69,2,0.2988804368061669,-20.512975692749023
ipo,feedback,945,69,3,0.20736197109023785,-20.87855339050293
ipo,feedback,945,69,4,0.06403418559262959,-22.05360221862793
ipo,feedback,54,70,1,0.061685701461237044,-13.347047805786133
ipo,feedback,54,70,2,0.3765440391472739,-11.538064956665039
ipo,feedback,54,70,3,0.37780947588078106,-11.534709930419922
ipo,feedback,54,70,4,0.1839607835107078,-12.254377365112305
ipo,feedback,251,70,1,0.4518237045932786,-13.44705581665039
ipo,feedback,251,70,2,0.004956802071474395,-17.95958709716797
ipo,feedback,251,70,3,0.24752843971822977,-14.048822402954102
ipo,feedback,251,70,4,0.2956910536170172,-13.87103271484375
ipo,feedback,612,70,1,0.13683682005574735,-19.697874069213867
ipo,feedback,612,70,2,0.26073421875773795,-19.05316162109375
ipo,feedback,612,70,3,0.06757073880751448,-20.403488159179688
ipo,feedback,612,70,4,0.5348582223790003,-18.33466148376465
ipo,feedback,737,70,1,0.189659488771309,-19.91647720336914
ipo,feedback,737,70,2,0.5194794588650838,-18.90888023376465
ipo,feedback,737,70,3,0.11343309535156244,-20.43049430847168
ipo,feedback,737,70,4,0.17742795701204472,-19.983142852783203
ipo,feedback,867,70,1,0.2814661433467695,-10.382444381713867
ipo,feedback,867,70,2,0.21966016363579569,-10.630374908447266
ipo,feedback,867,70,3,0.015973980638473027,-13.251495361328125
ipo,feedback,867,70,4,0.48289971237896184,-9.842647552490234
ipo,feedback,945,70,1,0.43564673892613615,-20.321680068969727
ipo,feedback,945,70,2,0.23235333740475372,-20.950252532958984
ipo,feedback,945,70,3,0.2716413190863172,-20.794029235839844
ipo,feedback,945,70,4,0.060358604582792776,-22.298208236694336
ipo,feedback,54,71,1,0.07283384306986486,-13.19105339050293
ipo,feedback,54,71,2,0.2699846763891996,-11.880868911743164
ipo,feedback,54,71,3,0.4266812820290032,-11.423196792602539
ipo,feedback,54,71,4,0.23050019851193226,-12.038982391357422
ipo,feedback,251,71,1,0.3184046546753288,-13.73387336730957
ipo,feedback,251,71,2,0.008726571284712945,-17.33082389831543
ipo,feedback,251,71,3,0.3766666155647009,-13.565835952758789
ipo,feedback,251,71,4,0.29620215847525744,-13.806154251098633
ipo,feedback,612,71,1,0.12340132342524505,-19.666248321533203
ipo,feedback,612,71,2,0.22432035758022711,-19.068614959716797
ipo,feedback,612,71,3,0.09972646101548745,-19.87925910949707
ipo,feedback,612,71,4,0.5525518579790405,-18.167142868041992
ipo,feedback,737,71,1,0.2609241230535629,-19.614458084106445
ipo,feedback,737,71,2,0.49158898135886275,-18.98104476928711
ipo,feedback,737,71,3,0.10248383846698281,-20.548982620239258
ipo,feedback,737,71,4,0.14500305712059164,-20.201932907104492
ipo,feedback,867,71,1,0.32365158281392237,-10.311456680297852
ipo,feedback,867,71,2,0.21360587306829878,-10.726991653442383
ipo,feedback,867,71,3,0.013705256603547558,-13.473344802856445
ipo,feedback,867,71,4,0.4490372875142314,-9.984018325805664
ipo,feedback,945,71,1,0.3565654327559735,-20.558082580566406
ipo,feedback,945,71,2,0.21286053380573222,-21.073963165283203
ipo,feedback,945,71,3,0.3077352800568888,-20.705360412597656
ipo,feedback,945,71,4,0.12283875338140537,-21.623727798461914
ipo,feedback,54,72,1,0.08209823582868489,-13.032180786132812
ipo,feedback,54,72,2,0.26432374160594846,-11.862922668457031
ipo,feedback,54,72,3,0.3006467349113065,-11.734161376953125
ipo,feedback,54,72,4,0.3529312876540601,-11.573823928833008
ipo,feedback,251,72,1,0.220293353477955,-13.88801383972168
ipo,feedback,251,72,2,0.010743978509725478,-16.908628463745117
ipo,feedback,251,72,3,0.29149302652774295,-13.60795783996582
ipo,feedback,251,72,4,0.47746964148457655,-13.114473342895508
ipo,feedback,612,72,1,0.07737824270503271,-19.81565284729004
ipo,feedback,612,72,2,0.16881921287510404,-19.03553009033203
ipo,feedback,612,72,3,0.10375506431766743,-19.52232551574707
ipo,feedback,612,72,4,0.6500474801021958,-17.687313079833984
ipo,feedback,737,72,1,0.3149001128024721,-19.447614669799805
ipo,feedback,737,72,2,0.46488561694073827,-19.05807876586914
ipo,feedback,737,72,3,0.0846577619660474,-20.761253356933594
ipo,feedback,737,72,4,0.13555650829074234,-20.290481567382812
ipo,feedback,867,72,1,0.4283587434094485,-9.964439392089844
ipo,feedback,867,72,2,0.21903643122582642,-10.635162353515625
ipo,feedback,867,72,3,0.01378717694943647,-13.40066146850586
ipo,feedback,867,72,4,0.3388176484152886,-10.198938369750977
ipo,feedback,945,72,1,0.3951064003865266,-20.347774505615234
ipo,feedback,945,72,2,0.19410491169283917,-21.058530807495117
ipo,feedback,945,72,3,0.2568869211879714,-20.77829360961914
ipo,feedback,945,72,4,0.15390176673266268,-21.29061508178711
ipo,feedback,54,73,1,0.10220646534045312,-12.993806838989258
ipo,feedback,54,73,2,0.26584317673338,-12.037895202636719
ipo,feedback,54,73,3,0.18515179426926293,-12.399625778198242
ipo,feedback,54,73,4,0.44679856365690407,-11.518693923950195
ipo,feedback,251,73,1,0.2611499962291664,-13.829452514648438
ipo,feedback,251,73,2,0.029344120693460384,-16.01545524597168
ipo,feedback,251,73,3,0.23843557591012246,-13.920448303222656
ipo,feedback,251,73,4,0.47107030716725073,-13.239540100097656
ipo,feedback,612,73,1,0.1000478844561101,-19.291051864624023
ipo,feedback,612,73,2,0.08485109214557666,-19.45580291748047
ipo,feedback,612,73,3,0.11839153539732934,-19.122703552246094
ipo,feedback,612,73,4,0.6967094880009838,-17.350332260131836
ipo,feedback,737,73,1,0.32000964118171354,-19.36485481262207
ipo,feedback,737,73,2,0.43914927525416103,-19.04836654663086
ipo,feedback,737,73,3,0.11551514135653726,-20.383804321289062
ipo,feedback,737,73,4,0.1253259422075881,-20.302288055419922
ipo,feedback,867,73,1,0.43832487156352606,-9.67692756652832
ipo,feedback,867,73,2,0.3009320845936275,-10.053003311157227
ipo,feedback,867,73,3,0.01274087445122185,-13.215072631835938
ipo,feedback,867,73,4,0.24800216939162453,-10.246450424194336
ipo,feedback,945,73,1,0.39929082150353784,-20.358856201171875
ipo,feedback,945,73,2,0.18027199456150297,-21.15407943725586
ipo,feedback,945,73,3,0.2923308502307558,-20.6706600189209
ipo,feedback,945,73,4,0.12810633370420335,-21.495685577392578
ipo,feedback,54,74,1,0.19979145438455873,-12.359018325805664
ipo,feedback,54,74,2,0.32883670671529575,-11.86073112487793
ipo,feedback,54,74,3,0.15562267257049966,-12.608858108520508
ipo,feedback,54,74,4,0.3157491663296459,-11.901344299316406
ipo,feedback,251,74,1,0.31675966702783626,-13.635080337524414
ipo,feedback,251,74,2,0.0508367872825258,-15.464603424072266
ipo,feedback,251,74,3,0.2512523216510302,-13.866765975952148
ipo,feedback,251,74,4,0.38115122403860774,-13.450027465820312
ipo,feedback,612,74,1,0.0777387642518149,-19.36501121520996
ipo,feedback,612,74,2,0.08316023316623582,-19.297595977783203
ipo,feedback,612,74,3,0.1823899120293428,-18.512218475341797
ipo,feedback,612,74,4,0.6567110905526065,-17.231121063232422
ipo,feedback,737,74,1,0.26242492844775717,-19.423450469970703
ipo,feedback,737,74,2,0.4824533334873993,-18.814531326293945
ipo,feedback,737,74,3,0.1382280944157413,-20.064510345458984
ipo,feedback,737,74,4,0.1168936436491022,-20.23215103149414
ipo,feedback,867,74,1,0.39220900082435073,-9.518301010131836
ipo,feedback,867,74,2,0.4352575852237503,-9.41415786743164
ipo,feedback,867,74,3,0.018218923978495834,-12.587635040283203
ipo,feedback,867,74,4,0.15431448997340308,-10.451103210449219
ipo,feedback,945,74,1,0.3921856961026625,-20.468069076538086
ipo,feedback,945,74,2,0.1623695173623071,-21.349929809570312
ipo,feedback,945,74,3,0.3133463638979272,-20.692495346069336
ipo,feedback,945,74,4,0.13209842263710314,-21.556257247924805
ipo,feedback,54,75,1,0.19099796219390003,-12.255817413330078
ipo,feedback,54,75,2,0.44106828711774887,-11.418880462646484
ipo,feedback,54,75,3,0.18632314135079758,-12.280597686767578
ipo,feedback,54,75,4,0.18161060933755352,-12.306215286254883
ipo,feedback,251,75,1,0.2608783258512357,-13.742462158203125
ipo,feedback,251,75,2,0.0500943200682189,-15.392608642578125
ipo,feedback,251,75,3,0.3406286925077459,-13.475723266601562
ipo,feedback,251,75,4,0.34839866157279953,-13.453168869018555
ipo,feedback,612,75,1,0.0819597284225773,-19.05098533630371
ipo,feedback,612,75,2,0.06944418126827838,-19.216690063476562
ipo,feedback,612,75,3,0.22765440992254338,-18.02938461303711
ipo,feedback,612,75,4,0.6209416803866009,-17.025976181030273
ipo,feedback,737,75,1,0.22828883226757254,-19.58760643005371
ipo,feedback,737,75,2,0.5205002306048462,-18.763427734375
ipo,feedback,737,75,3,0.12120582638248918,-20.220727920532227
ipo,feedback,737,75,4,0.13000511074509202,-20.150644302368164
ipo,feedback,867,75,1,0.2906316499271678,-9.830438613891602
ipo,feedback,867,75,2,0.513648644598668,-9.260955810546875
ipo,feedback,867,75,3,0.02656171526158973,-12.223024368286133
ipo,feedback,867,75,4,0.1691579902125746,-10.371662139892578
ipo,feedback,945,75,1,0.29408068895216777,-20.837039947509766
ipo,feedback,945,75,2,0.2180284401511463,-21.136268615722656
ipo,feedback,945,75,3,0.3990692127265826,-20.53175926208496
ipo,feedback,945,75,4,0.08882165817010332,-22.034263610839844
ipo,feedback,54,76,1,0.1310089892808096,-12.282957077026367
ipo,feedback,54,76,2,0.5206441202515054,-10.903156280517578
ipo,feedback,54,76,3,0.15405894085114877,-12.120887756347656
ipo,feedback,54,76,4,0.19428794961653614,-11.88888168334961
ipo,feedback,251,76,1,0.23463753626639428,-13.735363006591797
ipo,feedback,251,76,2,0.03149992875021473,-15.743419647216797
ipo,feedback,251,76,3,0.3274782596223935,-13.401983261108398
ipo,feedback,251,76,4,0.4063842753609975,-13.186105728149414
ipo,feedback,612,76,1,0.07082349685507071,-19.497032165527344
ipo,feedback,612,76,2,0.13181293445666917,-18.875839233398438
ipo,feedback,612,76,3,0.29481605942792827,-18.070871353149414
ipo,feedback,612,76,4,0.5025475092603319,-17.537532806396484
ipo,feedback,737,76,1,0.2868106928546897,-19.329954147338867
ipo,feedback,737,76,2,0.5068038254031244,-18.760652542114258
ipo,feedback,737,76,3,0.11734261041213591,-20.223678588867188
ipo,feedback,737,76,4,0.08904287133005014,-20.499658584594727
ipo,feedback,867,76,1,0.30982394053704937,-9.997770309448242
ipo,feedback,867,76,2,0.45365308915847996,-9.61644172668457
ipo,feedback,867,76,3,0.04183225531951531,-12.000106811523438
ipo,feedback,867,76,4,0.1946907149849553,-10.462362289428711
ipo,feedback,945,76,1,0.3789556371413882,-20.315994262695312
ipo,feedback,945,76,2,0.1735154111673331,-21.09714698791504
ipo,feedback,945,76,3,0.2554018800499867,-20.710575103759766
ipo,feedback,945,76,4,0.19212707164129206,-20.995256423950195
ipo,feedback,54,77,1,0.07826398424934022,-12.838705062866211
ipo,feedback,54,77,2,0.525038073497439,-10.935321807861328
ipo,feedback,54,77,3,0.20501341698109415,-11.875717163085938
ipo,feedback,54,77,4,0.19168452527212665,-11.942941665649414
ipo,feedback,251,77,1,0.2666110389940033,-13.612350463867188
ipo,feedback,251,77,2,0.03251752835092303,-15.716361999511719
ipo,feedback,251,77,3,0.27386905670261225,-13.585491180419922
ipo,feedback,251,77,4,0.4270023759524614,-13.141351699829102
ipo,feedback,612,77,1,0.0699834664002968,-19.282569885253906
ipo,feedback,612,77,2,0.08726593997513964,-19.06186866760254
ipo,feedback,612,77,3,0.3301785125407021,-17.7311954498291
ipo,feedback,612,77,4,0.5125720810838615,-17.2913875579834
ipo,feedback,737,77,1,0.2759048941153827,-19.243160247802734
ipo,feedback,737,77,2,0.5649669670881797,-18.52644920349121
ipo,feedback,737,77,3,0.10357490762920529,-20.22292137145996
ipo,feedback,737,77,4,0.055553231167232334,-20.845874786376953
ipo,feedback,867,77,1,0.23510858741522947,-10.506839752197266
ipo,feedback,867,77,2,0.44838856908672553,-9.861227035522461
ipo,feedback,867,77,3,0.058607491502170435,-11.896024703979492
ipo,feedback,867,77,4,0.2578953519958747,-10.41433334350586
ipo,feedback,945,77,1,0.3413174096540116,-20.346101760864258
ipo,feedback,945,77,2,0.2114144452112402,-20.82509422302246
ipo,feedback,945,77,3,0.2716111983941892,-20.574542999267578
ipo,feedback,945,77,4,0.17565694674055907,-21.0103816986084
ipo,feedback,54,78,1,0.055632411578867995,-12.998025894165039
ipo,feedback,54,78,2,0.5697834496219625,-10.67153549194336
ipo,feedback,54,78,3,0.19991745143899628,-11.718887329101562
ipo,feedback,54,78,4,0.1746666873601731,-11.853912353515625
ipo,feedback,251,78,1,0.23876962423306156,-13.884016036987305
ipo,feedback,251,78,2,0.04943707198242296,-15.45881462097168
ipo,feedback,251,78,3,0.2774810014562248,-13.733762741088867
ipo,feedback,251,78,4,0.43431230232829066,-13.285751342773438
ipo,feedback,612,78,1,0.057843938506503385,-19.533723831176758
ipo,feedback,612,78,2,0.10282552568687459,-18.958438873291016
ipo,feedback,612,78,3,0.3326124837278508,-17.784494400024414
ipo,feedback,612,78,4,0.5067180520787712,-17.36351776123047
ipo,feedback,737,78,1,0.27589976794104565,-19.466093063354492
ipo,feedback,737,78,2,0.5544816867537177,-18.768096923828125
ipo,feedback,737,78,3,0.08156157137603234,-20.684772491455078
ipo,feedback,737,78,4,0.08805697392920446,-20.60814666748047
ipo,feedback,867,78,1,0.28569129813329974,-10.467458724975586
ipo,feedback,867,78,2,0.3342567904909334,-10.310461044311523
ipo,feedback,867,78,3,0.046409148850107156,-12.284873962402344
ipo,feedback,867,78,4,0.3336427625256597,-10.312299728393555
ipo,feedback,945,78,1,0.2911665761768626,-20.706932067871094
ipo,feedback,945,78,2,0.23186520642228992,-20.93467140197754
ipo,feedback,945,78,3,0.29426910342854323,-20.696332931518555
ipo,feedback,945,78,4,0.18269911397230432,-21.17298698425293
ipo,feedback,54,79,1,0.057005523337778065,-13.144031524658203
ipo,feedback,54,79,2,0.507957763361053,-10.956781387329102
ipo,feedback,54,79,3,0.25909130478262893,-11.629999160766602
ipo,feedback,54,79,4,0.17594540851854004,-12.017005920410156
ipo,feedback,251,79,1,0.23362309228811287,-13.942163467407227
ipo,feedback,251,79,2,0.042942147996095414,-15.636018753051758
ipo,feedback,251,79,3,0.2402894887825811,-13.91402816772461
ipo,feedback,251,79,4,0.4831452709332106,-13.215555191040039
ipo,feedback,612,79,1,0.04924551953129803,-19.638879776000977
ipo,feedback,612,79,2,0.10546858771829982,-18.87728500366211
ipo,feedback,612,79,3,0.3995791974188925,-17.545286178588867
ipo,feedback,612,79,4,0.44570669533150964,-17.436037063598633
ipo,feedback,737,79,1,0.27069297478913085,-19.43199348449707
ipo,feedback,737,79,2,0.5939050279079576,-18.646259307861328
ipo,feedback,737,79,3,0.07415933522532442,-20.726762771606445
ipo,feedback,737,79,4,0.061242662077587134,-20.918134689331055
ipo,feedback,867,79,1,0.28852026172429013,-10.395503997802734
ipo,feedback,867,79,2,0.30954886450133245,-10.325153350830078
ipo,feedback,867,79,3,0.04500635311321571,-12.25346565246582
ipo,feedback,867,79,4,0.3569245206611617,-10.182744979858398
ipo,feedback,945,79,1,0.26505683018272963,-20.627962112426758
ipo,feedback,945,79,2,0.23864319054350572,-20.73293685913086
ipo,feedback,945,79,3,0.27860385705935076,-20.578115463256836
ipo,feedback,945,79,4,0.21769612221441392,-20.824806213378906
ipo,feedback,54,80,1,0.06356827144594843,-13.142345428466797
ipo,feedback,54,80,2,0.47814399855080864,-11.124547958374023
ipo,feedback,54,80,3,0.27872396564470275,-11.664237976074219
ipo,feedback,54,80,4,0.17956376435854032,-12.10392951965332
ipo,feedback,251,80,1,0.2513712397682129,-13.781532287597656
ipo,feedback,251,80,2,0.04415985542061779,-15.520647048950195
ipo,feedback,251,80,3,0.2321263690995481,-13.861181259155273
ipo,feedback,251,80,4,0.4723425357116212,-13.150758743286133
ipo,feedback,612,80,1,0.037699352185309114,-20.079137802124023
ipo,feedback,612,80,2,0.13880838389894926,-18.775686264038086
ipo,feedback,612,80,3,0.38222633045953364,-17.762767791748047
ipo,feedback,612,80,4,0.44126593345620807,-17.61913299560547
ipo,feedback,737,80,1,0.24030022039017246,-19.56437110900879
ipo,feedback,737,80,2,0.6377328145255959,-18.588340759277344
ipo,feedback,737,80,3,0.05325426620574468,-21.071182250976562
ipo,feedback,737,80,4,0.068712698878487,-20.816326141357422
ipo,feedback,867,80,1,0.291414734030751,-10.270015716552734
ipo,feedback,867,80,2,0.3220030175237785,-10.170202255249023
ipo,feedback,867,80,3,0.03664036498154204,-12.343612670898438
ipo,feedback,867,80,4,0.3499418834639284,-10.086996078491211
ipo,feedback,945,80,1,0.1780771227037877,-21.147485733032227
ipo,feedback,945,80,2,0.32396823027220956,-20.549057006835938
ipo,feedback,945,80,3,0.329139664211627,-20.533220291137695
ipo,feedback,945,80,4,0.16881498281237572,-21.200899124145508
ipo,feedback,54,81,1,0.0386677877260968,-13.477636337280273
ipo,feedback,54,81,2,0.43506325650998184,-11.057151794433594
ipo,feedback,54,81,3,0.35440286175079094,-11.262208938598633
ipo,feedback,54,81,4,0.1718660940131304,-11.98592758178711
ipo,feedback,251,81,1,0.28548113727141644,-13.51099967956543
ipo,feedback,251,81,2,0.042064880041478604,-15.425962448120117
ipo,feedback,251,81,3,0.2043848349647817,-13.845170974731445
ipo,feedback,251,81,4,0.4680691477223233,-13.016559600830078
ipo,feedback,612,81,1,0.036391084447744325,-20.038297653198242
ipo,feedback,612,81,2,0.11739816702384288,-18.867050170898438
ipo,feedback,612,81,3,0.35992525420642674,-17.74672508239746
ipo,feedback,612,81,4,0.4862854943219861,-17.445825576782227
ipo,feedback,737,81,1,0.210544984337873,-19.606929779052734
ipo,feedback,737,81,2,0.6127994535957095,-18.538591384887695
ipo,feedback,737,81,3,0.07936111326652455,-20.58262062072754
ipo,feedback,737,81,4,0.09729444879989294,-20.378887176513672
ipo,feedback,867,81,1,0.27160697848329407,-10.271413803100586
ipo,feedback,867,81,2,0.3581637577284805,-9.994779586791992
ipo,feedback,867,81,3,0.03471592699464789,-12.328571319580078
ipo,feedback,867,81,4,0.3355133367935774,-10.060108184814453
ipo,feedback,945,81,1,0.23774301447048668,-20.795307159423828
ipo,feedback,945,81,2,0.2966116439681533,-20.574073791503906
ipo,feedback,945,81,3,0.29892773487886826,-20.566295623779297
ipo,feedback,945,81,4,0.16671760668249183,-21.150196075439453
ipo,feedback,54,82,1,0.03420781260351115,-13.59405517578125
ipo,feedback,54,82,2,0.3476150604042199,-11.275413513183594
ipo,feedback,54,82,3,0.3809446830338053,-11.183855056762695
ipo,feedback,54,82,4,0.23723244395846352,-11.657468795776367
ipo,feedback,251,82,1,0.3257691188357836,-13.489063262939453
ipo,feedback,251,82,2,0.03952502711003019,-15.598318099975586
ipo,feedback,251,82,3,0.19226410074222902,-14.016382217407227
ipo,feedback,251,82,4,0.44244175331195723,-13.182943344116211
ipo,feedback,612,82,1,0.0629896833817984,-19.399364471435547
ipo,feedback,612,82,2,0.10633266077747762,-18.875762939453125
ipo,feedback,612,82,3,0.4226397458317715,-17.49581527709961
ipo,feedback,612,82,4,0.4080379100089525,-17.530975341796875
ipo,feedback,737,82,1,0.18309456721962122,-19.652698516845703
ipo,feedback,737,82,2,0.5220387448925049,-18.60495948791504
ipo,feedback,737,82,3,0.13258147677086388,-19.97550392150879
ipo,feedback,737,82,4,0.16228521111701,-19.773345947265625
ipo,feedback,867,82,1,0.14288570793095995,-10.89902114868164
ipo,feedback,867,82,2,0.37632519505052586,-9.930612564086914
ipo,feedback,867,82,3,0.03545496868303208,-12.292802810668945
ipo,feedback,867,82,4,0.4453341283354821,-9.76224136352539
ipo,feedback,945,82,1,0.2418794217118498,-20.728904724121094
ipo,feedback,945,82,2,0.2944417723582771,-20.532262802124023
ipo,feedback,945,82,3,0.28594886519864265,-20.56153106689453
ipo,feedback,945,82,4,0.17772994073123038,-21.037078857421875
ipo,feedback,54,83,1,0.04979603119643116,-13.306198120117188
ipo,feedback,54,83,2,0.3570226330272753,-11.336334228515625
ipo,feedback,54,83,3,0.28065070506181866,-11.577022552490234
ipo,feedback,54,83,4,0.31253063071447484,-11.469430923461914
ipo,feedback,251,83,1,0.35602174557217253,-13.404376983642578
ipo,feedback,251,83,2,0.04515271476786927,-15.469318389892578
ipo,feedback,251,83,3,0.23325330075294945,-13.82724380493164
ipo,feedback,251,83,4,0.3655722389070088,-13.377904891967773
ipo,feedback,612,83,1,0.05360959740324864,-19.7750244140625
ipo,feedback,612,83,2,0.176582231956679,-18.582965850830078
ipo,feedback,612,83,3,0.4268217482976921,-17.70038604736328
ipo,feedback,612,83,4,0.3429864223423803,-17.9190616607666
ipo,feedback,737,83,1,0.1760982504971344,-19.61695671081543
ipo,feedback,737,83,2,0.5273361054515109,-18.520160675048828
ipo,feedback,737,83,3,0.13155608601596314,-19.908565521240234
ipo,feedback,737,83,4,0.16500955803539147,-19.681995391845703
ipo,feedback,867,83,1,0.17354597534576896,-10.63184928894043
ipo,feedback,867,83,2,0.39452781812718046,-9.810602188110352
ipo,feedback,867,83,3,0.03992170159544753,-12.101371765136719
ipo,feedback,867,83,4,0.3920045049316031,-9.817018508911133
ipo,feedback,945,83,1,0.24473572484052766,-20.583335876464844
ipo,feedback,945,83,2,0.2684714268877332,-20.49077033996582
ipo,feedback,945,83,3,0.2747306008572917,-20.467723846435547
ipo,feedback,945,83,4,0.2120622474144476,-20.726634979248047
ipo,feedback,54,84,1,0.08671876014108985,-12.790119171142578
ipo,feedback,54,84,2,0.3941739264567429,-11.275997161865234
ipo,feedback,54,84,3,0.24580685359550453,-11.74824333190918
ipo,feedback,54,84,4,0.27330045980666273,-11.642217636108398
ipo,feedback,251,84,1,0.37052585096705737,-13.373260498046875
ipo,feedback,251,84,2,0.037927408275040854,-15.652509689331055
ipo,feedback,251,84,3,0.2036224440919787,-13.971916198730469
ipo,feedback,251,84,4,0.38792429666592315,-13.327373504638672
ipo,feedback,612,84,1,0.03891237915560247,-19.99405288696289
ipo,feedback,612,84,2,0.14907026118589767,-18.65094757080078
ipo,feedback,612,84,3,0.41649482224812434,-17.623491287231445
ipo,feedback,612,84,4,0.3955225374103756,-17.67515754699707
ipo,feedback,737,84,1,0.16611706425072797,-19.703256607055664
ipo,feedback,737,84,2,0.45206229412064936,-18.702129364013672
ipo,feedback,737,84,3,0.13637312513826513,-19.900554656982422
ipo,feedback,737,84,4,0.24544751649035768,-19.3128662109375
ipo,feedback,867,84,1,0.12971843370452607,-10.875743865966797
ipo,feedback,867,84,2,0.37273658342266514,-9.82023811340332
ipo,feedback,867,84,3,0.04828344612734132,-11.864021301269531
ipo,feedback,867,84,4,0.44926153674546737,-9.633504867553711
ipo,feedback,945,84,1,0.2509888411958673,-20.557268142700195
ipo,feedback,945,84,2,0.25115836644224954,-20.55659294128418
ipo,feedback,945,84,3,0.2562737642194438,-20.53643035888672
ipo,feedback,945,84,4,0.24157902814243942,-20.59547996520996
ipo,feedback,54,85,1,0.061156809983849626,-12.907917022705078
ipo,feedback,54,85,2,0.4635621966162449,-10.882417678833008
ipo,feedback,54,85,3,0.18589026712719228,-11.796201705932617
ipo,feedback,54,85,4,0.28939072627271306,-11.353580474853516
ipo,feedback,251,85,1,0.36854208118586723,-13.379913330078125
ipo,feedback,251,85,2,0.048746543505560645,-15.402833938598633
ipo,feedback,251,85,3,0.21009591469451577,-13.941904067993164
ipo,feedback,251,85,4,0.3726154606140563,-13.368921279907227
ipo,feedback,612,85,1,0.06152481316048478,-19.5496826171875
ipo,feedback,612,85,2,0.15852869463182906,-18.603187561035156
ipo,feedback,612,85,3,0.4257760897558643,-17.615209579467773
ipo,feedback,612,85,4,0.3541704024518217,-17.799345016479492
ipo,feedback,737,85,1,0.20514230465646163,-19.40899085998535
ipo,feedback,737,85,2,0.38606038453344066,-18.776700973510742
ipo,feedback,737,85,3,0.1470081744696113,-19.742206573486328
ipo,feedback,737,85,4,0.26178913634048634,-19.1651554107666
ipo,feedback,867,85,1,0.1312200666457583,-11.039031982421875
ipo,feedback,867,85,2,0.3519295140242333,-10.05247688293457
ipo,feedback,867,85,3,0.05403863740106623,-11.92620849609375
ipo,feedback,867,85,4,0.4628117819289423,-9.778587341308594
ipo,feedback,945,85,1,0.2167336675901622,-20.603252410888672
ipo,feedback,945,85,2,0.2776060603614448,-20.3557186126709
ipo,feedback,945,85,3,0.2709995231089039,-20.379804611206055
ipo,feedback,945,85,4,0.23466074893948896,-20.523780822753906
ipo,feedback,54,86,1,0.0759598963693027,-12.74383544921875
ipo,feedback,54,86,2,0.42336009265730584,-11.02581787109375
ipo,feedback,54,86,3,0.17542659155096943,-11.906820297241211
ipo,feedback,54,86,4,0.32525341942242203,-11.289436340332031
ipo,feedback,251,86,1,0.3565648448153248,-13.353193283081055
ipo,feedback,251,86,2,0.057362597201712294,-15.180316925048828
ipo,feedback,251,86,3,0.21165454635256895,-13.874753952026367
ipo,feedback,251,86,4,0.37441801163039407,-13.304336547851562
ipo,feedback,612,86,1,0.059151975679405694,-19.350839614868164
ipo,feedback,612,86,2,0.12893367787677992,-18.571651458740234
ipo,feedback,612,86,3,0.45945129207092666,-17.30091667175293
ipo,feedback,612,86,4,0.3524630543728878,-17.566003799438477
ipo,feedback,737,86,1,0.17268550403304844,-19.57483673095703
ipo,feedback,737,86,2,0.31081286411871856,-18.987117767333984
ipo,feedback,737,86,3,0.2357334576856412,-19.263607025146484
ipo,feedback,737,86,4,0.2807681741625917,-19.08877944946289
ipo,feedback,867,86,1,0.0815785160051102,-11.265804290771484
ipo,feedback,867,86,2,0.3532036632040102,-9.800325393676758
ipo,feedback,867,86,3,0.057262827712877246,-11.619718551635742
ipo,feedback,867,86,4,0.5079549930780023,-9.43697738647461
ipo,feedback,945,86,1,0.2056234495669393,-20.763412475585938
ipo,feedback,945,86,2,0.22790241263092534,-20.660541534423828
ipo,feedback,945,86,3,0.3394078340745707,-20.262256622314453
ipo,feedback,945,86,4,0.2270663037275646,-20.664216995239258
ipo,feedback,54,87,1,0.08824564814350228,-12.534879684448242
ipo,feedback,54,87,2,0.48178628952379055,-10.837503433227539
ipo,feedback,54,87,3,0.15758455649641434,-11.955041885375977
ipo,feedback,54,87,4,0.2723835058362928,-11.407793045043945
ipo,feedback,251,87,1,0.359302560636088,-13.426420211791992
ipo,feedback,251,87,2,0.06509439720737717,-15.134746551513672
ipo,feedback,251,87,3,0.22157193723843507,-13.90983772277832
ipo,feedback,251,87,4,0.35403110491809975,-13.441200256347656
ipo,feedback,612,87,1,0.05417656078093809,-19.691837310791016
ipo,feedback,612,87,2,0.18949915917875004,-18.439701080322266
ipo,feedback,612,87,3,0.43409399232198687,-17.610824584960938
ipo,feedback,612,87,4,0.32223028771832496,-17.9088191986084
ipo,feedback,737,87,1,0.13924532047375296,-19.594942092895508
ipo,feedback,737,87,2,0.3384437567779955,-18.70682144165039
ipo,feedback,737,87,3,0.24488894913369105,-19.03037452697754
ipo,feedback,737,87,4,0.2774219736145606,-18.9056396484375
ipo,feedback,867,87,1,0.07476292227096183,-11.578659057617188
ipo,feedback,867,87,2,0.25661905671660373,-10.345388412475586
ipo,feedback,867,87,3,0.048529885926123575,-12.010801315307617
ipo,feedback,867,87,4,0.6200881350863109,-9.463119506835938
ipo,feedback,945,87,1,0.19979558156498836,-20.602933883666992
ipo,feedback,945,87,2,0.18590345706776812,-20.67500114440918
ipo,feedback,945,87,3,0.25394485556567586,-20.36311149597168
ipo,feedback,945,87,4,0.36035610580156774,-20.01313591003418
ipo,feedback,54,88,1,0.10092429258158499,-12.371891021728516
ipo,feedback,54,88,2,0.5199868716715293,-10.732458114624023
ipo,feedback,54,88,3,0.1653330568803074,-11.878299713134766
ipo,feedback,54,88,4,0.2137557788665783,-11.621427536010742
ipo,feedback,251,88,1,0.2704412638013811,-13.735601425170898
ipo,feedback,251,88,2,0.05572542362810432,-15.31521987915039
ipo,feedback,251,88,3,0.4334450981873605,-13.263891220092773
ipo,feedback,251,88,4,0.24038821438315414,-13.853401184082031
ipo,feedback,612,88,1,0.03210909558360384,-20.33808135986328
ipo,feedback,612,88,2,0.22782279884816214,-18.378652572631836
ipo,feedback,612,88,3,0.33733729704383425,-17.98613739013672
ipo,feedback,612,88,4,0.40273080852439974,-17.80895233154297
ipo,feedback,737,88,1,0.12658833309725553,-19.824949264526367
ipo,feedback,737,88,2,0.3342348021511035,-18.854045867919922
ipo,feedback,737,88,3,0.2377577541882736,-19.194637298583984
ipo,feedback,737,88,4,0.3014191105633673,-18.957387924194336
ipo,feedback,867,88,1,0.11320719541584971,-11.36308479309082
ipo,feedback,867,88,2,0.2098093636941616,-10.746105194091797
ipo,feedback,867,88,3,0.028752340220888087,-12.733585357666016
ipo,feedback,867,88,4,0.6482311006691006,-9.618057250976562
ipo,feedback,945,88,1,0.23479848340741036,-20.35951805114746
ipo,feedback,945,88,2,0.17400551138388437,-20.65915870666504
ipo,feedback,945,88,3,0.1847973848755071,-20.59898567199707
ipo,feedback,945,88,4,0.4063986203331982,-19.810911178588867
ipo,feedback,54,89,1,0.1182018388075453,-12.433958053588867
ipo,feedback,54,89,2,0.4891598740947702,-11.013662338256836
ipo,feedback,54,89,3,0.1640190691931317,-12.106369018554688
ipo,feedback,54,89,4,0.22861921790455278,-11.774293899536133
ipo,feedback,251,89,1,0.21662797905977957,-13.999780654907227
ipo,feedback,251,89,2,0.06844185932879973,-15.1519775390625
ipo,feedback,251,89,3,0.4213905478002152,-13.334402084350586
ipo,feedback,251,89,4,0.2935396138112054,-13.69594955444336
ipo,feedback,612,89,1,0.03578377075132971,-20.297208786010742
ipo,feedback,612,89,2,0.21205358843543606,-18.517864227294922
ipo,feedback,612,89,3,0.34567329977605593,-18.02920913696289
ipo,feedback,612,89,4,0.4064893410371784,-17.867145538330078
ipo,feedback,737,89,1,0.12624903543670063,-19.79426383972168
ipo,feedback,737,89,2,0.22954511694766339,-19.196420669555664
ipo,feedback,737,89,3,0.254600904609375,-19.092823028564453
ipo,feedback,737,89,4,0.38960494300626103,-18.667387008666992
ipo,feedback,867,89,1,0.15563968108822593,-11.338998794555664
ipo,feedback,867,89,2,0.1724062791833508,-11.236688613891602
ipo,feedback,867,89,3,0.03718121988306891,-12.77073860168457
ipo,feedback,867,89,4,0.6347728198453543,-9.93327522277832
ipo,feedback,945,89,1,0.13418315633539613,-21.26468276977539
ipo,feedback,945,89,2,0.29852907785985117,-20.46502113342285
ipo,feedback,945,89,3,0.3138796491774181,-20.414878845214844
ipo,feedback,945,89,4,0.25340811662733465,-20.628887176513672
ipo,feedback,54,90,1,0.12073632762348825,-12.486894607543945
ipo,feedback,54,90,2,0.5296579886714962,-11.008272171020508
ipo,feedback,54,90,3,0.18632575988195152,-12.053007125854492
ipo,feedback,54,90,4,0.16327992382306417,-12.185037612915039
ipo,feedback,251,90,1,0.23678686917769665,-14.02137565612793
ipo,feedback,251,90,2,0.05925528922798628,-15.406681060791016
ipo,feedback,251,90,3,0.40017601354267257,-13.496631622314453
ipo,feedback,251,90,4,0.3037818280516446,-13.772226333618164
ipo,feedback,612,90,1,0.05016169669856861,-20.014057159423828
ipo,feedback,612,90,2,0.21344220994699664,-18.565942764282227
ipo,feedback,612,90,3,0.3158041283354143,-18.17418670654297
ipo,feedback,612,90,4,0.4205919650190203,-17.887645721435547
ipo,feedback,737,90,1,0.1956614339786902,-19.53533363342285
ipo,feedback,737,90,2,0.33502229010237283,-18.997522354125977
ipo,feedback,737,90,3,0.2375985509996305,-19.341136932373047
ipo,feedback,737,90,4,0.2317177249193064,-19.366199493408203
ipo,feedback,867,90,1,0.2157678183698634,-11.34065055847168
ipo,feedback,867,90,2,0.13442095987129335,-11.81387710571289
ipo,feedback,867,90,3,0.04158698277118643,-12.987066268920898
ipo,feedback,867,90,4,0.6082242389876568,-10.304309844970703
ipo,feedback,945,90,1,0.14158347915080488,-21.32187843322754
ipo,feedback,945,90,2,0.32264333634904413,-20.498220443725586
ipo,feedback,945,90,3,0.30250972925414654,-20.562654495239258
ipo,feedback,945,90,4,0.23326345524600442,-20.822599411010742
ipo,feedback,54,91,1,0.12578616632888429,-12.346601486206055
ipo,feedback,54,91,2,0.5315934451842136,-10.905305862426758
ipo,feedback,54,91,3,0.20526793277955316,-11.856868743896484
ipo,feedback,54,91,4,0.13735245570734902,-12.258634567260742
ipo,feedback,251,91,1,0.10293951295855192,-14.639335632324219
ipo,feedback,251,91,2,0.07213981100946415,-14.994871139526367
ipo,feedback,251,91,3,0.3033806687215693,-13.558488845825195
ipo,feedback,251,91,4,0.5215400073104146,-13.016691207885742
ipo,feedback,612,91,1,0.044050419417997415,-20.11505889892578
ipo,feedback,612,91,2,0.2080049534347636,-18.56283187866211
ipo,feedback,612,91,3,0.2977175875350849,-18.204248428344727
ipo,feedback,612,91,4,0.45022703961215405,-17.79064178466797
ipo,feedback,737,91,1,0.21564455067519103,-19.49782371520996
ipo,feedback,737,91,2,0.312686796886404,-19.126253128051758
ipo,feedback,737,91,3,0.22399248155352536,-19.459842681884766
ipo,feedback,737,91,4,0.2476761708848795,-19.359333038330078
ipo,feedback,867,91,1,0.24428719378213715,-11.234180450439453
ipo,feedback,867,91,2,0.11025324040811933,-12.029745101928711
ipo,feedback,867,91,3,0.04698242250187774,-12.88275146484375
ipo,feedback,867,91,4,0.5984771433078657,-10.338136672973633
ipo,feedback,945,91,1,0.15349872355967406,-21.297286987304688
ipo,feedback,945,91,2,0.3236547245337842,-20.551301956176758
ipo,feedback,945,91,3,0.2803585134383871,-20.694910049438477
ipo,feedback,945,91,4,0.24248803846815467,-20.84002685546875
ipo,feedback,54,92,1,0.09563367778163022,-12.530054092407227
ipo,feedback,54,92,2,0.5620697957999264,-10.758953094482422
ipo,feedback,54,92,3,0.2160010647032624,-11.715295791625977
ipo,feedback,54,92,4,0.12629546171518088,-12.251955032348633
ipo,feedback,251,92,1,0.08349860079835447,-14.91568374633789
ipo,feedback,251,92,2,0.12441492408721587,-14.516891479492188
ipo,feedback,251,92,3,0.3387758758079987,-13.515174865722656
ipo,feedback,251,92,4,0.4533105993064309,-13.223936080932617
ipo,feedback,612,92,1,0.04973134477475712,-19.732046127319336
ipo,feedback,612,92,2,0.12674201958700484,-18.796527862548828
ipo,feedback,612,92,3,0.3275883249030293,-17.846923828125
ipo,feedback,612,92,4,0.4959383107352087,-17.43222999572754
ipo,feedback,737,92,1,0.2142702880071334,-19.38865852355957
ipo,feedback,737,92,2,0.2916881144662763,-19.080211639404297
ipo,feedback,737,92,3,0.26169903970104114,-19.188701629638672
ipo,feedback,737,92,4,0.23234255782554925,-19.30768394470215
ipo,feedback,867,92,1,0.43091538099984616,-10.382110595703125
ipo,feedback,867,92,2,0.15802408334720566,-11.385274887084961
ipo,feedback,867,92,3,0.03115675554937633,-13.008991241455078
ipo,feedback,867,92,4,0.37990378010357184,-10.50810432434082
ipo,feedback,945,92,1,0.1337522972754872,-21.391984939575195
ipo,feedback,945,92,2,0.36960635583002555,-20.37553596496582
ipo,feedback,945,92,3,0.2607344496768471,-20.724472045898438
ipo,feedback,945,92,4,0.23590689721764005,-20.82453727722168
ipo,feedback,54,93,1,0.0727605258421714,-12.872049331665039
ipo,feedback,54,93,2,0.5997130590575052,-10.762771606445312
ipo,feedback,54,93,3,0.22319675852284798,-11.751169204711914
ipo,feedback,54,93,4,0.10432965657747552,-12.511667251586914
ipo,feedback,251,93,1,0.12713547552249943,-14.541393280029297
ipo,feedback,251,93,2,0.14813915118456497,-14.388494491577148
ipo,feedback,251,93,3,0.20295122041428906,-14.073680877685547
ipo,feedback,251,93,4,0.5217741528786466,-13.129411697387695
ipo,feedback,612,93,1,0.043683136009994794,-19.511873245239258
ipo,feedback,612,93,2,0.08034221206051949,-18.90254020690918
ipo,feedback,612,93,3,0.3739990687476169,-17.364582061767578
ipo,feedback,612,93,4,0.5019755831818689,-17.070283889770508
ipo,feedback,737,93,1,0.16979739403520736,-19.616962432861328
ipo,feedback,737,93,2,0.3571157310982113,-18.87350845336914
ipo,feedback,737,93,3,0.27371300738128707,-19.139488220214844
ipo,feedback,737,93,4,0.19937386748529412,-19.45638656616211
ipo,feedback,867,93,1,0.45518657429177845,-10.008541107177734
ipo,feedback,867,93,2,0.1786412952967955,-10.943868637084961
ipo,feedback,867,93,3,0.016806164420292535,-13.307502746582031
ipo,feedback,867,93,4,0.3493659659911336,-10.273128509521484
ipo,feedback,945,93,1,0.12094899074049589,-21.560884475708008
ipo,feedback,945,93,2,0.3983428293954869,-20.368940353393555
ipo,feedback,945,93,3,0.3002098778484327,-20.651771545410156
ipo,feedback,945,93,4,0.18049830201558464,-21.160531997680664
ipo,feedback,54,94,1,0.07446497594976925,-12.8182373046875
ipo,feedback,54,94,2,0.5770498661118426,-10.770637512207031
ipo,feedback,54,94,3,0.22959368917821393,-11.692255020141602
ipo,feedback,54,94,4,0.11889146876017426,-12.35035514831543
ipo,feedback,251,94,1,0.14837529674722222,-14.288766860961914
ipo,feedback,251,94,2,0.16820886163839777,-14.163305282592773
ipo,feedback,251,94,3,0.1767641873093113,-14.11369514465332
ipo,feedback,251,94,4,0.5066516543050688,-13.060688018798828
ipo,feedback,612,94,1,0.03613855159308996,-19.710914611816406
ipo,feedback,612,94,2,0.09734470500485592,-18.720016479492188
ipo,feedback,612,94,3,0.44515682840460724,-17.199848175048828
ipo,feedback,612,94,4,0.4213599149974469,-17.25478744506836
ipo,feedback,737,94,1,0.10055147033861005,-19.913257598876953
ipo,feedback,737,94,2,0.36827793875180426,-18.615089416503906
ipo,feedback,737,94,3,0.3285405327195456,-18.729267120361328
ipo,feedback,737,94,4,0.20263005819003999,-19.21254539489746
ipo,feedback,867,94,1,0.37077635586643165,-10.079896926879883
ipo,feedback,867,94,2,0.25911232737833145,-10.438234329223633
ipo,feedback,867,94,3,0.01675981788289391,-13.176511764526367
ipo,feedback,867,94,4,0.35335149887234296,-10.128032684326172
ipo,feedback,945,94,1,0.1395247519214966,-21.379762649536133
ipo,feedback,945,94,2,0.43015275072759745,-20.253864288330078
ipo,feedback,945,94,3,0.24368824495049768,-20.822114944458008
ipo,feedback,945,94,4,0.1866342524004082,-21.08885383605957
ipo,feedback,54,95,1,0.04805937620953201,-13.129356384277344
ipo,feedback,54,95,2,0.5259860940535368,-10.736518859863281
ipo,feedback,54,95,3,0.276993919489957,-11.377798080444336
ipo,feedback,54,95,4,0.1489606102469741,-11.998111724853516
ipo,feedback,251,95,1,0.17039138624274394,-14.251636505126953
ipo,feedback,251,95,2,0.14248550276546307,-14.43049430847168
ipo,feedback,251,95,3,0.1606735413884449,-14.310359954833984
ipo,feedback,251,95,4,0.5264495696033481,-13.123579025268555
ipo,feedback,612,95,1,0.019744955675507617,-20.41410255432129
ipo,feedback,612,95,2,0.10906223302808264,-18.705081939697266
ipo,feedback,612,95,3,0.4770179842835643,-17.229446411132812
ipo,feedback,612,95,4,0.39417482701284556,-17.42020606994629
ipo,feedback,737,95,1,0.06787228292667652,-20.273334503173828
ipo,feedback,737,95,2,0.3833429457556871,-18.54203224182129
ipo,feedback,737,95,3,0.2614111930963,-18.924867630004883
ipo,feedback,737,95,4,0.2873735782213363,-18.83017921447754
ipo,feedback,867,95,1,0.3748640783969846,-9.953815460205078
ipo,feedback,867,95,2,0.30000996774603694,-10.176563262939453
ipo,feedback,867,95,3,0.015950215847719416,-13.110906600952148
ipo,feedback,867,95,4,0.30917573800925907,-10.146469116210938
ipo,feedback,945,95,1,0.25832554599770224,-20.612041473388672
ipo,feedback,945,95,2,0.36118951238678104,-20.276859283447266
ipo,feedback,945,95,3,0.1941248828243077,-20.89776039123535
ipo,feedback,945,95,4,0.186360058791209,-20.938581466674805
ipo,feedback,54,96,1,0.0619426788092509,-13.032333374023438
ipo,feedback,54,96,2,0.4726548474255252,-11.000177383422852
ipo,feedback,54,96,3,0.26179213793280365,-11.590991973876953
ipo,feedback,54,96,4,0.20361033583242028,-11.842334747314453
ipo,feedback,251,96,1,0.1536358527159687,-14.27198600769043
ipo,feedback,251,96,2,0.1752058338319252,-14.140609741210938
ipo,feedback,251,96,3,0.18349930237637702,-14.0943603515625
ipo,feedback,251,96,4,0.48765901107572895,-13.116954803466797
ipo,feedback,612,96,1,0.010699787143203486,-20.905689239501953
ipo,feedback,612,96,2,0.11004584656164018,-18.575016021728516
ipo,feedback,612,96,3,0.4966708598791337,-17.06798553466797
ipo,feedback,612,96,4,0.3825835064160227,-17.32896614074707
ipo,feedback,737,96,1,0.0810033947352351,-19.883317947387695
ipo,feedback,737,96,2,0.3471616222030166,-18.42801856994629
ipo,feedback,737,96,3,0.2937227013053229,-18.595172882080078
ipo,feedback,737,96,4,0.2781122817564252,-18.649784088134766
ipo,feedback,867,96,1,0.33713675439720864,-9.708114624023438
ipo,feedback,867,96,2,0.4485331079874323,-9.42262077331543
ipo,feedback,867,96,3,0.015248836954076922,-12.804100036621094
ipo,feedback,867,96,4,0.19908130066128216,-10.23488998413086
ipo,feedback,945,96,1,0.2830518557627582,-20.511571884155273
ipo,feedback,945,96,2,0.4060543942675078,-20.150714874267578
ipo,feedback,945,96,3,0.18706265965685395,-20.925758361816406
ipo,feedback,945,96,4,0.12383109031288014,-21.33828353881836
ipo,feedback,54,97,1,0.05220552142988709,-13.035615921020508
ipo,feedback,54,97,2,0.47522451446178554,-10.827016830444336
ipo,feedback,54,97,3,0.2583351722767863,-11.436546325683594
ipo,feedback,54,97,4,0.214234791831541,-11.62373161315918
ipo,feedback,251,97,1,0.19344022534328112,-14.213218688964844
ipo,feedback,251,97,2,0.24595053722975854,-13.97305679321289
ipo,feedback,251,97,3,0.17213956507928163,-14.32988166809082
ipo,feedback,251,97,4,0.3884696723476787,-13.515972137451172
ipo,feedback,612,97,1,0.008297947236568763,-21.215192794799805
ipo,feedback,612,97,2,0.1399238815652143,-18.39010238647461
ipo,feedback,612,97,3,0.49939310431584494,-17.117807388305664
ipo,feedback,612,97,4,0.3523850668823721,-17.466476440429688
ipo,feedback,737,97,1,0.07745850776759386,-19.883386611938477
ipo,feedback,737,97,2,0.3740367569366961,-18.308774948120117
ipo,feedback,737,97,3,0.32104985689884424,-18.461532592773438
ipo,feedback,737,97,4,0.22745487839686582,-18.806177139282227
ipo,feedback,867,97,1,0.19849187012296385,-10.081594467163086
ipo,feedback,867,97,2,0.5504117224793338,-9.061676025390625
ipo,feedback,867,97,3,0.019235436539079633,-12.41558837890625
ipo,feedback,867,97,4,0.23186097085862276,-9.926204681396484
ipo,feedback,945,97,1,0.20595558431784908,-20.945859909057617
ipo,feedback,945,97,2,0.4276987969646411,-20.21510124206543
ipo,feedback,945,97,3,0.2571939350820373,-20.723690032958984
ipo,feedback,945,97,4,0.1091516836354724,-21.580781936645508
ipo,feedback,54,98,1,0.03539459881836374,-13.196544647216797
ipo,feedback,54,98,2,0.5461257227981018,-10.460254669189453
ipo,feedback,54,98,3,0.1960557208050973,-11.484704971313477
ipo,feedback,54,98,4,0.22242395757843722,-11.358518600463867
ipo,feedback,251,98,1,0.23118008370873636,-14.037128448486328
ipo,feedback,251,98,2,0.33836881647924033,-13.65618896484375
ipo,feedback,251,98,3,0.16074272632688438,-14.400520324707031
ipo,feedback,251,98,4,0.2697083734851389,-13.882984161376953
ipo,feedback,612,98,1,0.008150246459771643,-21.415889739990234
ipo,feedback,612,98,2,0.2382455452651064,-18.04063606262207
ipo,feedback,612,98,3,0.4467845500910218,-17.411861419677734
ipo,feedback,612,98,4,0.30681965818410023,-17.787677764892578
ipo,feedback,737,98,1,0.05189701964011006,-20.060361862182617
ipo,feedback,737,98,2,0.3813729379569981,-18.065845489501953
ipo,feedback,737,98,3,0.3707733420587667,-18.094032287597656
ipo,feedback,737,98,4,0.19595670034412505,-18.73172950744629
ipo,feedback,867,98,1,0.15336073380243745,-10.283174514770508
ipo,feedback,867,98,2,0.5675578965721653,-8.974624633789062
ipo,feedback,867,98,3,0.03267157216160599,-11.829462051391602
ipo,feedback,867,98,4,0.24640979746379124,-9.808971405029297
ipo,feedback,945,98,1,0.23595513510518565,-20.6036376953125
ipo,feedback,945,98,2,0.43842909881650255,-19.984081268310547
ipo,feedback,945,98,3,0.2210113154449524,-20.669065475463867
ipo,feedback,945,98,4,0.1046044506333595,-21.41709327697754
ipo,feedback,54,99,1,0.040391458532250506,-13.272804260253906
ipo,feedback,54,99,2,0.37281272875600413,-11.050346374511719
ipo,feedback,54,99,3,0.2515514203709733,-11.443775177001953
ipo,feedback,54,99,4,0.3352443923407721,-11.156562805175781
ipo,feedback,251,99,1,0.31722743600567355,-13.68604850769043
ipo,feedback,251,99,2,0.25836245721587114,-13.891304016113281
ipo,feedback,251,99,3,0.1314331422800519,-14.567169189453125
ipo,feedback,251,99,4,0.2929769644984034,-13.765573501586914
ipo,feedback,612,99,1,0.008189022305072303,-21.42646026611328
ipo,feedback,612,99,2,0.18928459334362754,-18.28600311279297
ipo,feedback,612,99,3,0.42045114814500373,-17.487926483154297
ipo,feedback,612,99,4,0.3820752362062964,-17.583637237548828
ipo,feedback,737,99,1,0.04073967706406374,-20.367830276489258
ipo,feedback,737,99,2,0.3901403439389334,-18.1085262298584
ipo,feedback,737,99,3,0.33244050337455067,-18.268571853637695
ipo,feedback,737,99,4,0.23667947562245237,-18.608325958251953
ipo,feedback,867,99,1,0.11430163995886515,-10.595964431762695
ipo,feedback,867,99,2,0.5150605628632992,-9.090520858764648
ipo,feedback,867,99,3,0.035906973524864286,-11.753873825073242
ipo,feedback,867,99,4,0.3347308236529714,-9.521478652954102
ipo,feedback,945,99,1,0.1385361134164465,-21.19942283630371
ipo,feedback,945,99,2,0.5008020906424545,-19.914342880249023
ipo,feedback,945,99,3,0.22963096534766358,-20.694080352783203
ipo,feedback,945,99,4,0.13103083059343537,-21.2551212310791
ipo,feedback,54,100,1,0.059562784834564536,-13.016159057617188
ipo,feedback,54,100,2,0.37218968451291207,-11.183786392211914
ipo,feedback,54,100,3,0.2089982258807614,-11.7608642578125
ipo,feedback,54,100,4,0.35924930477176203,-11.219173431396484
ipo,feedback,251,100,1,0.3920757549848033,-13.526193618774414
ipo,feedback,251,100,2,0.17049739397221944,-14.358928680419922
ipo,feedback,251,100,3,0.16642810952456832,-14.383085250854492
ipo,feedback,251,100,4,0.2709987415184091,-13.89553451538086
ipo,feedback,612,100,1,0.009494918542994042,-21.31966209411621
ipo,feedback,612,100,2,0.18951971051407898,-18.325925827026367
ipo,feedback,612,100,3,0.38165558457554283,-17.625900268554688
ipo,feedback,612,100,4,0.41932978636738405,-17.531761169433594
ipo,feedback,737,100,1,0.05366649260425736,-20.02704620361328
ipo,feedback,737,100,2,0.5601923697850725,-17.681554794311523
ipo,feedback,737,100,3,0.24163710668273658,-18.522397994995117
ipo,feedback,737,100,4,0.14450403092793357,-19.036527633666992
ipo,feedback,867,100,1,0.1037169499527644,-10.926206588745117
ipo,feedback,867,100,2,0.41805187412949996,-9.532266616821289
ipo,feedback,867,100,3,0.028120137529621347,-12.231386184692383
ipo,feedback,867,100,4,0.45011103838811417,-9.458377838134766
ipo,feedback,945,100,1,0.16187816152762083,-21.177623748779297
ipo,feedback,945,100,2,0.5692093486816198,-19.92021942138672
ipo,feedback,945,100,3,0.17732170700451302,-21.086502075195312
ipo,feedback,945,100,4,0.09159078278624623,-21.74713706970215
dpo,ordinary,54,0,1,0.3712115726937563,-11.455205917358398
dpo,ordinary,54,0,2,0.6029922801684683,-10.970073699951172
dpo,ordinary,54,0,3,0.013535056151053621,-14.766695022583008
dpo,ordinary,54,0,4,0.012261090986721752,-14.865547180175781
dpo,ordinary,251,0,1,0.694191099475356,-14.002059936523438
dpo,ordinary,251,0,2,0.05016718807243481,-16.629446029663086
dpo,ordinary,251,0,3,0.19044195905865974,-15.295459747314453
dpo,ordinary,251,0,4,0.06519975339354969,-16.367351531982422
dpo,ordinary,612,0,1,0.011528466077837621,-22.023841857910156
dpo,ordinary,612,0,2,0.7315963931614523,-17.873432159423828
dpo,ordinary,612,0,3,0.23203468246272563,-19.021774291992188
dpo,ordinary,612,0,4,0.024840458297984383,-21.256187438964844
dpo,ordinary,737,0,1,0.03122719912330496,-21.474811553955078
dpo,ordinary,737,0,2,0.07528141785186789,-20.594867706298828
dpo,ordinary,737,0,3,0.8825096617860657,-18.133331298828125
dpo,ordinary,737,0,4,0.010981721238761349,-22.519868850708008
dpo,ordinary,867,0,1,0.09175021384384172,-13.859933853149414
dpo,ordinary,867,0,2,0.020779009578621742,-15.345060348510742
dpo,ordinary,867,0,3,0.03044524853192668,-14.96307373046875
dpo,ordinary,867,0,4,0.8570255280456098,-11.62553596496582
dpo,ordinary,945,0,1,0.12281756762231946,-22.115964889526367
dpo,ordinary,945,0,2,0.4665705454925932,-20.7812557220459
dpo,ordinary,945,0,3,0.06747558918123138,-22.71489906311035
dpo,ordinary,945,0,4,0.3431362977038559,-21.088537216186523
dpo,ordinary,54,1,1,0.36690181031157054,-11.382658004760742
dpo,ordinary,54,1,2,0.6098458492949381,-10.87454605102539
dpo,ordinary,54,1,3,0.013975720734781209,-14.650430679321289
dpo,ordinary,54,1,4,0.00927661965871018,-15.06025505065918
dpo,ordinary,251,1,1,0.7354895693835729,-13.594356536865234
dpo,ordinary,251,1,2,0.014760147062577238,-17.502962112426758
dpo,ordinary,251,1,3,0.16140298953650728,-15.11098861694336
dpo,ordinary,251,1,4,0.08834729401734247,-15.713617324829102
dpo,ordinary,612,1,1,0.0022096218402436153,-24.023366928100586
dpo,ordinary,612,1,2,0.8504755871716952,-18.070392608642578
dpo,ordinary,612,1,3,0.10101356952564258,-20.2009334564209
dpo,ordinary,612,1,4,0.04630122146241846,-20.981019973754883
dpo,ordinary,737,1,1,0.017691782683214984,-22.1945743560791
dpo,ordinary,737,1,2,0.13631215398975682,-20.152727127075195
dpo,ordinary,737,1,3,0.8301934139488762,-18.34601593017578
dpo,ordinary,737,1,4,0.015802649378151932,-22.307497024536133
dpo,ordinary,867,1,1,0.13551401685002884,-13.169559478759766
dpo,ordinary,867,1,2,0.020990011863071086,-15.034587860107422
dpo,ordinary,867,1,3,0.01033911196918787,-15.742700576782227
dpo,ordinary,867,1,4,0.8331568593177122,-11.353412628173828
dpo,ordinary,945,1,1,0.1545535914219829,-22.02117156982422
dpo,ordinary,945,1,2,0.5185783962795315,-20.81062126159668
dpo,ordinary,945,1,3,0.10042502715750848,-22.452301025390625
dpo,ordinary,945,1,4,0.22644298514097708,-21.639219284057617
dpo,ordinary,54,2,1,0.4159826171553434,-11.501274108886719
dpo,ordinary,54,2,2,0.5467174917329058,-11.227985382080078
dpo,ordinary,54,2,3,0.02724324951456571,-14.22711181640625
dpo,ordinary,54,2,4,0.010056641597185008,-15.223684310913086
dpo,ordinary,251,2,1,0.639987509193025,-13.86921501159668
dpo,ordinary,251,2,2,0.01969464299410564,-17.350317001342773
dpo,ordinary,251,2,3,0.25114286167634253,-14.804641723632812
dpo,ordinary,251,2,4,0.08917498613652683,-15.840063095092773
dpo,ordinary,612,2,1,0.0021362516619642087,-24.72374725341797
dpo,ordinary,612,2,2,0.786884706626331,-18.81471824645996
dpo,ordinary,612,2,3,0.021366235677637423,-22.420988082885742
dpo,ordinary,612,2,4,0.18961280603406747,-20.237815856933594
dpo,ordinary,737,2,1,0.009144880640467683,-22.96540069580078
dpo,ordinary,737,2,2,0.2952951209445565,-19.490619659423828
dpo,ordinary,737,2,3,0.6819511265296103,-18.653636932373047
dpo,ordinary,737,2,4,0.013608871885365574,-22.567873001098633
dpo,ordinary,867,2,1,0.14190289451168858,-13.069372177124023
dpo,ordinary,867,2,2,0.01789466132288619,-15.140012741088867
dpo,ordinary,867,2,3,0.004486598424632541,-16.523420333862305
dpo,ordinary,867,2,4,0.8357158457407927,-11.296226501464844
dpo,ordinary,945,2,1,0.11996737875154066,-22.34222412109375
dpo,ordinary,945,2,2,0.6390360048242097,-20.669483184814453
dpo,ordinary,945,2,3,0.12119158964520287,-22.33207130432129
dpo,ordinary,945,2,4,0.11980502677904657,-22.343578338623047
dpo,ordinary,54,3,1,0.14929731517397504,-12.032220840454102
dpo,ordinary,54,3,2,0.8098044838119823,-10.341367721557617
dpo,ordinary,54,3,3,0.032878754844338026,-13.545333862304688
dpo,ordinary,54,3,4,0.00801944616970456,-14.956291198730469
dpo,ordinary,251,3,1,0.47819831165922766,-14.278980255126953
dpo,ordinary,251,3,2,0.00936005201739355,-18.212554931640625
dpo,ordinary,251,3,3,0.4020256636968512,-14.452489852905273
dpo,ordinary,251,3,4,0.11041597262652751,-15.7447509765625
dpo,ordinary,612,3,1,0.0020004348452812076,-25.011978149414062
dpo,ordinary,612,3,2,0.6187453527827074,-19.27764892578125
dpo,ordinary,612,3,3,0.012536639143285339,-23.176687240600586
dpo,ordinary,612,3,4,0.3667175732287261,-19.800750732421875
dpo,ordinary,737,3,1,0.006886961464303649,-23.56991958618164
dpo,ordinary,737,3,2,0.4976285063957106,-19.289695739746094
dpo,ordinary,737,3,3,0.4517592225939952,-19.38640022277832
dpo,ordinary,737,3,4,0.0437253095459906,-21.721622467041016
dpo,ordinary,867,3,1,0.26906061628467626,-12.22198486328125
dpo,ordinary,867,3,2,0.018848730401523968,-14.880475997924805
dpo,ordinary,867,3,3,0.0030223814855517422,-16.71087646484375
dpo,ordinary,867,3,4,0.709068271828248,-11.252969741821289
dpo,ordinary,945,3,1,0.11101342290781668,-22.274009704589844
dpo,ordinary,945,3,2,0.6812496076321435,-20.459732055664062
dpo,ordinary,945,3,3,0.11165259725453608,-22.268268585205078
dpo,ordinary,945,3,4,0.09608437220550388,-22.418434143066406
dpo,ordinary,54,4,1,0.09375146683832479,-12.317028045654297
dpo,ordinary,54,4,2,0.8558376711471393,-10.105594635009766
dpo,ordinary,54,4,3,0.041285692407040366,-13.13715934753418
dpo,ordinary,54,4,4,0.009125169607495598,-14.646638870239258
dpo,ordinary,251,4,1,0.3207399892091794,-14.487342834472656
dpo,ordinary,251,4,2,0.009358911908354728,-18.021644592285156
dpo,ordinary,251,4,3,0.5946736941968963,-13.86996078491211
dpo,ordinary,251,4,4,0.07522740468556961,-15.937458038330078
dpo,ordinary,612,4,1,0.002683869967467085,-24.61125373840332
dpo,ordinary,612,4,2,0.3974367500798231,-19.61347770690918
dpo,ordinary,612,4,3,0.007630322770582775,-23.566383361816406
dpo,ordinary,612,4,4,0.5922490571821271,-19.21458625793457
dpo,ordinary,737,4,1,0.009828162147402106,-23.09490203857422
dpo,ordinary,737,4,2,0.5570744696495176,-19.05745506286621
dpo,ordinary,737,4,3,0.37638010422552054,-19.449554443359375
dpo,ordinary,737,4,4,0.05671726397755967,-21.34207534790039
dpo,ordinary,867,4,1,0.5191021532262666,-11.560022354125977
dpo,ordinary,867,4,2,0.015314652604354039,-15.08331298828125
dpo,ordinary,867,4,3,0.0019347860128531174,-17.15212631225586
dpo,ordinary,867,4,4,0.46364840815652625,-11.672996520996094
dpo,ordinary,945,4,1,0.1868015847175659,-21.63699722290039
dpo,ordinary,945,4,2,0.6208119073842474,-20.436016082763672
dpo,ordinary,945,4,3,0.10541424012420857,-22.20914649963379
dpo,ordinary,945,4,4,0.08697226777397814,-22.40145492553711
dpo,ordinary,54,5,1,0.11956173086892502,-12.492719650268555
dpo,ordinary,54,5,2,0.7786254294977905,-10.619022369384766
dpo,ordinary,54,5,3,0.08991831359267238,-12.777650833129883
dpo,ordinary,54,5,4,0.011894526040612217,-14.800474166870117
dpo,ordinary,251,5,1,0.28209307600976524,-14.5635986328125
dpo,ordinary,251,5,2,0.004743994048857482,-18.648956298828125
dpo,ordinary,251,5,3,0.6033380348093871,-13.80335807800293
dpo,ordinary,251,5,4,0.10982489513199016,-15.506948471069336
dpo,ordinary,612,5,1,0.007896094488478703,-23.823339462280273
dpo,ordinary,612,5,2,0.37889960814095885,-19.952436447143555
dpo,ordinary,612,5,3,0.00749343128043151,-23.875680923461914
dpo,ordinary,612,5,4,0.605710866090131,-19.483304977416992
dpo,ordinary,737,5,1,0.008166205734191502,-23.442951202392578
dpo,ordinary,737,5,2,0.7451337466780972,-18.929391860961914
dpo,ordinary,737,5,3,0.1968331572953672,-20.26059913635254
dpo,ordinary,737,5,4,0.049866890292343924,-21.63359832763672
dpo,ordinary,867,5,1,0.6431365369786171,-10.847726821899414
dpo,ordinary,867,5,2,0.021295896663601734,-14.255569458007812
dpo,ordinary,867,5,3,0.0012910253033796293,-17.05864715576172
dpo,ordinary,867,5,4,0.33427654105440174,-11.502115249633789
dpo,ordinary,945,5,1,0.15474831207091877,-21.87175750732422
dpo,ordinary,945,5,2,0.6202939050663806,-20.48336410522461
dpo,ordinary,945,5,3,0.19158169665832495,-21.65824317932129
dpo,ordinary,945,5,4,0.0333760862043756,-23.405717849731445
dpo,ordinary,54,6,1,0.04093168870637765,-13.100505828857422
dpo,ordinary,54,6,2,0.8686523608751987,-10.045467376708984
dpo,ordinary,54,6,3,0.07911851407221478,-12.441463470458984
dpo,ordinary,54,6,4,0.01129743634620894,-14.387834548950195
dpo,ordinary,251,6,1,0.2837139528413524,-14.643381118774414
dpo,ordinary,251,6,2,0.0052778310552673525,-18.627832412719727
dpo,ordinary,251,6,3,0.615874023156776,-13.868305206298828
dpo,ordinary,251,6,4,0.09513419294660416,-15.736059188842773
dpo,ordinary,612,6,1,0.022939323409176364,-23.063705444335938
dpo,ordinary,612,6,2,0.4793120756385074,-20.024206161499023
dpo,ordinary,612,6,3,0.007831194624196566,-24.138442993164062
dpo,ordinary,612,6,4,0.4899174063281197,-20.002321243286133
dpo,ordinary,737,6,1,0.010408961770253891,-23.195369720458984
dpo,ordinary,737,6,2,0.8620046761384418,-18.778776168823242
dpo,ordinary,737,6,3,0.09423738199231572,-20.992219924926758
dpo,ordinary,737,6,4,0.03334898009898857,-22.031009674072266
dpo,ordinary,867,6,1,0.8547926396905033,-9.79708480834961
dpo,ordinary,867,6,2,0.014917318953037002,-13.845420837402344
dpo,ordinary,867,6,3,0.0003144835510935931,-17.70476722717285
dpo,ordinary,867,6,4,0.1299755578053661,-11.680597305297852
dpo,ordinary,945,6,1,0.22148347659841086,-21.284339904785156
dpo,ordinary,945,6,2,0.6027002160049728,-20.283267974853516
dpo,ordinary,945,6,3,0.15253885791166016,-21.657268524169922
dpo,ordinary,945,6,4,0.023277449484956213,-23.537202835083008
dpo,ordinary,54,7,1,0.010764695581931383,-14.049468994140625
dpo,ordinary,54,7,2,0.8361875048925905,-9.696887969970703
dpo,ordinary,54,7,3,0.14159840975742086,-11.472745895385742
dpo,ordinary,54,7,4,0.011449389768057157,-13.987804412841797
dpo,ordinary,251,7,1,0.1767818098418054,-14.920793533325195
dpo,ordinary,251,7,2,0.006242292217779496,-18.264362335205078
dpo,ordinary,251,7,3,0.7130302196704343,-13.526185989379883
dpo,ordinary,251,7,4,0.1039456782699807,-15.451841354370117
dpo,ordinary,612,7,1,0.03413001316844561,-22.621164321899414
dpo,ordinary,612,7,2,0.27551389723136216,-20.532703399658203
dpo,ordinary,612,7,3,0.006759731146179863,-24.240358352661133
dpo,ordinary,612,7,4,0.6835963584540125,-19.623973846435547
dpo,ordinary,737,7,1,0.011089316071429605,-23.362775802612305
dpo,ordinary,737,7,2,0.8175462878498637,-19.062450408935547
dpo,ordinary,737,7,3,0.049042624910000554,-21.876068115234375
dpo,ordinary,737,7,4,0.12232177116870607,-20.96210289001465
dpo,ordinary,867,7,1,0.8398804444073823,-9.475370407104492
dpo,ordinary,867,7,2,0.03959457906473568,-12.529937744140625
dpo,ordinary,867,7,3,0.000467349930962391,-16.96930694580078
dpo,ordinary,867,7,4,0.12005762659691968,-11.420658111572266
dpo,ordinary,945,7,1,0.3214332093230445,-20.548460006713867
dpo,ordinary,945,7,2,0.5230388646815257,-20.061594009399414
dpo,ordinary,945,7,3,0.1360403168630113,-21.40829849243164
dpo,ordinary,945,7,4,0.019487609132418607,-23.351470947265625
dpo,ordinary,54,8,1,0.0037983405268416236,-14.403100967407227
dpo,ordinary,54,8,2,0.9167957988028494,-8.916780471801758
dpo,ordinary,54,8,3,0.066615195128638,-11.538732528686523
dpo,ordinary,54,8,4,0.012790665541671043,-13.188949584960938
dpo,ordinary,251,8,1,0.11743791611056441,-15.36600112915039
dpo,ordinary,251,8,2,0.010698366968901706,-17.76181983947754
dpo,ordinary,251,8,3,0.7479919469269213,-13.514518737792969
dpo,ordinary,251,8,4,0.12387176999361266,-15.312664031982422
dpo,ordinary,612,8,1,0.0778226810809966,-21.797595977783203
dpo,ordinary,612,8,2,0.1837726140957952,-20.938329696655273
dpo,ordinary,612,8,3,0.007531457669818011,-24.1329402923584
dpo,ordinary,612,8,4,0.7308732471533902,-19.557788848876953
dpo,ordinary,737,8,1,0.013617503921812189,-22.989137649536133
dpo,ordinary,737,8,2,0.910429478961809,-18.786577224731445
dpo,ordinary,737,8,3,0.027926332287524603,-22.270923614501953
dpo,ordinary,737,8,4,0.048026684828854325,-21.728736877441406
dpo,ordinary,867,8,1,0.8665550267891878,-9.273759841918945
dpo,ordinary,867,8,2,0.05828823790981353,-11.972885131835938
dpo,ordinary,867,8,3,0.0009181113286308703,-16.123722076416016
dpo,ordinary,867,8,4,0.07423862397236784,-11.731000900268555
dpo,ordinary,945,8,1,0.30876803414511067,-20.36334800720215
dpo,ordinary,945,8,2,0.5407081554231573,-19.803058624267578
dpo,ordinary,945,8,3,0.13848075936789128,-21.165206909179688
dpo,ordinary,945,8,4,0.012043051063840722,-23.607450485229492
dpo,ordinary,54,9,1,0.0011728816626982472,-15.617696762084961
dpo,ordinary,54,9,2,0.8459733434528526,-9.036672592163086
dpo,ordinary,54,9,3,0.132760118635782,-10.888616561889648
dpo,ordinary,54,9,4,0.020093656248667234,-12.776756286621094
dpo,ordinary,251,9,1,0.05656160725423113,-16.091398239135742
dpo,ordinary,251,9,2,0.016422139270891978,-17.32809829711914
dpo,ordinary,251,9,3,0.667721138896374,-13.622858047485352
dpo,ordinary,251,9,4,0.25929511457850296,-14.568761825561523
dpo,ordinary,612,9,1,0.07143819919108418,-21.07999610900879
dpo,ordinary,612,9,2,0.08833832432837722,-20.86765480041504
dpo,ordinary,612,9,3,0.013561934686346188,-22.741561889648438
dpo,ordinary,612,9,4,0.8266615417941923,-18.631433486938477
dpo,ordinary,737,9,1,0.015748914372356697,-22.880229949951172
dpo,ordinary,737,9,2,0.8548462223840831,-18.886079788208008
dpo,ordinary,737,9,3,0.01968068095714233,-22.657363891601562
dpo,ordinary,737,9,4,0.10972418228641782,-20.93903160095215
dpo,ordinary,867,9,1,0.8033953978209726,-8.854339599609375
dpo,ordinary,867,9,2,0.14396477591601045,-10.573617935180664
dpo,ordinary,867,9,3,0.0014761215204408503,-15.153768539428711
dpo,ordinary,867,9,4,0.05116370474257617,-11.608156204223633
dpo,ordinary,945,9,1,0.6010306754083838,-19.150554656982422
dpo,ordinary,945,9,2,0.30906558562335484,-19.81564712524414
dpo,ordinary,945,9,3,0.07982537398689912,-21.16935920715332
dpo,ordinary,945,9,4,0.010078364981362309,-23.23880958557129
dpo,ordinary,54,10,1,0.0006936906192912519,-16.081937789916992
dpo,ordinary,54,10,2,0.8332703421484764,-8.990850448608398
dpo,ordinary,54,10,3,0.14328030157934094,-10.751405715942383
dpo,ordinary,54,10,4,0.022755665652891256,-12.591394424438477
dpo,ordinary,251,10,1,0.08475949529732386,-15.819219589233398
dpo,ordinary,251,10,2,0.027161126357824115,-16.957250595092773
dpo,ordinary,251,10,3,0.5720259666308277,-13.909852981567383
dpo,ordinary,251,10,4,0.3160534117140243,-14.50312614440918
dpo,ordinary,612,10,1,0.3528037294973346,-19.27899932861328
dpo,ordinary,612,10,2,0.024834006101475757,-21.932697296142578
dpo,ordinary,612,10,3,0.018294167443509472,-22.23832893371582
dpo,ordinary,612,10,4,0.6040680969576802,-18.74122428894043
dpo,ordinary,737,10,1,0.014925553823244357,-22.875028610229492
dpo,ordinary,737,10,2,0.6242169590395386,-19.141605377197266
dpo,ordinary,737,10,3,0.01489248196064522,-22.877246856689453
dpo,ordinary,737,10,4,0.3459650051765719,-19.731765747070312
dpo,ordinary,867,10,1,0.6655659707546437,-9.029109954833984
dpo,ordinary,867,10,2,0.26926196669572744,-9.934062957763672
dpo,ordinary,867,10,3,0.002090112009390478,-14.792530059814453
dpo,ordinary,867,10,4,0.06308195054023848,-11.385313034057617
dpo,ordinary,945,10,1,0.6463263884497216,-19.080781936645508
dpo,ordinary,945,10,2,0.2092084377831458,-20.208755493164062
dpo,ordinary,945,10,3,0.12946637152821125,-20.68866539001465
dpo,ordinary,945,10,4,0.014998802238921393,-22.8441162109375
dpo,ordinary,54,11,1,0.0008526575305490751,-16.03586769104004
dpo,ordinary,54,11,2,0.7827377833767639,-9.213672637939453
dpo,ordinary,54,11,3,0.1834931067745819,-10.66429328918457
dpo,ordinary,54,11,4,0.03291645231810506,-12.382497787475586
dpo,ordinary,251,11,1,0.061039718491589,-16.050809860229492
dpo,ordinary,251,11,2,0.03361116955764107,-16.647476196289062
dpo,ordinary,251,11,3,0.6629948598274017,-13.665567398071289
dpo,ordinary,251,11,4,0.24235425212336825,-14.671934127807617
dpo,ordinary,612,11,1,0.6204070837914729,-18.217180252075195
dpo,ordinary,612,11,2,0.010713836654619741,-22.276020050048828
dpo,ordinary,612,11,3,0.020477700158633396,-21.628219604492188
dpo,ordinary,612,11,4,0.348401379395274,-18.794200897216797
dpo,ordinary,737,11,1,0.029032953046509036,-22.32262420654297
dpo,ordinary,737,11,2,0.7662646310440734,-19.049528121948242
dpo,ordinary,737,11,3,0.011706502404351915,-23.230911254882812
dpo,ordinary,737,11,4,0.19299591350506567,-20.428386688232422
dpo,ordinary,867,11,1,0.408297419446921,-9.912393569946289
dpo,ordinary,867,11,2,0.44269827400279355,-9.831501007080078
dpo,ordinary,867,11,3,0.003813485120233679,-14.585845947265625
dpo,ordinary,867,11,4,0.14519082143005171,-10.946340560913086
dpo,ordinary,945,11,1,0.8706656012931684,-17.997879028320312
dpo,ordinary,945,11,2,0.07828879170450181,-20.4067325592041
dpo,ordinary,945,11,3,0.04350119810753099,-20.994348526000977
dpo,ordinary,945,11,4,0.007544408894798797,-22.74633026123047
dpo,ordinary,54,12,1,0.000693080826611429,-16.112947463989258
dpo,ordinary,54,12,2,0.8297588409327761,-9.025203704833984
dpo,ordinary,54,12,3,0.13230298174905672,-10.861244201660156
dpo,ordinary,54,12,4,0.03724509649155579,-12.12881851196289
dpo,ordinary,251,12,1,0.11040924058411282,-15.546304702758789
dpo,ordinary,251,12,2,0.03676310684423802,-16.64600372314453
dpo,ordinary,251,12,3,0.5998900556316623,-13.853752136230469
dpo,ordinary,251,12,4,0.25293759693998685,-14.717355728149414
dpo,ordinary,612,12,1,0.39537676874944033,-18.388961791992188
dpo,ordinary,612,12,2,0.012656484481949939,-21.830631256103516
dpo,ordinary,612,12,3,0.04854188559922945,-20.486373901367188
dpo,ordinary,612,12,4,0.5434248611693803,-18.07090950012207
dpo,ordinary,737,12,1,0.03827985199692165,-21.917896270751953
dpo,ordinary,737,12,2,0.8732767997917122,-18.79056739807129
dpo,ordinary,737,12,3,0.009690576709891392,-23.29166603088379
dpo,ordinary,737,12,4,0.07875277150147482,-21.19650650024414
dpo,ordinary,867,12,1,0.3813868645202027,-10.2293701171875
dpo,ordinary,867,12,2,0.37472922649560547,-10.246980667114258
dpo,ordinary,867,12,3,0.0076740363248237785,-14.13534164428711
dpo,ordinary,867,12,4,0.236209872659368,-10.708463668823242
dpo,ordinary,945,12,1,0.6380040299982096,-19.358489990234375
dpo,ordinary,945,12,2,0.18138221439373428,-20.616228103637695
dpo,ordinary,945,12,3,0.1700739717202342,-20.680601119995117
dpo,ordinary,945,12,4,0.010539783887821992,-23.46167755126953
dpo,ordinary,54,13,1,0.002003246601043316,-15.391136169433594
dpo,ordinary,54,13,2,0.8149441124983162,-9.38278579711914
dpo,ordinary,54,13,3,0.14163766266393898,-11.132633209228516
dpo,ordinary,54,13,4,0.041414978236701594,-12.362262725830078
dpo,ordinary,251,13,1,0.03813359561924672,-16.85843276977539
dpo,ordinary,251,13,2,0.09414171612494363,-15.954727172851562
dpo,ordinary,251,13,3,0.6928469923943279,-13.958719253540039
dpo,ordinary,251,13,4,0.1748776958614817,-15.335441589355469
dpo,ordinary,612,13,1,0.5749416758570577,-16.82731056213379
dpo,ordinary,612,13,2,0.003629581628438984,-21.8924617767334
dpo,ordinary,612,13,3,0.16782575804406524,-18.058652877807617
dpo,ordinary,612,13,4,0.253602984470438,-17.645809173583984
dpo,ordinary,737,13,1,0.04318771900532722,-21.714725494384766
dpo,ordinary,737,13,2,0.8311011053417485,-18.757530212402344
dpo,ordinary,737,13,3,0.012204795941365764,-22.978452682495117
dpo,ordinary,737,13,4,0.11350637971155852,-20.748422622680664
dpo,ordinary,867,13,1,0.18003136831362632,-10.748161315917969
dpo,ordinary,867,13,2,0.5627829233841426,-9.6083984375
dpo,ordinary,867,13,3,0.0063136681313537115,-14.098575592041016
dpo,ordinary,867,13,4,0.25087204017087744,-10.416349411010742
dpo,ordinary,945,13,1,0.3325757716522658,-20.625802993774414
dpo,ordinary,945,13,2,0.28596805068283304,-20.776790618896484
dpo,ordinary,945,13,3,0.3717936124054729,-20.514331817626953
dpo,ordinary,945,13,4,0.00966256525942818,-24.164411544799805
dpo,ordinary,54,14,1,0.0009668626508216974,-15.916492462158203
dpo,ordinary,54,14,2,0.8139933417001852,-9.180841445922852
dpo,ordinary,54,14,3,0.14350663608810046,-10.916412353515625
dpo,ordinary,54,14,4,0.04153315956089275,-12.156301498413086
dpo,ordinary,251,14,1,0.01826190688675635,-17.36336326599121
dpo,ordinary,251,14,2,0.13501523132170254,-15.36279296875
dpo,ordinary,251,14,3,0.761945796660987,-13.632305145263672
dpo,ordinary,251,14,4,0.08477706513055418,-15.828155517578125
dpo,ordinary,612,14,1,0.41451604152468374,-17.119827270507812
dpo,ordinary,612,14,2,0.006475818691132871,-21.27886390686035
dpo,ordinary,612,14,3,0.2903707219619373,-17.475780487060547
dpo,ordinary,612,14,4,0.28863741782224617,-17.481767654418945
dpo,ordinary,737,14,1,0.027075163274811475,-22.0602970123291
dpo,ordinary,737,14,2,0.8611516985521775,-18.600643157958984
dpo,ordinary,737,14,3,0.00644906967913786,-23.494977951049805
dpo,ordinary,737,14,4,0.10532406849387313,-20.701871871948242
dpo,ordinary,867,14,1,0.10051788261808504,-11.200044631958008
dpo,ordinary,867,14,2,0.5477086667696542,-9.504636764526367
dpo,ordinary,867,14,3,0.014855062467962385,-13.112039566040039
dpo,ordinary,867,14,4,0.33691838814429836,-9.99053955078125
dpo,ordinary,945,14,1,0.4270507407912641,-20.124406814575195
dpo,ordinary,945,14,2,0.19421534711504992,-20.912342071533203
dpo,ordinary,945,14,3,0.3473540613732325,-20.330965042114258
dpo,ordinary,945,14,4,0.031379850720453635,-22.735143661499023
dpo,ordinary,54,15,1,0.001523082479313203,-15.269067764282227
dpo,ordinary,54,15,2,0.8578054113879227,-8.935426712036133
dpo,ordinary,54,15,3,0.09387386773299222,-11.147851943969727
dpo,ordinary,54,15,4,0.046797638399771954,-11.843971252441406
dpo,ordinary,251,15,1,0.01961563325608629,-17.252925872802734
dpo,ordinary,251,15,2,0.1076116277713656,-15.550724029541016
dpo,ordinary,251,15,3,0.7738555500151663,-13.57786750793457
dpo,ordinary,251,15,4,0.09891718895738182,-15.634969711303711
dpo,ordinary,612,15,1,0.5299044835023102,-17.179719924926758
dpo,ordinary,612,15,2,0.01822435477123339,-20.549657821655273
dpo,ordinary,612,15,3,0.2935897959294036,-17.770233154296875
dpo,ordinary,612,15,4,0.1582813657970527,-18.388042449951172
dpo,ordinary,737,15,1,0.042150478551335004,-21.695995330810547
dpo,ordinary,737,15,2,0.710179811550311,-18.871723175048828
dpo,ordinary,737,15,3,0.005889219967988187,-23.66411781311035
dpo,ordinary,737,15,4,0.24178048993036588,-19.94921112060547
dpo,ordinary,867,15,1,0.042320107743795195,-11.698938369750977
dpo,ordinary,867,15,2,0.5665435881989113,-9.104646682739258
dpo,ordinary,867,15,3,0.01636303879444471,-12.649175643920898
dpo,ordinary,867,15,4,0.3747732652628489,-9.517879486083984
dpo,ordinary,945,15,1,0.1966591845982344,-21.003787994384766
dpo,ordinary,945,15,2,0.2876224686022631,-20.623611450195312
dpo,ordinary,945,15,3,0.4985306891419983,-20.07359504699707
dpo,ordinary,945,15,4,0.0171876576575042,-23.441068649291992
dpo,ordinary,54,16,1,0.0006944444734881754,-16.252260208129883
dpo,ordinary,54,16,2,0.7864012375079342,-9.220149993896484
dpo,ordinary,54,16,3,0.17042579246559064,-10.749317169189453
dpo,ordinary,54,16,4,0.042478525552986854,-12.138618469238281
dpo,ordinary,251,16,1,0.07015564296637333,-16.128421783447266
dpo,ordinary,251,16,2,0.1310752463420393,-15.503366470336914
dpo,ordinary,251,16,3,0.591246875379863,-13.996904373168945
dpo,ordinary,251,16,4,0.20752223531172442,-15.043899536132812
dpo,ordinary,612,16,1,0.43908436572492243,-17.844316482543945
dpo,ordinary,612,16,2,0.04341706701167953,-20.15815544128418
dpo,ordinary,612,16,3,0.31097878152181374,-18.18928337097168
dpo,ordinary,612,16,4,0.20651978574158425,-18.59861183166504
dpo,ordinary,737,16,1,0.06553234690866236,-21.29222869873047
dpo,ordinary,737,16,2,0.7875067890458352,-18.80590057373047
dpo,ordinary,737,16,3,0.005442984144970491,-23.780445098876953
dpo,ordinary,737,16,4,0.141517879900532,-20.52234649658203
dpo,ordinary,867,16,1,0.02193764361944231,-12.36107063293457
dpo,ordinary,867,16,2,0.455482629927706,-9.327917098999023
dpo,ordinary,867,16,3,0.028609516366688938,-12.095535278320312
dpo,ordinary,867,16,4,0.4939702100861629,-9.24679946899414
dpo,ordinary,945,16,1,0.11775092623557538,-21.57023811340332
dpo,ordinary,945,16,2,0.3448076777832044,-20.49582290649414
dpo,ordinary,945,16,3,0.5123713508894921,-20.099760055541992
dpo,ordinary,945,16,4,0.02507004509172799,-23.117136001586914
dpo,ordinary,54,17,1,0.0007588902593721234,-16.775888442993164
dpo,ordinary,54,17,2,0.6037671360968702,-10.0968017578125
dpo,ordinary,54,17,3,0.34453950047774995,-10.657781600952148
dpo,ordinary,54,17,4,0.05093447316600789,-12.569450378417969
dpo,ordinary,251,17,1,0.07357116328808828,-16.0999813079834
dpo,ordinary,251,17,2,0.09688969814089803,-15.824661254882812
dpo,ordinary,251,17,3,0.3912281210920079,-14.428943634033203
dpo,ordinary,251,17,4,0.4383110174790058,-14.315305709838867
dpo,ordinary,612,17,1,0.2912096817168236,-18.10401725769043
dpo,ordinary,612,17,2,0.05991551401464163,-19.68512535095215
dpo,ordinary,612,17,3,0.4866474613857257,-17.59052085876465
dpo,ordinary,612,17,4,0.16222734288280924,-18.689062118530273
dpo,ordinary,737,17,1,0.07974579945806694,-21.253814697265625
dpo,ordinary,737,17,2,0.7228647934232717,-19.049436569213867
dpo,ordinary,737,17,3,0.004340409716895092,-24.164690017700195
dpo,ordinary,737,17,4,0.19304899740176634,-20.369714736938477
dpo,ordinary,867,17,1,0.043035833671066136,-11.911233901977539
dpo,ordinary,867,17,2,0.38522533892046557,-9.719438552856445
dpo,ordinary,867,17,3,0.03057617087623257,-12.253046035766602
dpo,ordinary,867,17,4,0.5411626565322357,-9.379547119140625
dpo,ordinary,945,17,1,0.14434128474655958,-21.60572052001953
dpo,ordinary,945,17,2,0.3548434147406042,-20.70622444152832
dpo,ordinary,945,17,3,0.4645745433614579,-20.436779022216797
dpo,ordinary,945,17,4,0.0362407571513783,-22.987716674804688
dpo,ordinary,54,18,1,0.0004280190314551003,-17.318695068359375
dpo,ordinary,54,18,2,0.572349567415069,-10.120357513427734
dpo,ordinary,54,18,3,0.31328747787339223,-10.722986221313477
dpo,ordinary,54,18,4,0.1139349356800837,-11.734479904174805
dpo,ordinary,251,18,1,0.04112649053081075,-16.766420364379883
dpo,ordinary,251,18,2,0.16934911583969436,-15.351110458374023
dpo,ordinary,251,18,3,0.35047645187699794,-14.623779296875
dpo,ordinary,251,18,4,0.43904794175249695,-14.39846420288086
dpo,ordinary,612,18,1,0.1328362512220236,-18.355249404907227
dpo,ordinary,612,18,2,0.06212789905968895,-19.115171432495117
dpo,ordinary,612,18,3,0.7139528535152887,-16.67354965209961
dpo,ordinary,612,18,4,0.09108299620299866,-18.732595443725586
dpo,ordinary,737,18,1,0.1757231584004688,-20.47348976135254
dpo,ordinary,737,18,2,0.5231835112510449,-19.38246726989746
dpo,ordinary,737,18,3,0.016073145862732004,-22.865249633789062
dpo,ordinary,737,18,4,0.2850201844857545,-19.989839553833008
dpo,ordinary,867,18,1,0.0645482462138517,-11.81013298034668
dpo,ordinary,867,18,2,0.295164155495671,-10.290014266967773
dpo,ordinary,867,18,3,0.04217502218318498,-12.2357177734375
dpo,ordinary,867,18,4,0.5981125761072924,-9.58376693725586
dpo,ordinary,945,18,1,0.11326818793784132,-21.694072723388672
dpo,ordinary,945,18,2,0.4432485194697493,-20.329700469970703
dpo,ordinary,945,18,3,0.40949321059287447,-20.408910751342773
dpo,ordinary,945,18,4,0.03399008199953486,-22.897762298583984
dpo,ordinary,54,19,1,0.0003904059469935601,-17.11269760131836
dpo,ordinary,54,19,2,0.6812194848195696,-9.648244857788086
dpo,ordinary,54,19,3,0.19292972806904027,-10.90980339050293
dpo,ordinary,54,19,4,0.12546038116439656,-11.340139389038086
dpo,ordinary,251,19,1,0.01874773349648954,-16.97087860107422
dpo,ordinary,251,19,2,0.06561699324302517,-15.718116760253906
dpo,ordinary,251,19,3,0.16116252849430307,-14.819538116455078
dpo,ordinary,251,19,4,0.7544727447661822,-13.275932312011719
dpo,ordinary,612,19,1,0.10040137460793563,-19.268232345581055
dpo,ordinary,612,19,2,0.12621721214624707,-19.039403915405273
dpo,ordinary,612,19,3,0.5888565629561485,-17.499225616455078
dpo,ordinary,612,19,4,0.1845248502896687,-18.659624099731445
dpo,ordinary,737,19,1,0.2655744368793589,-20.117412567138672
dpo,ordinary,737,19,2,0.5935882740893664,-19.313121795654297
dpo,ordinary,737,19,3,0.015576258405827737,-22.95355987548828
dpo,ordinary,737,19,4,0.12526103062544694,-20.868907928466797
dpo,ordinary,867,19,1,0.047085251877710885,-12.060237884521484
dpo,ordinary,867,19,2,0.20332518305399938,-10.597391128540039
dpo,ordinary,867,19,3,0.03666702362786199,-12.310319900512695
dpo,ordinary,867,19,4,0.7129225414404278,-9.342824935913086
dpo,ordinary,945,19,1,0.13537045308633358,-21.627336502075195
dpo,ordinary,945,19,2,0.4317979386289658,-20.46739387512207
dpo,ordinary,945,19,3,0.3864975502872863,-20.57822608947754
dpo,ordinary,945,19,4,0.04633405799741422,-22.699474334716797
dpo,ordinary,54,20,1,0.00040708370853296654,-17.476043701171875
dpo,ordinary,54,20,2,0.5607288724438191,-10.248069763183594
dpo,ordinary,54,20,3,0.2825389749180777,-10.933490753173828
dpo,ordinary,54,20,4,0.15632506892957024,-11.525369644165039
dpo,ordinary,251,20,1,0.02452344765737161,-16.95224380493164
dpo,ordinary,251,20,2,0.11029665074865684,-15.448699951171875
dpo,ordinary,251,20,3,0.07265551737618983,-15.866144180297852
dpo,ordinary,251,20,4,0.7925243842177817,-13.47665023803711
dpo,ordinary,612,20,1,0.0625844856127537,-19.7419376373291
dpo,ordinary,612,20,2,0.216724032613463,-18.49983024597168
dpo,ordinary,612,20,3,0.5817362874067381,-17.51243782043457
dpo,ordinary,612,20,4,0.13895519436704518,-18.944303512573242
dpo,ordinary,737,20,1,0.2508608854874069,-20.20757293701172
dpo,ordinary,737,20,2,0.44589536646349726,-19.632387161254883
dpo,ordinary,737,20,3,0.03424017277480118,-22.199071884155273
dpo,ordinary,737,20,4,0.2690035752742947,-20.137746810913086
dpo,ordinary,867,20,1,0.10913765166832504,-11.617935180664062
dpo,ordinary,867,20,2,0.1676799526765205,-11.188488006591797
dpo,ordinary,867,20,3,0.020926010247583327,-13.269552230834961
dpo,ordinary,867,20,4,0.7022563854075712,-9.756246566772461
dpo,ordinary,945,20,1,0.19192654475782944,-21.445417404174805
dpo,ordinary,945,20,2,0.4089738062333101,-20.688879013061523
dpo,ordinary,945,20,3,0.34949571640776733,-20.846038818359375
dpo,ordinary,945,20,4,0.04960393260109313,-22.798460006713867
dpo,ordinary,54,21,1,0.00036688225756762745,-17.528982162475586
dpo,ordinary,54,21,2,0.5682858305476072,-10.183643341064453
dpo,ordinary,54,21,3,0.21399962804331613,-11.160293579101562
dpo,ordinary,54,21,4,0.21734765915150922,-11.144769668579102
dpo,ordinary,251,21,1,0.03142115692843138,-17.08139991760254
dpo,ordinary,251,21,2,0.30031513555923395,-14.82404899597168
dpo,ordinary,251,21,3,0.02936392154361718,-17.14911460876465
dpo,ordinary,251,21,4,0.6388997859687174,-14.069133758544922
dpo,ordinary,612,21,1,0.02550265499741615,-20.815053939819336
dpo,ordinary,612,21,2,0.33966916293868066,-18.22586441040039
dpo,ordinary,612,21,3,0.4894063457288823,-17.86064338684082
dpo,ordinary,612,21,4,0.145421836335021,-19.07419776916504
dpo,ordinary,737,21,1,0.3164084197431603,-20.15812873840332
dpo,ordinary,737,21,2,0.49858704380360475,-19.703384399414062
dpo,ordinary,737,21,3,0.0409080204961764,-22.20383644104004
dpo,ordinary,737,21,4,0.14409651595705844,-20.944679260253906
dpo,ordinary,867,21,1,0.20480375660816055,-11.283180236816406
dpo,ordinary,867,21,2,0.12330433131434043,-11.790576934814453
dpo,ordinary,867,21,3,0.00867821989556587,-14.444416046142578
dpo,ordinary,867,21,4,0.663213692181933,-10.108135223388672
dpo,ordinary,945,21,1,0.16097096048573767,-21.53236961364746
dpo,ordinary,945,21,2,0.38744106485053953,-20.654029846191406
dpo,ordinary,945,21,3,0.40659738981175597,-20.605770111083984
dpo,ordinary,945,21,4,0.044990584851966865,-22.807140350341797
dpo,ordinary,54,22,1,0.0002919343133515811,-17.848487854003906
dpo,ordinary,54,22,2,0.5040169934898738,-10.394651412963867
dpo,ordinary,54,22,3,0.19189236785262612,-11.360326766967773
dpo,ordinary,54,22,4,0.30379870434414846,-10.900896072387695
dpo,ordinary,251,22,1,0.05039051097693258,-16.544769287109375
dpo,ordinary,251,22,2,0.5244856198817177,-14.202154159545898
dpo,ordinary,251,22,3,0.009308941300437707,-18.233596801757812
dpo,ordinary,251,22,4,0.4158149278409119,-14.434331893920898
dpo,ordinary,612,22,1,0.01567885607171856,-21.313331604003906
dpo,ordinary,612,22,2,0.41286328503555353,-18.04252815246582
dpo,ordinary,612,22,3,0.4371197864775184,-17.985437393188477
dpo,ordinary,612,22,4,0.13433807241520937,-19.165285110473633
dpo,ordinary,737,22,1,0.3168072192449985,-20.509843826293945
dpo,ordinary,737,22,2,0.5236505116681136,-20.007312774658203
dpo,ordinary,737,22,3,0.022249765235542483,-23.16580581665039
dpo,ordinary,737,22,4,0.1372925038513453,-21.346023559570312
dpo,ordinary,867,22,1,0.3069343913099117,-10.968107223510742
dpo,ordinary,867,22,2,0.09665545812503278,-12.123588562011719
dpo,ordinary,867,22,3,0.00506969427650944,-15.071460723876953
dpo,ordinary,867,22,4,0.5913404562885461,-10.312349319458008
dpo,ordinary,945,22,1,0.11528174858511044,-21.896705627441406
dpo,ordinary,945,22,2,0.43841750373381344,-20.5609130859375
dpo,ordinary,945,22,3,0.40106414145487623,-20.64996337890625
dpo,ordinary,945,22,4,0.0452366062262,-22.832178115844727
dpo,ordinary,54,23,1,0.000295926471552543,-17.91650390625
dpo,ordinary,54,23,2,0.4723454032053575,-10.541149139404297
dpo,ordinary,54,23,3,0.2475742645938649,-11.187149047851562
dpo,ordinary,54,23,4,0.279784405729225,-11.064840316772461
dpo,ordinary,251,23,1,0.06402348442865224,-16.40191650390625
dpo,ordinary,251,23,2,0.7379652933967589,-13.957269668579102
dpo,ordinary,251,23,3,0.012359429036621558,-18.0467472076416
dpo,ordinary,251,23,4,0.1856517931379673,-15.33729362487793
dpo,ordinary,612,23,1,0.01701002485760462,-21.28042221069336
dpo,ordinary,612,23,2,0.5282073839423183,-17.844736099243164
dpo,ordinary,612,23,3,0.3386425548776515,-18.28927993774414
dpo,ordinary,612,23,4,0.11614003632242564,-19.35942840576172
dpo,ordinary,737,23,1,0.30565629309983067,-20.173702239990234
dpo,ordinary,737,23,2,0.5402653442485418,-19.604103088378906
dpo,ordinary,737,23,3,0.06726041879179374,-21.687591552734375
dpo,ordinary,737,23,4,0.08681794385983377,-21.432350158691406
dpo,ordinary,867,23,1,0.37195227500907097,-10.330682754516602
dpo,ordinary,867,23,2,0.27588790682097847,-10.629453659057617
dpo,ordinary,867,23,3,0.0033549322750320047,-15.039016723632812
dpo,ordinary,867,23,4,0.3488048858949185,-10.394935607910156
dpo,ordinary,945,23,1,0.18498535396016144,-21.504642486572266
dpo,ordinary,945,23,2,0.3453714575027212,-20.880298614501953
dpo,ordinary,945,23,3,0.3796666697765166,-20.785625457763672
dpo,ordinary,945,23,4,0.0899765187606007,-22.225370407104492
dpo,ordinary,54,24,1,0.0004678289435832328,-16.916410446166992
dpo,ordinary,54,24,2,0.6422525558392286,-9.691776275634766
dpo,ordinary,54,24,3,0.10605948265914025,-11.492757797241211
dpo,ordinary,54,24,4,0.2512201325580478,-10.630428314208984
dpo,ordinary,251,24,1,0.22927560056315585,-15.106342315673828
dpo,ordinary,251,24,2,0.6278063935772579,-14.099035263061523
dpo,ordinary,251,24,3,0.015992184675197238,-17.769166946411133
dpo,ordinary,251,24,4,0.12692582118438897,-15.697664260864258
dpo,ordinary,612,24,1,0.005675759345918371,-22.10561752319336
dpo,ordinary,612,24,2,0.291664473753779,-18.166217803955078
dpo,ordinary,612,24,3,0.513721021196459,-17.600141525268555
dpo,ordinary,612,24,4,0.18893874570384356,-18.600399017333984
dpo,ordinary,737,24,1,0.2120284119653771,-20.423519134521484
dpo,ordinary,737,24,2,0.5517722997864377,-19.467103958129883
dpo,ordinary,737,24,3,0.07259563482707508,-21.49533462524414
dpo,ordinary,737,24,4,0.16360365342111013,-20.68279266357422
dpo,ordinary,867,24,1,0.22499412866877763,-10.789966583251953
dpo,ordinary,867,24,2,0.3062930036396332,-10.481498718261719
dpo,ordinary,867,24,3,0.004543822890202035,-14.692272186279297
dpo,ordinary,867,24,4,0.4641690448013872,-10.065792083740234
dpo,ordinary,945,24,1,0.3320748513018368,-20.77347183227539
dpo,ordinary,945,24,2,0.31918092964485045,-20.813074111938477
dpo,ordinary,945,24,3,0.20694446492116986,-21.246381759643555
dpo,ordinary,945,24,4,0.14179975413214288,-21.62441635131836
dpo,ordinary,54,25,1,0.0007981521197605786,-16.542333602905273
dpo,ordinary,54,25,2,0.6204972518537977,-9.886356353759766
dpo,ordinary,54,25,3,0.1474600277397364,-11.323320388793945
dpo,ordinary,54,25,4,0.23124456828670548,-10.873401641845703
dpo,ordinary,251,25,1,0.530254023886411,-14.133895874023438
dpo,ordinary,251,25,2,0.39291506002007415,-14.433658599853516
dpo,ordinary,251,25,3,0.019672281174979833,-17.428041458129883
dpo,ordinary,251,25,4,0.05715863491853495,-16.361421585083008
dpo,ordinary,612,25,1,0.005116410116847803,-22.414634704589844
dpo,ordinary,612,25,2,0.3845695569546638,-18.09496307373047
dpo,ordinary,612,25,3,0.38862731080420077,-18.0844669342041
dpo,ordinary,612,25,4,0.22168672212428783,-18.645822525024414
dpo,ordinary,737,25,1,0.2278301285640574,-20.270559310913086
dpo,ordinary,737,25,2,0.5050334292498179,-19.47453498840332
dpo,ordinary,737,25,3,0.11315988352348197,-20.97035789489746
dpo,ordinary,737,25,4,0.15397655866264284,-20.6623592376709
dpo,ordinary,867,25,1,0.18529447591024958,-10.950067520141602
dpo,ordinary,867,25,2,0.3422215589272918,-10.336555480957031
dpo,ordinary,867,25,3,0.003508503174690687,-14.916824340820312
dpo,ordinary,867,25,4,0.46897546198776796,-10.021463394165039
dpo,ordinary,945,25,1,0.3970832920530005,-20.436620712280273
dpo,ordinary,945,25,2,0.2778641596587258,-20.79363441467285
dpo,ordinary,945,25,3,0.15738766249713512,-21.3620548248291
dpo,ordinary,945,25,4,0.1676648857911387,-21.298799514770508
dpo,ordinary,54,26,1,0.0003456462220161481,-16.996089935302734
dpo,ordinary,54,26,2,0.6309314606455572,-9.486553192138672
dpo,ordinary,54,26,3,0.09897733360755952,-11.338859558105469
dpo,ordinary,54,26,4,0.2697455595248671,-10.336271286010742
dpo,ordinary,251,26,1,0.768821902591128,-13.648761749267578
dpo,ordinary,251,26,2,0.1733620511646403,-15.138238906860352
dpo,ordinary,251,26,3,0.03042649434345595,-16.878307342529297
dpo,ordinary,251,26,4,0.02738955190077568,-16.98345947265625
dpo,ordinary,612,26,1,0.005557701405675658,-22.17207145690918
dpo,ordinary,612,26,2,0.2854997070558405,-18.233015060424805
dpo,ordinary,612,26,3,0.4409424254318698,-17.798341751098633
dpo,ordinary,612,26,4,0.26800016610661415,-18.296268463134766
dpo,ordinary,737,26,1,0.16203892742025366,-20.463069915771484
dpo,ordinary,737,26,2,0.5632010208296723,-19.217269897460938
dpo,ordinary,737,26,3,0.1331759936812985,-20.65923500061035
dpo,ordinary,737,26,4,0.1415840580687756,-20.598012924194336
dpo,ordinary,867,26,1,0.0916616434196987,-11.509042739868164
dpo,ordinary,867,26,2,0.2882470181966604,-10.36332893371582
dpo,ordinary,867,26,3,0.0053162602751109095,-14.356376647949219
dpo,ordinary,867,26,4,0.6147750781085302,-9.605890274047852
dpo,ordinary,945,26,1,0.30108028554641325,-20.550230026245117
dpo,ordinary,945,26,2,0.3621269912219583,-20.365612030029297
dpo,ordinary,945,26,3,0.16782014798194106,-21.134714126586914
dpo,ordinary,945,26,4,0.16897257524968734,-21.127870559692383
dpo,ordinary,54,27,1,0.00029194614366559706,-17.399030685424805
dpo,ordinary,54,27,2,0.5032977027347543,-9.946662902832031
dpo,ordinary,54,27,3,0.13330695465840167,-11.275190353393555
dpo,ordinary,54,27,4,0.3631033964631784,-10.273157119750977
dpo,ordinary,251,27,1,0.7903964427502688,-13.59946060180664
dpo,ordinary,251,27,2,0.10013673163997197,-15.665458679199219
dpo,ordinary,251,27,3,0.0825164694150318,-15.858997344970703
dpo,ordinary,251,27,4,0.026950356194727545,-16.977998733520508
dpo,ordinary,612,27,1,0.005637881280453648,-22.184118270874023
dpo,ordinary,612,27,2,0.2655566138645672,-18.331798553466797
dpo,ordinary,612,27,3,0.4399207148174804,-17.8270320892334
dpo,ordinary,612,27,4,0.2888847900374989,-18.24759864807129
dpo,ordinary,737,27,1,0.17626815919971642,-20.566574096679688
dpo,ordinary,737,27,2,0.6659742998306116,-19.237329483032227
dpo,ordinary,737,27,3,0.05668457620176904,-21.701078414916992
dpo,ordinary,737,27,4,0.10107296476790317,-21.122737884521484
dpo,ordinary,867,27,1,0.1841921267426102,-10.968708038330078
dpo,ordinary,867,27,2,0.3435764442409587,-10.345277786254883
dpo,ordinary,867,27,3,0.003999060925216976,-14.798627853393555
dpo,ordinary,867,27,4,0.468232368091214,-10.035722732543945
dpo,ordinary,945,27,1,0.28658869861517,-20.69501495361328
dpo,ordinary,945,27,2,0.36733150034249024,-20.44679832458496
dpo,ordinary,945,27,3,0.20745305573212572,-21.018157958984375
dpo,ordinary,945,27,4,0.13862674531021396,-21.42127799987793
dpo,ordinary,54,28,1,0.00038547112393610413,-17.076276779174805
dpo,ordinary,54,28,2,0.5346694329431854,-9.841339111328125
dpo,ordinary,54,28,3,0.1258053546412018,-11.288251876831055
dpo,ordinary,54,28,4,0.3391397412916768,-10.296575546264648
dpo,ordinary,251,28,1,0.7020921028532523,-13.78089714050293
dpo,ordinary,251,28,2,0.06796915963379523,-16.115907669067383
dpo,ordinary,251,28,3,0.2102986592755058,-14.986433029174805
dpo,ordinary,251,28,4,0.019640078237446776,-17.357389450073242
dpo,ordinary,612,28,1,0.006097669381452008,-22.25513458251953
dpo,ordinary,612,28,2,0.3395771250536896,-18.235340118408203
dpo,ordinary,612,28,3,0.35194514473269367,-18.199565887451172
dpo,ordinary,612,28,4,0.30238006083216473,-18.351356506347656
dpo,ordinary,737,28,1,0.19146529127189527,-20.412160873413086
dpo,ordinary,737,28,2,0.6083419857991524,-19.25613021850586
dpo,ordinary,737,28,3,0.046500604109753,-21.827402114868164
dpo,ordinary,737,28,4,0.15369211881919922,-20.631916046142578
dpo,ordinary,867,28,1,0.10834514958845573,-11.317516326904297
dpo,ordinary,867,28,2,0.3397911440408595,-10.174507141113281
dpo,ordinary,867,28,3,0.0036361941689197594,-14.71190071105957
dpo,ordinary,867,28,4,0.5482275122017649,-9.696147918701172
dpo,ordinary,945,28,1,0.33027059992951924,-20.663843154907227
dpo,ordinary,945,28,2,0.37869755544125483,-20.52701759338379
dpo,ordinary,945,28,3,0.17879980366027806,-21.277488708496094
dpo,ordinary,945,28,4,0.1122320409689479,-21.743186950683594
dpo,ordinary,54,29,1,0.0014084724029122721,-15.802774429321289
dpo,ordinary,54,29,2,0.5841838096352588,-9.775064468383789
dpo,ordinary,54,29,3,0.08305170930894189,-11.72581672668457
dpo,ordinary,54,29,4,0.33135600865288706,-10.342086791992188
dpo,ordinary,251,29,1,0.6969276372814266,-13.705976486206055
dpo,ordinary,251,29,2,0.02060781211058232,-17.226987838745117
dpo,ordinary,251,29,3,0.2504600428509772,-14.729358673095703
dpo,ordinary,251,29,4,0.03200450775701372,-16.786781311035156
dpo,ordinary,612,29,1,0.00754110271144744,-22.18733024597168
dpo,ordinary,612,29,2,0.3437629470274915,-18.367746353149414
dpo,ordinary,612,29,3,0.3065297877602135,-18.482383728027344
dpo,ordinary,612,29,4,0.3421661625008476,-18.37240219116211
dpo,ordinary,737,29,1,0.16753310855550702,-20.531381607055664
dpo,ordinary,737,29,2,0.5906260824587869,-19.271379470825195
dpo,ordinary,737,29,3,0.03546200630885273,-22.0841007232666
dpo,ordinary,737,29,4,0.20637880267685338,-20.32284927368164
dpo,ordinary,867,29,1,0.07086445650341847,-11.661256790161133
dpo,ordinary,867,29,2,0.33165534779875894,-10.117929458618164
dpo,ordinary,867,29,3,0.004028448110368514,-14.528644561767578
dpo,ordinary,867,29,4,0.5934517475874541,-9.536069869995117
dpo,ordinary,945,29,1,0.19841086885230158,-21.234086990356445
dpo,ordinary,945,29,2,0.4992617479499155,-20.311296463012695
dpo,ordinary,945,29,3,0.2048411211160444,-21.202192306518555
dpo,ordinary,945,29,4,0.09748626208173851,-21.94471549987793
dpo,ordinary,54,30,1,0.002243752198463963,-15.437068939208984
dpo,ordinary,54,30,2,0.6673439969219372,-9.741912841796875
dpo,ordinary,54,30,3,0.09024286753953577,-11.742713928222656
dpo,ordinary,54,30,4,0.240169383340063,-10.763874053955078
dpo,ordinary,251,30,1,0.6508870745948137,-13.457265853881836
dpo,ordinary,251,30,2,0.006440412079394714,-18.073009490966797
dpo,ordinary,251,30,3,0.3051705498281024,-14.214731216430664
dpo,ordinary,251,30,4,0.0375019634976893,-16.311208724975586
dpo,ordinary,612,30,1,0.0038953914711190793,-22.578107833862305
dpo,ordinary,612,30,2,0.2517432003052267,-18.40949249267578
dpo,ordinary,612,30,3,0.36449310521519435,-18.03939437866211
dpo,ordinary,612,30,4,0.3798683030084598,-17.998077392578125
dpo,ordinary,737,30,1,0.12769052879013126,-20.588727951049805
dpo,ordinary,737,30,2,0.4302102539500748,-19.37406349182129
dpo,ordinary,737,30,3,0.04649674867873208,-21.598955154418945
dpo,ordinary,737,30,4,0.3956024685810618,-19.457927703857422
dpo,ordinary,867,30,1,0.061613762119079415,-11.90196418762207
dpo,ordinary,867,30,2,0.291924149343126,-10.346355438232422
dpo,ordinary,867,30,3,0.0016485913669984729,-15.522928237915039
dpo,ordinary,867,30,4,0.6448134971707962,-9.553888320922852
dpo,ordinary,945,30,1,0.15675388506990254,-21.52153778076172
dpo,ordinary,945,30,2,0.5186153563080811,-20.32505226135254
dpo,ordinary,945,30,3,0.21477228262921277,-21.206636428833008
dpo,ordinary,945,30,4,0.10985847599280363,-21.87702178955078
dpo,ordinary,54,31,1,0.0015100139209422788,-15.70588493347168
dpo,ordinary,54,31,2,0.6482729240829069,-9.643692016601562
dpo,ordinary,54,31,3,0.1497041822159811,-11.109342575073242
dpo,ordinary,54,31,4,0.20051287978016968,-10.81712532043457
dpo,ordinary,251,31,1,0.4514742551528299,-13.572626113891602
dpo,ordinary,251,31,2,0.004896123629846994,-18.09670066833496
dpo,ordinary,251,31,3,0.4931170531754991,-13.484397888183594
dpo,ordinary,251,31,4,0.050512568041824045,-15.762922286987305
dpo,ordinary,612,31,1,0.002695335676458851,-22.937227249145508
dpo,ordinary,612,31,2,0.2529279990326894,-18.395645141601562
dpo,ordinary,612,31,3,0.32071552184442287,-18.15819549560547
dpo,ordinary,612,31,4,0.423661143446429,-17.87981605529785
dpo,ordinary,737,31,1,0.13911156132255628,-20.417802810668945
dpo,ordinary,737,31,2,0.3522388476960267,-19.48876953125
dpo,ordinary,737,31,3,0.04887272467346796,-21.46385955810547
dpo,ordinary,737,31,4,0.4597768663079491,-19.22233772277832
dpo,ordinary,867,31,1,0.04907250397750743,-11.967266082763672
dpo,ordinary,867,31,2,0.3263863810525792,-10.07248306274414
dpo,ordinary,867,31,3,0.0012970463603213511,-15.600475311279297
dpo,ordinary,867,31,4,0.6232440686095921,-9.425626754760742
dpo,ordinary,945,31,1,0.19320189627538367,-21.41505241394043
dpo,ordinary,945,31,2,0.5145932061237419,-20.43541145324707
dpo,ordinary,945,31,3,0.2074687924029322,-21.343807220458984
dpo,ordinary,945,31,4,0.0847361051979422,-22.239246368408203
dpo,ordinary,54,32,1,0.001581732815184924,-15.43881607055664
dpo,ordinary,54,32,2,0.683660931741078,-9.369874954223633
dpo,ordinary,54,32,3,0.1081223929977918,-11.214073181152344
dpo,ordinary,54,32,4,0.20663494244594524,-10.566383361816406
dpo,ordinary,251,32,1,0.39756016003217953,-13.450578689575195
dpo,ordinary,251,32,2,0.002503425984904245,-18.518264770507812
dpo,ordinary,251,32,3,0.5067366964544175,-13.20793342590332
dpo,ordinary,251,32,4,0.09319971752849869,-14.901180267333984
dpo,ordinary,612,32,1,0.003968883316923721,-22.512468338012695
dpo,ordinary,612,32,2,0.22723688383781238,-18.4649600982666
dpo,ordinary,612,32,3,0.2344438964292826,-18.43373680114746
dpo,ordinary,612,32,4,0.5343503364159813,-17.609901428222656
dpo,ordinary,737,32,1,0.13680225889121939,-20.403600692749023
dpo,ordinary,737,32,2,0.3631634358503694,-19.427284240722656
dpo,ordinary,737,32,3,0.06905403828622125,-21.087247848510742
dpo,ordinary,737,32,4,0.4309802669721899,-19.256074905395508
dpo,ordinary,867,32,1,0.08122693067719015,-11.775630950927734
dpo,ordinary,867,32,2,0.2520141505292329,-10.643392562866211
dpo,ordinary,867,32,3,0.0015160939106286333,-15.75674057006836
dpo,ordinary,867,32,4,0.6652428248829482,-9.672725677490234
dpo,ordinary,945,32,1,0.16146861467821214,-21.404857635498047
dpo,ordinary,945,32,2,0.4653128559550133,-20.346458435058594
dpo,ordinary,945,32,3,0.32833838902523454,-20.69512367248535
dpo,ordinary,945,32,4,0.04488014034154,-22.68517303466797
dpo,ordinary,54,33,1,0.0027087807693676027,-15.318208694458008
dpo,ordinary,54,33,2,0.6897411919589518,-9.778390884399414
dpo,ordinary,54,33,3,0.14439351770702308,-11.342164993286133
dpo,ordinary,54,33,4,0.16315650956465744,-11.21999740600586
dpo,ordinary,251,33,1,0.19215761721778404,-13.843498229980469
dpo,ordinary,251,33,2,0.0034067457737731307,-17.876056671142578
dpo,ordinary,251,33,3,0.6342674415849411,-12.649343490600586
dpo,ordinary,251,33,4,0.17016819542350176,-13.96502685546875
dpo,ordinary,612,33,1,0.0019981185782961823,-22.642742156982422
dpo,ordinary,612,33,2,0.11634079015212702,-18.57842445373535
dpo,ordinary,612,33,3,0.32513341262922,-17.55071258544922
dpo,ordinary,612,33,4,0.5565276786403568,-17.01323127746582
dpo,ordinary,737,33,1,0.321418331194923,-19.848608016967773
dpo,ordinary,737,33,2,0.42877504958311635,-19.5604190826416
dpo,ordinary,737,33,3,0.04515748878012457,-21.811195373535156
dpo,ordinary,737,33,4,0.20464913044183602,-20.3000545501709
dpo,ordinary,867,33,1,0.11322284151984749,-11.538820266723633
dpo,ordinary,867,33,2,0.20681733270346053,-10.936342239379883
dpo,ordinary,867,33,3,0.0008028448508737272,-16.48777198791504
dpo,ordinary,867,33,4,0.6791569809258182,-9.747325897216797
dpo,ordinary,945,33,1,0.22539052747533972,-21.00285530090332
dpo,ordinary,945,33,2,0.40772104090737477,-20.410106658935547
dpo,ordinary,945,33,3,0.2801426737068458,-20.785390853881836
dpo,ordinary,945,33,4,0.08674575791043959,-21.95770835876465
dpo,ordinary,54,34,1,0.005132262959080877,-14.846309661865234
dpo,ordinary,54,34,2,0.6392512597340149,-10.02155876159668
dpo,ordinary,54,34,3,0.17430450442587078,-11.321052551269531
dpo,ordinary,54,34,4,0.1813119728810335,-11.281637191772461
dpo,ordinary,251,34,1,0.11077782000240936,-14.206718444824219
dpo,ordinary,251,34,2,0.006917079938436904,-16.98025131225586
dpo,ordinary,251,34,3,0.622330369764214,-12.48077392578125
dpo,ordinary,251,34,4,0.2599747302949398,-13.353660583496094
dpo,ordinary,612,34,1,0.002568336700095548,-22.80003547668457
dpo,ordinary,612,34,2,0.2953880299526495,-18.055004119873047
dpo,ordinary,612,34,3,0.3021098943048666,-18.032503128051758
dpo,ordinary,612,34,4,0.3999337390423883,-17.751995086669922
dpo,ordinary,737,34,1,0.32980313739607886,-19.802875518798828
dpo,ordinary,737,34,2,0.40451508887666815,-19.598682403564453
dpo,ordinary,737,34,3,0.06552125743570575,-21.418996810913086
dpo,ordinary,737,34,4,0.20016051629154724,-20.3022518157959
dpo,ordinary,867,34,1,0.24361154230837437,-11.060596466064453
dpo,ordinary,867,34,2,0.145240590627269,-11.577779769897461
dpo,ordinary,867,34,3,0.0007400321376358026,-16.85723304748535
dpo,ordinary,867,34,4,0.6104078349267209,-10.142044067382812
dpo,ordinary,945,34,1,0.17082933121960767,-21.48709487915039
dpo,ordinary,945,34,2,0.41315574669487665,-20.60393524169922
dpo,ordinary,945,34,3,0.3498591114097406,-20.77022933959961
dpo,ordinary,945,34,4,0.06615581067577507,-22.435747146606445
dpo,ordinary,54,35,1,0.005056847343261413,-14.819757461547852
dpo,ordinary,54,35,2,0.6718396788668972,-9.93048095703125
dpo,ordinary,54,35,3,0.1692163948574893,-11.309322357177734
dpo,ordinary,54,35,4,0.15388707893235204,-11.404281616210938
dpo,ordinary,251,35,1,0.10610069640039686,-14.251302719116211
dpo,ordinary,251,35,2,0.01048419334307743,-16.56582260131836
dpo,ordinary,251,35,3,0.5664732207525233,-12.576261520385742
dpo,ordinary,251,35,4,0.3169418895040024,-13.156972885131836
dpo,ordinary,612,35,1,0.006494573103623026,-21.979999542236328
dpo,ordinary,612,35,2,0.2325460119575561,-18.401878356933594
dpo,ordinary,612,35,3,0.27801659001557444,-18.223285675048828
dpo,ordinary,612,35,4,0.4829428249232464,-17.67106819152832
dpo,ordinary,737,35,1,0.31319881915530573,-19.55361557006836
dpo,ordinary,737,35,2,0.34681440916883244,-19.451663970947266
dpo,ordinary,737,35,3,0.1837815092716034,-20.086706161499023
dpo,ordinary,737,35,4,0.15620526240425853,-20.249282836914062
dpo,ordinary,867,35,1,0.4118595584658556,-10.70695686340332
dpo,ordinary,867,35,2,0.08848296957138431,-12.244829177856445
dpo,ordinary,867,35,3,0.0007471997212660722,-17.019062042236328
dpo,ordinary,867,35,4,0.4989102722414939,-10.515213012695312
dpo,ordinary,945,35,1,0.23822821790367965,-21.00374412536621
dpo,ordinary,945,35,2,0.34852131444305434,-20.623273849487305
dpo,ordinary,945,35,3,0.33802853409442596,-20.65384292602539
dpo,ordinary,945,35,4,0.0752219335588402,-22.156530380249023
dpo,ordinary,54,36,1,0.004714972314108089,-14.979026794433594
dpo,ordinary,54,36,2,0.5960778407350646,-10.139398574829102
dpo,ordinary,54,36,3,0.22278900232430882,-11.123544692993164
dpo,ordinary,54,36,4,0.17641818462651843,-11.356912612915039
dpo,ordinary,251,36,1,0.053174535880457945,-14.443439483642578
dpo,ordinary,251,36,2,0.013982868024869156,-15.779186248779297
dpo,ordinary,251,36,3,0.41093409274151216,-12.39858627319336
dpo,ordinary,251,36,4,0.5219085033531607,-12.159526824951172
dpo,ordinary,612,36,1,0.007189589533172015,-22.02346420288086
dpo,ordinary,612,36,2,0.3609589166091793,-18.10733413696289
dpo,ordinary,612,36,3,0.269307682010565,-18.400243759155273
dpo,ordinary,612,36,4,0.3625438118470837,-18.10295295715332
dpo,ordinary,737,36,1,0.16945422724157494,-19.969472885131836
dpo,ordinary,737,36,2,0.40311081181369385,-19.10284423828125
dpo,ordinary,737,36,3,0.201012065538568,-19.798690795898438
dpo,ordinary,737,36,4,0.2264228954061632,-19.679651260375977
dpo,ordinary,867,36,1,0.3985167392222966,-10.594789505004883
dpo,ordinary,867,36,2,0.12547158729807192,-11.750459671020508
dpo,ordinary,867,36,3,0.0007586359431866565,-16.85877227783203
dpo,ordinary,867,36,4,0.47525303753644504,-10.418691635131836
dpo,ordinary,945,36,1,0.19313026813560372,-21.10398292541504
dpo,ordinary,945,36,2,0.3456275822085938,-20.52198600769043
dpo,ordinary,945,36,3,0.37639079673603604,-20.43671989440918
dpo,ordinary,945,36,4,0.08485135291976646,-21.92644691467285
dpo,ordinary,54,37,1,0.0037292656096256033,-15.11886978149414
dpo,ordinary,54,37,2,0.5447977720769581,-10.134666442871094
dpo,ordinary,54,37,3,0.18911061054043762,-11.1927490234375
dpo,ordinary,54,37,4,0.2623623517729787,-10.865354537963867
dpo,ordinary,251,37,1,0.04689350617608491,-14.685836791992188
dpo,ordinary,251,37,2,0.03644825760115225,-14.937822341918945
dpo,ordinary,251,37,3,0.4544565334355064,-12.414613723754883
dpo,ordinary,251,37,4,0.4622017027872565,-12.397714614868164
dpo,ordinary,612,37,1,0.01279486603390819,-21.679759979248047
dpo,ordinary,612,37,2,0.3723003669578669,-18.30910301208496
dpo,ordinary,612,37,3,0.1972277835075274,-18.94444465637207
dpo,ordinary,612,37,4,0.4176769835006976,-18.194095611572266
dpo,ordinary,737,37,1,0.18681785573896012,-19.830690383911133
dpo,ordinary,737,37,2,0.4273897843912561,-19.003128051757812
dpo,ordinary,737,37,3,0.19356560816970425,-19.795207977294922
dpo,ordinary,737,37,4,0.19222675170007966,-19.802148818969727
dpo,ordinary,867,37,1,0.38405271961884657,-10.252655029296875
dpo,ordinary,867,37,2,0.2754124629683576,-10.585165023803711
dpo,ordinary,867,37,3,0.0003115195364942603,-17.369728088378906
dpo,ordinary,867,37,4,0.3402232978763015,-10.373832702636719
dpo,ordinary,945,37,1,0.16173468951148173,-21.385726928710938
dpo,ordinary,945,37,2,0.41883068674729396,-20.43421745300293
dpo,ordinary,945,37,3,0.3611765330611671,-20.582317352294922
dpo,ordinary,945,37,4,0.05825809068005713,-22.406801223754883
dpo,ordinary,54,38,1,0.001972610716403135,-15.818977355957031
dpo,ordinary,54,38,2,0.4603815747970284,-10.366279602050781
dpo,ordinary,54,38,3,0.23397893416180937,-11.04310417175293
dpo,ordinary,54,38,4,0.30366688032475897,-10.782403945922852
dpo,ordinary,251,38,1,0.062372748465545844,-14.277774810791016
dpo,ordinary,251,38,2,0.02774724677978942,-15.087766647338867
dpo,ordinary,251,38,3,0.2305700934600975,-12.970348358154297
dpo,ordinary,251,38,4,0.6793099112945673,-11.889825820922852
dpo,ordinary,612,38,1,0.025328504271326147,-21.26119041442871
dpo,ordinary,612,38,2,0.4216022332488411,-18.449058532714844
dpo,ordinary,612,38,3,0.12638746248333374,-19.65376853942871
dpo,ordinary,612,38,4,0.42668179999649897,-18.437082290649414
dpo,ordinary,737,38,1,0.16252603938169846,-19.996885299682617
dpo,ordinary,737,38,2,0.40794331240506043,-19.076595306396484
dpo,ordinary,737,38,3,0.19510044852757716,-19.814208984375
dpo,ordinary,737,38,4,0.23443019968566386,-19.630565643310547
dpo,ordinary,867,38,1,0.40696905406384926,-10.041692733764648
dpo,ordinary,867,38,2,0.277102458842161,-10.426042556762695
dpo,ordinary,867,38,3,0.000617725651478894,-16.532140731811523
dpo,ordinary,867,38,4,0.3153107614425108,-10.296871185302734
dpo,ordinary,945,38,1,0.1273599741547048,-21.64459228515625
dpo,ordinary,945,38,2,0.4230641106964948,-20.4440860748291
dpo,ordinary,945,38,3,0.39349986353889344,-20.516529083251953
dpo,ordinary,945,38,4,0.056076051609907064,-22.464900970458984
dpo,ordinary,54,39,1,0.0012629349202896737,-16.27078628540039
dpo,ordinary,54,39,2,0.43925284357836863,-10.419149398803711
dpo,ordinary,54,39,3,0.25371238918047656,-10.968023300170898
dpo,ordinary,54,39,4,0.30577183232086497,-10.78138542175293
dpo,ordinary,251,39,1,0.10902525713353772,-13.832971572875977
dpo,ordinary,251,39,2,0.04599316837021844,-14.69605827331543
dpo,ordinary,251,39,3,0.08925936850032488,-14.033004760742188
dpo,ordinary,251,39,4,0.7557222059959189,-11.89687728881836
dpo,ordinary,612,39,1,0.016109592389937227,-21.422313690185547
dpo,ordinary,612,39,2,0.2912963012098412,-18.527387619018555
dpo,ordinary,612,39,3,0.12951639077174826,-19.337921142578125
dpo,ordinary,612,39,4,0.5630777156284734,-17.868310928344727
dpo,ordinary,737,39,1,0.15867214709975838,-19.988245010375977
dpo,ordinary,737,39,2,0.39042968796859634,-19.08783721923828
dpo,ordinary,737,39,3,0.21827098751572988,-19.669347763061523
dpo,ordinary,737,39,4,0.23262717741591526,-19.605648040771484
dpo,ordinary,867,39,1,0.4166622269640471,-10.098569869995117
dpo,ordinary,867,39,2,0.23930732476348335,-10.653097152709961
dpo,ordinary,867,39,3,0.0014757883386513292,-15.741653442382812
dpo,ordinary,867,39,4,0.34255465993381806,-10.294414520263672
dpo,ordinary,945,39,1,0.1584839374006371,-21.291851043701172
dpo,ordinary,945,39,2,0.3954712702994456,-20.377426147460938
dpo,ordinary,945,39,3,0.2982550089729163,-20.659555435180664
dpo,ordinary,945,39,4,0.14778978332700113,-21.361713409423828
dpo,ordinary,54,40,1,0.0010325370080943592,-16.660383224487305
dpo,ordinary,54,40,2,0.33998370945634265,-10.863504409790039
dpo,ordinary,54,40,3,0.27390511521010813,-11.079620361328125
dpo,ordinary,54,40,4,0.38507863832545475,-10.738954544067383
dpo,ordinary,251,40,1,0.14620614627174103,-13.892900466918945
dpo,ordinary,251,40,2,0.11046453928756315,-14.173223495483398
dpo,ordinary,251,40,3,0.0509933763202157,-14.946222305297852
dpo,ordinary,251,40,4,0.6923359381204801,-12.337846755981445
dpo,ordinary,612,40,1,0.025831764646861887,-21.117238998413086
dpo,ordinary,612,40,2,0.34208950249316317,-18.533771514892578
dpo,ordinary,612,40,3,0.09267965194484713,-19.83969497680664
dpo,ordinary,612,40,4,0.5393990809151278,-18.078388214111328
dpo,ordinary,737,40,1,0.1693711169568934,-19.803552627563477
dpo,ordinary,737,40,2,0.4221800494565527,-18.890213012695312
dpo,ordinary,737,40,3,0.2432695234451259,-19.44147491455078
dpo,ordinary,737,40,4,0.16517931014142795,-19.82861328125
dpo,ordinary,867,40,1,0.4903928593930162,-9.82387924194336
dpo,ordinary,867,40,2,0.2547922151299037,-10.4786376953125
dpo,ordinary,867,40,3,0.0022301224497028897,-15.217029571533203
dpo,ordinary,867,40,4,0.2525848030273773,-10.48733901977539
dpo,ordinary,945,40,1,0.16279043358793066,-21.41815757751465
dpo,ordinary,945,40,2,0.44138157478382045,-20.420711517333984
dpo,ordinary,945,40,3,0.29792660336160615,-20.81377410888672
dpo,ordinary,945,40,4,0.09790138826664262,-21.926660537719727
dpo,ordinary,54,41,1,0.0022291398881524103,-15.864595413208008
dpo,ordinary,54,41,2,0.43766192136723975,-10.58476448059082
dpo,ordinary,54,41,3,0.17074189442114066,-11.526058197021484
dpo,ordinary,54,41,4,0.3893670443234673,-10.701688766479492
dpo,ordinary,251,41,1,0.17382480439569148,-13.74747085571289
dpo,ordinary,251,41,2,0.2440904397163389,-13.407979965209961
dpo,ordinary,251,41,3,0.031002976919252,-15.471435546875
dpo,ordinary,251,41,4,0.5510817789687177,-12.593635559082031
dpo,ordinary,612,41,1,0.02604504888803082,-20.878164291381836
dpo,ordinary,612,41,2,0.19009344229734546,-18.89047622680664
dpo,ordinary,612,41,3,0.08604408730742302,-19.68313217163086
dpo,ordinary,612,41,4,0.6978174215072007,-17.59003448486328
dpo,ordinary,737,41,1,0.09719124364056024,-20.29692268371582
dpo,ordinary,737,41,2,0.48812627387276086,-18.683029174804688
dpo,ordinary,737,41,3,0.2848839566086419,-19.221521377563477
dpo,ordinary,737,41,4,0.12979852587803692,-20.007619857788086
dpo,ordinary,867,41,1,0.41497579555526803,-9.675737380981445
dpo,ordinary,867,41,2,0.39670443533821254,-9.720766067504883
dpo,ordinary,867,41,3,0.0027746484176605045,-14.683433532714844
dpo,ordinary,867,41,4,0.18554512068885892,-10.480659484863281
dpo,ordinary,945,41,1,0.21460864436493007,-20.947174072265625
dpo,ordinary,945,41,2,0.38991202506495126,-20.350069046020508
dpo,ordinary,945,41,3,0.23632270186342025,-20.850791931152344
dpo,ordinary,945,41,4,0.15915662870669822,-21.24610137939453
dpo,ordinary,54,42,1,0.005413556127838154,-15.08570671081543
dpo,ordinary,54,42,2,0.4795555213868412,-10.601753234863281
dpo,ordinary,54,42,3,0.15553899419834236,-11.727716445922852
dpo,ordinary,54,42,4,0.3594919282869783,-10.889921188354492
dpo,ordinary,251,42,1,0.2087572309868235,-13.768083572387695
dpo,ordinary,251,42,2,0.42376693808852745,-13.06007194519043
dpo,ordinary,251,42,3,0.024518767213577885,-15.90981674194336
dpo,ordinary,251,42,4,0.3429570637110711,-13.271650314331055
dpo,ordinary,612,42,1,0.05747645324038276,-19.893808364868164
dpo,ordinary,612,42,2,0.12212686147572521,-19.14012336730957
dpo,ordinary,612,42,3,0.0922498643844613,-19.420682907104492
dpo,ordinary,612,42,4,0.7281468208994307,-17.35468101501465
dpo,ordinary,737,42,1,0.09054654554910747,-20.141456604003906
dpo,ordinary,737,42,2,0.5392962095696917,-18.3570556640625
dpo,ordinary,737,42,3,0.2688458147828647,-19.05318260192871
dpo,ordinary,737,42,4,0.10131143009833611,-20.02912139892578
dpo,ordinary,867,42,1,0.3851094000496039,-9.655946731567383
dpo,ordinary,867,42,2,0.460465708625025,-9.477235794067383
dpo,ordinary,867,42,3,0.004888220010296336,-14.022645950317383
dpo,ordinary,867,42,4,0.14953667131507484,-10.601932525634766
dpo,ordinary,945,42,1,0.38317122653558683,-20.36211395263672
dpo,ordinary,945,42,2,0.3402117797902654,-20.481027603149414
dpo,ordinary,945,42,3,0.15678116421227528,-21.25574493408203
dpo,ordinary,945,42,4,0.11983582946187252,-21.524473190307617
dpo,ordinary,54,43,1,0.009200015510424608,-14.626117706298828
dpo,ordinary,54,43,2,0.4831944861881541,-10.66490364074707
dpo,ordinary,54,43,3,0.2418663903796377,-11.356937408447266
dpo,ordinary,54,43,4,0.26573910792178357,-11.262807846069336
dpo,ordinary,251,43,1,0.4379876494235933,-13.461116790771484
dpo,ordinary,251,43,2,0.31828896940997703,-13.78034782409668
dpo,ordinary,251,43,3,0.028988320669760634,-16.176414489746094
dpo,ordinary,251,43,4,0.21473506049666893,-14.17390251159668
dpo,ordinary,612,43,1,0.12639257871639017,-18.936952590942383
dpo,ordinary,612,43,2,0.079529977337702,-19.400211334228516
dpo,ordinary,612,43,3,0.11377963204022254,-19.042081832885742
dpo,ordinary,612,43,4,0.6802978119056853,-17.253814697265625
dpo,ordinary,737,43,1,0.07886000608084147,-20.358638763427734
dpo,ordinary,737,43,2,0.5374937136752527,-18.439395904541016
dpo,ordinary,737,43,3,0.2481919526939211,-19.21211051940918
dpo,ordinary,737,43,4,0.13545432754998477,-19.817678451538086
dpo,ordinary,867,43,1,0.20068704786503003,-9.410400390625
dpo,ordinary,867,43,2,0.7480730664954266,-8.094646453857422
dpo,ordinary,867,43,3,0.004192529216800732,-13.27884292602539
dpo,ordinary,867,43,4,0.04704735642274266,-10.860992431640625
dpo,ordinary,945,43,1,0.3435072357002663,-20.59031105041504
dpo,ordinary,945,43,2,0.3469768267499511,-20.58026123046875
dpo,ordinary,945,43,3,0.20449486442870196,-21.108976364135742
dpo,ordinary,945,43,4,0.10502107312108062,-21.775358200073242
dpo,ordinary,54,44,1,0.007035724226655072,-14.868585586547852
dpo,ordinary,54,44,2,0.4811047088333352,-10.643501281738281
dpo,ordinary,54,44,3,0.26655771330743755,-11.23399543762207
dpo,ordinary,54,44,4,0.24530185363257223,-11.317096710205078
dpo,ordinary,251,44,1,0.6121180831797477,-13.113676071166992
dpo,ordinary,251,44,2,0.14394519124735444,-14.561168670654297
dpo,ordinary,251,44,3,0.027056200219798387,-16.232685089111328
dpo,ordinary,251,44,4,0.2168805253530994,-14.151254653930664
dpo,ordinary,612,44,1,0.26234754463823456,-17.831260681152344
dpo,ordinary,612,44,2,0.05369381164525232,-19.417633056640625
dpo,ordinary,612,44,3,0.14383605061091587,-18.4322566986084
dpo,ordinary,612,44,4,0.5401225931055972,-17.109134674072266
dpo,ordinary,737,44,1,0.09910391759845724,-20.218320846557617
dpo,ordinary,737,44,2,0.600605449489337,-18.41655158996582
dpo,ordinary,737,44,3,0.14901370943062525,-19.81045150756836
dpo,ordinary,737,44,4,0.1512769234815806,-19.795377731323242
dpo,ordinary,867,44,1,0.11792378579708278,-10.11893081665039
dpo,ordinary,867,44,2,0.7754712592670926,-8.235498428344727
dpo,ordinary,867,44,3,0.025752979857107026,-11.640419006347656
dpo,ordinary,867,44,4,0.08085197507871754,-10.496349334716797
dpo,ordinary,945,44,1,0.2802240332914813,-20.640174865722656
dpo,ordinary,945,44,2,0.3203043549899534,-20.506492614746094
dpo,ordinary,945,44,3,0.26210530993156334,-20.70701789855957
dpo,ordinary,945,44,4,0.13736630178700196,-21.353113174438477
dpo,ordinary,54,45,1,0.005267531636203686,-14.963340759277344
dpo,ordinary,54,45,2,0.41282961613135005,-10.60186767578125
dpo,ordinary,54,45,3,0.23264381051310226,-11.175394058227539
dpo,ordinary,54,45,4,0.349259041719344,-10.769088745117188
dpo,ordinary,251,45,1,0.7128926074109168,-13.019641876220703
dpo,ordinary,251,45,2,0.11478465685336413,-14.845914840698242
dpo,ordinary,251,45,3,0.03268156825559814,-16.102161407470703
dpo,ordinary,251,45,4,0.13964116748012106,-14.649896621704102
dpo,ordinary,612,45,1,0.21602877094693357,-18.03868293762207
dpo,ordinary,612,45,2,0.0796575367813904,-19.036357879638672
dpo,ordinary,612,45,3,0.2477599463081627,-17.901634216308594
dpo,ordinary,612,45,4,0.45655374596351334,-17.290388107299805
dpo,ordinary,737,45,1,0.08271125812814754,-20.308855056762695
dpo,ordinary,737,45,2,0.5100897844840864,-18.4896240234375
dpo,ordinary,737,45,3,0.16492608482316484,-19.61871337890625
dpo,ordinary,737,45,4,0.24227287256460123,-19.234146118164062
dpo,ordinary,867,45,1,0.07153461962184725,-10.662961959838867
dpo,ordinary,867,45,2,0.7612225120710301,-8.2982177734375
dpo,ordinary,867,45,3,0.051771419301333416,-10.986305236816406
dpo,ordinary,867,45,4,0.11547144900578904,-10.184120178222656
dpo,ordinary,945,45,1,0.3994879994951478,-19.5456600189209
dpo,ordinary,945,45,2,0.24155096106136795,-20.048763275146484
dpo,ordinary,945,45,3,0.17827980841176977,-20.352489471435547
dpo,ordinary,945,45,4,0.18068123103171457,-20.339109420776367
dpo,ordinary,54,46,1,0.01236705950177734,-14.346410751342773
dpo,ordinary,54,46,2,0.3698946966070999,-10.94822883605957
dpo,ordinary,54,46,3,0.18395585192271882,-11.646751403808594
dpo,ordinary,54,46,4,0.43378239196840407,-10.788904190063477
dpo,ordinary,251,46,1,0.7433417008492276,-12.845260620117188
dpo,ordinary,251,46,2,0.05657167839963394,-15.420907974243164
dpo,ordinary,251,46,3,0.06821088255905967,-15.23381233215332
dpo,ordinary,251,46,4,0.13187573819207893,-14.574556350708008
dpo,ordinary,612,46,1,0.14530238441068927,-18.320585250854492
dpo,ordinary,612,46,2,0.06181944640274496,-19.17518424987793
dpo,ordinary,612,46,3,0.334546088327536,-17.48662757873535
dpo,ordinary,612,46,4,0.4583320808590297,-17.17180824279785
dpo,ordinary,737,46,1,0.0745700459858927,-20.127744674682617
dpo,ordinary,737,46,2,0.4167123796911673,-18.407087326049805
dpo,ordinary,737,46,3,0.17850080857198428,-19.25489044189453
dpo,ordinary,737,46,4,0.3302167657509558,-18.639734268188477
dpo,ordinary,867,46,1,0.058694891831038966,-11.196348190307617
dpo,ordinary,867,46,2,0.6035066038399145,-8.865943908691406
dpo,ordinary,867,46,3,0.10495816940579024,-10.61513900756836
dpo,ordinary,867,46,4,0.23284033492325634,-9.818347930908203
dpo,ordinary,945,46,1,0.42530984166059815,-19.28321647644043
dpo,ordinary,945,46,2,0.1882408087932455,-20.098312377929688
dpo,ordinary,945,46,3,0.14678255601509632,-20.347082138061523
dpo,ordinary,945,46,4,0.23966679353105985,-19.85678482055664
dpo,ordinary,54,47,1,0.021880894146154253,-13.579927444458008
dpo,ordinary,54,47,2,0.46540354759314423,-10.522636413574219
dpo,ordinary,54,47,3,0.11938288790039192,-11.88320541381836
dpo,ordinary,54,47,4,0.39333267036030956,-10.690885543823242
dpo,ordinary,251,47,1,0.7298436951068475,-12.945446014404297
dpo,ordinary,251,47,2,0.024266207476387715,-16.349191665649414
dpo,ordinary,251,47,3,0.1054150394891644,-14.88037109375
dpo,ordinary,251,47,4,0.14047505792760043,-14.593246459960938
dpo,ordinary,612,47,1,0.11842139134189761,-18.04730987548828
dpo,ordinary,612,47,2,0.0416608610918293,-19.091997146606445
dpo,ordinary,612,47,3,0.45415651309495914,-16.70311737060547
dpo,ordinary,612,47,4,0.38576123447131394,-16.86634063720703
dpo,ordinary,737,47,1,0.14443230091386008,-19.656742095947266
dpo,ordinary,737,47,2,0.39699249771757467,-18.6456356048584
dpo,ordinary,737,47,3,0.12500074487745844,-19.801233291625977
dpo,ordinary,737,47,4,0.33357445649110684,-18.819686889648438
dpo,ordinary,867,47,1,0.04412684785919642,-11.503582000732422
dpo,ordinary,867,47,2,0.55182529046665,-8.977418899536133
dpo,ordinary,867,47,3,0.09846749298575379,-10.700923919677734
dpo,ordinary,867,47,4,0.3055803686883997,-9.568437576293945
dpo,ordinary,945,47,1,0.3104216213277771,-20.122682571411133
dpo,ordinary,945,47,2,0.22639828270394113,-20.438318252563477
dpo,ordinary,945,47,3,0.2552937533121605,-20.318199157714844
dpo,ordinary,945,47,4,0.20788634265612121,-20.523622512817383
dpo,ordinary,54,48,1,0.03231478230316078,-13.284664154052734
dpo,ordinary,54,48,2,0.4507454040899556,-10.649286270141602
dpo,ordinary,54,48,3,0.10419130389347701,-12.113960266113281
dpo,ordinary,54,48,4,0.41274850971340654,-10.737350463867188
dpo,ordinary,251,48,1,0.6431203143312975,-13.113292694091797
dpo,ordinary,251,48,2,0.015049690941644989,-16.868267059326172
dpo,ordinary,251,48,3,0.21794762778581542,-14.195369720458984
dpo,ordinary,251,48,4,0.12388236694124206,-14.760292053222656
dpo,ordinary,612,48,1,0.07641496044488447,-18.311241149902344
dpo,ordinary,612,48,2,0.03303913528572535,-19.14972686767578
dpo,ordinary,612,48,3,0.6167336453765533,-16.22298240661621
dpo,ordinary,612,48,4,0.27381225889283695,-17.034976959228516
dpo,ordinary,737,48,1,0.17558201217976513,-19.434511184692383
dpo,ordinary,737,48,2,0.38047618119994536,-18.66119384765625
dpo,ordinary,737,48,3,0.12346317393011368,-19.78667449951172
dpo,ordinary,737,48,4,0.32047863269017585,-18.832801818847656
dpo,ordinary,867,48,1,0.034716450733170034,-11.752140045166016
dpo,ordinary,867,48,2,0.4811426415193569,-9.123189926147461
dpo,ordinary,867,48,3,0.11141752122865241,-10.586069107055664
dpo,ordinary,867,48,4,0.37272338651882075,-9.378517150878906
dpo,ordinary,945,48,1,0.3466324179759592,-20.026124954223633
dpo,ordinary,945,48,2,0.19297047783831986,-20.611852645874023
dpo,ordinary,945,48,3,0.2113307163178607,-20.520965576171875
dpo,ordinary,945,48,4,0.24906638786786017,-20.356670379638672
dpo,ordinary,54,49,1,0.038673692107322445,-13.115802764892578
dpo,ordinary,54,49,2,0.44207472530360375,-10.679483413696289
dpo,ordinary,54,49,3,0.15922508081807268,-11.700643539428711
dpo,ordinary,54,49,4,0.36002650177100104,-10.884784698486328
dpo,ordinary,251,49,1,0.39787851295490356,-13.336196899414062
dpo,ordinary,251,49,2,0.005695721985244146,-17.58262825012207
dpo,ordinary,251,49,3,0.4739446955373493,-13.161252975463867
dpo,ordinary,251,49,4,0.12248106952250294,-14.514387130737305
dpo,ordinary,612,49,1,0.052533611401042075,-18.9678955078125
dpo,ordinary,612,49,2,0.0880974724990297,-18.450904846191406
dpo,ordinary,612,49,3,0.6354764364164134,-16.474973678588867
dpo,ordinary,612,49,4,0.22389247968351472,-17.5181827545166
dpo,ordinary,737,49,1,0.21446428477522797,-19.328184127807617
dpo,ordinary,737,49,2,0.33866466803377754,-18.87131690979004
dpo,ordinary,737,49,3,0.13812905955310267,-19.768138885498047
dpo,ordinary,737,49,4,0.30874198763789185,-18.963821411132812
dpo,ordinary,867,49,1,0.04640281940062279,-11.562677383422852
dpo,ordinary,867,49,2,0.4057422352597017,-9.394319534301758
dpo,ordinary,867,49,3,0.10827942010807654,-10.715322494506836
dpo,ordinary,867,49,4,0.43957552523159904,-9.314228057861328
dpo,ordinary,945,49,1,0.3129916020999,-20.273271560668945
dpo,ordinary,945,49,2,0.16701451636784428,-20.9013671875
dpo,ordinary,945,49,3,0.26839538921316497,-20.426986694335938
dpo,ordinary,945,49,4,0.2515984923190907,-20.491613388061523
dpo,ordinary,54,50,1,0.04775809530833105,-12.985225677490234
dpo,ordinary,54,50,2,0.47530479944761445,-10.687417984008789
dpo,ordinary,54,50,3,0.158303909018718,-11.786857604980469
dpo,ordinary,54,50,4,0.3186331962253366,-11.087333679199219
dpo,ordinary,251,50,1,0.3254516780777683,-13.40682601928711
dpo,ordinary,251,50,2,0.0039053937832348334,-17.829681396484375
dpo,ordinary,251,50,3,0.5548445390496224,-12.87335205078125
dpo,ordinary,251,50,4,0.11579838908937441,-14.440189361572266
dpo,ordinary,612,50,1,0.01666221749234153,-20.260997772216797
dpo,ordinary,612,50,2,0.15855810225381772,-18.008020401000977
dpo,ordinary,612,50,3,0.6406268607719658,-16.6116943359375
dpo,ordinary,612,50,4,0.18415281948187484,-17.858375549316406
dpo,ordinary,737,50,1,0.20910911515038283,-19.20315933227539
dpo,ordinary,737,50,2,0.3114350162705657,-18.804824829101562
dpo,ordinary,737,50,3,0.12990196774159102,-19.679235458374023
dpo,ordinary,737,50,4,0.3495539008374605,-18.68935775756836
dpo,ordinary,867,50,1,0.09719530240221733,-11.197122573852539
dpo,ordinary,867,50,2,0.3346160479173811,-9.960861206054688
dpo,ordinary,867,50,3,0.13257456985035568,-10.886699676513672
dpo,ordinary,867,50,4,0.4356140798300459,-9.697088241577148
dpo,ordinary,945,50,1,0.20807408792525503,-20.691659927368164
dpo,ordinary,945,50,2,0.22977732077732474,-20.592443466186523
dpo,ordinary,945,50,3,0.31095452516461064,-20.289907455444336
dpo,ordinary,945,50,4,0.2511940661328096,-20.503328323364258
dpo,ordinary,54,51,1,0.057580962766789145,-12.843391418457031
dpo,ordinary,54,51,2,0.4826338122591469,-10.717325210571289
dpo,ordinary,54,51,3,0.20385897499576516,-11.579154968261719
dpo,ordinary,54,51,4,0.2559262499782989,-11.351694107055664
dpo,ordinary,251,51,1,0.20812562681509347,-13.529462814331055
dpo,ordinary,251,51,2,0.004036098098624098,-17.472326278686523
dpo,ordinary,251,51,3,0.5428662828481783,-12.570741653442383
dpo,ordinary,251,51,4,0.24497199223810412,-13.366460800170898
dpo,ordinary,612,51,1,0.012283622098256692,-20.849767684936523
dpo,ordinary,612,51,2,0.27914874449866867,-17.726289749145508
dpo,ordinary,612,51,3,0.5054653627647197,-17.13255500793457
dpo,ordinary,612,51,4,0.2031022706383551,-18.04432487487793
dpo,ordinary,737,51,1,0.17892147487912224,-19.18836212158203
dpo,ordinary,737,51,2,0.2437226650882153,-18.8792781829834
dpo,ordinary,737,51,3,0.18676780871010976,-19.145442962646484
dpo,ordinary,737,51,4,0.39058805132255264,-18.407655715942383
dpo,ordinary,867,51,1,0.11057270970022977,-11.080240249633789
dpo,ordinary,867,51,2,0.2668541994920136,-10.199211120605469
dpo,ordinary,867,51,3,0.11300158289430996,-11.058511734008789
dpo,ordinary,867,51,4,0.5095715079134466,-9.552343368530273
dpo,ordinary,945,51,1,0.1486082071797456,-20.85607147216797
dpo,ordinary,945,51,2,0.22310351130479478,-20.449748992919922
dpo,ordinary,945,51,3,0.31217615191889225,-20.11381721496582
dpo,ordinary,945,51,4,0.3161121295965673,-20.101287841796875
dpo,ordinary,54,52,1,0.02765432954772193,-13.269838333129883
dpo,ordinary,54,52,2,0.5242979911281953,-10.327560424804688
dpo,ordinary,54,52,3,0.188281459805989,-11.351682662963867
dpo,ordinary,54,52,4,0.25976621951809375,-11.029838562011719
dpo,ordinary,251,52,1,0.0997164637656883,-13.759668350219727
dpo,ordinary,251,52,2,0.00960482708974301,-16.099733352661133
dpo,ordinary,251,52,3,0.5688593904482541,-12.018365859985352
dpo,ordinary,251,52,4,0.3218193186963146,-12.588008880615234
dpo,ordinary,612,52,1,0.012316152570098287,-20.891216278076172
dpo,ordinary,612,52,2,0.28921688585388006,-17.73495101928711
dpo,ordinary,612,52,3,0.5011881423553662,-17.18514633178711
dpo,ordinary,612,52,4,0.19727881922065554,-18.117509841918945
dpo,ordinary,737,52,1,0.19878515660289242,-18.776580810546875
dpo,ordinary,737,52,2,0.21970464809844914,-18.67652130126953
dpo,ordinary,737,52,3,0.28221937074045,-18.42612075805664
dpo,ordinary,737,52,4,0.29929082455820843,-18.367389678955078
dpo,ordinary,867,52,1,0.11480855460884788,-11.196577072143555
dpo,ordinary,867,52,2,0.19148934372298693,-10.68501091003418
dpo,ordinary,867,52,3,0.15812077717540185,-10.876483917236328
dpo,ordinary,867,52,4,0.5355813244927633,-9.656490325927734
dpo,ordinary,945,52,1,0.21282015402928972,-20.009159088134766
dpo,ordinary,945,52,2,0.19133120118642652,-20.1156005859375
dpo,ordinary,945,52,3,0.18159188473081908,-20.167844772338867
dpo,ordinary,945,52,4,0.4142567600534647,-19.343120574951172
dpo,ordinary,54,53,1,0.02161924120976181,-13.434324264526367
dpo,ordinary,54,53,2,0.5149727744538958,-10.2637939453125
dpo,ordinary,54,53,3,0.20224326244504243,-11.198436737060547
dpo,ordinary,54,53,4,0.2611647218912999,-10.942756652832031
dpo,ordinary,251,53,1,0.09800460884163978,-13.97872543334961
dpo,ordinary,251,53,2,0.02211593481533352,-15.46744155883789
dpo,ordinary,251,53,3,0.506898964159695,-12.335428237915039
dpo,ordinary,251,53,4,0.37298049218333174,-12.642213821411133
dpo,ordinary,612,53,1,0.005892894096154076,-21.80274200439453
dpo,ordinary,612,53,2,0.3836082864793523,-17.626867294311523
dpo,ordinary,612,53,3,0.387108392905601,-17.61778450012207
dpo,ordinary,612,53,4,0.22339042651889268,-18.16756820678711
dpo,ordinary,737,53,1,0.2201815437347993,-18.561800003051758
dpo,ordinary,737,53,2,0.16675838810534582,-18.839706420898438
dpo,ordinary,737,53,3,0.32771118516390824,-18.164119720458984
dpo,ordinary,737,53,4,0.28534888299594663,-18.302539825439453
dpo,ordinary,867,53,1,0.1300004153555839,-11.169694900512695
dpo,ordinary,867,53,2,0.16498540945844942,-10.931375503540039
dpo,ordinary,867,53,3,0.0699845812675831,-11.788957595825195
dpo,ordinary,867,53,4,0.6350295939183837,-9.583560943603516
dpo,ordinary,945,53,1,0.38877771064235117,-18.94955062866211
dpo,ordinary,945,53,2,0.14972572051138755,-19.90375328063965
dpo,ordinary,945,53,3,0.10362319459662953,-20.27179718017578
dpo,ordinary,945,53,4,0.3578733742496319,-19.032379150390625
dpo,ordinary,54,54,1,0.022570425017345328,-13.576875686645508
dpo,ordinary,54,54,2,0.43036377491117506,-10.628885269165039
dpo,ordinary,54,54,3,0.2356980290342269,-11.230964660644531
dpo,ordinary,54,54,4,0.3113677710372529,-10.95254135131836
dpo,ordinary,251,54,1,0.10274985760512927,-13.879199981689453
dpo,ordinary,251,54,2,0.016544489957205522,-15.7054443359375
dpo,ordinary,251,54,3,0.351143356185025,-12.65030288696289
dpo,ordinary,251,54,4,0.5295622962526401,-12.239446640014648
dpo,ordinary,612,54,1,0.006124484957166917,-22.054847717285156
dpo,ordinary,612,54,2,0.47327392747563446,-17.707468032836914
dpo,ordinary,612,54,3,0.24705190005656139,-18.3575439453125
dpo,ordinary,612,54,4,0.27354968751063724,-18.255659103393555
dpo,ordinary,737,54,1,0.1495658156589273,-18.847829818725586
dpo,ordinary,737,54,2,0.1585522570573582,-18.78948211669922
dpo,ordinary,737,54,3,0.4233232560382127,-17.807430267333984
dpo,ordinary,737,54,4,0.2685586712455018,-18.262496948242188
dpo,ordinary,867,54,1,0.134432882902967,-11.042276382446289
dpo,ordinary,867,54,2,0.18203205804965297,-10.739158630371094
dpo,ordinary,867,54,3,0.07033639766782868,-11.690052032470703
dpo,ordinary,867,54,4,0.6131986613795514,-9.524652481079102
dpo,ordinary,945,54,1,0.37733918237092223,-19.208642959594727
dpo,ordinary,945,54,2,0.1902994632953855,-19.8931884765625
dpo,ordinary,945,54,3,0.11528252795307996,-20.39440155029297
dpo,ordinary,945,54,4,0.3170788263806123,-19.38263702392578
dpo,ordinary,54,55,1,0.03538913577515793,-13.314756393432617
dpo,ordinary,54,55,2,0.44770994629440164,-10.777015686035156
dpo,ordinary,54,55,3,0.23307210808623577,-11.429813385009766
dpo,ordinary,54,55,4,0.2838288098442048,-11.232789993286133
dpo,ordinary,251,55,1,0.08331441808068767,-14.024898529052734
dpo,ordinary,251,55,2,0.061981839975103065,-14.3206787109375
dpo,ordinary,251,55,3,0.22223450360185712,-13.043787002563477
dpo,ordinary,251,55,4,0.632469238342352,-11.997888565063477
dpo,ordinary,612,55,1,0.008256161886011179,-21.905546188354492
dpo,ordinary,612,55,2,0.4493479054477581,-17.908708572387695
dpo,ordinary,612,55,3,0.17517218196301643,-18.850736618041992
dpo,ordinary,612,55,4,0.3672237507032142,-18.11053466796875
dpo,ordinary,737,55,1,0.07527860407502787,-19.425064086914062
dpo,ordinary,737,55,2,0.2324385558434066,-18.29763412475586
dpo,ordinary,737,55,3,0.49698477202461855,-17.537700653076172
dpo,ordinary,737,55,4,0.19529806805694694,-18.47173309326172
dpo,ordinary,867,55,1,0.14138317729041536,-11.12890625
dpo,ordinary,867,55,2,0.19005383260774655,-10.833072662353516
dpo,ordinary,867,55,3,0.04470356179395762,-12.280326843261719
dpo,ordinary,867,55,4,0.6238594283078805,-9.644454956054688
dpo,ordinary,945,55,1,0.4354406859658533,-19.076696395874023
dpo,ordinary,945,55,2,0.16470504833911115,-20.048898696899414
dpo,ordinary,945,55,3,0.0950978764254622,-20.598148345947266
dpo,ordinary,945,55,4,0.3047563892695734,-19.433542251586914
dpo,ordinary,54,56,1,0.042394602586844646,-13.351905822753906
dpo,ordinary,54,56,2,0.3875101056795975,-11.139184951782227
dpo,ordinary,54,56,3,0.3046583341373533,-11.379735946655273
dpo,ordinary,54,56,4,0.26543695759620456,-11.517549514770508
dpo,ordinary,251,56,1,0.12695436153609746,-13.814916610717773
dpo,ordinary,251,56,2,0.07602076041815561,-14.327737808227539
dpo,ordinary,251,56,3,0.1463118238866088,-13.673004150390625
dpo,ordinary,251,56,4,0.6507130541591382,-12.180675506591797
dpo,ordinary,612,56,1,0.012071740419516115,-21.73866844177246
dpo,ordinary,612,56,2,0.3935919441191015,-18.254220962524414
dpo,ordinary,612,56,3,0.1349760783356247,-19.324438095092773
dpo,ordinary,612,56,4,0.45936023712575785,-18.099700927734375
dpo,ordinary,737,56,1,0.049108133686496816,-20.01780128479004
dpo,ordinary,737,56,2,0.31640639698186707,-18.15479850769043
dpo,ordinary,737,56,3,0.3397472895739751,-18.0836238861084
dpo,ordinary,737,56,4,0.29473817975766087,-18.225738525390625
dpo,ordinary,867,56,1,0.23895697336588237,-10.62727165222168
dpo,ordinary,867,56,2,0.15024589761557866,-11.09128189086914
dpo,ordinary,867,56,3,0.02257019058723195,-12.98692512512207
dpo,ordinary,867,56,4,0.588226938431307,-9.726442337036133
dpo,ordinary,945,56,1,0.42593998673092454,-19.521806716918945
dpo,ordinary,945,56,2,0.17003130593850957,-20.440122604370117
dpo,ordinary,945,56,3,0.1273475639770196,-20.729185104370117
dpo,ordinary,945,56,4,0.27668114335354643,-19.95323944091797
dpo,ordinary,54,57,1,0.02294290057147281,-13.793962478637695
dpo,ordinary,54,57,2,0.3808157429136895,-10.984655380249023
dpo,ordinary,54,57,3,0.27541368520728254,-11.308696746826172
dpo,ordinary,54,57,4,0.3208276713075552,-11.15606689453125
dpo,ordinary,251,57,1,0.16898072263016875,-13.68867301940918
dpo,ordinary,251,57,2,0.14294672652553256,-13.855985641479492
dpo,ordinary,251,57,3,0.10484409743910003,-14.165983200073242
dpo,ordinary,251,57,4,0.5832284534051987,-12.449878692626953
dpo,ordinary,612,57,1,0.012695871541382573,-21.629396438598633
dpo,ordinary,612,57,2,0.32688047481672655,-18.381078720092773
dpo,ordinary,612,57,3,0.14907048684426888,-19.1662540435791
dpo,ordinary,612,57,4,0.511353166797622,-17.933612823486328
dpo,ordinary,737,57,1,0.07138454208420568,-19.56781768798828
dpo,ordinary,737,57,2,0.20724507754781873,-18.501996994018555
dpo,ordinary,737,57,3,0.43847682056889953,-17.752592086791992
dpo,ordinary,737,57,4,0.28289355979907593,-18.190828323364258
dpo,ordinary,867,57,1,0.25858634405966757,-10.648275375366211
dpo,ordinary,867,57,2,0.12397173193172382,-11.383451461791992
dpo,ordinary,867,57,3,0.02449118434478758,-13.005191802978516
dpo,ordinary,867,57,4,0.592950739663821,-9.81839370727539
dpo,ordinary,945,57,1,0.3510660860727162,-19.713157653808594
dpo,ordinary,945,57,2,0.1898322245479264,-20.327991485595703
dpo,ordinary,945,57,3,0.14493883951325892,-20.597820281982422
dpo,ordinary,945,57,4,0.3141628498660985,-19.824220657348633
dpo,ordinary,54,58,1,0.03361998387737282,-13.583274841308594
dpo,ordinary,54,58,2,0.4538360479116416,-10.980659484863281
dpo,ordinary,54,58,3,0.1870182269425475,-11.867189407348633
dpo,ordinary,54,58,4,0.3255257412684381,-11.31295394897461
dpo,ordinary,251,58,1,0.26107971582773337,-13.383363723754883
dpo,ordinary,251,58,2,0.13939317654432623,-14.01089096069336
dpo,ordinary,251,58,3,0.053681335905683504,-14.965124130249023
dpo,ordinary,251,58,4,0.5458457717222569,-12.645853042602539
dpo,ordinary,612,58,1,0.009664588203018706,-21.805097579956055
dpo,ordinary,612,58,2,0.2567245700408141,-18.525562286376953
dpo,ordinary,612,58,3,0.12297379849764552,-19.261594772338867
dpo,ordinary,612,58,4,0.6106370432585218,-17.6590633392334
dpo,ordinary,737,58,1,0.044876985957601596,-19.90930938720703
dpo,ordinary,737,58,2,0.210758782890278,-18.362520217895508
dpo,ordinary,737,58,3,0.5123424410484119,-17.474241256713867
dpo,ordinary,737,58,4,0.23202179010370858,-18.266403198242188
dpo,ordinary,867,58,1,0.2967452366450659,-10.621269226074219
dpo,ordinary,867,58,2,0.15062200130222536,-11.299369812011719
dpo,ordinary,867,58,3,0.01866297015925879,-13.387601852416992
dpo,ordinary,867,58,4,0.53396979189345,-10.033803939819336
dpo,ordinary,945,58,1,0.2582176412216773,-20.470932006835938
dpo,ordinary,945,58,2,0.31179089918364683,-20.28240203857422
dpo,ordinary,945,58,3,0.19133991733238248,-20.77068328857422
dpo,ordinary,945,58,4,0.23865154226229338,-20.54973030090332
dpo,ordinary,54,59,1,0.03733770784510866,-13.474014282226562
dpo,ordinary,54,59,2,0.4733282560983985,-10.934228897094727
dpo,ordinary,54,59,3,0.1808860804652902,-11.896150588989258
dpo,ordinary,54,59,4,0.3084479555912025,-11.362464904785156
dpo,ordinary,251,59,1,0.3613848464190518,-13.226137161254883
dpo,ordinary,251,59,2,0.16435758157731636,-14.014036178588867
dpo,ordinary,251,59,3,0.04762513790877932,-15.25271987915039
dpo,ordinary,251,59,4,0.4266324340948525,-13.060157775878906
dpo,ordinary,612,59,1,0.026394196290332655,-20.727739334106445
dpo,ordinary,612,59,2,0.1783372010596621,-18.81720733642578
dpo,ordinary,612,59,3,0.1370703722186241,-19.08038902282715
dpo,ordinary,612,59,4,0.6581982304313811,-17.511377334594727
dpo,ordinary,737,59,1,0.02716231185057194,-20.392526626586914
dpo,ordinary,737,59,2,0.2228068917694491,-18.28805160522461
dpo,ordinary,737,59,3,0.5114703186806825,-17.457067489624023
dpo,ordinary,737,59,4,0.23856047769929645,-18.21973419189453
dpo,ordinary,867,59,1,0.33803689507901463,-10.235593795776367
dpo,ordinary,867,59,2,0.22470102109595272,-10.643978118896484
dpo,ordinary,867,59,3,0.012165132892263768,-13.560174942016602
dpo,ordinary,867,59,4,0.42509695093276884,-10.006431579589844
dpo,ordinary,945,59,1,0.27433653214136977,-20.45162582397461
dpo,ordinary,945,59,2,0.30830369150567405,-20.334896087646484
dpo,ordinary,945,59,3,0.21311342177972675,-20.70415687561035
dpo,ordinary,945,59,4,0.20424635457322937,-20.746654510498047
dpo,ordinary,54,60,1,0.044320859183485106,-13.419937133789062
dpo,ordinary,54,60,2,0.4160949636716026,-11.180479049682617
dpo,ordinary,54,60,3,0.20248006718706169,-11.900751113891602
dpo,ordinary,54,60,4,0.3371041099578507,-11.391000747680664
dpo,ordinary,251,60,1,0.47884682138919077,-13.092689514160156
dpo,ordinary,251,60,2,0.09596116939253803,-14.700126647949219
dpo,ordinary,251,60,3,0.04160092790444294,-15.535947799682617
dpo,ordinary,251,60,4,0.3835910813138282,-13.314493179321289
dpo,ordinary,612,60,1,0.030665928815272688,-20.38814926147461
dpo,ordinary,612,60,2,0.14853737798683325,-18.81046485900879
dpo,ordinary,612,60,3,0.1962594136066967,-18.531864166259766
dpo,ordinary,612,60,4,0.6245372795911974,-17.374290466308594
dpo,ordinary,737,60,1,0.011378111145501291,-21.13592529296875
dpo,ordinary,737,60,2,0.27974220495178137,-17.933748245239258
dpo,ordinary,737,60,3,0.4749353592133323,-17.404438018798828
dpo,ordinary,737,60,4,0.23394432468938503,-18.112533569335938
dpo,ordinary,867,60,1,0.3749037435801941,-10.010271072387695
dpo,ordinary,867,60,2,0.2516298248099134,-10.408981323242188
dpo,ordinary,867,60,3,0.011100829148816549,-13.52992057800293
dpo,ordinary,867,60,4,0.3623656024610759,-10.044286727905273
dpo,ordinary,945,60,1,0.29418473839602527,-20.379671096801758
dpo,ordinary,945,60,2,0.2900688612973808,-20.393760681152344
dpo,ordinary,945,60,3,0.22872052762398756,-20.631378173828125
dpo,ordinary,945,60,4,0.18702587268260643,-20.832632064819336
dpo,ordinary,54,61,1,0.038435457911323,-13.476268768310547
dpo,ordinary,54,61,2,0.4547112312192465,-11.005586624145508
dpo,ordinary,54,61,3,0.18098896441882215,-11.926813125610352
dpo,ordinary,54,61,4,0.3258643464506083,-11.338768005371094
dpo,ordinary,251,61,1,0.5167203693344928,-13.151769638061523
dpo,ordinary,251,61,2,0.08724863596243079,-14.930509567260742
dpo,ordinary,251,61,3,0.07368923099980677,-15.099414825439453
dpo,ordinary,251,61,4,0.32234176370326956,-13.623659133911133
dpo,ordinary,612,61,1,0.03280756853196882,-20.360334396362305
dpo,ordinary,612,61,2,0.14314049867499384,-18.88716697692871
dpo,ordinary,612,61,3,0.2419901073400613,-18.362096786499023
dpo,ordinary,612,61,4,0.5820618254529761,-17.484416961669922
dpo,ordinary,737,61,1,0.00776054058223812,-21.502376556396484
dpo,ordinary,737,61,2,0.3039207774833076,-17.83466148376465
dpo,ordinary,737,61,3,0.42182748537394105,-17.506832122802734
dpo,ordinary,737,61,4,0.26649119656051323,-17.966087341308594
dpo,ordinary,867,61,1,0.36119754574841884,-9.83542251586914
dpo,ordinary,867,61,2,0.36694646524025176,-9.819631576538086
dpo,ordinary,867,61,3,0.010671435860924634,-13.357276916503906
dpo,ordinary,867,61,4,0.2611845531504047,-10.15962028503418
dpo,ordinary,945,61,1,0.33865710505839597,-20.148956298828125
dpo,ordinary,945,61,2,0.23522565340097515,-20.513399124145508
dpo,ordinary,945,61,3,0.18331730798124826,-20.762725830078125
dpo,ordinary,945,61,4,0.24279993355938068,-20.481706619262695
dpo,ordinary,54,62,1,0.06488819426314148,-12.929439544677734
dpo,ordinary,54,62,2,0.45535600858734,-10.981025695800781
dpo,ordinary,54,62,3,0.19634662298762137,-11.822223663330078
dpo,ordinary,54,62,4,0.2834091741618973,-11.45521354675293
dpo,ordinary,251,62,1,0.5510011642297418,-13.155904769897461
dpo,ordinary,251,62,2,0.06620187796948199,-15.274932861328125
dpo,ordinary,251,62,3,0.10937059442265483,-14.772899627685547
dpo,ordinary,251,62,4,0.2734263633781215,-13.856609344482422
dpo,ordinary,612,62,1,0.03697594801577223,-20.125001907348633
dpo,ordinary,612,62,2,0.12600419039594146,-18.898954391479492
dpo,ordinary,612,62,3,0.30831236536728485,-18.0041561126709
dpo,ordinary,612,62,4,0.5287074962210014,-17.464834213256836
dpo,ordinary,737,62,1,0.011044783626997805,-21.353090286254883
dpo,ordinary,737,62,2,0.3760275776222447,-17.82538604736328
dpo,ordinary,737,62,3,0.39895455514223244,-17.76620101928711
dpo,ordinary,737,62,4,0.2139730836085251,-18.389198303222656
dpo,ordinary,867,62,1,0.32988122637387035,-9.880289077758789
dpo,ordinary,867,62,2,0.40103205224479616,-9.684980392456055
dpo,ordinary,867,62,3,0.009721552325353216,-13.40467643737793
dpo,ordinary,867,62,4,0.2593651690559802,-10.120784759521484
dpo,ordinary,945,62,1,0.33788063352339565,-19.923412322998047
dpo,ordinary,945,62,2,0.2335717032683761,-20.29261589050293
dpo,ordinary,945,62,3,0.14012290752455356,-20.803585052490234
dpo,ordinary,945,62,4,0.2884247556836748,-20.0816707611084
dpo,ordinary,54,63,1,0.06471879016940435,-12.821748733520508
dpo,ordinary,54,63,2,0.5205791515912209,-10.736858367919922
dpo,ordinary,54,63,3,0.1770326866155248,-11.815465927124023
dpo,ordinary,54,63,4,0.23766937162384988,-11.520919799804688
dpo,ordinary,251,63,1,0.584847462205031,-13.107906341552734
dpo,ordinary,251,63,2,0.07415870654229403,-15.173049926757812
dpo,ordinary,251,63,3,0.08223053028378409,-15.069730758666992
dpo,ordinary,251,63,4,0.2587633009688908,-13.923343658447266
dpo,ordinary,612,63,1,0.053965359459468225,-19.79846954345703
dpo,ordinary,612,63,2,0.1626868938106391,-18.694984436035156
dpo,ordinary,612,63,3,0.32873937442432555,-17.991546630859375
dpo,ordinary,612,63,4,0.454608372305567,-17.667375564575195
dpo,ordinary,737,63,1,0.017879608581384883,-21.043006896972656
dpo,ordinary,737,63,2,0.4263941770598438,-17.87130355834961
dpo,ordinary,737,63,3,0.32227570280237394,-18.151260375976562
dpo,ordinary,737,63,4,0.23345051155639734,-18.473697662353516
dpo,ordinary,867,63,1,0.214615388088343,-10.264381408691406
dpo,ordinary,867,63,2,0.4445776542661792,-9.536104202270508
dpo,ordinary,867,63,3,0.02442052009692836,-12.43780517578125
dpo,ordinary,867,63,4,0.3163864375485496,-9.876264572143555
dpo,ordinary,945,63,1,0.32466454694499364,-20.110471725463867
dpo,ordinary,945,63,2,0.2579880089139454,-20.340351104736328
dpo,ordinary,945,63,3,0.15534819186349255,-20.84759521484375
dpo,ordinary,945,63,4,0.26199925227756843,-20.324922561645508
dpo,ordinary,54,64,1,0.04684837305780405,-13.137445449829102
dpo,ordinary,54,64,2,0.5132244132456406,-10.743648529052734
dpo,ordinary,54,64,3,0.20832512634808154,-11.645261764526367
dpo,ordinary,54,64,4,0.23160208734847376,-11.53934097290039
dpo,ordinary,251,64,1,0.6008915643120791,-12.970954895019531
dpo,ordinary,251,64,2,0.03634378385257115,-15.776346206665039
dpo,ordinary,251,64,3,0.07757504272795025,-15.018123626708984
dpo,ordinary,251,64,4,0.2851896091073995,-13.716215133666992
dpo,ordinary,612,64,1,0.06500439207173339,-19.47760772705078
dpo,ordinary,612,64,2,0.12981928598411704,-18.785919189453125
dpo,ordinary,612,64,3,0.38554344669716567,-17.69740867614746
dpo,ordinary,612,64,4,0.41963287524698384,-17.612682342529297
dpo,ordinary,737,64,1,0.02466262528864531,-20.92635726928711
dpo,ordinary,737,64,2,0.51661520088899,-17.884347915649414
dpo,ordinary,737,64,3,0.2577208664454133,-18.579769134521484
dpo,ordinary,737,64,4,0.20100130737695127,-18.82833480834961
dpo,ordinary,867,64,1,0.23386365883165164,-10.16115951538086
dpo,ordinary,867,64,2,0.4128310949215869,-9.592859268188477
dpo,ordinary,867,64,3,0.017610639643588704,-12.747394561767578
dpo,ordinary,867,64,4,0.33569460660317274,-9.79969596862793
dpo,ordinary,945,64,1,0.3373267537781065,-20.08359146118164
dpo,ordinary,945,64,2,0.26853847373201545,-20.311649322509766
dpo,ordinary,945,64,3,0.1553363501488323,-20.859050750732422
dpo,ordinary,945,64,4,0.23879842234104573,-20.42902374267578
dpo,ordinary,54,65,1,0.048094221276419075,-13.038614273071289
dpo,ordinary,54,65,2,0.5555552055614662,-10.591808319091797
dpo,ordinary,54,65,3,0.22303832662357204,-11.504432678222656
dpo,ordinary,54,65,4,0.17331224653854269,-11.756681442260742
dpo,ordinary,251,65,1,0.5961226148127182,-13.066116333007812
dpo,ordinary,251,65,2,0.032534046300201666,-15.974275588989258
dpo,ordinary,251,65,3,0.0965238909875246,-14.886772155761719
dpo,ordinary,251,65,4,0.2748194478995555,-13.840448379516602
dpo,ordinary,612,65,1,0.06352163976622269,-19.627721786499023
dpo,ordinary,612,65,2,0.2279696857356615,-18.349889755249023
dpo,ordinary,612,65,3,0.41680306618296387,-17.746488571166992
dpo,ordinary,612,65,4,0.2917056083151519,-18.103357315063477
dpo,ordinary,737,65,1,0.0135321522607293,-21.323232650756836
dpo,ordinary,737,65,2,0.5628525229311184,-17.59528350830078
dpo,ordinary,737,65,3,0.1933060903841796,-18.664026260375977
dpo,ordinary,737,65,4,0.23030923442397272,-18.48887825012207
dpo,ordinary,867,65,1,0.17808106209523714,-10.547468185424805
dpo,ordinary,867,65,2,0.36140137112982496,-9.839717864990234
dpo,ordinary,867,65,3,0.02242544802236678,-12.619510650634766
dpo,ordinary,867,65,4,0.4380921187525712,-9.64727783203125
dpo,ordinary,945,65,1,0.3536695325595947,-20.058849334716797
dpo,ordinary,945,65,2,0.25456666632143005,-20.387649536132812
dpo,ordinary,945,65,3,0.16268821025387395,-20.835376739501953
dpo,ordinary,945,65,4,0.22907559086510126,-20.493160247802734
dpo,ordinary,54,66,1,0.046001789600046264,-13.052068710327148
dpo,ordinary,54,66,2,0.5761408223412172,-10.524396896362305
dpo,ordinary,54,66,3,0.18052576719493846,-11.68487548828125
dpo,ordinary,54,66,4,0.19733162086379813,-11.595863342285156
dpo,ordinary,251,66,1,0.5682469696081143,-12.844173431396484
dpo,ordinary,251,66,2,0.01693870801396914,-16.357128143310547
dpo,ordinary,251,66,3,0.11055731910913207,-14.481195449829102
dpo,ordinary,251,66,4,0.3042570032687845,-13.468856811523438
dpo,ordinary,612,66,1,0.07091759630046483,-19.751527786254883
dpo,ordinary,612,66,2,0.28409841548850695,-18.363725662231445
dpo,ordinary,612,66,3,0.34264758017845137,-18.17634391784668
dpo,ordinary,612,66,4,0.30233640803257694,-18.30150604248047
dpo,ordinary,737,66,1,0.022407040490190894,-20.93491554260254
dpo,ordinary,737,66,2,0.568672045204514,-17.700986862182617
dpo,ordinary,737,66,3,0.17216362736258056,-18.895845413208008
dpo,ordinary,737,66,4,0.2367572869427145,-18.577255249023438
dpo,ordinary,867,66,1,0.14078188649988913,-10.669227600097656
dpo,ordinary,867,66,2,0.38798979233490677,-9.655460357666016
dpo,ordinary,867,66,3,0.032621064103965564,-12.131481170654297
dpo,ordinary,867,66,4,0.4386072570612385,-9.532835006713867
dpo,ordinary,945,66,1,0.23607851018105735,-20.47067642211914
dpo,ordinary,945,66,2,0.3249074627489214,-20.15130043029785
dpo,ordinary,945,66,3,0.22506626578714903,-20.51844596862793
dpo,ordinary,945,66,4,0.21394776128287216,-20.569108963012695
dpo,ordinary,54,67,1,0.02416485291038579,-13.52290153503418
dpo,ordinary,54,67,2,0.5685769587765757,-10.364664077758789
dpo,ordinary,54,67,3,0.22654421655840484,-11.284860610961914
dpo,ordinary,54,67,4,0.18071397175463377,-11.510885238647461
dpo,ordinary,251,67,1,0.5524679257316318,-13.046262741088867
dpo,ordinary,251,67,2,0.016734714651508022,-16.54317283630371
dpo,ordinary,251,67,3,0.1471831474202463,-14.368980407714844
dpo,ordinary,251,67,4,0.2836142121966138,-13.713043212890625
dpo,ordinary,612,67,1,0.06132592762482496,-19.91915512084961
dpo,ordinary,612,67,2,0.24310128891962426,-18.541879653930664
dpo,ordinary,612,67,3,0.30004004767002157,-18.33144187927246
dpo,ordinary,612,67,4,0.39553273578552917,-18.055124282836914
dpo,ordinary,737,67,1,0.025609011427895654,-21.003631591796875
dpo,ordinary,737,67,2,0.4332989389554099,-18.175148010253906
dpo,ordinary,737,67,3,0.08698220393618776,-19.780872344970703
dpo,ordinary,737,67,4,0.4541098456805066,-18.128236770629883
dpo,ordinary,867,67,1,0.1185810439053081,-10.818178176879883
dpo,ordinary,867,67,2,0.35912237235059385,-9.710111618041992
dpo,ordinary,867,67,3,0.030896800701671185,-12.163122177124023
dpo,ordinary,867,67,4,0.49139978304242693,-9.396516799926758
dpo,ordinary,945,67,1,0.21289191598878227,-20.769916534423828
dpo,ordinary,945,67,2,0.38588220078799734,-20.175168991088867
dpo,ordinary,945,67,3,0.2343553791036587,-20.67386245727539
dpo,ordinary,945,67,4,0.16687050411956167,-21.01348304748535
dpo,ordinary,54,68,1,0.01792502971263073,-13.85062026977539
dpo,ordinary,54,68,2,0.5786140978612686,-10.376182556152344
dpo,ordinary,54,68,3,0.264972004310685,-11.157194137573242
dpo,ordinary,54,68,4,0.1384888681154156,-11.806028366088867
dpo,ordinary,251,68,1,0.4729606781036519,-13.435745239257812
dpo,ordinary,251,68,2,0.018787212493573235,-16.66158103942871
dpo,ordinary,251,68,3,0.24305702359190623,-14.101461410522461
dpo,ordinary,251,68,4,0.26519508581086854,-14.014291763305664
dpo,ordinary,612,68,1,0.03428238838126782,-20.379308700561523
dpo,ordinary,612,68,2,0.22229791395513787,-18.50992202758789
dpo,ordinary,612,68,3,0.2680616726659176,-18.322723388671875
dpo,ordinary,612,68,4,0.4753580249976767,-17.7498722076416
dpo,ordinary,737,68,1,0.055935591879074445,-20.23024559020996
dpo,ordinary,737,68,2,0.3921318423817824,-18.282848358154297
dpo,ordinary,737,68,3,0.08615077861737544,-19.79834747314453
dpo,ordinary,737,68,4,0.46578178712176765,-18.110729217529297
dpo,ordinary,867,68,1,0.1722071072272441,-10.646846771240234
dpo,ordinary,867,68,2,0.30620172870702195,-10.071300506591797
dpo,ordinary,867,68,3,0.03615762218223827,-12.207656860351562
dpo,ordinary,867,68,4,0.48543354188349563,-9.610502243041992
dpo,ordinary,945,68,1,0.24661445569775195,-20.58167839050293
dpo,ordinary,945,68,2,0.3978719096114335,-20.103374481201172
dpo,ordinary,945,68,3,0.23278906138841135,-20.639371871948242
dpo,ordinary,945,68,4,0.12272457330240305,-21.27956199645996
dpo,ordinary,54,69,1,0.021382758620452618,-13.73122787475586
dpo,ordinary,54,69,2,0.5248517969508323,-10.530696868896484
dpo,ordinary,54,69,3,0.33267630580513646,-10.986642837524414
dpo,ordinary,54,69,4,0.12108913862357872,-11.997285842895508
dpo,ordinary,251,69,1,0.3819419098502955,-13.271430969238281
dpo,ordinary,251,69,2,0.00564400845825162,-17.48610496520996
dpo,ordinary,251,69,3,0.28474772030347417,-13.565095901489258
dpo,ordinary,251,69,4,0.3276663613879787,-13.424703598022461
dpo,ordinary,612,69,1,0.04650476491996716,-20.031049728393555
dpo,ordinary,612,69,2,0.22139513934376293,-18.47065544128418
dpo,ordinary,612,69,3,0.22853976816114727,-18.438894271850586
dpo,ordinary,612,69,4,0.5035603275751227,-17.648900985717773
dpo,ordinary,737,69,1,0.07950975370120068,-20.0728702545166
dpo,ordinary,737,69,2,0.4456362240039347,-18.349246978759766
dpo,ordinary,737,69,3,0.07707011044899696,-20.104034423828125
dpo,ordinary,737,69,4,0.39778391184586753,-18.462841033935547
dpo,ordinary,867,69,1,0.1499877855123678,-10.626556396484375
dpo,ordinary,867,69,2,0.3529989617623844,-9.770645141601562
dpo,ordinary,867,69,3,0.023775506126496357,-12.468454360961914
dpo,ordinary,867,69,4,0.47323774659875156,-9.47751235961914
dpo,ordinary,945,69,1,0.36815291427943914,-20.10590171813965
dpo,ordinary,945,69,2,0.3615538498368736,-20.12398910522461
dpo,ordinary,945,69,3,0.17009805127761754,-20.87802505493164
dpo,ordinary,945,69,4,0.10019518460606978,-21.40727996826172
dpo,ordinary,54,70,1,0.014831916522670628,-14.235040664672852
dpo,ordinary,54,70,2,0.3634554779349956,-11.036165237426758
dpo,ordinary,54,70,3,0.4909099326646976,-10.73556137084961
dpo,ordinary,54,70,4,0.13080267287763606,-12.05813217163086
dpo,ordinary,251,70,1,0.36506822801980643,-13.515077590942383
dpo,ordinary,251,70,2,0.007268180385386216,-17.431655883789062
dpo,ordinary,251,70,3,0.2809966152849902,-13.776819229125977
dpo,ordinary,251,70,4,0.34666697630981735,-13.566797256469727
dpo,ordinary,612,70,1,0.054063159256592185,-19.93162727355957
dpo,ordinary,612,70,2,0.2416389195406178,-18.434335708618164
dpo,ordinary,612,70,3,0.26016354029287436,-18.360469818115234
dpo,ordinary,612,70,4,0.44413438090991575,-17.825653076171875
dpo,ordinary,737,70,1,0.16673012547952046,-19.681917190551758
dpo,ordinary,737,70,2,0.4060154197664017,-18.791902542114258
dpo,ordinary,737,70,3,0.044342523591047386,-21.006349563598633
dpo,ordinary,737,70,4,0.38291193116303035,-18.850488662719727
dpo,ordinary,867,70,1,0.20508003812754255,-10.486516952514648
dpo,ordinary,867,70,2,0.27956153108205917,-10.176694869995117
dpo,ordinary,867,70,3,0.01774314574402375,-12.933917999267578
dpo,ordinary,867,70,4,0.49761528504637464,-9.600090026855469
dpo,ordinary,945,70,1,0.45608762704664935,-19.992900848388672
dpo,ordinary,945,70,2,0.3000226280797877,-20.411727905273438
dpo,ordinary,945,70,3,0.16254304511087828,-21.024642944335938
dpo,ordinary,945,70,4,0.08134669976268456,-21.71686553955078
dpo,ordinary,54,71,1,0.014080167454926937,-14.305889129638672
dpo,ordinary,54,71,2,0.24386944294566287,-11.454023361206055
dpo,ordinary,54,71,3,0.553011932457216,-10.635276794433594
dpo,ordinary,54,71,4,0.18903845714219406,-11.70870590209961
dpo,ordinary,251,71,1,0.2441786271374401,-13.75489616394043
dpo,ordinary,251,71,2,0.017226697645966398,-16.406335830688477
dpo,ordinary,251,71,3,0.38818390672936115,-13.291316986083984
dpo,ordinary,251,71,4,0.35041076848723235,-13.39369010925293
dpo,ordinary,612,71,1,0.07035858754716066,-19.521657943725586
dpo,ordinary,612,71,2,0.18924778858015928,-18.53220558166504
dpo,ordinary,612,71,3,0.2865762709160434,-18.117258071899414
dpo,ordinary,612,71,4,0.4538173529566368,-17.657567977905273
dpo,ordinary,737,71,1,0.33197519860255903,-18.87429428100586
dpo,ordinary,737,71,2,0.3596161809424426,-18.7943172454834
dpo,ordinary,737,71,3,0.04839632938132546,-20.799930572509766
dpo,ordinary,737,71,4,0.260012291073673,-19.11862564086914
dpo,ordinary,867,71,1,0.20382920378050312,-10.531440734863281
dpo,ordinary,867,71,2,0.24933600867959782,-10.32992172241211
dpo,ordinary,867,71,3,0.01629953323865585,-13.057586669921875
dpo,ordinary,867,71,4,0.5305352543012433,-9.574836730957031
dpo,ordinary,945,71,1,0.3981957057194998,-20.0706729888916
dpo,ordinary,945,71,2,0.27885046719375345,-20.42694091796875
dpo,ordinary,945,71,3,0.19178074896059144,-20.8012638092041
dpo,ordinary,945,71,4,0.13117307812615536,-21.18109893798828
dpo,ordinary,54,72,1,0.01995415174192319,-14.01285171508789
dpo,ordinary,54,72,2,0.2402601497908996,-11.524566650390625
dpo,ordinary,54,72,3,0.40892318726154797,-10.992761611938477
dpo,ordinary,54,72,4,0.3308625112056292,-11.204586029052734
dpo,ordinary,251,72,1,0.17140846988787425,-13.793987274169922
dpo,ordinary,251,72,2,0.020270361979479238,-15.928876876831055
dpo,ordinary,251,72,3,0.3110479546842373,-13.198089599609375
dpo,ordinary,251,72,4,0.49727321344840913,-12.728897094726562
dpo,ordinary,612,72,1,0.043059828930247734,-19.880556106567383
dpo,ordinary,612,72,2,0.19076339561721067,-18.392112731933594
dpo,ordinary,612,72,3,0.3026179500765026,-17.930675506591797
dpo,ordinary,612,72,4,0.463558825376039,-17.504213333129883
dpo,ordinary,737,72,1,0.4082492893527449,-18.63157844543457
dpo,ordinary,737,72,2,0.30298898669869123,-18.929759979248047
dpo,ordinary,737,72,3,0.0488654910111864,-20.754384994506836
dpo,ordinary,737,72,4,0.23989623293737744,-19.163249969482422
dpo,ordinary,867,72,1,0.25325077334432416,-10.432008743286133
dpo,ordinary,867,72,2,0.2513087185453638,-10.439706802368164
dpo,ordinary,867,72,3,0.016612638076739586,-13.156225204467773
dpo,ordinary,867,72,4,0.4788278700335725,-9.795047760009766
dpo,ordinary,945,72,1,0.43243576523683697,-19.961021423339844
dpo,ordinary,945,72,2,0.23021750936657093,-20.5914306640625
dpo,ordinary,945,72,3,0.2113638504768703,-20.6768741607666
dpo,ordinary,945,72,4,0.12598287491972185,-21.19430923461914
dpo,ordinary,54,73,1,0.024864335141538674,-13.76949691772461
dpo,ordinary,54,73,2,0.2501051269408181,-11.461050033569336
dpo,ordinary,54,73,3,0.24751873774114824,-11.471445083618164
dpo,ordinary,54,73,4,0.477511800176495,-10.814342498779297
dpo,ordinary,251,73,1,0.18614870419580018,-13.66242790222168
dpo,ordinary,251,73,2,0.0435188363858053,-15.115779876708984
dpo,ordinary,251,73,3,0.2704003428342558,-13.289070129394531
dpo,ordinary,251,73,4,0.4999321165841388,-12.674501419067383
dpo,ordinary,612,73,1,0.09700529089012877,-18.865331649780273
dpo,ordinary,612,73,2,0.10906161175028813,-18.748184204101562
dpo,ordinary,612,73,3,0.2535008887432257,-17.90472984313965
dpo,ordinary,612,73,4,0.5404322086163574,-17.147727966308594
dpo,ordinary,737,73,1,0.3942495683482647,-18.47810173034668
dpo,ordinary,737,73,2,0.2388536845406095,-18.97923469543457
dpo,ordinary,737,73,3,0.12419557729436999,-19.633228302001953
dpo,ordinary,737,73,4,0.2427011698167558,-18.963254928588867
dpo,ordinary,867,73,1,0.2899117785795054,-10.20233154296875
dpo,ordinary,867,73,2,0.3037206432204087,-10.155799865722656
dpo,ordinary,867,73,3,0.014015948594592705,-13.231712341308594
dpo,ordinary,867,73,4,0.3923516296054933,-9.899749755859375
dpo,ordinary,945,73,1,0.5037162825172239,-19.67449378967285
dpo,ordinary,945,73,2,0.19970253376030647,-20.59967803955078
dpo,ordinary,945,73,3,0.21493594464035037,-20.526166915893555
dpo,ordinary,945,73,4,0.08164523908211921,-21.494123458862305
dpo,ordinary,54,74,1,0.06210475840730736,-12.894180297851562
dpo,ordinary,54,74,2,0.3149881914281036,-11.270467758178711
dpo,ordinary,54,74,3,0.22874763815771987,-11.590383529663086
dpo,ordinary,54,74,4,0.39415941200686916,-11.046247482299805
dpo,ordinary,251,74,1,0.2139296799409267,-13.581012725830078
dpo,ordinary,251,74,2,0.055235364094807414,-14.935056686401367
dpo,ordinary,251,74,3,0.29380035598823656,-13.26375961303711
dpo,ordinary,251,74,4,0.4370345999760293,-12.866647720336914
dpo,ordinary,612,74,1,0.054258989756681406,-19.291894912719727
dpo,ordinary,612,74,2,0.0917167812832707,-18.766958236694336
dpo,ordinary,612,74,3,0.33896899986222,-17.459754943847656
dpo,ordinary,612,74,4,0.5150552290978279,-17.04138946533203
dpo,ordinary,737,74,1,0.315832236043554,-18.6221981048584
dpo,ordinary,737,74,2,0.34621023148445035,-18.530363082885742
dpo,ordinary,737,74,3,0.15872623584362452,-19.31022834777832
dpo,ordinary,737,74,4,0.17923129662837112,-19.188732147216797
dpo,ordinary,867,74,1,0.2588725878378017,-10.07571029663086
dpo,ordinary,867,74,2,0.43223784384597685,-9.563070297241211
dpo,ordinary,867,74,3,0.013123146933953462,-13.057668685913086
dpo,ordinary,867,74,4,0.29576642138226794,-9.942476272583008
dpo,ordinary,945,74,1,0.5057225449998177,-19.817785263061523
dpo,ordinary,945,74,2,0.183558561276528,-20.831239700317383
dpo,ordinary,945,74,3,0.23256658918736423,-20.59459686279297
dpo,ordinary,945,74,4,0.07815230453629018,-21.68511390686035
dpo,ordinary,54,75,1,0.09877110695847549,-12.449119567871094
dpo,ordinary,54,75,2,0.38093475751309563,-11.099296569824219
dpo,ordinary,54,75,3,0.2234928045153424,-11.632545471191406
dpo,ordinary,54,75,4,0.2968013310130866,-11.348861694335938
dpo,ordinary,251,75,1,0.1731004277740974,-13.781072616577148
dpo,ordinary,251,75,2,0.05933576808853672,-14.85173225402832
dpo,ordinary,251,75,3,0.3005374961746389,-13.229372024536133
dpo,ordinary,251,75,4,0.467026307962727,-12.788558959960938
dpo,ordinary,612,75,1,0.04773199326822234,-19.45958137512207
dpo,ordinary,612,75,2,0.09222597351644672,-18.800941467285156
dpo,ordinary,612,75,3,0.37736886186693225,-17.39196014404297
dpo,ordinary,612,75,4,0.4826731713483986,-17.145843505859375
dpo,ordinary,737,75,1,0.334601548966161,-18.570003509521484
dpo,ordinary,737,75,2,0.3456512070358191,-18.537513732910156
dpo,ordinary,737,75,3,0.19409107998090386,-19.11461639404297
dpo,ordinary,737,75,4,0.12565616401711616,-19.549394607543945
dpo,ordinary,867,75,1,0.26476849506806627,-10.15129280090332
dpo,ordinary,867,75,2,0.4021052878635342,-9.733434677124023
dpo,ordinary,867,75,3,0.013365572853603548,-13.137466430664062
dpo,ordinary,867,75,4,0.319760644214796,-9.962575912475586
dpo,ordinary,945,75,1,0.4170552852860735,-20.284589767456055
dpo,ordinary,945,75,2,0.21091478492221455,-20.966354370117188
dpo,ordinary,945,75,3,0.31221463955325784,-20.57411766052246
dpo,ordinary,945,75,4,0.059815290238454194,-22.226547241210938
dpo,ordinary,54,76,1,0.10145409038272188,-12.381803512573242
dpo,ordinary,54,76,2,0.4314807776567042,-10.934186935424805
dpo,ordinary,54,76,3,0.17621446385852016,-11.829708099365234
dpo,ordinary,54,76,4,0.2908506681020539,-11.32859992980957
dpo,ordinary,251,76,1,0.15641782708509733,-13.899747848510742
dpo,ordinary,251,76,2,0.06270861403393786,-14.813779830932617
dpo,ordinary,251,76,3,0.33672990535935454,-13.132997512817383
dpo,ordinary,251,76,4,0.4441436535216104,-12.856130599975586
dpo,ordinary,612,76,1,0.04823632230456908,-19.5567626953125
dpo,ordinary,612,76,2,0.1350701767927509,-18.527080535888672
dpo,ordinary,612,76,3,0.3547700472877164,-17.561405181884766
dpo,ordinary,612,76,4,0.46192345361496356,-17.297475814819336
dpo,ordinary,737,76,1,0.33624338649702634,-18.580291748046875
dpo,ordinary,737,76,2,0.37406134620981196,-18.47370719909668
dpo,ordinary,737,76,3,0.2131642216716332,-19.03606414794922
dpo,ordinary,737,76,4,0.07653104562152853,-20.0604305267334
dpo,ordinary,867,76,1,0.3059186669651922,-9.99757194519043
dpo,ordinary,867,76,2,0.39149540673699695,-9.750917434692383
dpo,ordinary,867,76,3,0.019828964757263385,-12.733747482299805
dpo,ordinary,867,76,4,0.28275696154054747,-10.076303482055664
dpo,ordinary,945,76,1,0.5833949864897758,-19.703887939453125
dpo,ordinary,945,76,2,0.13630648990656188,-21.157846450805664
dpo,ordinary,945,76,3,0.1955981728032434,-20.796689987182617
dpo,ordinary,945,76,4,0.08470035080041884,-21.63363265991211
dpo,ordinary,54,77,1,0.07722847311830763,-12.634544372558594
dpo,ordinary,54,77,2,0.4510786508591411,-10.869670867919922
dpo,ordinary,54,77,3,0.20062322118106307,-11.67988395690918
dpo,ordinary,54,77,4,0.2710696548414882,-11.378936767578125
dpo,ordinary,251,77,1,0.21789542758549388,-13.448087692260742
dpo,ordinary,251,77,2,0.05309917903760897,-14.859941482543945
dpo,ordinary,251,77,3,0.28145910628912607,-13.192115783691406
dpo,ordinary,251,77,4,0.44754628708777117,-12.728322982788086
dpo,ordinary,612,77,1,0.05838761580455837,-19.081233978271484
dpo,ordinary,612,77,2,0.09030564755565192,-18.645137786865234
dpo,ordinary,612,77,3,0.3798892795655351,-17.208457946777344
dpo,ordinary,612,77,4,0.47141745707425464,-16.99259376525879
dpo,ordinary,737,77,1,0.30188284571870977,-18.415868759155273
dpo,ordinary,737,77,2,0.39440065219149506,-18.148540496826172
dpo,ordinary,737,77,3,0.24235556183132453,-18.635501861572266
dpo,ordinary,737,77,4,0.061360940258470775,-20.00913429260254
dpo,ordinary,867,77,1,0.2154188971536835,-10.398073196411133
dpo,ordinary,867,77,2,0.3762799017324582,-9.840324401855469
dpo,ordinary,867,77,3,0.03117921769948415,-12.33090591430664
dpo,ordinary,867,77,4,0.3771219834143741,-9.838088989257812
dpo,ordinary,945,77,1,0.47141157008198464,-19.989416122436523
dpo,ordinary,945,77,2,0.16027992152041995,-21.068225860595703
dpo,ordinary,945,77,3,0.2864638012596823,-20.48753547668457
dpo,ordinary,945,77,4,0.08184470713791304,-21.740324020385742
dpo,ordinary,54,78,1,0.06449163232034263,-12.788108825683594
dpo,ordinary,54,78,2,0.5033664085585898,-10.733325958251953
dpo,ordinary,54,78,3,0.19327711279907156,-11.690519332885742
dpo,ordinary,54,78,4,0.23886484632199598,-11.47874641418457
dpo,ordinary,251,78,1,0.19583354613073323,-13.648092269897461
dpo,ordinary,251,78,2,0.0973084739824922,-14.347471237182617
dpo,ordinary,251,78,3,0.28128691040801634,-13.285982131958008
dpo,ordinary,251,78,4,0.4255710694787581,-12.871925354003906
dpo,ordinary,612,78,1,0.036583389859768625,-19.8697509765625
dpo,ordinary,612,78,2,0.12246102986123646,-18.66155242919922
dpo,ordinary,612,78,3,0.38743318974461577,-17.509801864624023
dpo,ordinary,612,78,4,0.4535223905343792,-17.3523006439209
dpo,ordinary,737,78,1,0.28847876387335414,-18.489910125732422
dpo,ordinary,737,78,2,0.41614534694632893,-18.123497009277344
dpo,ordinary,737,78,3,0.22123328365288558,-18.755313873291016
dpo,ordinary,737,78,4,0.0741426055274314,-19.848541259765625
dpo,ordinary,867,78,1,0.3206833078248542,-10.057743072509766
dpo,ordinary,867,78,2,0.2909758607662963,-10.154956817626953
dpo,ordinary,867,78,3,0.01876109353978593,-12.896411895751953
dpo,ordinary,867,78,4,0.36957973786906356,-9.915830612182617
dpo,ordinary,945,78,1,0.43128642650415566,-20.160863876342773
dpo,ordinary,945,78,2,0.14528076550188662,-21.24896812438965
dpo,ordinary,945,78,3,0.33091096005400056,-20.4257869720459
dpo,ordinary,945,78,4,0.09252184793995717,-21.700191497802734
dpo,ordinary,54,79,1,0.06322903169283348,-12.907922744750977
dpo,ordinary,54,79,2,0.44229912762896806,-10.962699890136719
dpo,ordinary,54,79,3,0.24149564710775615,-11.567834854125977
dpo,ordinary,54,79,4,0.2529761935704424,-11.521390914916992
dpo,ordinary,251,79,1,0.2529884630415557,-13.615692138671875
dpo,ordinary,251,79,2,0.07557635217612083,-14.823892593383789
dpo,ordinary,251,79,3,0.24397508662038692,-13.651969909667969
dpo,ordinary,251,79,4,0.42746009816193653,-13.091175079345703
dpo,ordinary,612,79,1,0.038310577870387316,-19.566526412963867
dpo,ordinary,612,79,2,0.10083640792539968,-18.598752975463867
dpo,ordinary,612,79,3,0.43523187529566054,-17.13637351989746
dpo,ordinary,612,79,4,0.4256211389085524,-17.158702850341797
dpo,ordinary,737,79,1,0.28958526967091647,-18.527070999145508
dpo,ordinary,737,79,2,0.43298948176832985,-18.124807357788086
dpo,ordinary,737,79,3,0.22524765402873145,-18.7783203125
dpo,ordinary,737,79,4,0.052177594532022295,-20.240867614746094
dpo,ordinary,867,79,1,0.3796040651257264,-10.03974723815918
dpo,ordinary,867,79,2,0.27872723870385635,-10.348642349243164
dpo,ordinary,867,79,3,0.017565791490315015,-13.112922668457031
dpo,ordinary,867,79,4,0.3241029046801023,-10.19781494140625
dpo,ordinary,945,79,1,0.32329846678221036,-20.678077697753906
dpo,ordinary,945,79,2,0.16401040233326758,-21.35672378540039
dpo,ordinary,945,79,3,0.4047869152221077,-20.453292846679688
dpo,ordinary,945,79,4,0.10790421566241433,-21.775409698486328
dpo,ordinary,54,80,1,0.08032577200630052,-12.660318374633789
dpo,ordinary,54,80,2,0.44183980689622493,-10.955461502075195
dpo,ordinary,54,80,3,0.2500309594931111,-11.524824142456055
dpo,ordinary,54,80,4,0.22780346160436343,-11.617925643920898
dpo,ordinary,251,80,1,0.21938994407647475,-13.792558670043945
dpo,ordinary,251,80,2,0.07040911279583362,-14.929086685180664
dpo,ordinary,251,80,3,0.253102144799774,-13.649616241455078
dpo,ordinary,251,80,4,0.45709879832791755,-13.058509826660156
dpo,ordinary,612,80,1,0.03465102046059201,-19.529752731323242
dpo,ordinary,612,80,2,0.09118399249467626,-18.56220054626465
dpo,ordinary,612,80,3,0.4225869781099101,-17.028684616088867
dpo,ordinary,612,80,4,0.45157800893482175,-16.962331771850586
dpo,ordinary,737,80,1,0.20480817212369853,-18.89537811279297
dpo,ordinary,737,80,2,0.5565798136606455,-17.895641326904297
dpo,ordinary,737,80,3,0.18076084961945027,-19.02027702331543
dpo,ordinary,737,80,4,0.05785116459620571,-20.159578323364258
dpo,ordinary,867,80,1,0.3662032185593606,-9.781120300292969
dpo,ordinary,867,80,2,0.3664610473700219,-9.780416488647461
dpo,ordinary,867,80,3,0.017521083785427743,-12.820903778076172
dpo,ordinary,867,80,4,0.24981465028518987,-10.163589477539062
dpo,ordinary,945,80,1,0.19531188385447684,-21.3004207611084
dpo,ordinary,945,80,2,0.2160709993043613,-21.199411392211914
dpo,ordinary,945,80,3,0.5039136869089792,-20.35261344909668
dpo,ordinary,945,80,4,0.08470342993218268,-22.135862350463867
dpo,ordinary,54,81,1,0.04732263070731029,-13.095834732055664
dpo,ordinary,54,81,2,0.41367450792694027,-10.927743911743164
dpo,ordinary,54,81,3,0.30062214399243536,-11.246969223022461
dpo,ordinary,54,81,4,0.23838071737331418,-11.478954315185547
dpo,ordinary,251,81,1,0.25620473428148616,-13.438488006591797
dpo,ordinary,251,81,2,0.07195914163809239,-14.708366394042969
dpo,ordinary,251,81,3,0.19366811284717753,-13.718318939208984
dpo,ordinary,251,81,4,0.478168011233244,-12.814502716064453
dpo,ordinary,612,81,1,0.04616072094710837,-19.355615615844727
dpo,ordinary,612,81,2,0.09923824272404548,-18.590221405029297
dpo,ordinary,612,81,3,0.4045425143797798,-17.184988021850586
dpo,ordinary,612,81,4,0.4500585219490665,-17.078367233276367
dpo,ordinary,737,81,1,0.1637710273102083,-18.912168502807617
dpo,ordinary,737,81,2,0.5196905055454039,-17.757404327392578
dpo,ordinary,737,81,3,0.23670046107782947,-18.543842315673828
dpo,ordinary,737,81,4,0.07983800606655844,-19.630638122558594
dpo,ordinary,867,81,1,0.29368770798676325,-9.965435028076172
dpo,ordinary,867,81,2,0.44163998778596003,-9.557456970214844
dpo,ordinary,867,81,3,0.022030191107227922,-12.555538177490234
dpo,ordinary,867,81,4,0.2426421131200487,-10.156364440917969
dpo,ordinary,945,81,1,0.22198330346677211,-21.020797729492188
dpo,ordinary,945,81,2,0.1742699274384294,-21.262794494628906
dpo,ordinary,945,81,3,0.49207928081814706,-20.224760055541992
dpo,ordinary,945,81,4,0.1116674882766514,-21.707874298095703
dpo,ordinary,54,82,1,0.037623900934950195,-13.302244186401367
dpo,ordinary,54,82,2,0.3550771802723392,-11.057548522949219
dpo,ordinary,54,82,3,0.2987501454849298,-11.230276107788086
dpo,ordinary,54,82,4,0.30854877330778085,-11.198003768920898
dpo,ordinary,251,82,1,0.3557151538445318,-13.109952926635742
dpo,ordinary,251,82,2,0.05294166407006397,-15.014892578125
dpo,ordinary,251,82,3,0.16832272760923353,-13.858200073242188
dpo,ordinary,251,82,4,0.4230204544761706,-12.936662673950195
dpo,ordinary,612,82,1,0.0654184957746568,-18.851106643676758
dpo,ordinary,612,82,2,0.09081003627888284,-18.523141860961914
dpo,ordinary,612,82,3,0.4806265724759621,-16.856821060180664
dpo,ordinary,612,82,4,0.3631448954704983,-17.137109756469727
dpo,ordinary,737,82,1,0.09771328700986319,-19.15904998779297
dpo,ordinary,737,82,2,0.433154764855149,-17.669992446899414
dpo,ordinary,737,82,3,0.35042365988186747,-17.88194465637207
dpo,ordinary,737,82,4,0.11870828825312038,-18.964418411254883
dpo,ordinary,867,82,1,0.15047769462085936,-10.478866577148438
dpo,ordinary,867,82,2,0.4855515720945691,-9.307395935058594
dpo,ordinary,867,82,3,0.02812809904053235,-12.155912399291992
dpo,ordinary,867,82,4,0.33584263424403915,-9.67603874206543
dpo,ordinary,945,82,1,0.16437654595152382,-21.13852882385254
dpo,ordinary,945,82,2,0.17906045165758194,-21.05296516418457
dpo,ordinary,945,82,3,0.48753211150076287,-20.051332473754883
dpo,ordinary,945,82,4,0.16903089089013146,-21.110607147216797
dpo,ordinary,54,83,1,0.04959233830214992,-12.916507720947266
dpo,ordinary,54,83,2,0.37385616658608806,-10.896472930908203
dpo,ordinary,54,83,3,0.20940852735686696,-11.476057052612305
dpo,ordinary,54,83,4,0.3671429677548951,-10.914592742919922
dpo,ordinary,251,83,1,0.35264438932529213,-13.191305160522461
dpo,ordinary,251,83,2,0.08120394509151768,-14.659801483154297
dpo,ordinary,251,83,3,0.2105041109060619,-13.707260131835938
dpo,ordinary,251,83,4,0.3556475546771284,-13.182825088500977
dpo,ordinary,612,83,1,0.06734889233046976,-19.03285789489746
dpo,ordinary,612,83,2,0.1509194764973273,-18.225997924804688
dpo,ordinary,612,83,3,0.4625968703621568,-17.10588836669922
dpo,ordinary,612,83,4,0.31913476081004616,-17.477130889892578
dpo,ordinary,737,83,1,0.08225629822235758,-19.280839920043945
dpo,ordinary,737,83,2,0.4437929947245922,-17.595321655273438
dpo,ordinary,737,83,3,0.3464037777265081,-17.843074798583984
dpo,ordinary,737,83,4,0.12754692932654216,-18.842195510864258
dpo,ordinary,867,83,1,0.13374098359328795,-10.549692153930664
dpo,ordinary,867,83,2,0.5531696421534441,-9.129932403564453
dpo,ordinary,867,83,3,0.03565138939492427,-11.871809005737305
dpo,ordinary,867,83,4,0.2774379848583437,-9.819999694824219
dpo,ordinary,945,83,1,0.15279309382872905,-21.01727867126465
dpo,ordinary,945,83,2,0.17891146503516317,-20.859472274780273
dpo,ordinary,945,83,3,0.414852528031977,-20.01844024658203
dpo,ordinary,945,83,4,0.25344291310413086,-20.5112247467041
dpo,ordinary,54,84,1,0.08193453747998168,-12.525535583496094
dpo,ordinary,54,84,2,0.372740269134339,-11.010574340820312
dpo,ordinary,54,84,3,0.23048947428672523,-11.491250991821289
dpo,ordinary,54,84,4,0.3148357190989542,-11.179405212402344
dpo,ordinary,251,84,1,0.38123902363296747,-12.99055290222168
dpo,ordinary,251,84,2,0.05806194691781762,-14.872468948364258
dpo,ordinary,251,84,3,0.19028485944783727,-13.685457229614258
dpo,ordinary,251,84,4,0.3704141700013776,-13.019357681274414
dpo,ordinary,612,84,1,0.04767275097707398,-19.447717666625977
dpo,ordinary,612,84,2,0.1474444123226748,-18.318626403808594
dpo,ordinary,612,84,3,0.4132366022290807,-17.288057327270508
dpo,ordinary,612,84,4,0.39164623447117053,-17.341718673706055
dpo,ordinary,737,84,1,0.06130883826237704,-19.64457893371582
dpo,ordinary,737,84,2,0.43978405188224323,-17.674219131469727
dpo,ordinary,737,84,3,0.30223176894395976,-18.04930877685547
dpo,ordinary,737,84,4,0.19667534091142003,-18.47894859313965
dpo,ordinary,867,84,1,0.07606170266832227,-10.90342903137207
dpo,ordinary,867,84,2,0.5424566952790371,-8.938865661621094
dpo,ordinary,867,84,3,0.04989332996820179,-11.32508659362793
dpo,ordinary,867,84,4,0.3315882720844389,-9.431079864501953
dpo,ordinary,945,84,1,0.12338453466986953,-21.208980560302734
dpo,ordinary,945,84,2,0.17405020401786328,-20.86494255065918
dpo,ordinary,945,84,3,0.36909452288284955,-20.11323356628418
dpo,ordinary,945,84,4,0.33347073842941755,-20.214731216430664
dpo,ordinary,54,85,1,0.0739593772994854,-12.424751281738281
dpo,ordinary,54,85,2,0.44434745263257314,-10.631660461425781
dpo,ordinary,54,85,3,0.14249600232202278,-11.768953323364258
dpo,ordinary,54,85,4,0.3391971677459187,-10.90168571472168
dpo,ordinary,251,85,1,0.32578145000379966,-13.055070877075195
dpo,ordinary,251,85,2,0.07741663558940533,-14.492095947265625
dpo,ordinary,251,85,3,0.21365513616273826,-13.476934432983398
dpo,ordinary,251,85,4,0.38314677824405685,-12.892879486083984
dpo,ordinary,612,85,1,0.07735340133699076,-19.01653289794922
dpo,ordinary,612,85,2,0.16195215408837088,-18.277616500854492
dpo,ordinary,612,85,3,0.4151296363545987,-17.336326599121094
dpo,ordinary,612,85,4,0.34556480822003965,-17.519737243652344
dpo,ordinary,737,85,1,0.07437064789597791,-19.439590454101562
dpo,ordinary,737,85,2,0.3679292322024643,-17.840761184692383
dpo,ordinary,737,85,3,0.27794376640777085,-18.121232986450195
dpo,ordinary,737,85,4,0.2797563534937869,-18.11473274230957
dpo,ordinary,867,85,1,0.07150379588175033,-11.247552871704102
dpo,ordinary,867,85,2,0.4532758121034332,-9.400802612304688
dpo,ordinary,867,85,3,0.08195324100513937,-11.111154556274414
dpo,ordinary,867,85,4,0.39326715100967724,-9.542814254760742
dpo,ordinary,945,85,1,0.09492407575841375,-21.20254898071289
dpo,ordinary,945,85,2,0.23351955374930597,-20.30236053466797
dpo,ordinary,945,85,3,0.3472940108171812,-19.905454635620117
dpo,ordinary,945,85,4,0.3242623596750992,-19.97407341003418
dpo,ordinary,54,86,1,0.08841715207660347,-12.152509689331055
dpo,ordinary,54,86,2,0.44217769330650764,-10.542863845825195
dpo,ordinary,54,86,3,0.12010050678983017,-11.846246719360352
dpo,ordinary,54,86,4,0.3493046478270589,-10.778631210327148
dpo,ordinary,251,86,1,0.29888400499502865,-13.07138442993164
dpo,ordinary,251,86,2,0.09447124038615227,-14.22314453125
dpo,ordinary,251,86,3,0.1979636660509709,-13.483356475830078
dpo,ordinary,251,86,4,0.40868108856784807,-12.758504867553711
dpo,ordinary,612,86,1,0.0572924330974148,-19.09882926940918
dpo,ordinary,612,86,2,0.1199173393724269,-18.36019515991211
dpo,ordinary,612,86,3,0.4587109398896996,-17.018577575683594
dpo,ordinary,612,86,4,0.36407928764045855,-17.24962615966797
dpo,ordinary,737,86,1,0.06651528089676201,-19.378122329711914
dpo,ordinary,737,86,2,0.3066591170929493,-17.849817276000977
dpo,ordinary,737,86,3,0.33383860114395625,-17.764896392822266
dpo,ordinary,737,86,4,0.2929870008663324,-17.89542579650879
dpo,ordinary,867,86,1,0.03510217878678074,-11.873649597167969
dpo,ordinary,867,86,2,0.38552515101026336,-9.477306365966797
dpo,ordinary,867,86,3,0.08077332399372147,-11.040266036987305
dpo,ordinary,867,86,4,0.4985993462092345,-9.220109939575195
dpo,ordinary,945,86,1,0.0794239771664603,-21.25843620300293
dpo,ordinary,945,86,2,0.20542273979765127,-20.30816650390625
dpo,ordinary,945,86,3,0.31270338525759916,-19.887981414794922
dpo,ordinary,945,86,4,0.40244989777828916,-19.635665893554688
dpo,ordinary,54,87,1,0.08404238324953883,-12.21314811706543
dpo,ordinary,54,87,2,0.4785077975937702,-10.473796844482422
dpo,ordinary,54,87,3,0.1292776488878005,-11.782506942749023
dpo,ordinary,54,87,4,0.3081721702688906,-10.913810729980469
dpo,ordinary,251,87,1,0.3495552192916007,-12.91569709777832
dpo,ordinary,251,87,2,0.1119387136902937,-14.054407119750977
dpo,ordinary,251,87,3,0.1765102047765694,-13.598979949951172
dpo,ordinary,251,87,4,0.36199586224153607,-12.880725860595703
dpo,ordinary,612,87,1,0.07524346237301015,-18.936080932617188
dpo,ordinary,612,87,2,0.16495199330605625,-18.151155471801758
dpo,ordinary,612,87,3,0.39825167478706813,-17.269725799560547
dpo,ordinary,612,87,4,0.3615528695338654,-17.36640167236328
dpo,ordinary,737,87,1,0.06508217958662375,-19.505401611328125
dpo,ordinary,737,87,2,0.3298180850653196,-17.882511138916016
dpo,ordinary,737,87,3,0.29984204802964004,-17.97779655456543
dpo,ordinary,737,87,4,0.30525768731841657,-17.959896087646484
dpo,ordinary,867,87,1,0.028389718038108334,-12.201358795166016
dpo,ordinary,867,87,2,0.27760239329693687,-9.921195983886719
dpo,ordinary,867,87,3,0.0957969385971742,-10.98515510559082
dpo,ordinary,867,87,4,0.5982109500677806,-9.1534423828125
dpo,ordinary,945,87,1,0.0676035166914052,-20.907827377319336
dpo,ordinary,945,87,2,0.20660945855763707,-19.79065704345703
dpo,ordinary,945,87,3,0.2127727058803133,-19.761262893676758
dpo,ordinary,945,87,4,0.5130143188706444,-18.881183624267578
dpo,ordinary,54,88,1,0.08259873198992355,-12.22305679321289
dpo,ordinary,54,88,2,0.5763640763049664,-10.280311584472656
dpo,ordinary,54,88,3,0.11329297332551008,-11.907073974609375
dpo,ordinary,54,88,4,0.2277442183796,-11.20882797241211
dpo,ordinary,251,88,1,0.2621915302774024,-13.36419677734375
dpo,ordinary,251,88,2,0.08675215799372381,-14.470216751098633
dpo,ordinary,251,88,3,0.37869676433815147,-12.996536254882812
dpo,ordinary,251,88,4,0.2723595473907223,-13.326148986816406
dpo,ordinary,612,88,1,0.04593789395228751,-19.69532585144043
dpo,ordinary,612,88,2,0.18081360030882437,-18.325149536132812
dpo,ordinary,612,88,3,0.32248206568138926,-17.74656867980957
dpo,ordinary,612,88,4,0.45076644005749883,-17.411666870117188
dpo,ordinary,737,88,1,0.07426754364336408,-19.40838050842285
dpo,ordinary,737,88,2,0.3735234854748225,-17.793073654174805
dpo,ordinary,737,88,3,0.2499390194806655,-18.19483757019043
dpo,ordinary,737,88,4,0.302269951401148,-18.00473403930664
dpo,ordinary,867,88,1,0.03443399216538969,-12.385183334350586
dpo,ordinary,867,88,2,0.20928788408711899,-10.580516815185547
dpo,ordinary,867,88,3,0.048317652371089356,-12.046430587768555
dpo,ordinary,867,88,4,0.707960471376402,-9.361839294433594
dpo,ordinary,945,88,1,0.09903547397803143,-20.479389190673828
dpo,ordinary,945,88,2,0.22447557682435337,-19.661100387573242
dpo,ordinary,945,88,3,0.1833822364380513,-19.86329460144043
dpo,ordinary,945,88,4,0.49310671275956397,-18.874141693115234
dpo,ordinary,54,89,1,0.10524689837595712,-12.166204452514648
dpo,ordinary,54,89,2,0.5648515682445034,-10.485950469970703
dpo,ordinary,54,89,3,0.12777478127254185,-11.972244262695312
dpo,ordinary,54,89,4,0.2021267521069976,-11.513618469238281
dpo,ordinary,251,89,1,0.26295246551956536,-13.327899932861328
dpo,ordinary,251,89,2,0.09404641016863022,-14.356084823608398
dpo,ordinary,251,89,3,0.34411312971372926,-13.058902740478516
dpo,ordinary,251,89,4,0.2988879945980752,-13.199804306030273
dpo,ordinary,612,89,1,0.0508709206661339,-19.658313751220703
dpo,ordinary,612,89,2,0.2119933098725102,-18.231050491333008
dpo,ordinary,612,89,3,0.3235657906828036,-17.808202743530273
dpo,ordinary,612,89,4,0.4135699787785522,-17.56277847290039
dpo,ordinary,737,89,1,0.07535731780517,-19.366979598999023
dpo,ordinary,737,89,2,0.27421194978315994,-18.075319290161133
dpo,ordinary,737,89,3,0.264828061286675,-18.110139846801758
dpo,ordinary,737,89,4,0.385602671124995,-17.734413146972656
dpo,ordinary,867,89,1,0.043157669734659926,-12.27433967590332
dpo,ordinary,867,89,2,0.1623682059836836,-10.949333190917969
dpo,ordinary,867,89,3,0.04741226692564967,-12.180318832397461
dpo,ordinary,867,89,4,0.7470618573560068,-9.423051834106445
dpo,ordinary,945,89,1,0.0725484266420594,-21.201019287109375
dpo,ordinary,945,89,2,0.35953228932317605,-19.6004695892334
dpo,ordinary,945,89,3,0.23362571149748548,-20.031553268432617
dpo,ordinary,945,89,4,0.3342935725372791,-19.673254013061523
dpo,ordinary,54,90,1,0.09394277683808973,-12.2391357421875
dpo,ordinary,54,90,2,0.5976838701958032,-10.38875961303711
dpo,ordinary,54,90,3,0.14613248093172135,-11.797307968139648
dpo,ordinary,54,90,4,0.1622408720343857,-11.692739486694336
dpo,ordinary,251,90,1,0.265930010987737,-13.617515563964844
dpo,ordinary,251,90,2,0.07035149803565233,-14.947244644165039
dpo,ordinary,251,90,3,0.32925588802699,-13.403913497924805
dpo,ordinary,251,90,4,0.3344626029496206,-13.388223648071289
dpo,ordinary,612,90,1,0.056215252459888794,-19.604785919189453
dpo,ordinary,612,90,2,0.24315289688368347,-18.140283584594727
dpo,ordinary,612,90,3,0.29175954389977515,-17.958044052124023
dpo,ordinary,612,90,4,0.4088723067566526,-17.62057113647461
dpo,ordinary,737,90,1,0.13309069623965183,-19.240930557250977
dpo,ordinary,737,90,2,0.41058674371744797,-18.1143741607666
dpo,ordinary,737,90,3,0.18539486585547438,-18.909473419189453
dpo,ordinary,737,90,4,0.2709276941874258,-18.530109405517578
dpo,ordinary,867,90,1,0.07167378660958368,-12.168310165405273
dpo,ordinary,867,90,2,0.13004141844011383,-11.572582244873047
dpo,ordinary,867,90,3,0.03912558088024121,-12.773658752441406
dpo,ordinary,867,90,4,0.7591592140700613,-9.808223724365234
dpo,ordinary,945,90,1,0.10210736633392986,-20.891817092895508
dpo,ordinary,945,90,2,0.4164480791833709,-19.486080169677734
dpo,ordinary,945,90,3,0.20680223258086114,-20.186079025268555
dpo,ordinary,945,90,4,0.27464232190183807,-19.902372360229492
dpo,ordinary,54,91,1,0.09086616535062716,-12.331230163574219
dpo,ordinary,54,91,2,0.6276256348536315,-10.398674011230469
dpo,ordinary,54,91,3,0.15736571835253657,-11.782045364379883
dpo,ordinary,54,91,4,0.1241424814432047,-12.019187927246094
dpo,ordinary,251,91,1,0.1591550566327173,-13.797260284423828
dpo,ordinary,251,91,2,0.07229861566447868,-14.586334228515625
dpo,ordinary,251,91,3,0.301657648342805,-13.157846450805664
dpo,ordinary,251,91,4,0.466888679359999,-12.721048355102539
dpo,ordinary,612,91,1,0.05308235732875719,-19.673202514648438
dpo,ordinary,612,91,2,0.19560610443884824,-18.36894416809082
dpo,ordinary,612,91,3,0.3021585112303732,-17.93409538269043
dpo,ordinary,612,91,4,0.4491530270020213,-17.537683486938477
dpo,ordinary,737,91,1,0.18832579202397434,-18.95539093017578
dpo,ordinary,737,91,2,0.31131449310906933,-18.452760696411133
dpo,ordinary,737,91,3,0.1436951723316636,-19.22587013244629
dpo,ordinary,737,91,4,0.3566645425352928,-18.316768646240234
dpo,ordinary,867,91,1,0.09383008537381834,-12.105531692504883
dpo,ordinary,867,91,2,0.10368764110551867,-12.005634307861328
dpo,ordinary,867,91,3,0.03468711723153384,-13.100648880004883
dpo,ordinary,867,91,4,0.7677951562891291,-10.003494262695312
dpo,ordinary,945,91,1,0.1453433962974346,-20.74888038635254
dpo,ordinary,945,91,2,0.4364168836314385,-19.649381637573242
dpo,ordinary,945,91,3,0.1708423612769841,-20.587238311767578
dpo,ordinary,945,91,4,0.24739735879414293,-20.216983795166016
dpo,ordinary,54,92,1,0.06894150653695619,-12.544126510620117
dpo,ordinary,54,92,2,0.6540089815500224,-10.29426383972168
dpo,ordinary,54,92,3,0.16534706648476055,-11.66933822631836
dpo,ordinary,54,92,4,0.11170244542826081,-12.061546325683594
dpo,ordinary,251,92,1,0.12544894229851458,-13.877143859863281
dpo,ordinary,251,92,2,0.0654076003844903,-14.528404235839844
dpo,ordinary,251,92,3,0.3478069307984284,-12.85739517211914
dpo,ordinary,251,92,4,0.4613365265185668,-12.574914932250977
dpo,ordinary,612,92,1,0.05846914222654393,-19.213144302368164
dpo,ordinary,612,92,2,0.12649549141605876,-18.441436767578125
dpo,ordinary,612,92,3,0.38073402918204696,-17.339542388916016
dpo,ordinary,612,92,4,0.43430133717535035,-17.207904815673828
dpo,ordinary,737,92,1,0.22184188201159832,-18.888511657714844
dpo,ordinary,737,92,2,0.26847375272557755,-18.697723388671875
dpo,ordinary,737,92,3,0.1835671286799597,-19.077896118164062
dpo,ordinary,737,92,4,0.3261172365828644,-18.503219604492188
dpo,ordinary,867,92,1,0.21579462662838295,-11.204780578613281
dpo,ordinary,867,92,2,0.12250638315495169,-11.770944595336914
dpo,ordinary,867,92,3,0.023402033991796748,-13.426284790039062
dpo,ordinary,867,92,4,0.6382969562248687,-10.120304107666016
dpo,ordinary,945,92,1,0.1352642959050948,-20.762176513671875
dpo,ordinary,945,92,2,0.4719990319478078,-19.51243019104004
dpo,ordinary,945,92,3,0.17453991920191053,-20.507253646850586
dpo,ordinary,945,92,4,0.21819675294518692,-20.28400993347168
dpo,ordinary,54,93,1,0.04128148250792966,-13.063627243041992
dpo,ordinary,54,93,2,0.6612587831198314,-10.289896011352539
dpo,ordinary,54,93,3,0.1973226993065998,-11.499200820922852
dpo,ordinary,54,93,4,0.10013703506563917,-12.177501678466797
dpo,ordinary,251,93,1,0.1701304529905688,-13.723052978515625
dpo,ordinary,251,93,2,0.07275317055190131,-14.572546005249023
dpo,ordinary,251,93,3,0.2252078973071827,-13.442594528198242
dpo,ordinary,251,93,4,0.5319084791503472,-12.583147048950195
dpo,ordinary,612,93,1,0.046728593993029865,-19.31218910217285
dpo,ordinary,612,93,2,0.09470923359532236,-18.60573387145996
dpo,ordinary,612,93,3,0.41236916594400125,-17.134626388549805
dpo,ordinary,612,93,4,0.44619300646764654,-17.05579376220703
dpo,ordinary,737,93,1,0.2462920053965122,-18.713090896606445
dpo,ordinary,737,93,2,0.2723252085475161,-18.612611770629883
dpo,ordinary,737,93,3,0.2201372697686319,-18.82535743713379
dpo,ordinary,737,93,4,0.2612455162873398,-18.65414810180664
dpo,ordinary,867,93,1,0.32835127176947243,-10.814001083374023
dpo,ordinary,867,93,2,0.09827727173189829,-12.020292282104492
dpo,ordinary,867,93,3,0.007754686102129233,-14.55978775024414
dpo,ordinary,867,93,4,0.5656167703964999,-10.27016830444336
dpo,ordinary,945,93,1,0.1425909206921394,-20.885242462158203
dpo,ordinary,945,93,2,0.5291694617500101,-19.57391357421875
dpo,ordinary,945,93,3,0.19072441292746772,-20.594392776489258
dpo,ordinary,945,93,4,0.13751520463038278,-20.92148780822754
dpo,ordinary,54,94,1,0.04794968100754753,-12.806777954101562
dpo,ordinary,54,94,2,0.6503725896246189,-10.199384689331055
dpo,ordinary,54,94,3,0.1957239830821014,-11.400224685668945
dpo,ordinary,54,94,4,0.10595374628573213,-12.013927459716797
dpo,ordinary,251,94,1,0.16472640843860942,-13.651079177856445
dpo,ordinary,251,94,2,0.06220573268506818,-14.624917984008789
dpo,ordinary,251,94,3,0.207145507335512,-13.421943664550781
dpo,ordinary,251,94,4,0.5659223515408104,-12.416908264160156
dpo,ordinary,612,94,1,0.05476071689368015,-19.342954635620117
dpo,ordinary,612,94,2,0.14008999998389632,-18.403642654418945
dpo,ordinary,612,94,3,0.4159498903906454,-17.31536293029785
dpo,ordinary,612,94,4,0.3891993927317782,-17.3818359375
dpo,ordinary,737,94,1,0.1401677519391355,-18.93734359741211
dpo,ordinary,737,94,2,0.28909380460183226,-18.21343231201172
dpo,ordinary,737,94,3,0.3363353977251873,-18.062074661254883
dpo,ordinary,737,94,4,0.23440304573384496,-18.423141479492188
dpo,ordinary,867,94,1,0.33406410683096494,-10.727104187011719
dpo,ordinary,867,94,2,0.11884666670056027,-11.760602951049805
dpo,ordinary,867,94,3,0.005560748841992555,-14.822704315185547
dpo,ordinary,867,94,4,0.5415284776264823,-10.244041442871094
dpo,ordinary,945,94,1,0.19195331727290138,-20.63136100769043
dpo,ordinary,945,94,2,0.4946706649994091,-19.684720993041992
dpo,ordinary,945,94,3,0.1858538832209918,-20.663652420043945
dpo,ordinary,945,94,4,0.1275221345066978,-21.04032325744629
dpo,ordinary,54,95,1,0.025811949586888344,-13.397159576416016
dpo,ordinary,54,95,2,0.5622301625565452,-10.316085815429688
dpo,ordinary,54,95,3,0.2667432981375961,-11.061710357666016
dpo,ordinary,54,95,4,0.14521458971897044,-11.669784545898438
dpo,ordinary,251,95,1,0.1675496415446228,-13.591447830200195
dpo,ordinary,251,95,2,0.06031919277853619,-14.613077163696289
dpo,ordinary,251,95,3,0.14688132317965272,-13.723102569580078
dpo,ordinary,251,95,4,0.6252498424971883,-12.274576187133789
dpo,ordinary,612,95,1,0.03482430611405351,-19.646820068359375
dpo,ordinary,612,95,2,0.15496292973891318,-18.153949737548828
dpo,ordinary,612,95,3,0.45867477714649013,-17.06879425048828
dpo,ordinary,612,95,4,0.35153798700054323,-17.33481788635254
dpo,ordinary,737,95,1,0.10641637853998881,-19.256166458129883
dpo,ordinary,737,95,2,0.33700510205757495,-18.10342788696289
dpo,ordinary,737,95,3,0.26543513555191917,-18.34215545654297
dpo,ordinary,737,95,4,0.2911433838505172,-18.249710083007812
dpo,ordinary,867,95,1,0.4891898965564923,-10.127403259277344
dpo,ordinary,867,95,2,0.12749578636257647,-11.472070693969727
dpo,ordinary,867,95,3,0.0035538580966339556,-15.052120208740234
dpo,ordinary,867,95,4,0.3797604589842974,-10.380613327026367
dpo,ordinary,945,95,1,0.33360262431014454,-19.758583068847656
dpo,ordinary,945,95,2,0.40794171933732004,-19.557409286499023
dpo,ordinary,945,95,3,0.1463312563633515,-20.582660675048828
dpo,ordinary,945,95,4,0.11212439998918398,-20.84892463684082
dpo,ordinary,54,96,1,0.036063425778473025,-13.236398696899414
dpo,ordinary,54,96,2,0.4789546011659722,-10.65007209777832
dpo,ordinary,54,96,3,0.2683040560701957,-11.229557037353516
dpo,ordinary,54,96,4,0.21667791698535904,-11.443265914916992
dpo,ordinary,251,96,1,0.14139713389874212,-13.686630249023438
dpo,ordinary,251,96,2,0.11360278739136058,-13.905494689941406
dpo,ordinary,251,96,3,0.16117227443662352,-13.555728912353516
dpo,ordinary,251,96,4,0.5838278042732739,-12.268596649169922
dpo,ordinary,612,96,1,0.012786371217891905,-20.560848236083984
dpo,ordinary,612,96,2,0.11875396003387577,-18.33217430114746
dpo,ordinary,612,96,3,0.4873320543904068,-16.9202823638916
dpo,ordinary,612,96,4,0.3811276143578255,-17.166093826293945
dpo,ordinary,737,96,1,0.10799773353585257,-19.1304931640625
dpo,ordinary,737,96,2,0.3888954922468362,-17.849292755126953
dpo,ordinary,737,96,3,0.25669636634840676,-18.26470947265625
dpo,ordinary,737,96,4,0.24641040786890453,-18.305604934692383
dpo,ordinary,867,96,1,0.5660733351207071,-9.490499496459961
dpo,ordinary,867,96,2,0.24116209937991812,-10.343753814697266
dpo,ordinary,867,96,3,0.003413599973554419,-14.601455688476562
dpo,ordinary,867,96,4,0.18935096552582026,-10.585620880126953
dpo,ordinary,945,96,1,0.34968087807516274,-19.8078670501709
dpo,ordinary,945,96,2,0.428633318480713,-19.604286193847656
dpo,ordinary,945,96,3,0.15730868205246404,-20.606678009033203
dpo,ordinary,945,96,4,0.06437712139166028,-21.50012969970703
dpo,ordinary,54,97,1,0.028739195734822965,-13.40321159362793
dpo,ordinary,54,97,2,0.4342500977472513,-10.68785285949707
dpo,ordinary,54,97,3,0.309544693600138,-11.026371002197266
dpo,ordinary,54,97,4,0.2274660129177876,-11.33447265625
dpo,ordinary,251,97,1,0.15905830626036205,-13.701845169067383
dpo,ordinary,251,97,2,0.23337486161445617,-13.318470001220703
dpo,ordinary,251,97,3,0.1482538364980424,-13.77219009399414
dpo,ordinary,251,97,4,0.45931299562713934,-12.64138412475586
dpo,ordinary,612,97,1,0.012036891726266355,-20.515073776245117
dpo,ordinary,612,97,2,0.12211861736233519,-18.198057174682617
dpo,ordinary,612,97,3,0.5052917439641117,-16.77791404724121
dpo,ordinary,612,97,4,0.36055274694728673,-17.11541175842285
dpo,ordinary,737,97,1,0.09840207550892087,-19.273378372192383
dpo,ordinary,737,97,2,0.45111450478961646,-17.75071907043457
dpo,ordinary,737,97,3,0.23850316003380345,-18.388057708740234
dpo,ordinary,737,97,4,0.21198025966765918,-18.50594711303711
dpo,ordinary,867,97,1,0.43380078577863246,-9.496051788330078
dpo,ordinary,867,97,2,0.378819088727853,-9.63157844543457
dpo,ordinary,867,97,3,0.004706685184595057,-14.0196533203125
dpo,ordinary,867,97,4,0.1826734403089195,-10.360937118530273
dpo,ordinary,945,97,1,0.27887460997997526,-20.238889694213867
dpo,ordinary,945,97,2,0.4400437536855445,-19.782777786254883
dpo,ordinary,945,97,3,0.2187843350072421,-20.481565475463867
dpo,ordinary,945,97,4,0.06229730132723815,-21.737733840942383
dpo,ordinary,54,98,1,0.022028424442664014,-13.454084396362305
dpo,ordinary,54,98,2,0.5114257892177716,-10.309215545654297
dpo,ordinary,54,98,3,0.23879281038912356,-11.070821762084961
dpo,ordinary,54,98,4,0.2277529759504409,-11.118156433105469
dpo,ordinary,251,98,1,0.19234618748353036,-13.52873420715332
dpo,ordinary,251,98,2,0.2963875675793393,-13.096363067626953
dpo,ordinary,251,98,3,0.13663941354200562,-13.870685577392578
dpo,ordinary,251,98,4,0.3746268313951247,-12.862100601196289
dpo,ordinary,612,98,1,0.019611056100649837,-20.377046585083008
dpo,ordinary,612,98,2,0.21249194603162264,-17.99423599243164
dpo,ordinary,612,98,3,0.45584138123281964,-17.230995178222656
dpo,ordinary,612,98,4,0.31205561663490794,-17.60995864868164
dpo,ordinary,737,98,1,0.05913530593264363,-19.481769561767578
dpo,ordinary,737,98,2,0.45160939736485045,-17.448780059814453
dpo,ordinary,737,98,3,0.29010921199734585,-17.891340255737305
dpo,ordinary,737,98,4,0.19914608470515996,-18.267559051513672
dpo,ordinary,867,98,1,0.323548040471341,-9.463363647460938
dpo,ordinary,867,98,2,0.5255340442445142,-8.978296279907227
dpo,ordinary,867,98,3,0.0073906149657425955,-13.242500305175781
dpo,ordinary,867,98,4,0.14352730031840227,-10.276185989379883
dpo,ordinary,945,98,1,0.27144345082510685,-20.119430541992188
dpo,ordinary,945,98,2,0.4714445835451593,-19.5673828125
dpo,ordinary,945,98,3,0.198722994724871,-20.431272506713867
dpo,ordinary,945,98,4,0.058388970904862926,-21.656057357788086
dpo,ordinary,54,99,1,0.025429222561525886,-13.515302658081055
dpo,ordinary,54,99,2,0.32326948282664125,-10.972715377807617
dpo,ordinary,54,99,3,0.31147519121163414,-11.009881973266602
dpo,ordinary,54,99,4,0.33982610340019875,-10.922767639160156
dpo,ordinary,251,99,1,0.2513039409380134,-13.286489486694336
dpo,ordinary,251,99,2,0.28899759770967365,-13.146734237670898
dpo,ordinary,251,99,3,0.0942688218401859,-14.26700210571289
dpo,ordinary,251,99,4,0.3654296395121272,-12.912078857421875
dpo,ordinary,612,99,1,0.015769982665144185,-20.41287612915039
dpo,ordinary,612,99,2,0.18529493268357616,-17.94903564453125
dpo,ordinary,612,99,3,0.46661483854602387,-17.025480270385742
dpo,ordinary,612,99,4,0.3323202461052559,-17.364885330200195
dpo,ordinary,737,99,1,0.05550944632904612,-19.63903045654297
dpo,ordinary,737,99,2,0.4058016237171014,-17.64971923828125
dpo,ordinary,737,99,3,0.2553678021943821,-18.112878799438477
dpo,ordinary,737,99,4,0.28332112775947044,-18.009002685546875
dpo,ordinary,867,99,1,0.19726254456534764,-9.597049713134766
dpo,ordinary,867,99,2,0.6352476514280105,-8.427570343017578
dpo,ordinary,867,99,3,0.008995779799658338,-12.684829711914062
dpo,ordinary,867,99,4,0.1584940242069835,-9.815868377685547
dpo,ordinary,945,99,1,0.1548505458445556,-20.646282196044922
dpo,ordinary,945,99,2,0.5409146580209098,-19.39548110961914
dpo,ordinary,945,99,3,0.24062119812393448,-20.20551872253418
dpo,ordinary,945,99,4,0.06361359801060024,-21.53591537475586
dpo,ordinary,54,100,1,0.03250632974008984,-13.396974563598633
dpo,ordinary,54,100,2,0.3135695342490964,-11.130388259887695
dpo,ordinary,54,100,3,0.2332238495758619,-11.426410675048828
dpo,ordinary,54,100,4,0.4207002864349518,-10.836488723754883
dpo,ordinary,251,100,1,0.38347532999949047,-13.092853546142578
dpo,ordinary,251,100,2,0.1777759670995634,-13.861604690551758
dpo,ordinary,251,100,3,0.11423216196752123,-14.303895950317383
dpo,ordinary,251,100,4,0.32451654093342486,-13.25979232788086
dpo,ordinary,612,100,1,0.008422171601028035,-21.058637619018555
dpo,ordinary,612,100,2,0.19603857992725368,-17.91119384765625
dpo,ordinary,612,100,3,0.4063854246317493,-17.18220329284668
dpo,ordinary,612,100,4,0.38915382383996894,-17.22553062438965
dpo,ordinary,737,100,1,0.07764530569845363,-19.335777282714844
dpo,ordinary,737,100,2,0.5670738621594129,-17.34743881225586
dpo,ordinary,737,100,3,0.1943762266932722,-18.418132781982422
dpo,ordinary,737,100,4,0.1609046054488613,-18.60711669921875
dpo,ordinary,867,100,1,0.14578396167669247,-9.999685287475586
dpo,ordinary,867,100,2,0.6072918658252172,-8.57280158996582
dpo,ordinary,867,100,3,0.018550301189266944,-12.061325073242188
dpo,ordinary,867,100,4,0.2283738713088234,-9.550827026367188
dpo,ordinary,945,100,1,0.20890499334172258,-20.261184692382812
dpo,ordinary,945,100,2,0.545913422928279,-19.30060386657715
dpo,ordinary,945,100,3,0.19529887765194437,-20.328533172607422
dpo,ordinary,945,100,4,0.04988270607805396,-21.693389892578125
dpo,reference,54,0,1,0.3712115726937563,-11.455205917358398
dpo,reference,54,0,2,0.6029922801684683,-10.970073699951172
dpo,reference,54,0,3,0.013535056151053621,-14.766695022583008
dpo,reference,54,0,4,0.012261090986721752,-14.865547180175781
dpo,reference,251,0,1,0.694191099475356,-14.002059936523438
dpo,reference,251,0,2,0.05016718807243481,-16.629446029663086
dpo,reference,251,0,3,0.19044195905865974,-15.295459747314453
dpo,reference,251,0,4,0.06519975339354969,-16.367351531982422
dpo,reference,612,0,1,0.011528466077837621,-22.023841857910156
dpo,reference,612,0,2,0.7315963931614523,-17.873432159423828
dpo,reference,612,0,3,0.23203468246272563,-19.021774291992188
dpo,reference,612,0,4,0.024840458297984383,-21.256187438964844
dpo,reference,737,0,1,0.03122719912330496,-21.474811553955078
dpo,reference,737,0,2,0.07528141785186789,-20.594867706298828
dpo,reference,737,0,3,0.8825096617860657,-18.133331298828125
dpo,reference,737,0,4,0.010981721238761349,-22.519868850708008
dpo,reference,867,0,1,0.09175021384384172,-13.859933853149414
dpo,reference,867,0,2,0.020779009578621742,-15.345060348510742
dpo,reference,867,0,3,0.03044524853192668,-14.96307373046875
dpo,reference,867,0,4,0.8570255280456098,-11.62553596496582
dpo,reference,945,0,1,0.12281756762231946,-22.115964889526367
dpo,reference,945,0,2,0.4665705454925932,-20.7812557220459
dpo,reference,945,0,3,0.06747558918123138,-22.71489906311035
dpo,reference,945,0,4,0.3431362977038559,-21.088537216186523
dpo,reference,54,1,1,0.3640298649788027,-11.403741836547852
dpo,reference,54,1,2,0.6126543703419198,-10.883176803588867
dpo,reference,54,1,3,0.014176431768395023,-14.649396896362305
dpo,reference,54,1,4,0.009139332910882437,-15.088390350341797
dpo,reference,251,1,1,0.7245516882200003,-13.597354888916016
dpo,reference,251,1,2,0.013978850640880714,-17.54536247253418
dpo,reference,251,1,3,0.17454469381074073,-15.020727157592773
dpo,reference,251,1,4,0.0869247673283784,-15.717864990234375
dpo,reference,612,1,1,0.0020839423129151973,-23.99955940246582
dpo,reference,612,1,2,0.8369943500692473,-18.004003524780273
dpo,reference,612,1,3,0.10958975511949746,-20.037076950073242
dpo,reference,612,1,4,0.05133195249834009,-20.795507431030273
dpo,reference,737,1,1,0.016991487908951157,-22.361677169799805
dpo,reference,737,1,2,0.13305044350440373,-20.303661346435547
dpo,reference,737,1,3,0.8347077242909743,-18.467308044433594
dpo,reference,737,1,4,0.015250344295670851,-22.46978759765625
dpo,reference,867,1,1,0.14653426053955051,-13.156269073486328
dpo,reference,867,1,2,0.021992646099025723,-15.052820205688477
dpo,reference,867,1,3,0.010228076481024452,-15.818391799926758
dpo,reference,867,1,4,0.8212450168803993,-11.432706832885742
dpo,reference,945,1,1,0.19360797891994164,-21.830093383789062
dpo,reference,945,1,2,0.5108865275485535,-20.85978126525879
dpo,reference,945,1,3,0.09689261035521766,-22.52232551574707
dpo,reference,945,1,4,0.19861288317628722,-21.8045711517334
dpo,reference,54,2,1,0.36540756446498873,-11.655952453613281
dpo,reference,54,2,2,0.5943958769613235,-11.16942024230957
dpo,reference,54,2,3,0.028603195927473853,-14.203447341918945
dpo,reference,54,2,4,0.011593362646214049,-15.10653305053711
dpo,reference,251,2,1,0.6612706860628234,-13.959760665893555
dpo,reference,251,2,2,0.031888325527636915,-16.991683959960938
dpo,reference,251,2,3,0.2257627896949501,-15.034439086914062
dpo,reference,251,2,4,0.08107819871458959,-16.058509826660156
dpo,reference,612,2,1,0.007504777935524571,-23.288076400756836
dpo,reference,612,2,2,0.8016873496561981,-18.616897583007812
dpo,reference,612,2,3,0.04313836035628421,-21.539203643798828
dpo,reference,612,2,4,0.14766951205199313,-20.308639526367188
dpo,reference,737,2,1,0.0099755970246765,-22.799062728881836
dpo,reference,737,2,2,0.2711975651195713,-19.496356964111328
dpo,reference,737,2,3,0.7092327229006928,-18.53502082824707
dpo,reference,737,2,4,0.00959411495505934,-22.838054656982422
dpo,reference,867,2,1,0.13324041970112155,-12.952678680419922
dpo,reference,867,2,2,0.021637606504904164,-14.770401000976562
dpo,reference,867,2,3,0.0075195056170453784,-15.827333450317383
dpo,reference,867,2,4,0.837602468176929,-11.114290237426758
dpo,reference,945,2,1,0.12265193526958176,-22.40152931213379
dpo,reference,945,2,2,0.5987348475591865,-20.81606101989746
dpo,reference,945,2,3,0.1277513496916585,-22.360794067382812
dpo,reference,945,2,4,0.15086186747957314,-22.194515228271484
dpo,reference,54,3,1,0.16064886096658232,-11.98021125793457
dpo,reference,54,3,2,0.8028185272678339,-10.37130355834961
dpo,reference,54,3,3,0.028495548479346443,-13.709684371948242
dpo,reference,54,3,4,0.00803706328623742,-14.97536849975586
dpo,reference,251,3,1,0.5306807309077063,-14.014135360717773
dpo,reference,251,3,2,0.009801222648728692,-18.005788803100586
dpo,reference,251,3,3,0.35551037211727804,-14.414741516113281
dpo,reference,251,3,4,0.10400767432628699,-15.643831253051758
dpo,reference,612,3,1,0.00443142195237168,-23.956466674804688
dpo,reference,612,3,2,0.7288858020461568,-18.853670120239258
dpo,reference,612,3,3,0.04460680695187197,-21.647300720214844
dpo,reference,612,3,4,0.22207596904959945,-20.04216766357422
dpo,reference,737,3,1,0.006113086233301854,-23.493406295776367
dpo,reference,737,3,2,0.419138581709594,-19.265636444091797
dpo,reference,737,3,3,0.5309819872940875,-19.029109954833984
dpo,reference,737,3,4,0.043766344763016614,-21.524972915649414
dpo,reference,867,3,1,0.2990158912593704,-12.124898910522461
dpo,reference,867,3,2,0.024152806991848137,-14.640995025634766
dpo,reference,867,3,3,0.0037785560331829947,-16.49605369567871
dpo,reference,867,3,4,0.6730527457155986,-11.31357192993164
dpo,reference,945,3,1,0.16585462535421994,-21.95726203918457
dpo,reference,945,3,2,0.6124119281676748,-20.650968551635742
dpo,reference,945,3,3,0.0921014841306787,-22.545482635498047
dpo,reference,945,3,4,0.12963196234742663,-22.20367431640625
dpo,reference,54,4,1,0.13481257343778644,-12.14687728881836
dpo,reference,54,4,2,0.8211731552018804,-10.340028762817383
dpo,reference,54,4,3,0.034065873231230254,-13.522466659545898
dpo,reference,54,4,4,0.009948398129102812,-14.753351211547852
dpo,reference,251,4,1,0.4100587724891673,-14.390571594238281
dpo,reference,251,4,2,0.01741381506779642,-17.54960823059082
dpo,reference,251,4,3,0.4903896415629566,-14.211671829223633
dpo,reference,251,4,4,0.08213777088007967,-15.99847412109375
dpo,reference,612,4,1,0.006343007976931587,-23.932750701904297
dpo,reference,612,4,2,0.5989293398236927,-19.384960174560547
dpo,reference,612,4,3,0.02298084032695891,-22.645442962646484
dpo,reference,612,4,4,0.3717468118724168,-19.86189079284668
dpo,reference,737,4,1,0.010457816043307352,-22.95323944091797
dpo,reference,737,4,2,0.45570676285904926,-19.178739547729492
dpo,reference,737,4,3,0.5018677225348165,-19.082252502441406
dpo,reference,737,4,4,0.03196769856282689,-21.83586311340332
dpo,reference,867,4,1,0.4472422076394612,-11.699050903320312
dpo,reference,867,4,2,0.02517740342586254,-14.576204299926758
dpo,reference,867,4,3,0.0028589914455801604,-16.75168228149414
dpo,reference,867,4,4,0.5247213974890962,-11.539283752441406
dpo,reference,945,4,1,0.23473337902526667,-21.60361099243164
dpo,reference,945,4,2,0.5445933049829892,-20.762022018432617
dpo,reference,945,4,3,0.08778776810477729,-22.587139129638672
dpo,reference,945,4,4,0.13288554788696688,-22.17257308959961
dpo,reference,54,5,1,0.18850587788356715,-12.064266204833984
dpo,reference,54,5,2,0.7385154604651428,-10.698753356933594
dpo,reference,54,5,3,0.06326886531369222,-13.156002044677734
dpo,reference,54,5,4,0.009709796337597663,-15.03026008605957
dpo,reference,251,5,1,0.3950661814412886,-14.208328247070312
dpo,reference,251,5,2,0.005223967504343298,-18.53412437438965
dpo,reference,251,5,3,0.46378508429083976,-14.04796028137207
dpo,reference,251,5,4,0.13592476676352835,-15.275279998779297
dpo,reference,612,5,1,0.01155363078058707,-23.542865753173828
dpo,reference,612,5,2,0.6689490720767381,-19.48415756225586
dpo,reference,612,5,3,0.01950479632396599,-23.01920509338379
dpo,reference,612,5,4,0.29999250081870876,-20.286108016967773
dpo,reference,737,5,1,0.004809658523117349,-23.897274017333984
dpo,reference,737,5,2,0.6542008926510404,-18.984485626220703
dpo,reference,737,5,3,0.3112669674873968,-19.727249145507812
dpo,reference,737,5,4,0.029722481338445437,-22.07599639892578
dpo,reference,867,5,1,0.4847503053207382,-11.413553237915039
dpo,reference,867,5,2,0.026162776579742635,-14.332849502563477
dpo,reference,867,5,3,0.0022165331553586046,-16.80124282836914
dpo,reference,867,5,4,0.4868703849441605,-11.409189224243164
dpo,reference,945,5,1,0.16068569886921902,-21.81159019470215
dpo,reference,945,5,2,0.6097990491540916,-20.4779109954834
dpo,reference,945,5,3,0.16720847434317834,-21.771799087524414
dpo,reference,945,5,4,0.06230677763351088,-22.758970260620117
dpo,reference,54,6,1,0.057393321420692436,-12.82815170288086
dpo,reference,54,6,2,0.8753794792952315,-10.103422164916992
dpo,reference,54,6,3,0.05772498210406594,-12.822389602661133
dpo,reference,54,6,4,0.009502217180010153,-14.626554489135742
dpo,reference,251,6,1,0.45934667370696014,-14.231340408325195
dpo,reference,251,6,2,0.007398043514053816,-18.35993003845215
dpo,reference,251,6,3,0.4181465819595198,-14.325313568115234
dpo,reference,251,6,4,0.11510870081946628,-15.61526870727539
dpo,reference,612,6,1,0.016227764238469018,-23.24144172668457
dpo,reference,612,6,2,0.7186147119300071,-19.45083999633789
dpo,reference,612,6,3,0.016441176581793327,-23.228376388549805
dpo,reference,612,6,4,0.2487163472497304,-20.511852264404297
dpo,reference,737,6,1,0.008868883213113772,-23.320812225341797
dpo,reference,737,6,2,0.7684776242400233,-18.858949661254883
dpo,reference,737,6,3,0.19309937136799282,-20.240156173706055
dpo,reference,737,6,4,0.029554121178869967,-22.117137908935547
dpo,reference,867,6,1,0.7524793391994183,-10.381149291992188
dpo,reference,867,6,2,0.016510768543007304,-14.200510025024414
dpo,reference,867,6,3,0.0005766985968212893,-17.55495834350586
dpo,reference,867,6,4,0.23043319366075296,-11.56456184387207
dpo,reference,945,6,1,0.2760900356586213,-21.21207618713379
dpo,reference,945,6,2,0.5624260290095193,-20.50054359436035
dpo,reference,945,6,3,0.11034847229621182,-22.129159927368164
dpo,reference,945,6,4,0.05113546303564754,-22.898324966430664
dpo,reference,54,7,1,0.03084620242315388,-13.418231964111328
dpo,reference,54,7,2,0.8299918754392371,-10.125829696655273
dpo,reference,54,7,3,0.12830394005333445,-11.992843627929688
dpo,reference,54,7,4,0.010857982084274692,-14.462345123291016
dpo,reference,251,7,1,0.28323131280003966,-14.488870620727539
dpo,reference,251,7,2,0.006102459128282146,-18.32644271850586
dpo,reference,251,7,3,0.5837681042377983,-13.765630722045898
dpo,reference,251,7,4,0.12689812383387983,-15.291749954223633
dpo,reference,612,7,1,0.01908165534818239,-23.151456832885742
dpo,reference,612,7,2,0.47650670033601655,-19.93370246887207
dpo,reference,612,7,3,0.012807128255829503,-23.550182342529297
dpo,reference,612,7,4,0.4916045160599714,-19.902509689331055
dpo,reference,737,7,1,0.006600124984706371,-23.598604202270508
dpo,reference,737,7,2,0.7593011081403315,-18.853294372558594
dpo,reference,737,7,3,0.1493388323495196,-20.479475021362305
dpo,reference,737,7,4,0.08475993452544268,-21.045869827270508
dpo,reference,867,7,1,0.6804797536825105,-10.374923706054688
dpo,reference,867,7,2,0.034183189832808436,-13.365987777709961
dpo,reference,867,7,3,0.0014760470296425663,-16.50835418701172
dpo,reference,867,7,4,0.28386100945503845,-11.249237060546875
dpo,reference,945,7,1,0.24794464555166437,-20.996891021728516
dpo,reference,945,7,2,0.5671905820160222,-20.169401168823242
dpo,reference,945,7,3,0.13530903246672135,-21.602535247802734
dpo,reference,945,7,4,0.04955573996559201,-22.606998443603516
dpo,reference,54,8,1,0.015580713958559611,-13.546144485473633
dpo,reference,54,8,2,0.9182072957215306,-9.469755172729492
dpo,reference,54,8,3,0.05342079849173755,-12.31397819519043
dpo,reference,54,8,4,0.012791191828172245,-13.74342155456543
dpo,reference,251,8,1,0.23658269723508965,-14.73836898803711
dpo,reference,251,8,2,0.01564995386020986,-17.454198837280273
dpo,reference,251,8,3,0.6262307508727488,-13.764947891235352
dpo,reference,251,8,4,0.12153659803195159,-15.404451370239258
dpo,reference,612,8,1,0.036674676485383056,-22.663427352905273
dpo,reference,612,8,2,0.41917302566061315,-20.227230072021484
dpo,reference,612,8,3,0.010071263220058477,-23.955827713012695
dpo,reference,612,8,4,0.5340810346339454,-19.984966278076172
dpo,reference,737,8,1,0.006403675734831745,-23.7572078704834
dpo,reference,737,8,2,0.8820284005198855,-18.83185577392578
dpo,reference,737,8,3,0.08880221992248895,-21.127668380737305
dpo,reference,737,8,4,0.022765703822793776,-22.48882484436035
dpo,reference,867,8,1,0.8073100274610591,-10.058839797973633
dpo,reference,867,8,2,0.028838321996919176,-13.39084243774414
dpo,reference,867,8,3,0.001765434559592446,-16.18415069580078
dpo,reference,867,8,4,0.16208621598242925,-11.664419174194336
dpo,reference,945,8,1,0.2346238009430018,-20.963111877441406
dpo,reference,945,8,2,0.6046651885141668,-20.016420364379883
dpo,reference,945,8,3,0.13184971301239318,-21.539432525634766
dpo,reference,945,8,4,0.028861297530438222,-23.05859375
dpo,reference,54,9,1,0.006290363316978231,-14.715822219848633
dpo,reference,54,9,2,0.7837949050205877,-9.890693664550781
dpo,reference,54,9,3,0.1864721658486195,-11.326559066772461
dpo,reference,54,9,4,0.023442565813814716,-13.400287628173828
dpo,reference,251,9,1,0.13212082426301022,-15.182096481323242
dpo,reference,251,9,2,0.01232483101605879,-17.554197311401367
dpo,reference,251,9,3,0.6627508858378407,-13.569414138793945
dpo,reference,251,9,4,0.1928034588830904,-14.804141998291016
dpo,reference,612,9,1,0.028025532997104103,-22.239391326904297
dpo,reference,612,9,2,0.21863150464232187,-20.18511962890625
dpo,reference,612,9,3,0.025029139623955362,-22.352466583251953
dpo,reference,612,9,4,0.7283138227366187,-18.981775283813477
dpo,reference,737,9,1,0.006433869709256654,-23.58949851989746
dpo,reference,737,9,2,0.8616426786999298,-18.69223403930664
dpo,reference,737,9,3,0.07045367415800526,-21.19611930847168
dpo,reference,737,9,4,0.06146977743280834,-21.332529067993164
dpo,reference,867,9,1,0.7768558107227548,-9.81307601928711
dpo,reference,867,9,2,0.07822975356447835,-12.108680725097656
dpo,reference,867,9,3,0.0022532477164116742,-15.65595817565918
dpo,reference,867,9,4,0.14266118799635516,-11.507858276367188
dpo,reference,945,9,1,0.4634587665648467,-20.07679557800293
dpo,reference,945,9,2,0.4082114401623526,-20.20372772216797
dpo,reference,945,9,3,0.09682583916564151,-21.64259910583496
dpo,reference,945,9,4,0.03150395410715899,-22.765399932861328
dpo,reference,54,10,1,0.009870937186710785,-14.39205551147461
dpo,reference,54,10,2,0.7862783514572257,-10.014339447021484
dpo,reference,54,10,3,0.1824733537724452,-11.475046157836914
dpo,reference,54,10,4,0.021377357583618303,-13.619318008422852
dpo,reference,251,10,1,0.1661794641041407,-15.156627655029297
dpo,reference,251,10,2,0.022054150684019388,-17.17619514465332
dpo,reference,251,10,3,0.6124970326425035,-13.852151870727539
dpo,reference,251,10,4,0.19926935256933645,-14.975038528442383
dpo,reference,612,10,1,0.1866865249254424,-20.320310592651367
dpo,reference,612,10,2,0.10523182749220053,-20.89357566833496
dpo,reference,612,10,3,0.028558950602763027,-22.197771072387695
dpo,reference,612,10,4,0.679522696979594,-19.028350830078125
dpo,reference,737,10,1,0.006867450215022185,-23.532346725463867
dpo,reference,737,10,2,0.7513637278414451,-18.837249755859375
dpo,reference,737,10,3,0.07640257853949269,-21.123123168945312
dpo,reference,737,10,4,0.16536624340404002,-20.350976943969727
dpo,reference,867,10,1,0.7436017200119284,-9.750715255737305
dpo,reference,867,10,2,0.09999476737418848,-11.757102966308594
dpo,reference,867,10,3,0.002342925672666788,-15.510820388793945
dpo,reference,867,10,4,0.1540605869412164,-11.324874877929688
dpo,reference,945,10,1,0.3618205733948071,-20.489913940429688
dpo,reference,945,10,2,0.4373005140074739,-20.30044174194336
dpo,reference,945,10,3,0.16350266379216047,-21.28423309326172
dpo,reference,945,10,4,0.037376248805558475,-22.760026931762695
dpo,reference,54,11,1,0.005551107730213831,-14.802644729614258
dpo,reference,54,11,2,0.7558626858930574,-9.888782501220703
dpo,reference,54,11,3,0.2118029331673244,-11.160985946655273
dpo,reference,54,11,4,0.0267832732094045,-13.228864669799805
dpo,reference,251,11,1,0.06950376958851712,-15.637697219848633
dpo,reference,251,11,2,0.01590031064797681,-17.11273956298828
dpo,reference,251,11,3,0.7903652548802934,-13.206583023071289
dpo,reference,251,11,4,0.12423066488321269,-15.056938171386719
dpo,reference,612,11,1,0.17651338025700164,-20.157485961914062
dpo,reference,612,11,2,0.09850060725706021,-20.740819931030273
dpo,reference,612,11,3,0.04376468813892001,-21.55205535888672
dpo,reference,612,11,4,0.6812213243470181,-18.806995391845703
dpo,reference,737,11,1,0.010801987099727782,-23.147125244140625
dpo,reference,737,11,2,0.8703704054228533,-18.757936477661133
dpo,reference,737,11,3,0.044743966525551834,-21.72589874267578
dpo,reference,737,11,4,0.07408364095186702,-21.221660614013672
dpo,reference,867,11,1,0.5911005914735961,-9.93832778930664
dpo,reference,867,11,2,0.18535279688886622,-11.098052978515625
dpo,reference,867,11,3,0.00300186909126781,-15.221078872680664
dpo,reference,867,11,4,0.22054474254626982,-10.924213409423828
dpo,reference,945,11,1,0.7558356459367281,-18.72303581237793
dpo,reference,945,11,2,0.17914975116904752,-20.16263771057129
dpo,reference,945,11,3,0.050839319080163564,-21.422189712524414
dpo,reference,945,11,4,0.01417528381406071,-22.699359893798828
dpo,reference,54,12,1,0.004997876330999416,-14.6165771484375
dpo,reference,54,12,2,0.8496867987120543,-9.480722427368164
dpo,reference,54,12,3,0.11774966574338933,-11.457029342651367
dpo,reference,54,12,4,0.02756565921355694,-12.909019470214844
dpo,reference,251,12,1,0.14155759331209444,-15.169195175170898
dpo,reference,251,12,2,0.02348517865065474,-16.965532302856445
dpo,reference,251,12,3,0.6676629919643057,-13.618118286132812
dpo,reference,251,12,4,0.16729423607294508,-15.002147674560547
dpo,reference,612,12,1,0.10461010936039396,-20.221284866333008
dpo,reference,612,12,2,0.08266601080236659,-20.456716537475586
dpo,reference,612,12,3,0.044866103550265324,-21.067842483520508
dpo,reference,612,12,4,0.7678577762869742,-18.227920532226562
dpo,reference,737,12,1,0.013363529785550554,-22.932262420654297
dpo,reference,737,12,2,0.9038932243346838,-18.718080520629883
dpo,reference,737,12,3,0.027822148407079087,-22.198959350585938
dpo,reference,737,12,4,0.0549210974726867,-21.51889419555664
dpo,reference,867,12,1,0.6320463181404407,-10.011629104614258
dpo,reference,867,12,2,0.1193410966028072,-11.678606033325195
dpo,reference,867,12,3,0.0036891728392245042,-15.155189514160156
dpo,reference,867,12,4,0.24492341241752758,-10.959646224975586
dpo,reference,945,12,1,0.3180010707663142,-20.643556594848633
dpo,reference,945,12,2,0.42797598280501364,-20.34654426574707
dpo,reference,945,12,3,0.22682729671471646,-20.981422424316406
dpo,reference,945,12,4,0.027195649713955713,-23.102554321289062
dpo,reference,54,13,1,0.008998417281461123,-14.39531135559082
dpo,reference,54,13,2,0.7996652275072891,-9.908166885375977
dpo,reference,54,13,3,0.16604984898418831,-11.480072021484375
dpo,reference,54,13,4,0.025286506227061318,-13.362089157104492
dpo,reference,251,13,1,0.03686191411623623,-16.482086181640625
dpo,reference,251,13,2,0.049094946406175004,-16.19550895690918
dpo,reference,251,13,3,0.8057024285654273,-13.397550582885742
dpo,reference,251,13,4,0.10834071091216153,-15.403984069824219
dpo,reference,612,13,1,0.2886256991435151,-18.63172149658203
dpo,reference,612,13,2,0.02969950925138992,-20.90572166442871
dpo,reference,612,13,3,0.14134320675629575,-19.345661163330078
dpo,reference,612,13,4,0.5403315848487992,-18.004669189453125
dpo,reference,737,13,1,0.016229243733196907,-22.694650650024414
dpo,reference,737,13,2,0.8318823966020192,-18.757774353027344
dpo,reference,737,13,3,0.03862557205362928,-21.827550888061523
dpo,reference,737,13,4,0.11326278761115473,-20.751754760742188
dpo,reference,867,13,1,0.4915453714295364,-10.26104736328125
dpo,reference,867,13,2,0.22567903078208415,-11.039487838745117
dpo,reference,867,13,3,0.0031535888118635357,-15.310060501098633
dpo,reference,867,13,4,0.2796220089765159,-10.825162887573242
dpo,reference,945,13,1,0.3085665188726839,-20.842443466186523
dpo,reference,945,13,2,0.4350024864616729,-20.4990291595459
dpo,reference,945,13,3,0.2410500183645154,-21.08937644958496
dpo,reference,945,13,4,0.01538097630112782,-23.841249465942383
dpo,reference,54,14,1,0.0018406132197268151,-15.540346145629883
dpo,reference,54,14,2,0.7955792149193649,-9.47137451171875
dpo,reference,54,14,3,0.1752696277182411,-10.984119415283203
dpo,reference,54,14,4,0.027310544142667207,-12.843172073364258
dpo,reference,251,14,1,0.026246142091381087,-16.877788543701172
dpo,reference,251,14,2,0.06886467969773898,-15.913164138793945
dpo,reference,251,14,3,0.7735966244694309,-13.494256973266602
dpo,reference,251,14,4,0.13129255374144913,-15.267879486083984
dpo,reference,612,14,1,0.11024344190310238,-19.50383949279785
dpo,reference,612,14,2,0.03244791352141425,-20.72689437866211
dpo,reference,612,14,3,0.12648202951303394,-19.366430282592773
dpo,reference,612,14,4,0.7308266150624493,-17.612354278564453
dpo,reference,737,14,1,0.014979001097905205,-22.659008026123047
dpo,reference,737,14,2,0.90862724449672,-18.553722381591797
dpo,reference,737,14,3,0.020247964024255844,-22.357603073120117
dpo,reference,737,14,4,0.056145790381118985,-21.337705612182617
dpo,reference,867,14,1,0.43122289263789015,-10.31678581237793
dpo,reference,867,14,2,0.2502418940342394,-10.860982894897461
dpo,reference,867,14,3,0.006097459968426611,-14.575538635253906
dpo,reference,867,14,4,0.3124377533594438,-10.639005661010742
dpo,reference,945,14,1,0.2452950196825288,-20.98549461364746
dpo,reference,945,14,2,0.3740659113802861,-20.56352424621582
dpo,reference,945,14,3,0.3492461594408179,-20.632179260253906
dpo,reference,945,14,4,0.03139290949636732,-23.04137420654297
dpo,reference,54,15,1,0.007299713111753009,-14.653312683105469
dpo,reference,54,15,2,0.7199156876225505,-10.062013626098633
dpo,reference,54,15,3,0.22579473924839125,-11.221521377563477
dpo,reference,54,15,4,0.046989860017305214,-12.791215896606445
dpo,reference,251,15,1,0.031136221568613003,-16.779842376708984
dpo,reference,251,15,2,0.05812276341395064,-16.155656814575195
dpo,reference,251,15,3,0.7986878637515852,-13.53524398803711
dpo,reference,251,15,4,0.11205315126585118,-15.49924087524414
dpo,reference,612,15,1,0.4554199694700117,-18.390174865722656
dpo,reference,612,15,2,0.05877650974163,-20.437652587890625
dpo,reference,612,15,3,0.1127987637160818,-19.785789489746094
dpo,reference,612,15,4,0.37300475707227637,-18.58980369567871
dpo,reference,737,15,1,0.01665627947265336,-22.63918685913086
dpo,reference,737,15,2,0.817136383799816,-18.74616813659668
dpo,reference,737,15,3,0.022381049877890524,-22.343759536743164
dpo,reference,737,15,4,0.14382628684964005,-20.483367919921875
dpo,reference,867,15,1,0.36761300627220345,-10.258808135986328
dpo,reference,867,15,2,0.37972384092416217,-10.226394653320312
dpo,reference,867,15,3,0.005629627454066154,-14.437795639038086
dpo,reference,867,15,4,0.2470335253495682,-10.656314849853516
dpo,reference,945,15,1,0.10435346461137987,-21.88983154296875
dpo,reference,945,15,2,0.4996070885092315,-20.323793411254883
dpo,reference,945,15,3,0.38720136320326953,-20.578670501708984
dpo,reference,945,15,4,0.008838083676119038,-24.358545303344727
dpo,reference,54,16,1,0.0016498703255349695,-15.877460479736328
dpo,reference,54,16,2,0.6910421983356753,-9.839956283569336
dpo,reference,54,16,3,0.2754071106119422,-10.759906768798828
dpo,reference,54,16,4,0.031900820726847606,-12.915525436401367
dpo,reference,251,16,1,0.0654332801935496,-16.359251022338867
dpo,reference,251,16,2,0.10537895865407632,-15.882719039916992
dpo,reference,251,16,3,0.6620600972324825,-14.044925689697266
dpo,reference,251,16,4,0.16712766391989145,-15.421524047851562
dpo,reference,612,16,1,0.2645750056746858,-18.93207359313965
dpo,reference,612,16,2,0.06028048060534188,-20.411190032958984
dpo,reference,612,16,3,0.1448060106443384,-19.53480339050293
dpo,reference,612,16,4,0.5303385030756339,-18.236682891845703
dpo,reference,737,16,1,0.02529992240601186,-22.249919891357422
dpo,reference,737,16,2,0.9075232961403236,-18.670001983642578
dpo,reference,737,16,3,0.008821714829928015,-23.303504943847656
dpo,reference,737,16,4,0.058355066623736546,-21.414175033569336
dpo,reference,867,16,1,0.20696177535370638,-10.760515213012695
dpo,reference,867,16,2,0.405831808783284,-10.08711051940918
dpo,reference,867,16,3,0.008320134101553158,-13.974370956420898
dpo,reference,867,16,4,0.3788862817614564,-10.155813217163086
dpo,reference,945,16,1,0.08152745733797452,-22.132314682006836
dpo,reference,945,16,2,0.5563192889996674,-20.211912155151367
dpo,reference,945,16,3,0.345847762685082,-20.687255859375
dpo,reference,945,16,4,0.016305490977276026,-23.74175262451172
dpo,reference,54,17,1,0.0024375879390504764,-15.709659576416016
dpo,reference,54,17,2,0.49237768606699106,-10.401422500610352
dpo,reference,54,17,3,0.4678234523944368,-10.452577590942383
dpo,reference,54,17,4,0.03736127359952174,-12.980033874511719
dpo,reference,251,17,1,0.05492547412154892,-16.460712432861328
dpo,reference,251,17,2,0.07484146578690531,-16.151317596435547
dpo,reference,251,17,3,0.46611823123721746,-14.322250366210938
dpo,reference,251,17,4,0.40411482885432826,-14.464990615844727
dpo,reference,612,17,1,0.30071260644017667,-18.846847534179688
dpo,reference,612,17,2,0.07819863291328001,-20.193750381469727
dpo,reference,612,17,3,0.2054173714633065,-19.22795867919922
dpo,reference,612,17,4,0.4156713891832367,-18.523107528686523
dpo,reference,737,17,1,0.03011103887830579,-22.213546752929688
dpo,reference,737,17,2,0.7835175340944416,-18.95464515686035
dpo,reference,737,17,3,0.006783294647307525,-23.703975677490234
dpo,reference,737,17,4,0.1795881323799452,-20.427772521972656
dpo,reference,867,17,1,0.2409831678795751,-10.47920036315918
dpo,reference,867,17,2,0.46658948350734625,-9.818477630615234
dpo,reference,867,17,3,0.008694713007046445,-13.801212310791016
dpo,reference,867,17,4,0.2837326356060321,-10.315895080566406
dpo,reference,945,17,1,0.14919660108552676,-21.537399291992188
dpo,reference,945,17,2,0.489926091406734,-20.34840965270996
dpo,reference,945,17,3,0.34170207202966013,-20.708724975585938
dpo,reference,945,17,4,0.019175235478079106,-23.58904457092285
dpo,reference,54,18,1,0.0015253589386212693,-16.19175910949707
dpo,reference,54,18,2,0.5072702736515194,-10.384944915771484
dpo,reference,54,18,3,0.4119769777855005,-10.593021392822266
dpo,reference,54,18,4,0.07922738962435877,-12.241666793823242
dpo,reference,251,18,1,0.023356500069355416,-17.419923782348633
dpo,reference,251,18,2,0.1824639710953512,-15.364246368408203
dpo,reference,251,18,3,0.4718280097099383,-14.4141845703125
dpo,reference,251,18,4,0.322351519125355,-14.795156478881836
dpo,reference,612,18,1,0.21441441584627574,-18.63596534729004
dpo,reference,612,18,2,0.060772419086187884,-19.896739959716797
dpo,reference,612,18,3,0.36334043989713727,-18.108535766601562
dpo,reference,612,18,4,0.3614727251703991,-18.113689422607422
dpo,reference,737,18,1,0.07889571043606314,-21.376155853271484
dpo,reference,737,18,2,0.720829994354136,-19.16387939453125
dpo,reference,737,18,3,0.016272450486785984,-22.954809188842773
dpo,reference,737,18,4,0.1840018447230149,-20.52933692932129
dpo,reference,867,18,1,0.2722018731941491,-10.515947341918945
dpo,reference,867,18,2,0.3619429485916512,-10.23100471496582
dpo,reference,867,18,3,0.015924152815779937,-13.354654312133789
dpo,reference,867,18,4,0.3499310253984198,-10.264755249023438
dpo,reference,945,18,1,0.14269177170974207,-21.45970916748047
dpo,reference,945,18,2,0.5603272301077116,-20.091875076293945
dpo,reference,945,18,3,0.2827353781171307,-20.7758846282959
dpo,reference,945,18,4,0.014245620065415686,-23.763946533203125
dpo,reference,54,19,1,0.0013516148657228843,-16.15176773071289
dpo,reference,54,19,2,0.6792857616819179,-9.932025909423828
dpo,reference,54,19,3,0.23176469366855484,-11.007345199584961
dpo,reference,54,19,4,0.08759792978380429,-11.980310440063477
dpo,reference,251,19,1,0.010987249792380246,-17.451414108276367
dpo,reference,251,19,2,0.041769149073883,-16.115991592407227
dpo,reference,251,19,3,0.21163386805464723,-14.493291854858398
dpo,reference,251,19,4,0.7356097330790894,-13.24744987487793
dpo,reference,612,19,1,0.157420483556166,-19.193187713623047
dpo,reference,612,19,2,0.07352834088950878,-19.954437255859375
dpo,reference,612,19,3,0.13905749632423456,-19.31722068786621
dpo,reference,612,19,4,0.6299936792300906,-17.806398391723633
dpo,reference,737,19,1,0.0679508420207924,-21.626996994018555
dpo,reference,737,19,2,0.834686915724723,-19.118724822998047
dpo,reference,737,19,3,0.007653099075004219,-23.810670852661133
dpo,reference,737,19,4,0.08970914317948028,-21.34920883178711
dpo,reference,867,19,1,0.1557080834576143,-10.935203552246094
dpo,reference,867,19,2,0.38232526339942313,-10.036914825439453
dpo,reference,867,19,3,0.019060939667198865,-13.035545349121094
dpo,reference,867,19,4,0.4429057134757636,-9.889829635620117
dpo,reference,945,19,1,0.23185605077624782,-21.03229331970215
dpo,reference,945,19,2,0.462036651367445,-20.34276580810547
dpo,reference,945,19,3,0.2833216612298886,-20.83182716369629
dpo,reference,945,19,4,0.022785636626418526,-23.352279663085938
dpo,reference,54,20,1,0.0006226950710842869,-17.274126052856445
dpo,reference,54,20,2,0.3923371404035457,-10.828306198120117
dpo,reference,54,20,3,0.5013906689465927,-10.58304214477539
dpo,reference,54,20,4,0.10564949557877724,-12.140300750732422
dpo,reference,251,20,1,0.018397873821109936,-17.42095947265625
dpo,reference,251,20,2,0.20026938563500282,-15.033531188964844
dpo,reference,251,20,3,0.1308440447743866,-15.459188461303711
dpo,reference,251,20,4,0.6504886957695006,-13.855470657348633
dpo,reference,612,20,1,0.1208880136151997,-19.177221298217773
dpo,reference,612,20,2,0.058146702057891124,-19.909116744995117
dpo,reference,612,20,3,0.3002749388575646,-18.26738739013672
dpo,reference,612,20,4,0.5206903454693446,-17.716930389404297
dpo,reference,737,20,1,0.07028064495610586,-21.461763381958008
dpo,reference,737,20,2,0.5942171940564692,-19.327014923095703
dpo,reference,737,20,3,0.00812946361091792,-23.618764877319336
dpo,reference,737,20,4,0.327372697376507,-19.923160552978516
dpo,reference,867,20,1,0.19642892914112325,-10.589332580566406
dpo,reference,867,20,2,0.4480320016992987,-9.764768600463867
dpo,reference,867,20,3,0.017320968309570396,-13.017715454101562
dpo,reference,867,20,4,0.33821810085000764,-10.045942306518555
dpo,reference,945,20,1,0.32912520793175803,-20.66105079650879
dpo,reference,945,20,2,0.3406307803838567,-20.626689910888672
dpo,reference,945,20,3,0.31473888201473915,-20.705745697021484
dpo,reference,945,20,4,0.015505129669646026,-23.716318130493164
dpo,reference,54,21,1,0.0012395332656414794,-16.665109634399414
dpo,reference,54,21,2,0.48429088633396666,-10.697158813476562
dpo,reference,54,21,3,0.29132633867235985,-11.205400466918945
dpo,reference,54,21,4,0.2231432417280319,-11.472030639648438
dpo,reference,251,21,1,0.017176258361076766,-17.73150634765625
dpo,reference,251,21,2,0.40531739506052344,-14.570363998413086
dpo,reference,251,21,3,0.07013479067637238,-16.324615478515625
dpo,reference,251,21,4,0.5073715559020274,-14.34579086303711
dpo,reference,612,21,1,0.07077228737476123,-19.896760940551758
dpo,reference,612,21,2,0.07676634522844926,-19.815462112426758
dpo,reference,612,21,3,0.30058535887089965,-18.450496673583984
dpo,reference,612,21,4,0.5518760085258898,-17.842905044555664
dpo,reference,737,21,1,0.14434582944382376,-21.087936401367188
dpo,reference,737,21,2,0.70805051126247,-19.49763298034668
dpo,reference,737,21,3,0.008167747766009334,-23.9599552154541
dpo,reference,737,21,4,0.1394359115276969,-21.122543334960938
dpo,reference,867,21,1,0.1287198941504862,-11.074256896972656
dpo,reference,867,21,2,0.40901402397804304,-9.918146133422852
dpo,reference,867,21,3,0.024196502370958644,-12.745687484741211
dpo,reference,867,21,4,0.4380695795005122,-9.849517822265625
dpo,reference,945,21,1,0.31669493433311097,-20.90133285522461
dpo,reference,945,21,2,0.3391489790461852,-20.83283233642578
dpo,reference,945,21,3,0.32838546581246436,-20.865083694458008
dpo,reference,945,21,4,0.01577062080823938,-23.901123046875
dpo,reference,54,22,1,0.0010760643779654004,-16.87369728088379
dpo,reference,54,22,2,0.3843680154329234,-10.995407104492188
dpo,reference,54,22,3,0.35888592521581486,-11.064002990722656
dpo,reference,54,22,4,0.25566999497329634,-11.403120040893555
dpo,reference,251,22,1,0.032258502664574945,-17.077037811279297
dpo,reference,251,22,2,0.6072643680301123,-14.141855239868164
dpo,reference,251,22,3,0.0291354030841024,-17.178865432739258
dpo,reference,251,22,4,0.33134172622121044,-14.747669219970703
dpo,reference,612,22,1,0.12667175701340705,-19.160429000854492
dpo,reference,612,22,2,0.06491762969155637,-19.828908920288086
dpo,reference,612,22,3,0.3689286293843801,-18.0914249420166
dpo,reference,612,22,4,0.43948198391065646,-17.916431427001953
dpo,reference,737,22,1,0.10215529277059063,-21.36211395263672
dpo,reference,737,22,2,0.6392644965491355,-19.528289794921875
dpo,reference,737,22,3,0.004513612920875862,-24.481510162353516
dpo,reference,737,22,4,0.25406659775939794,-20.451011657714844
dpo,reference,867,22,1,0.1537856188731918,-10.957401275634766
dpo,reference,867,22,2,0.3452035433678321,-10.148826599121094
dpo,reference,867,22,3,0.02413859554758213,-12.809148788452148
dpo,reference,867,22,4,0.4768722422113938,-9.825712203979492
dpo,reference,945,22,1,0.3310538567023195,-20.942317962646484
dpo,reference,945,22,2,0.3261900039610677,-20.95711898803711
dpo,reference,945,22,3,0.32369911006373253,-20.964784622192383
dpo,reference,945,22,4,0.019057029272880274,-23.797163009643555
dpo,reference,54,23,1,0.0007754433041090035,-17.214567184448242
dpo,reference,54,23,2,0.3261436712470786,-11.172908782958984
dpo,reference,54,23,3,0.4628077181332508,-10.822935104370117
dpo,reference,54,23,4,0.21027316731556167,-11.611839294433594
dpo,reference,251,23,1,0.048718644197102645,-16.799848556518555
dpo,reference,251,23,2,0.6725914507614237,-14.174772262573242
dpo,reference,251,23,3,0.049455090685797114,-16.78484535217285
dpo,reference,251,23,4,0.2292348143556765,-15.251163482666016
dpo,reference,612,23,1,0.12578585901863334,-19.418140411376953
dpo,reference,612,23,2,0.1121146524843805,-19.533199310302734
dpo,reference,612,23,3,0.3644729411547727,-18.35426902770996
dpo,reference,612,23,4,0.3976265473422134,-18.267208099365234
dpo,reference,737,23,1,0.1255609480383226,-21.035280227661133
dpo,reference,737,23,2,0.614934291358109,-19.446556091308594
dpo,reference,737,23,3,0.007967127489989657,-23.792747497558594
dpo,reference,737,23,4,0.2515376331135787,-20.340478897094727
dpo,reference,867,23,1,0.1677772234266577,-10.841133117675781
dpo,reference,867,23,2,0.41737910271733863,-9.92977523803711
dpo,reference,867,23,3,0.02042707476477373,-12.946908950805664
dpo,reference,867,23,4,0.39441659909123006,-9.98636245727539
dpo,reference,945,23,1,0.3843134190729388,-20.73999786376953
dpo,reference,945,23,2,0.24023403573007795,-21.209842681884766
dpo,reference,945,23,3,0.3489562563458378,-20.836509704589844
dpo,reference,945,23,4,0.02649628885114555,-23.414451599121094
dpo,reference,54,24,1,0.0013781563645714173,-16.475383758544922
dpo,reference,54,24,2,0.4526292784161814,-10.68105697631836
dpo,reference,54,24,3,0.22550016085661154,-11.377809524536133
dpo,reference,54,24,4,0.32049240436263565,-11.02627182006836
dpo,reference,251,24,1,0.1494528120121585,-15.553535461425781
dpo,reference,251,24,2,0.4385948134560139,-14.476940155029297
dpo,reference,251,24,3,0.036898935979989334,-16.952333450317383
dpo,reference,251,24,4,0.3750534385518384,-14.633447647094727
dpo,reference,612,24,1,0.03102236471952682,-19.828319549560547
dpo,reference,612,24,2,0.039092347235139276,-19.59710121154785
dpo,reference,612,24,3,0.5156837451127383,-17.017534255981445
dpo,reference,612,24,4,0.4142015429325957,-17.236675262451172
dpo,reference,737,24,1,0.08052804838223605,-21.219825744628906
dpo,reference,737,24,2,0.491808804713154,-19.410341262817383
dpo,reference,737,24,3,0.005734389967461517,-23.861949920654297
dpo,reference,737,24,4,0.4219287569371483,-19.563594818115234
dpo,reference,867,24,1,0.07479798687169048,-11.327529907226562
dpo,reference,867,24,2,0.34462572407918374,-9.799861907958984
dpo,reference,867,24,3,0.02513047579841829,-12.41823959350586
dpo,reference,867,24,4,0.5554458132507075,-9.322549819946289
dpo,reference,945,24,1,0.44821090121784035,-20.436052322387695
dpo,reference,945,24,2,0.21192871805268665,-21.18506622314453
dpo,reference,945,24,3,0.3041273415806039,-20.823869705200195
dpo,reference,945,24,4,0.035733039148869224,-22.965240478515625
dpo,reference,54,25,1,0.0028676547053673985,-16.139026641845703
dpo,reference,54,25,2,0.37941628711983266,-11.253887176513672
dpo,reference,54,25,3,0.32605079256888625,-11.405467987060547
dpo,reference,54,25,4,0.29166526560591366,-11.516914367675781
dpo,reference,251,25,1,0.2552403597092298,-15.009378433227539
dpo,reference,251,25,2,0.502008154380679,-14.332967758178711
dpo,reference,251,25,3,0.03600974885017438,-16.96779441833496
dpo,reference,251,25,4,0.20674173705991683,-15.220113754272461
dpo,reference,612,25,1,0.043675499309258854,-19.660499572753906
dpo,reference,612,25,2,0.06471042773890137,-19.267364501953125
dpo,reference,612,25,3,0.5018303944219173,-17.219024658203125
dpo,reference,612,25,4,0.38978367852992246,-17.471694946289062
dpo,reference,737,25,1,0.2144806937940872,-20.462692260742188
dpo,reference,737,25,2,0.39692443718956444,-19.847166061401367
dpo,reference,737,25,3,0.0187715943752208,-22.89856719970703
dpo,reference,737,25,4,0.3698232746411275,-19.91788673400879
dpo,reference,867,25,1,0.07133075930642079,-11.463920593261719
dpo,reference,867,25,2,0.4118824448363929,-9.71051025390625
dpo,reference,867,25,3,0.012544866181377548,-13.201936721801758
dpo,reference,867,25,4,0.5042419296758087,-9.50819206237793
dpo,reference,945,25,1,0.5615218509010194,-19.98811912536621
dpo,reference,945,25,2,0.1502082068762766,-21.306747436523438
dpo,reference,945,25,3,0.21264320876673512,-20.95915412902832
dpo,reference,945,25,4,0.07562673345596896,-21.99295997619629
dpo,reference,54,26,1,0.0009806989178449232,-16.801332473754883
dpo,reference,54,26,2,0.2838588372391788,-11.133365631103516
dpo,reference,54,26,3,0.1881004505982437,-11.544866561889648
dpo,reference,54,26,4,0.5270600132447325,-10.514528274536133
dpo,reference,251,26,1,0.38136722360474956,-14.514167785644531
dpo,reference,251,26,2,0.37454058223297115,-14.532230377197266
dpo,reference,251,26,3,0.02844764412134288,-17.109865188598633
dpo,reference,251,26,4,0.21564455004093638,-15.084299087524414
dpo,reference,612,26,1,0.028288899727656507,-20.249216079711914
dpo,reference,612,26,2,0.07702153177651419,-19.247600555419922
dpo,reference,612,26,3,0.5515013471330029,-17.279041290283203
dpo,reference,612,26,4,0.3431882213628264,-17.753406524658203
dpo,reference,737,26,1,0.12448944963421389,-20.63111114501953
dpo,reference,737,26,2,0.3968653739859741,-19.47173500061035
dpo,reference,737,26,3,0.03494529119406906,-21.901548385620117
dpo,reference,737,26,4,0.44369988518574294,-19.360183715820312
dpo,reference,867,26,1,0.07495086171312589,-11.641490936279297
dpo,reference,867,26,2,0.2716110962853667,-10.353952407836914
dpo,reference,867,26,3,0.021003605764899506,-12.913629531860352
dpo,reference,867,26,4,0.6324344362366079,-9.508747100830078
dpo,reference,945,26,1,0.40269193912673584,-20.48025131225586
dpo,reference,945,26,2,0.21705542736829098,-21.098270416259766
dpo,reference,945,26,3,0.31329215579410613,-20.731287002563477
dpo,reference,945,26,4,0.0669604777108671,-22.274320602416992
dpo,reference,54,27,1,0.002450262169817051,-16.14388084411621
dpo,reference,54,27,2,0.277942251844129,-11.412662506103516
dpo,reference,54,27,3,0.1904315747862413,-11.790782928466797
dpo,reference,54,27,4,0.5291759111998127,-10.768754959106445
dpo,reference,251,27,1,0.4071068864597952,-14.480794906616211
dpo,reference,251,27,2,0.3265491741268908,-14.701290130615234
dpo,reference,251,27,3,0.05140042154413496,-16.55022430419922
dpo,reference,251,27,4,0.2149435178691791,-15.119495391845703
dpo,reference,612,27,1,0.026496613476213952,-20.180763244628906
dpo,reference,612,27,2,0.06530090626237427,-19.27877426147461
dpo,reference,612,27,3,0.5530983518277911,-17.142244338989258
dpo,reference,612,27,4,0.35510412843362066,-17.585369110107422
dpo,reference,737,27,1,0.3922674785925735,-19.93724822998047
dpo,reference,737,27,2,0.35534729518561836,-20.036096572875977
dpo,reference,737,27,3,0.011415868137996272,-23.47418785095215
dpo,reference,737,27,4,0.24096935808381184,-20.424522399902344
dpo,reference,867,27,1,0.12848589107219927,-11.117889404296875
dpo,reference,867,27,2,0.35098848340538463,-10.112955093383789
dpo,reference,867,27,3,0.013287576995270006,-13.386878967285156
dpo,reference,867,27,4,0.507238048527146,-9.744728088378906
dpo,reference,945,27,1,0.46852820917670956,-20.396268844604492
dpo,reference,945,27,2,0.18891980534229327,-21.304542541503906
dpo,reference,945,27,3,0.2891665371275039,-20.878862380981445
dpo,reference,945,27,4,0.05338544835349324,-22.568326950073242
dpo,reference,54,28,1,0.002028119777988066,-15.925956726074219
dpo,reference,54,28,2,0.3593792106386595,-10.748687744140625
dpo,reference,54,28,3,0.10691222911748714,-11.961057662963867
dpo,reference,54,28,4,0.5316804404658653,-10.357023239135742
dpo,reference,251,28,1,0.3752273617157379,-14.741571426391602
dpo,reference,251,28,2,0.44849685187769345,-14.563201904296875
dpo,reference,251,28,3,0.07020402601667651,-16.41769790649414
dpo,reference,251,28,4,0.10607176038989201,-16.004987716674805
dpo,reference,612,28,1,0.014089725271071059,-21.036590576171875
dpo,reference,612,28,2,0.1212074421073275,-18.884532928466797
dpo,reference,612,28,3,0.5741392132671684,-17.329164505004883
dpo,reference,612,28,4,0.2905636193544331,-18.01021385192871
dpo,reference,737,28,1,0.29766497807640646,-20.00788688659668
dpo,reference,737,28,2,0.40563319333967207,-19.698406219482422
dpo,reference,737,28,3,0.02042780969894287,-22.68695831298828
dpo,reference,737,28,4,0.2762740188849787,-20.082462310791016
dpo,reference,867,28,1,0.06128738189020708,-11.846256256103516
dpo,reference,867,28,2,0.277232121292077,-10.33697509765625
dpo,reference,867,28,3,0.0137933108214104,-13.337646484375
dpo,reference,867,28,4,0.6476871859963055,-9.488422393798828
dpo,reference,945,28,1,0.34426178654823825,-20.726234436035156
dpo,reference,945,28,2,0.24678854872891035,-21.059104919433594
dpo,reference,945,28,3,0.36364620405767967,-20.67145538330078
dpo,reference,945,28,4,0.04530346066517175,-22.754253387451172
dpo,reference,54,29,1,0.005450308335488394,-15.111631393432617
dpo,reference,54,29,2,0.424070302145246,-10.757404327392578
dpo,reference,54,29,3,0.07596595045020549,-12.477018356323242
dpo,reference,54,29,4,0.49451343906906003,-10.603729248046875
dpo,reference,251,29,1,0.6368826459108938,-14.022161483764648
dpo,reference,251,29,2,0.21763651967332587,-15.09592056274414
dpo,reference,251,29,3,0.04948884193541515,-16.57699966430664
dpo,reference,251,29,4,0.0959919924803652,-15.914482116699219
dpo,reference,612,29,1,0.028200552133339645,-20.811433792114258
dpo,reference,612,29,2,0.20968636603141927,-18.80516242980957
dpo,reference,612,29,3,0.5046181507685742,-17.926973342895508
dpo,reference,612,29,4,0.2574949310666669,-18.599775314331055
dpo,reference,737,29,1,0.3289805284891085,-19.965015411376953
dpo,reference,737,29,2,0.342248128147894,-19.925477981567383
dpo,reference,737,29,3,0.048788473149551474,-21.873519897460938
dpo,reference,737,29,4,0.279982870213446,-20.126285552978516
dpo,reference,867,29,1,0.09911923939765495,-11.592720031738281
dpo,reference,867,29,2,0.24179104419693276,-10.700969696044922
dpo,reference,867,29,3,0.007778693062862319,-14.137655258178711
dpo,reference,867,29,4,0.65131102334255,-9.71005630493164
dpo,reference,945,29,1,0.2825569886039618,-21.130298614501953
dpo,reference,945,29,2,0.2839205392850723,-21.125484466552734
dpo,reference,945,29,3,0.34168145555619,-20.94029998779297
dpo,reference,945,29,4,0.09184101655477585,-22.254119873046875
dpo,reference,54,30,1,0.007685793470899766,-14.81705093383789
dpo,reference,54,30,2,0.473478678513118,-10.696317672729492
dpo,reference,54,30,3,0.07937049164793655,-12.482297897338867
dpo,reference,54,30,4,0.4394650363680457,-10.770866394042969
dpo,reference,251,30,1,0.6672188738026613,-14.12199592590332
dpo,reference,251,30,2,0.1698445325675765,-15.490230560302734
dpo,reference,251,30,3,0.06416394359520038,-16.463672637939453
dpo,reference,251,30,4,0.09877265003456176,-16.03229331970215
dpo,reference,612,30,1,0.006033108554609719,-22.149213790893555
dpo,reference,612,30,2,0.22460280801092367,-18.532142639160156
dpo,reference,612,30,3,0.528754996326363,-17.67595100402832
dpo,reference,612,30,4,0.24060908710810366,-18.463302612304688
dpo,reference,737,30,1,0.2506787529268079,-20.09552574157715
dpo,reference,737,30,2,0.3141194874712545,-19.869924545288086
dpo,reference,737,30,3,0.06197850349041398,-21.492910385131836
dpo,reference,737,30,4,0.37322325611152357,-19.697521209716797
dpo,reference,867,30,1,0.08248065304878281,-11.749645233154297
dpo,reference,867,30,2,0.30827956679589713,-10.431201934814453
dpo,reference,867,30,3,0.004048414810948948,-14.763883590698242
dpo,reference,867,30,4,0.6051913653443711,-9.756664276123047
dpo,reference,945,30,1,0.2408220631192094,-21.365835189819336
dpo,reference,945,30,2,0.31160411015215556,-21.1081600189209
dpo,reference,945,30,3,0.3825850057518403,-20.902942657470703
dpo,reference,945,30,4,0.06498882097679473,-22.675678253173828
dpo,reference,54,31,1,0.00395737827643667,-15.180713653564453
dpo,reference,54,31,2,0.5111698787057456,-10.31959342956543
dpo,reference,54,31,3,0.10997871845786188,-11.856008529663086
dpo,reference,54,31,4,0.37489402455995585,-10.62965202331543
dpo,reference,251,31,1,0.7300062075254605,-13.956457138061523
dpo,reference,251,31,2,0.1179846718005528,-15.778955459594727
dpo,reference,251,31,3,0.08975903224431526,-16.05238151550293
dpo,reference,251,31,4,0.06225008842967141,-16.418350219726562
dpo,reference,612,31,1,0.006915262278780823,-22.25295066833496
dpo,reference,612,31,2,0.33146363641848653,-18.383163452148438
dpo,reference,612,31,3,0.41493574206729517,-18.158557891845703
dpo,reference,612,31,4,0.24668535923543758,-18.67856788635254
dpo,reference,737,31,1,0.2940187581049124,-20.10911750793457
dpo,reference,737,31,2,0.3589218050949794,-19.909656524658203
dpo,reference,737,31,3,0.054515227725883485,-21.794281005859375
dpo,reference,737,31,4,0.2925442090742248,-20.114145278930664
dpo,reference,867,31,1,0.09084734610008606,-11.627042770385742
dpo,reference,867,31,2,0.3217011555907471,-10.362600326538086
dpo,reference,867,31,3,0.004754829061324713,-14.577062606811523
dpo,reference,867,31,4,0.5826966692478422,-9.768556594848633
dpo,reference,945,31,1,0.20616311987613775,-21.35666275024414
dpo,reference,945,31,2,0.3168727133292594,-20.926830291748047
dpo,reference,945,31,3,0.3946238326748847,-20.7073974609375
dpo,reference,945,31,4,0.08234033411971808,-22.27446937561035
dpo,reference,54,32,1,0.006168646849943334,-14.816072463989258
dpo,reference,54,32,2,0.5164198750748467,-10.388631820678711
dpo,reference,54,32,3,0.0795152213054954,-12.259603500366211
dpo,reference,54,32,4,0.3978962567697147,-10.649360656738281
dpo,reference,251,32,1,0.7599601498975176,-13.721481323242188
dpo,reference,251,32,2,0.05050734085642691,-16.432628631591797
dpo,reference,251,32,3,0.11186110882461005,-15.637489318847656
dpo,reference,251,32,4,0.07767140042144538,-16.002260208129883
dpo,reference,612,32,1,0.007349259256735265,-22.21917152404785
dpo,reference,612,32,2,0.30338343755898084,-18.4987735748291
dpo,reference,612,32,3,0.3855787595508255,-18.25902557373047
dpo,reference,612,32,4,0.3036885436334583,-18.49776840209961
dpo,reference,737,32,1,0.3211168020224567,-19.986005783081055
dpo,reference,737,32,2,0.2996547903642771,-20.055179595947266
dpo,reference,737,32,3,0.09744783503061895,-21.17849349975586
dpo,reference,737,32,4,0.2817805725826473,-20.116682052612305
dpo,reference,867,32,1,0.14062174020122498,-11.319963455200195
dpo,reference,867,32,2,0.268480238601678,-10.673259735107422
dpo,reference,867,32,3,0.0031664371358816855,-15.11343002319336
dpo,reference,867,32,4,0.5877315840612154,-9.889766693115234
dpo,reference,945,32,1,0.18570591908438058,-21.584012985229492
dpo,reference,945,32,2,0.30483532671549557,-21.08840560913086
dpo,reference,945,32,3,0.44848889977578804,-20.702293395996094
dpo,reference,945,32,4,0.060969854424335834,-22.697797775268555
dpo,reference,54,33,1,0.013175937089735782,-14.213935852050781
dpo,reference,54,33,2,0.592415868387444,-10.408119201660156
dpo,reference,54,33,3,0.09732283388243097,-12.21429443359375
dpo,reference,54,33,4,0.2970853606403892,-11.098308563232422
dpo,reference,251,33,1,0.6646977617583368,-13.764177322387695
dpo,reference,251,33,2,0.036134560850102415,-16.676259994506836
dpo,reference,251,33,3,0.21514108826045683,-14.892215728759766
dpo,reference,251,33,4,0.08402658913110381,-15.832376480102539
dpo,reference,612,33,1,0.0036963681932336736,-22.7161865234375
dpo,reference,612,33,2,0.27618093500286756,-18.402481079101562
dpo,reference,612,33,3,0.38387026382508677,-18.073232650756836
dpo,reference,612,33,4,0.336252432978812,-18.20567512512207
dpo,reference,737,33,1,0.42424291208218556,-19.61106300354004
dpo,reference,737,33,2,0.4084482478539323,-19.649003982543945
dpo,reference,737,33,3,0.05151118871455486,-21.71957015991211
dpo,reference,737,33,4,0.11579765134932728,-20.90952491760254
dpo,reference,867,33,1,0.14290474308595183,-11.363622665405273
dpo,reference,867,33,2,0.25541596603166844,-10.782907485961914
dpo,reference,867,33,3,0.002350604379107709,-15.471128463745117
dpo,reference,867,33,4,0.5993286865032721,-9.929990768432617
dpo,reference,945,33,1,0.18407340010070267,-21.737083435058594
dpo,reference,945,33,2,0.3375961896425552,-21.13056755065918
dpo,reference,945,33,3,0.35796412860839255,-21.071985244750977
dpo,reference,945,33,4,0.12036628164834945,-22.16187858581543
dpo,reference,54,34,1,0.017292543807478817,-14.086729049682617
dpo,reference,54,34,2,0.577959136165447,-10.57750129699707
dpo,reference,54,34,3,0.09491490924897775,-12.384023666381836
dpo,reference,54,34,4,0.30983341077809645,-11.200969696044922
dpo,reference,251,34,1,0.5426192183580302,-13.954561233520508
dpo,reference,251,34,2,0.031076592776922193,-16.81451416015625
dpo,reference,251,34,3,0.347145817764098,-14.401224136352539
dpo,reference,251,34,4,0.0791583711009497,-15.879518508911133
dpo,reference,612,34,1,0.006855724815847227,-22.41225814819336
dpo,reference,612,34,2,0.4505387088768371,-18.226898193359375
dpo,reference,612,34,3,0.2868488731668049,-18.678386688232422
dpo,reference,612,34,4,0.2557566931405108,-18.793115615844727
dpo,reference,737,34,1,0.3798136336003072,-19.702314376831055
dpo,reference,737,34,2,0.3224998467607462,-19.86589241027832
dpo,reference,737,34,3,0.12740132361296044,-20.794652938842773
dpo,reference,737,34,4,0.17028519602598607,-20.504520416259766
dpo,reference,867,34,1,0.23173026349940903,-11.137548446655273
dpo,reference,867,34,2,0.20482016326444646,-11.260990142822266
dpo,reference,867,34,3,0.001835679066923874,-15.9757080078125
dpo,reference,867,34,4,0.5616138941692207,-10.252307891845703
dpo,reference,945,34,1,0.1967173477584708,-21.574161529541016
dpo,reference,945,34,2,0.3232827509311918,-21.077402114868164
dpo,reference,945,34,3,0.3967188328364295,-20.87270164489746
dpo,reference,945,34,4,0.08328106847390794,-22.43370819091797
dpo,reference,54,35,1,0.015079288283537336,-14.158187866210938
dpo,reference,54,35,2,0.598875867138827,-10.476455688476562
dpo,reference,54,35,3,0.12707004707925043,-12.026771545410156
dpo,reference,54,35,4,0.2589747974983852,-11.314779281616211
dpo,reference,251,35,1,0.4806905958179306,-13.850526809692383
dpo,reference,251,35,2,0.024325889111401995,-16.834209442138672
dpo,reference,251,35,3,0.422047488165474,-13.980632781982422
dpo,reference,251,35,4,0.07293602690519341,-15.736167907714844
dpo,reference,612,35,1,0.007010540300615811,-22.512453079223633
dpo,reference,612,35,2,0.38800786638821855,-18.498842239379883
dpo,reference,612,35,3,0.26483113629180294,-18.880775451660156
dpo,reference,612,35,4,0.3401504570193627,-18.63047981262207
dpo,reference,737,35,1,0.4040384609339151,-19.547256469726562
dpo,reference,737,35,2,0.2970381142373802,-19.85490608215332
dpo,reference,737,35,3,0.20628119300559644,-20.219526290893555
dpo,reference,737,35,4,0.09264223182310827,-21.020021438598633
dpo,reference,867,35,1,0.317586010166662,-10.97433853149414
dpo,reference,867,35,2,0.1600142445911074,-11.65982437133789
dpo,reference,867,35,3,0.0022311044383069955,-15.93259048461914
dpo,reference,867,35,4,0.5201686408039236,-10.480934143066406
dpo,reference,945,35,1,0.2512793282734606,-21.3526611328125
dpo,reference,945,35,2,0.2638472715339417,-21.303855895996094
dpo,reference,945,35,3,0.37394691825596216,-20.95511245727539
dpo,reference,945,35,4,0.11092648193663554,-22.170358657836914
dpo,reference,54,36,1,0.013858891102847248,-14.277364730834961
dpo,reference,54,36,2,0.5593280781711963,-10.57955551147461
dpo,reference,54,36,3,0.1450384726072934,-11.929292678833008
dpo,reference,54,36,4,0.281774558118663,-11.26518440246582
dpo,reference,251,36,1,0.3618672068077961,-13.992818832397461
dpo,reference,251,36,2,0.021280450793375965,-16.82630729675293
dpo,reference,251,36,3,0.5040008970734462,-13.661518096923828
dpo,reference,251,36,4,0.1128514453253818,-15.158023834228516
dpo,reference,612,36,1,0.011724292144202309,-22.254432678222656
dpo,reference,612,36,2,0.5634434871899104,-18.382028579711914
dpo,reference,612,36,3,0.16760745055624063,-19.594470977783203
dpo,reference,612,36,4,0.2572247701096465,-19.16614532470703
dpo,reference,737,36,1,0.24695572661690912,-19.88530921936035
dpo,reference,737,36,2,0.3553877320915548,-19.52130889892578
dpo,reference,737,36,3,0.22827999109564473,-19.963945388793945
dpo,reference,737,36,4,0.16937655019589137,-20.262393951416016
dpo,reference,867,36,1,0.2783374956902985,-10.958805084228516
dpo,reference,867,36,2,0.188873606560505,-11.346561431884766
dpo,reference,867,36,3,0.0014425134356070995,-16.22125244140625
dpo,reference,867,36,4,0.5313463843135894,-10.312225341796875
dpo,reference,945,36,1,0.17235163071713178,-21.711017608642578
dpo,reference,945,36,2,0.29449930797537477,-21.175277709960938
dpo,reference,945,36,3,0.4257574718331034,-20.806684494018555
dpo,reference,945,36,4,0.10739158947439012,-22.184072494506836
dpo,reference,54,37,1,0.014544535271068006,-14.189666748046875
dpo,reference,54,37,2,0.551034742032324,-10.555084228515625
dpo,reference,54,37,3,0.12727176534929494,-12.020557403564453
dpo,reference,54,37,4,0.30714895734731296,-11.139549255371094
dpo,reference,251,37,1,0.21500452630845204,-14.496967315673828
dpo,reference,251,37,2,0.04333634573482178,-16.098634719848633
dpo,reference,251,37,3,0.6426162714520349,-13.402078628540039
dpo,reference,251,37,4,0.09904285650469122,-15.272073745727539
dpo,reference,612,37,1,0.012891917610624795,-22.23162841796875
dpo,reference,612,37,2,0.49601203558681345,-18.581628799438477
dpo,reference,612,37,3,0.11582571934719398,-20.036142349243164
dpo,reference,612,37,4,0.3752703274553678,-18.86058235168457
dpo,reference,737,37,1,0.2538649834486887,-19.818449020385742
dpo,reference,737,37,2,0.338766143115515,-19.52994155883789
dpo,reference,737,37,3,0.2806210337844052,-19.718246459960938
dpo,reference,737,37,4,0.12674783965139103,-20.513051986694336
dpo,reference,867,37,1,0.39283476858381744,-10.601329803466797
dpo,reference,867,37,2,0.1881716717888507,-11.337364196777344
dpo,reference,867,37,3,0.0007130423532532156,-16.912933349609375
dpo,reference,867,37,4,0.4182805172740786,-10.538566589355469
dpo,reference,945,37,1,0.12456213083614061,-22.029308319091797
dpo,reference,945,37,2,0.35310866447959544,-20.987337112426758
dpo,reference,945,37,3,0.45557981000476766,-20.732542037963867
dpo,reference,945,37,4,0.06674939467949635,-22.653167724609375
dpo,reference,54,38,1,0.009007841678002058,-14.51968765258789
dpo,reference,54,38,2,0.568731679837751,-10.374374389648438
dpo,reference,54,38,3,0.15685545748428217,-11.662458419799805
dpo,reference,54,38,4,0.2654050209999648,-11.136526107788086
dpo,reference,251,38,1,0.2333019559522547,-14.327217102050781
dpo,reference,251,38,2,0.023048133702346082,-16.641965866088867
dpo,reference,251,38,3,0.5532834276158065,-13.463680267333984
dpo,reference,251,38,4,0.19036648272959278,-14.530599594116211
dpo,reference,612,38,1,0.023075356398415958,-22.03154945373535
dpo,reference,612,38,2,0.49282831631813817,-18.97015380859375
dpo,reference,612,38,3,0.07230871885436753,-20.88936996459961
dpo,reference,612,38,4,0.4117876084290782,-19.14980697631836
dpo,reference,737,38,1,0.18845711976457508,-19.980979919433594
dpo,reference,737,38,2,0.34539288714622585,-19.375167846679688
dpo,reference,737,38,3,0.2962681585127911,-19.52858543395996
dpo,reference,737,38,4,0.16988183457640788,-20.084747314453125
dpo,reference,867,38,1,0.4506075842298623,-10.404045104980469
dpo,reference,867,38,2,0.20190583979638807,-11.206840515136719
dpo,reference,867,38,3,0.0010977083932658023,-16.421417236328125
dpo,reference,867,38,4,0.3463888675804839,-10.66707992553711
dpo,reference,945,38,1,0.11929939742020841,-22.053617477416992
dpo,reference,945,38,2,0.36577646731736807,-20.933231353759766
dpo,reference,945,38,3,0.40362238013250085,-20.834774017333984
dpo,reference,945,38,4,0.11130175512992263,-22.123008728027344
dpo,reference,54,39,1,0.005849069100321673,-14.96693229675293
dpo,reference,54,39,2,0.5804066404360329,-10.369485855102539
dpo,reference,54,39,3,0.16531242397319723,-11.625377655029297
dpo,reference,54,39,4,0.24843186649044813,-11.218046188354492
dpo,reference,251,39,1,0.25568239412183774,-14.330146789550781
dpo,reference,251,39,2,0.02655851817059534,-16.5947322845459
dpo,reference,251,39,3,0.5127352836494987,-13.634323120117188
dpo,reference,251,39,4,0.20502380405806828,-14.550956726074219
dpo,reference,612,39,1,0.012250893465296581,-22.1513671875
dpo,reference,612,39,2,0.3106661412849625,-18.91824722290039
dpo,reference,612,39,3,0.10993140787031196,-19.957109451293945
dpo,reference,612,39,4,0.5671515573794289,-18.31633949279785
dpo,reference,737,39,1,0.15110897778696297,-20.155908584594727
dpo,reference,737,39,2,0.3475736799910643,-19.322933197021484
dpo,reference,737,39,3,0.3295975189819596,-19.37603759765625
dpo,reference,737,39,4,0.17171982324001311,-20.028045654296875
dpo,reference,867,39,1,0.44278610942972135,-10.439476013183594
dpo,reference,867,39,2,0.17125746775886833,-11.389394760131836
dpo,reference,867,39,3,0.0012403074866058482,-16.317203521728516
dpo,reference,867,39,4,0.3847161153248044,-10.580057144165039
dpo,reference,945,39,1,0.15945009257146475,-21.802278518676758
dpo,reference,945,39,2,0.3586402549378968,-20.991689682006836
dpo,reference,945,39,3,0.3021540258229222,-21.16307258605957
dpo,reference,945,39,4,0.17975562666771616,-21.682411193847656
dpo,reference,54,40,1,0.005207580732415149,-15.171710968017578
dpo,reference,54,40,2,0.48978909444545854,-10.627851486206055
dpo,reference,54,40,3,0.2424918580018519,-11.33085823059082
dpo,reference,54,40,4,0.2625114668202743,-11.251531600952148
dpo,reference,251,40,1,0.2543984219955692,-14.14767074584961
dpo,reference,251,40,2,0.025495934662717164,-16.44805335998535
dpo,reference,251,40,3,0.44571395307197587,-13.586894989013672
dpo,reference,251,40,4,0.2743916902697377,-14.072015762329102
dpo,reference,612,40,1,0.02501839586036569,-21.768226623535156
dpo,reference,612,40,2,0.3772198486150826,-19.055009841918945
dpo,reference,612,40,3,0.0777208752198289,-20.634714126586914
dpo,reference,612,40,4,0.5200408803047227,-18.733930587768555
dpo,reference,737,40,1,0.22571537687932222,-19.757108688354492
dpo,reference,737,40,2,0.3876783478056862,-19.21620750427246
dpo,reference,737,40,3,0.2840256483333154,-19.527318954467773
dpo,reference,737,40,4,0.1025806269816761,-20.545734405517578
dpo,reference,867,40,1,0.5223810996025494,-9.913799285888672
dpo,reference,867,40,2,0.23566003598919263,-10.709806442260742
dpo,reference,867,40,3,0.0014399166324908692,-15.807611465454102
dpo,reference,867,40,4,0.24051894777576718,-10.689397811889648
dpo,reference,945,40,1,0.10954674709473185,-22.040485382080078
dpo,reference,945,40,2,0.4031300908709495,-20.737577438354492
dpo,reference,945,40,3,0.3792268270626324,-20.798702239990234
dpo,reference,945,40,4,0.1080963349716864,-22.053813934326172
dpo,reference,54,41,1,0.010012801856114905,-14.453338623046875
dpo,reference,54,41,2,0.5464073361622165,-10.453838348388672
dpo,reference,54,41,3,0.15932781994353085,-11.686239242553711
dpo,reference,54,41,4,0.2842520420381378,-11.107341766357422
dpo,reference,251,41,1,0.22012395360720335,-14.346342086791992
dpo,reference,251,41,2,0.038994057315726145,-16.077123641967773
dpo,reference,251,41,3,0.4383486126646338,-13.65751838684082
dpo,reference,251,41,4,0.3025333764124367,-14.028341293334961
dpo,reference,612,41,1,0.017975814738264585,-21.689208984375
dpo,reference,612,41,2,0.23039365866406902,-19.138446807861328
dpo,reference,612,41,3,0.06527907038332119,-20.399564743041992
dpo,reference,612,41,4,0.6863514562143452,-18.046846389770508
dpo,reference,737,41,1,0.1753820575030135,-19.943708419799805
dpo,reference,737,41,2,0.47199233044146843,-18.953712463378906
dpo,reference,737,41,3,0.2813196093797071,-19.47118377685547
dpo,reference,737,41,4,0.07130600267581087,-20.84369468688965
dpo,reference,867,41,1,0.4150904587453777,-9.843719482421875
dpo,reference,867,41,2,0.3809650895884713,-9.929508209228516
dpo,reference,867,41,3,0.0023042552723349335,-15.037458419799805
dpo,reference,867,41,4,0.2016401963938161,-10.565731048583984
dpo,reference,945,41,1,0.1544008687905536,-21.645675659179688
dpo,reference,945,41,2,0.3559321690936761,-20.810487747192383
dpo,reference,945,41,3,0.2763524308572541,-21.06355094909668
dpo,reference,945,41,4,0.21331453125851624,-21.322460174560547
dpo,reference,54,42,1,0.012034581667896511,-14.320804595947266
dpo,reference,54,42,2,0.5592423011845677,-10.482006072998047
dpo,reference,54,42,3,0.16173379298599616,-11.722637176513672
dpo,reference,54,42,4,0.2669893241615396,-11.221380233764648
dpo,reference,251,42,1,0.19309910536436198,-14.477123260498047
dpo,reference,251,42,2,0.04076188260737153,-16.03257942199707
dpo,reference,251,42,3,0.3182743158579775,-13.977413177490234
dpo,reference,251,42,4,0.44786469617028907,-13.635835647583008
dpo,reference,612,42,1,0.04566259533514895,-20.700481414794922
dpo,reference,612,42,2,0.16894026078891267,-19.392215728759766
dpo,reference,612,42,3,0.09156994892727419,-20.004657745361328
dpo,reference,612,42,4,0.6938271949486643,-17.979537963867188
dpo,reference,737,42,1,0.18910485482585987,-19.91289520263672
dpo,reference,737,42,2,0.4625323730995485,-19.01848030090332
dpo,reference,737,42,3,0.27718759963708317,-19.530502319335938
dpo,reference,737,42,4,0.07117517243750845,-20.890052795410156
dpo,reference,867,42,1,0.48064027939259496,-9.76133918762207
dpo,reference,867,42,2,0.33234989474158566,-10.130270004272461
dpo,reference,867,42,3,0.0023077717774588574,-15.100175857543945
dpo,reference,867,42,4,0.1847020540883604,-10.717714309692383
dpo,reference,945,42,1,0.20588321402873339,-21.53736114501953
dpo,reference,945,42,2,0.42490314140696606,-20.812808990478516
dpo,reference,945,42,3,0.21447743782569526,-21.4964656829834
dpo,reference,945,42,4,0.15473620673860544,-21.822948455810547
dpo,reference,54,43,1,0.018280346525313736,-13.989583969116211
dpo,reference,54,43,2,0.5471242964890553,-10.590734481811523
dpo,reference,54,43,3,0.21566120452732546,-11.52170181274414
dpo,reference,54,43,4,0.2189341524583055,-11.50663948059082
dpo,reference,251,43,1,0.21385873996733631,-14.219932556152344
dpo,reference,251,43,2,0.04255472361536644,-15.834457397460938
dpo,reference,251,43,3,0.2947613588081834,-13.89908218383789
dpo,reference,251,43,4,0.44882517760911383,-13.478614807128906
dpo,reference,612,43,1,0.09534892666029281,-19.548297882080078
dpo,reference,612,43,2,0.08980365043374211,-19.60821533203125
dpo,reference,612,43,3,0.11770899726321858,-19.33762550354004
dpo,reference,612,43,4,0.6971384256427464,-17.558856964111328
dpo,reference,737,43,1,0.20096238412049622,-19.96634292602539
dpo,reference,737,43,2,0.5106066418289801,-19.03386116027832
dpo,reference,737,43,3,0.2374084013135,-19.799678802490234
dpo,reference,737,43,4,0.051022572737023764,-21.33719253540039
dpo,reference,867,43,1,0.35402831708452215,-9.779483795166016
dpo,reference,867,43,2,0.49761240288092573,-9.43903923034668
dpo,reference,867,43,3,0.0032120457184685765,-14.481952667236328
dpo,reference,867,43,4,0.14514723431608348,-10.671112060546875
dpo,reference,945,43,1,0.2544658980831452,-21.327566146850586
dpo,reference,945,43,2,0.3642706544184218,-20.968835830688477
dpo,reference,945,43,3,0.20162263744705075,-21.560335159301758
dpo,reference,945,43,4,0.17964081005138233,-21.67577362060547
dpo,reference,54,44,1,0.024735492272361867,-13.845296859741211
dpo,reference,54,44,2,0.499308906670415,-10.840311050415039
dpo,reference,54,44,3,0.2232302320642048,-11.645332336425781
dpo,reference,54,44,4,0.2527253689930185,-11.521232604980469
dpo,reference,251,44,1,0.21145682322670759,-14.37795639038086
dpo,reference,251,44,2,0.05149232217828421,-15.790544509887695
dpo,reference,251,44,3,0.29958896285726794,-14.029565811157227
dpo,reference,251,44,4,0.4374618917377402,-13.65098762512207
dpo,reference,612,44,1,0.14920601189235377,-19.092105865478516
dpo,reference,612,44,2,0.08597139123691344,-19.64341926574707
dpo,reference,612,44,3,0.13420123568934114,-19.19809341430664
dpo,reference,612,44,4,0.6306213611813917,-17.650728225708008
dpo,reference,737,44,1,0.17994701562728682,-19.941082000732422
dpo,reference,737,44,2,0.5614580457401587,-18.803207397460938
dpo,reference,737,44,3,0.18126325626213055,-19.933794021606445
dpo,reference,737,44,4,0.07733168237042398,-20.785640716552734
dpo,reference,867,44,1,0.3007413461332608,-10.141103744506836
dpo,reference,867,44,2,0.4725544458844214,-9.689201354980469
dpo,reference,867,44,3,0.011653092134221952,-13.391782760620117
dpo,reference,867,44,4,0.2150511158480959,-10.476478576660156
dpo,reference,945,44,1,0.20038674756869834,-21.549057006835938
dpo,reference,945,44,2,0.38840020732455804,-20.887269973754883
dpo,reference,945,44,3,0.20118830651336853,-21.54506492614746
dpo,reference,945,44,4,0.21002473859337498,-21.5020809173584
dpo,reference,54,45,1,0.018526606805563048,-13.85666275024414
dpo,reference,54,45,2,0.6223671459786284,-10.342340469360352
dpo,reference,54,45,3,0.15027482864010494,-11.763404846191406
dpo,reference,54,45,4,0.20883141857570367,-11.434343338012695
dpo,reference,251,45,1,0.23039160431929748,-14.305213928222656
dpo,reference,251,45,2,0.09616799010682361,-15.178897857666016
dpo,reference,251,45,3,0.33683612761108533,-13.925397872924805
dpo,reference,251,45,4,0.33660427796279363,-13.92608642578125
dpo,reference,612,45,1,0.14495567299465856,-19.196861267089844
dpo,reference,612,45,2,0.11360440054025359,-19.440567016601562
dpo,reference,612,45,3,0.18229573077026856,-18.96765899658203
dpo,reference,612,45,4,0.5591441956948193,-17.846881866455078
dpo,reference,737,45,1,0.14599913310362078,-19.95564842224121
dpo,reference,737,45,2,0.45315657592001096,-18.82301139831543
dpo,reference,737,45,3,0.3030661742197264,-19.225297927856445
dpo,reference,737,45,4,0.09777811675664182,-20.356548309326172
dpo,reference,867,45,1,0.228301601020505,-10.097028732299805
dpo,reference,867,45,2,0.5836683667153151,-9.158363342285156
dpo,reference,867,45,3,0.010300447508244789,-13.19550895690918
dpo,reference,867,45,4,0.177729584755935,-10.347433090209961
dpo,reference,945,45,1,0.3213933160597593,-20.866666793823242
dpo,reference,945,45,2,0.35405293425025486,-20.769886016845703
dpo,reference,945,45,3,0.1468748388010549,-21.649751663208008
dpo,reference,945,45,4,0.17767891088893092,-21.459354400634766
dpo,reference,54,46,1,0.02196278801528303,-13.800050735473633
dpo,reference,54,46,2,0.4591448518743245,-10.760034561157227
dpo,reference,54,46,3,0.16222206858860067,-11.800434112548828
dpo,reference,54,46,4,0.3566702915217919,-11.012588500976562
dpo,reference,251,46,1,0.22259632654559205,-14.059537887573242
dpo,reference,251,46,2,0.07311258292070483,-15.172897338867188
dpo,reference,251,46,3,0.350218559554745,-13.606340408325195
dpo,reference,251,46,4,0.35407253097895813,-13.595396041870117
dpo,reference,612,46,1,0.18885609713289345,-19.100326538085938
dpo,reference,612,46,2,0.15140060692184218,-19.321382522583008
dpo,reference,612,46,3,0.15590029806849015,-19.292095184326172
dpo,reference,612,46,4,0.5038429978767742,-18.119047164916992
dpo,reference,737,46,1,0.11012964395874511,-20.12128257751465
dpo,reference,737,46,2,0.4592798214332932,-18.693281173706055
dpo,reference,737,46,3,0.2775447798226422,-19.196958541870117
dpo,reference,737,46,4,0.15304575478531943,-19.792203903198242
dpo,reference,867,46,1,0.21397145885174898,-10.592653274536133
dpo,reference,867,46,2,0.5187513150046954,-9.707071304321289
dpo,reference,867,46,3,0.02819206550513567,-12.619455337524414
dpo,reference,867,46,4,0.23908516063841995,-10.48167610168457
dpo,reference,945,46,1,0.3033434685146799,-20.798076629638672
dpo,reference,945,46,2,0.3205534822117814,-20.74289321899414
dpo,reference,945,46,3,0.14184756009662797,-21.558189392089844
dpo,reference,945,46,4,0.23425548917691058,-21.056529998779297
dpo,reference,54,47,1,0.027226607694027138,-13.590080261230469
dpo,reference,54,47,2,0.5644107801017898,-10.558492660522461
dpo,reference,54,47,3,0.12944940397352137,-12.030984878540039
dpo,reference,54,47,4,0.2789132082306616,-11.263374328613281
dpo,reference,251,47,1,0.2067016231360473,-14.187734603881836
dpo,reference,251,47,2,0.08657757875016252,-15.05797004699707
dpo,reference,251,47,3,0.2755904638689042,-13.900094985961914
dpo,reference,251,47,4,0.43113033424488606,-13.452600479125977
dpo,reference,612,47,1,0.14940056937155904,-19.088077545166016
dpo,reference,612,47,2,0.108558317476872,-19.407421112060547
dpo,reference,612,47,3,0.2118091048691112,-18.739023208618164
dpo,reference,612,47,4,0.5302320082824579,-17.821393966674805
dpo,reference,737,47,1,0.19957405137732412,-19.791053771972656
dpo,reference,737,47,2,0.4943888085310081,-18.8839168548584
dpo,reference,737,47,3,0.15044884054216145,-20.07361602783203
dpo,reference,737,47,4,0.15558829954950631,-20.04002571105957
dpo,reference,867,47,1,0.17334316616708684,-10.564874649047852
dpo,reference,867,47,2,0.592535430681351,-9.335737228393555
dpo,reference,867,47,3,0.030497545951402756,-12.302501678466797
dpo,reference,867,47,4,0.20362385720015955,-10.403873443603516
dpo,reference,945,47,1,0.2871163891949984,-21.04374122619629
dpo,reference,945,47,2,0.3914659665911873,-20.73373031616211
dpo,reference,945,47,3,0.1718903313384006,-21.556772232055664
dpo,reference,945,47,4,0.1495273128754138,-21.696149826049805
dpo,reference,54,48,1,0.01866392406740024,-13.839570999145508
dpo,reference,54,48,2,0.45452017752218105,-10.646921157836914
dpo,reference,54,48,3,0.13294495002323384,-11.876228332519531
dpo,reference,54,48,4,0.39387094838718484,-10.790140151977539
dpo,reference,251,48,1,0.25443105051740944,-13.931886672973633
dpo,reference,251,48,2,0.07727097903347466,-15.123598098754883
dpo,reference,251,48,3,0.28190842717661885,-13.829334259033203
dpo,reference,251,48,4,0.386389543272497,-13.514070510864258
dpo,reference,612,48,1,0.2666511929538743,-18.366439819335938
dpo,reference,612,48,2,0.10758609567180558,-19.274089813232422
dpo,reference,612,48,3,0.2634154575519067,-18.37864875793457
dpo,reference,612,48,4,0.36234725382241345,-18.059778213500977
dpo,reference,737,48,1,0.15719147818077953,-19.843334197998047
dpo,reference,737,48,2,0.46711791416221726,-18.75421714782715
dpo,reference,737,48,3,0.19300762842574598,-19.63806915283203
dpo,reference,737,48,4,0.1826829792312573,-19.69304656982422
dpo,reference,867,48,1,0.11896166698150594,-11.357295989990234
dpo,reference,867,48,2,0.5298231672351846,-9.863554000854492
dpo,reference,867,48,3,0.05714084733396435,-12.090578079223633
dpo,reference,867,48,4,0.29407431844934495,-10.452264785766602
dpo,reference,945,48,1,0.28037029787821843,-20.80637550354004
dpo,reference,945,48,2,0.34636962511822317,-20.594980239868164
dpo,reference,945,48,3,0.20808861452179522,-21.104522705078125
dpo,reference,945,48,4,0.1651714624817632,-21.33550262451172
dpo,reference,54,49,1,0.01968521393979215,-13.833515167236328
dpo,reference,54,49,2,0.4899752444537629,-10.619028091430664
dpo,reference,54,49,3,0.17640471070971775,-11.640602111816406
dpo,reference,54,49,4,0.31393483089672714,-11.064197540283203
dpo,reference,251,49,1,0.17897776989347258,-14.056695938110352
dpo,reference,251,49,2,0.06299005060610659,-15.100980758666992
dpo,reference,251,49,3,0.28819880549941795,-13.580307006835938
dpo,reference,251,49,4,0.46983337400100283,-13.09157943725586
dpo,reference,612,49,1,0.198310106063227,-18.716838836669922
dpo,reference,612,49,2,0.14727292799600594,-19.01438331604004
dpo,reference,612,49,3,0.3184042363769265,-18.243349075317383
dpo,reference,612,49,4,0.33601272956384054,-18.18952178955078
dpo,reference,737,49,1,0.16973785536164365,-19.909345626831055
dpo,reference,737,49,2,0.4796324940381384,-18.870580673217773
dpo,reference,737,49,3,0.15768556451777777,-19.98299789428711
dpo,reference,737,49,4,0.19294408608244015,-19.781200408935547
dpo,reference,867,49,1,0.11062158510070251,-11.358255386352539
dpo,reference,867,49,2,0.5156290141387722,-9.81898307800293
dpo,reference,867,49,3,0.06479966276563849,-11.893070220947266
dpo,reference,867,49,4,0.3089497379948868,-10.331192016601562
dpo,reference,945,49,1,0.3434921198224837,-20.420875549316406
dpo,reference,945,49,2,0.3142887790767228,-20.509727478027344
dpo,reference,945,49,3,0.18280032573671612,-21.051645278930664
dpo,reference,945,49,4,0.15941877536407728,-21.188505172729492
dpo,reference,54,50,1,0.02322410538027845,-13.721403121948242
dpo,reference,54,50,2,0.4732219624144298,-10.707029342651367
dpo,reference,54,50,3,0.18008784818967077,-11.673149108886719
dpo,reference,54,50,4,0.32346608401562105,-11.087499618530273
dpo,reference,251,50,1,0.20248598392601294,-14.093280792236328
dpo,reference,251,50,2,0.12036296685145555,-14.613439559936523
dpo,reference,251,50,3,0.2507852472542767,-13.879354476928711
dpo,reference,251,50,4,0.42636580196825485,-13.348653793334961
dpo,reference,612,50,1,0.14718786478361412,-18.788043975830078
dpo,reference,612,50,2,0.11941823693982118,-18.997121810913086
dpo,reference,612,50,3,0.45808433934533654,-17.652700424194336
dpo,reference,612,50,4,0.27530955893122805,-18.16185760498047
dpo,reference,737,50,1,0.13620611450586095,-20.086870193481445
dpo,reference,737,50,2,0.4151653860565202,-18.972362518310547
dpo,reference,737,50,3,0.16834294536362543,-19.875036239624023
dpo,reference,737,50,4,0.28028555407399347,-19.365230560302734
dpo,reference,867,50,1,0.11090205624740081,-11.435962677001953
dpo,reference,867,50,2,0.48572513777604936,-9.958967208862305
dpo,reference,867,50,3,0.07897774325942294,-11.775444030761719
dpo,reference,867,50,4,0.3243950627171269,-10.362648010253906
dpo,reference,945,50,1,0.25763557303901735,-20.90593147277832
dpo,reference,945,50,2,0.37616251396425143,-20.527456283569336
dpo,reference,945,50,3,0.21213311021020942,-21.100263595581055
dpo,reference,945,50,4,0.15406880278652185,-21.42007827758789
dpo,reference,54,51,1,0.03706950498326334,-13.437189102172852
dpo,reference,54,51,2,0.4701855752327662,-10.896856307983398
dpo,reference,54,51,3,0.20262854022571694,-11.738609313964844
dpo,reference,54,51,4,0.2901163795582534,-11.379701614379883
dpo,reference,251,51,1,0.23407856941460667,-14.013465881347656
dpo,reference,251,51,2,0.094390492146257,-14.921682357788086
dpo,reference,251,51,3,0.25683848630292216,-13.920675277709961
dpo,reference,251,51,4,0.4146924521362142,-13.441585540771484
dpo,reference,612,51,1,0.12418023405263198,-19.424230575561523
dpo,reference,612,51,2,0.2972067504930632,-18.551536560058594
dpo,reference,612,51,3,0.3388134042363325,-18.420515060424805
dpo,reference,612,51,4,0.23979961121797233,-18.76616096496582
dpo,reference,737,51,1,0.15637582384900484,-19.773479461669922
dpo,reference,737,51,2,0.3842923337782982,-18.874338150024414
dpo,reference,737,51,3,0.22171121496158971,-19.424365997314453
dpo,reference,737,51,4,0.2376206274111073,-19.355066299438477
dpo,reference,867,51,1,0.10022256410556041,-11.758865356445312
dpo,reference,867,51,2,0.44413922792771066,-10.270120620727539
dpo,reference,867,51,3,0.11209803402175629,-11.64688491821289
dpo,reference,867,51,4,0.3435401739449727,-10.526954650878906
dpo,reference,945,51,1,0.19672881223100303,-21.066280364990234
dpo,reference,945,51,2,0.3810455610896049,-20.405187606811523
dpo,reference,945,51,3,0.3026064252943388,-20.63567352294922
dpo,reference,945,51,4,0.11961920138505334,-21.563793182373047
dpo,reference,54,52,1,0.01988919349189201,-13.842416763305664
dpo,reference,54,52,2,0.4894958237252932,-10.639217376708984
dpo,reference,54,52,3,0.1838812204228721,-11.618303298950195
dpo,reference,54,52,4,0.3067337623599426,-11.106613159179688
dpo,reference,251,52,1,0.26951164184401355,-14.056879043579102
dpo,reference,251,52,2,0.13650684650961584,-14.737115859985352
dpo,reference,251,52,3,0.2574962029561828,-14.102485656738281
dpo,reference,251,52,4,0.3364853086901878,-13.834936141967773
dpo,reference,612,52,1,0.09844234737940752,-19.49648666381836
dpo,reference,612,52,2,0.20742887921213132,-18.751169204711914
dpo,reference,612,52,3,0.4475898390639358,-17.982080459594727
dpo,reference,612,52,4,0.2465389343445254,-18.57843780517578
dpo,reference,737,52,1,0.16591294518475438,-19.739742279052734
dpo,reference,737,52,2,0.41295237571416904,-18.82787322998047
dpo,reference,737,52,3,0.2189320040533478,-19.462444305419922
dpo,reference,737,52,4,0.20220267504772876,-19.541934967041016
dpo,reference,867,52,1,0.09035203663459733,-12.378637313842773
dpo,reference,867,52,2,0.3389489424138103,-11.056501388549805
dpo,reference,867,52,3,0.17689968780432905,-11.706768035888672
dpo,reference,867,52,4,0.3937993331472632,-10.906509399414062
dpo,reference,945,52,1,0.27082395186445857,-20.76326560974121
dpo,reference,945,52,2,0.3600681636517512,-20.47844123840332
dpo,reference,945,52,3,0.21981744706956471,-20.97193717956543
dpo,reference,945,52,4,0.14929043741422554,-21.358840942382812
dpo,reference,54,53,1,0.033387269555207794,-13.483907699584961
dpo,reference,54,53,2,0.48551167377370574,-10.806879043579102
dpo,reference,54,53,3,0.20853854876096575,-11.651958465576172
dpo,reference,54,53,4,0.2725625079101208,-11.384214401245117
dpo,reference,251,53,1,0.23117176066240458,-14.324098587036133
dpo,reference,251,53,2,0.14318971539284486,-14.803089141845703
dpo,reference,251,53,3,0.3070863439442333,-14.040130615234375
dpo,reference,251,53,4,0.31855218000051727,-14.003473281860352
dpo,reference,612,53,1,0.04056418771651137,-20.47477912902832
dpo,reference,612,53,2,0.26159218354132163,-18.610877990722656
dpo,reference,612,53,3,0.4187341314344303,-18.14042854309082
dpo,reference,612,53,4,0.27910949730773676,-18.54606056213379
dpo,reference,737,53,1,0.19003689039482813,-19.643203735351562
dpo,reference,737,53,2,0.40500200841874334,-18.88652992248535
dpo,reference,737,53,3,0.21634122036862333,-19.513565063476562
dpo,reference,737,53,4,0.1886198808178052,-19.65068817138672
dpo,reference,867,53,1,0.10286761669811768,-11.898807525634766
dpo,reference,867,53,2,0.3105950931854272,-10.793760299682617
dpo,reference,867,53,3,0.06686042000989792,-12.329643249511719
dpo,reference,867,53,4,0.5196768701065572,-10.279043197631836
dpo,reference,945,53,1,0.3595207669992096,-20.490324020385742
dpo,reference,945,53,2,0.3372081132751045,-20.55439567565918
dpo,reference,945,53,3,0.18142675802624209,-21.174243927001953
dpo,reference,945,53,4,0.12184436169944375,-21.572351455688477
dpo,reference,54,54,1,0.029782694044076994,-13.662046432495117
dpo,reference,54,54,2,0.47125000339999973,-10.900585174560547
dpo,reference,54,54,3,0.22330993883688335,-11.64741325378418
dpo,reference,54,54,4,0.2756573637190399,-11.43681526184082
dpo,reference,251,54,1,0.28845173362707616,-13.985008239746094
dpo,reference,251,54,2,0.08740198463943076,-15.179018020629883
dpo,reference,251,54,3,0.22723944550488712,-14.223531723022461
dpo,reference,251,54,4,0.39690683622860606,-13.665834426879883
dpo,reference,612,54,1,0.04767937103246702,-20.319547653198242
dpo,reference,612,54,2,0.2987441618396152,-18.484458923339844
dpo,reference,612,54,3,0.3734483752189613,-18.261266708374023
dpo,reference,612,54,4,0.2801280919089565,-18.548799514770508
dpo,reference,737,54,1,0.16323927753895764,-19.68020248413086
dpo,reference,737,54,2,0.38846399885122157,-18.81321907043457
dpo,reference,737,54,3,0.2412004816450494,-19.289791107177734
dpo,reference,737,54,4,0.20709624196477144,-19.442235946655273
dpo,reference,867,54,1,0.09228809728055055,-12.088958740234375
dpo,reference,867,54,2,0.2712404899218192,-11.010868072509766
dpo,reference,867,54,3,0.12373750160535099,-11.795711517333984
dpo,reference,867,54,4,0.5127339111922793,-10.374116897583008
dpo,reference,945,54,1,0.31138052360086016,-20.670289993286133
dpo,reference,945,54,2,0.37237952789978385,-20.491392135620117
dpo,reference,945,54,3,0.20645475093063265,-21.08122444152832
dpo,reference,945,54,4,0.1097851975687232,-21.712779998779297
dpo,reference,54,55,1,0.04408785247174317,-13.463956832885742
dpo,reference,54,55,2,0.48428908757706224,-11.067459106445312
dpo,reference,54,55,3,0.226942333569037,-11.825445175170898
dpo,reference,54,55,4,0.24468072638215746,-11.750186920166016
dpo,reference,251,55,1,0.28098808895380345,-14.167531967163086
dpo,reference,251,55,2,0.1668878297617273,-14.688522338867188
dpo,reference,251,55,3,0.19593133397018658,-14.528079986572266
dpo,reference,251,55,4,0.3561927473142826,-13.93037223815918
dpo,reference,612,55,1,0.03377795805967938,-20.680789947509766
dpo,reference,612,55,2,0.2757167215192426,-18.58122444152832
dpo,reference,612,55,3,0.32493752212681126,-18.41696548461914
dpo,reference,612,55,4,0.3655677982942668,-18.29914665222168
dpo,reference,737,55,1,0.09573064643563131,-20.182031631469727
dpo,reference,737,55,2,0.5237860965287366,-18.482486724853516
dpo,reference,737,55,3,0.19104698506257173,-19.491050720214844
dpo,reference,737,55,4,0.18943627197306037,-19.4995174407959
dpo,reference,867,55,1,0.10432226410022839,-11.82332992553711
dpo,reference,867,55,2,0.26526605971874806,-10.890081405639648
dpo,reference,867,55,3,0.06512190468929867,-12.294553756713867
dpo,reference,867,55,4,0.5652897714917249,-10.133476257324219
dpo,reference,945,55,1,0.3772657894672166,-20.47087860107422
dpo,reference,945,55,2,0.31980412833711097,-20.636119842529297
dpo,reference,945,55,3,0.19011081941264432,-21.156221389770508
dpo,reference,945,55,4,0.11281926278302815,-21.678041458129883
dpo,reference,54,56,1,0.03812498898080598,-13.587007522583008
dpo,reference,54,56,2,0.413830421549299,-11.202421188354492
dpo,reference,54,56,3,0.28213624787710945,-11.585487365722656
dpo,reference,54,56,4,0.2659083415927856,-11.644725799560547
dpo,reference,251,56,1,0.34735433105026764,-14.018983840942383
dpo,reference,251,56,2,0.11751556809662979,-15.102758407592773
dpo,reference,251,56,3,0.23048181595525383,-14.429157257080078
dpo,reference,251,56,4,0.30464828489784873,-14.150171279907227
dpo,reference,612,56,1,0.04359105998562479,-20.650300979614258
dpo,reference,612,56,2,0.3519746138819222,-18.561594009399414
dpo,reference,612,56,3,0.265307114769814,-18.84426498413086
dpo,reference,612,56,4,0.33912721136263896,-18.598777770996094
dpo,reference,737,56,1,0.10100984483258259,-20.230087280273438
dpo,reference,737,56,2,0.3949784136194223,-18.866474151611328
dpo,reference,737,56,3,0.1518499367723909,-19.822412490844727
dpo,reference,737,56,4,0.35216180477560416,-18.98121452331543
dpo,reference,867,56,1,0.1411812187217361,-11.536447525024414
dpo,reference,867,56,2,0.23107338507209754,-11.043756484985352
dpo,reference,867,56,3,0.05369561563583139,-12.50316047668457
dpo,reference,867,56,4,0.574049780570335,-10.13377571105957
dpo,reference,945,56,1,0.31735341249860716,-20.772493362426758
dpo,reference,945,56,2,0.2925236532750446,-20.85396385192871
dpo,reference,945,56,3,0.2763305574968603,-20.910911560058594
dpo,reference,945,56,4,0.11379237672948793,-21.798133850097656
dpo,reference,54,57,1,0.02047053060525967,-13.992414474487305
dpo,reference,54,57,2,0.3948435041149016,-11.03291130065918
dpo,reference,54,57,3,0.2611837717846488,-11.446176528930664
dpo,reference,54,57,4,0.32350219349519,-11.232194900512695
dpo,reference,251,57,1,0.2997395179683796,-14.18238639831543
dpo,reference,251,57,2,0.13429236233919953,-14.985280990600586
dpo,reference,251,57,3,0.23403163997306628,-14.42984390258789
dpo,reference,251,57,4,0.33193647971935464,-14.08035659790039
dpo,reference,612,57,1,0.030276118650002577,-20.834020614624023
dpo,reference,612,57,2,0.30755905419539065,-18.51571273803711
dpo,reference,612,57,3,0.30248485805349573,-18.5323486328125
dpo,reference,612,57,4,0.35967996910111105,-18.35916519165039
dpo,reference,737,57,1,0.1619068959147052,-19.794767379760742
dpo,reference,737,57,2,0.327147642430753,-19.09137725830078
dpo,reference,737,57,3,0.2207452839054646,-19.484779357910156
dpo,reference,737,57,4,0.2902001777490771,-19.211217880249023
dpo,reference,867,57,1,0.15291729987358413,-11.793018341064453
dpo,reference,867,57,2,0.18870668576691846,-11.582721710205078
dpo,reference,867,57,3,0.07459861241533819,-12.510793685913086
dpo,reference,867,57,4,0.5837774019441592,-10.45339584350586
dpo,reference,945,57,1,0.3026679151927765,-20.6700496673584
dpo,reference,945,57,2,0.28908771324920807,-20.71595573425293
dpo,reference,945,57,3,0.2666524977424226,-20.79673957824707
dpo,reference,945,57,4,0.1415918738155928,-21.429737091064453
dpo,reference,54,58,1,0.03263632489818446,-13.52914047241211
dpo,reference,54,58,2,0.5172358170076254,-10.766067504882812
dpo,reference,54,58,3,0.16196919099066498,-11.927160263061523
dpo,reference,54,58,4,0.28815866710352506,-11.351055145263672
dpo,reference,251,58,1,0.3837368486716547,-13.71522331237793
dpo,reference,251,58,2,0.057736483119519386,-15.609291076660156
dpo,reference,251,58,3,0.1876304460834287,-14.430706024169922
dpo,reference,251,58,4,0.3708962221253972,-13.749258041381836
dpo,reference,612,58,1,0.038214338501044366,-20.785707473754883
dpo,reference,612,58,2,0.32352465619881815,-18.649642944335938
dpo,reference,612,58,3,0.2601096452631145,-18.867815017700195
dpo,reference,612,58,4,0.37815136003702304,-18.493623733520508
dpo,reference,737,58,1,0.10297260003331575,-20.186697006225586
dpo,reference,737,58,2,0.379728152871065,-18.881704330444336
dpo,reference,737,58,3,0.2460506995083357,-19.315622329711914
dpo,reference,737,58,4,0.2712485475872835,-19.218124389648438
dpo,reference,867,58,1,0.16196616028104924,-11.547500610351562
dpo,reference,867,58,2,0.1910445405392244,-11.382381439208984
dpo,reference,867,58,3,0.05221612062642703,-12.679496765136719
dpo,reference,867,58,4,0.5947731785532993,-10.246707916259766
dpo,reference,945,58,1,0.20682478533290957,-21.21351432800293
dpo,reference,945,58,2,0.3691166748653418,-20.634273529052734
dpo,reference,945,58,3,0.34058107105233204,-20.714733123779297
dpo,reference,945,58,4,0.0834774687494166,-22.12080955505371
dpo,reference,54,59,1,0.028908801885564255,-13.765819549560547
dpo,reference,54,59,2,0.4894227786347131,-10.936738967895508
dpo,reference,54,59,3,0.1911408573864929,-11.876955032348633
dpo,reference,54,59,4,0.2905275620932298,-11.458267211914062
dpo,reference,251,59,1,0.33719564690390613,-14.105236053466797
dpo,reference,251,59,2,0.10500227607568571,-15.271917343139648
dpo,reference,251,59,3,0.2195216248444904,-14.534448623657227
dpo,reference,251,59,4,0.3382804521759177,-14.10202407836914
dpo,reference,612,59,1,0.03346205526841873,-20.762006759643555
dpo,reference,612,59,2,0.3143123051152937,-18.522031784057617
dpo,reference,612,59,3,0.23601688032031695,-18.808515548706055
dpo,reference,612,59,4,0.4162087592959706,-18.24123191833496
dpo,reference,737,59,1,0.11988153631561864,-19.955547332763672
dpo,reference,737,59,2,0.3232254742574189,-18.963701248168945
dpo,reference,737,59,3,0.2619077850610907,-19.17405891418457
dpo,reference,737,59,4,0.29498520436587183,-19.055126190185547
dpo,reference,867,59,1,0.18147315122877078,-11.29364013671875
dpo,reference,867,59,2,0.20048931622518248,-11.193986892700195
dpo,reference,867,59,3,0.03551633586793036,-12.924755096435547
dpo,reference,867,59,4,0.5825211966781163,-10.127382278442383
dpo,reference,945,59,1,0.24245422996806928,-21.010204315185547
dpo,reference,945,59,2,0.3512333592905738,-20.63956642150879
dpo,reference,945,59,3,0.30507826546619204,-20.78044891357422
dpo,reference,945,59,4,0.10123414527516483,-21.883581161499023
dpo,reference,54,60,1,0.03082177630522207,-13.642288208007812
dpo,reference,54,60,2,0.4498371037457301,-10.961624145507812
dpo,reference,54,60,3,0.24107685074593577,-11.585393905639648
dpo,reference,54,60,4,0.27826426920311215,-11.441938400268555
dpo,reference,251,60,1,0.3507649723889838,-13.917387008666992
dpo,reference,251,60,2,0.08556329061483436,-15.3282470703125
dpo,reference,251,60,3,0.16487251801686933,-14.672330856323242
dpo,reference,251,60,4,0.3987992189793124,-13.789045333862305
dpo,reference,612,60,1,0.0330272510495201,-20.825176239013672
dpo,reference,612,60,2,0.28470469968491546,-18.671056747436523
dpo,reference,612,60,3,0.2817223551799175,-18.68158721923828
dpo,reference,612,60,4,0.400545694085647,-18.329681396484375
dpo,reference,737,60,1,0.07918200867943151,-20.387123107910156
dpo,reference,737,60,2,0.3540071959146183,-18.889554977416992
dpo,reference,737,60,3,0.29885770884228463,-19.05890464782715
dpo,reference,737,60,4,0.2679530865636654,-19.168060302734375
dpo,reference,867,60,1,0.28278577639413105,-10.877269744873047
dpo,reference,867,60,2,0.20413916794592998,-11.203157424926758
dpo,reference,867,60,3,0.032726963539198746,-13.033760070800781
dpo,reference,867,60,4,0.48034809212074026,-10.347448348999023
dpo,reference,945,60,1,0.19494707149469098,-21.274141311645508
dpo,reference,945,60,2,0.3477800558604621,-20.69529914855957
dpo,reference,945,60,3,0.39268183347003194,-20.573869705200195
dpo,reference,945,60,4,0.0645910391748149,-22.378793716430664
dpo,reference,54,61,1,0.03330349269382049,-13.565263748168945
dpo,reference,54,61,2,0.43321785806472685,-10.999685287475586
dpo,reference,54,61,3,0.23371375723806675,-11.616828918457031
dpo,reference,54,61,4,0.29976489200338596,-11.367927551269531
dpo,reference,251,61,1,0.34871904387160607,-14.006994247436523
dpo,reference,251,61,2,0.0914226115211945,-15.345767974853516
dpo,reference,251,61,3,0.23694955487218658,-14.393413543701172
dpo,reference,251,61,4,0.32290878973501286,-14.083890914916992
dpo,reference,612,61,1,0.03520983579523092,-20.83110809326172
dpo,reference,612,61,2,0.3086031231909968,-18.660377502441406
dpo,reference,612,61,3,0.24805708965385584,-18.878774642944336
dpo,reference,612,61,4,0.4081299513599165,-18.380847930908203
dpo,reference,737,61,1,0.0662022000560583,-20.4781436920166
dpo,reference,737,61,2,0.3773471207849031,-18.73769187927246
dpo,reference,737,61,3,0.23789090984795588,-19.199045181274414
dpo,reference,737,61,4,0.3185597693110825,-18.907047271728516
dpo,reference,867,61,1,0.3385201954486854,-10.540885925292969
dpo,reference,867,61,2,0.21939455866393984,-10.974597930908203
dpo,reference,867,61,3,0.02689738649852581,-13.073440551757812
dpo,reference,867,61,4,0.41518785938884906,-10.336738586425781
dpo,reference,945,61,1,0.2602343618222932,-21.01156234741211
dpo,reference,945,61,2,0.30446016055456687,-20.854604721069336
dpo,reference,945,61,3,0.32175684896867823,-20.799348831176758
dpo,reference,945,61,4,0.11354862865446168,-21.840913772583008
dpo,reference,54,62,1,0.07009426039331476,-13.047183990478516
dpo,reference,54,62,2,0.45711558525879875,-11.172088623046875
dpo,reference,54,62,3,0.2328096666934055,-11.846803665161133
dpo,reference,54,62,4,0.23998048765448102,-11.81646728515625
dpo,reference,251,62,1,0.34085084511068153,-13.848880767822266
dpo,reference,251,62,2,0.06932549165629376,-15.441513061523438
dpo,reference,251,62,3,0.2265805947693492,-14.257225036621094
dpo,reference,251,62,4,0.36324306846367543,-13.785253524780273
dpo,reference,612,62,1,0.02168313956836501,-21.26812744140625
dpo,reference,612,62,2,0.2822600182257219,-18.701833724975586
dpo,reference,612,62,3,0.2804649089571373,-18.708213806152344
dpo,reference,612,62,4,0.41559193324877586,-18.314958572387695
dpo,reference,737,62,1,0.10536215135875611,-20.22513771057129
dpo,reference,737,62,2,0.3971103942300965,-18.898326873779297
dpo,reference,737,62,3,0.2734028054838567,-19.271595001220703
dpo,reference,737,62,4,0.22412464892729073,-19.470338821411133
dpo,reference,867,62,1,0.36748513647514114,-10.31022834777832
dpo,reference,867,62,2,0.23653649403114504,-10.750808715820312
dpo,reference,867,62,3,0.023701598835253846,-13.051368713378906
dpo,reference,867,62,4,0.37227677065846,-10.297273635864258
dpo,reference,945,62,1,0.22649217183188522,-21.278850555419922
dpo,reference,945,62,2,0.3309923877518409,-20.899465560913086
dpo,reference,945,62,3,0.3086589131748531,-20.969324111938477
dpo,reference,945,62,4,0.13385652724142078,-21.804792404174805
dpo,reference,54,63,1,0.048051301881896255,-13.244621276855469
dpo,reference,54,63,2,0.5104715717435524,-10.881555557250977
dpo,reference,54,63,3,0.225775888898902,-11.697347640991211
dpo,reference,54,63,4,0.21570123747564937,-11.742996215820312
dpo,reference,251,63,1,0.4004956579067041,-13.76388931274414
dpo,reference,251,63,2,0.07870524080936846,-15.39088249206543
dpo,reference,251,63,3,0.16686101789630223,-14.63943099975586
dpo,reference,251,63,4,0.35393808338762517,-13.887470245361328
dpo,reference,612,63,1,0.03671450586613328,-20.843854904174805
dpo,reference,612,63,2,0.3647977609848803,-18.547683715820312
dpo,reference,612,63,3,0.2209063907082297,-19.049287796020508
dpo,reference,612,63,4,0.3775813424407567,-18.513240814208984
dpo,reference,737,63,1,0.11056596195073239,-20.139501571655273
dpo,reference,737,63,2,0.39869832651622467,-18.856908798217773
dpo,reference,737,63,3,0.23594716174774655,-19.381505966186523
dpo,reference,737,63,4,0.2547885497852964,-19.30467987060547
dpo,reference,867,63,1,0.31224732160698637,-10.678659439086914
dpo,reference,867,63,2,0.2821688983876663,-10.779949188232422
dpo,reference,867,63,3,0.04359708359691442,-12.647464752197266
dpo,reference,867,63,4,0.36198669640843295,-10.530847549438477
dpo,reference,945,63,1,0.17326844096539196,-21.414108276367188
dpo,reference,945,63,2,0.35959245319358824,-20.683979034423828
dpo,reference,945,63,3,0.3479929028164466,-20.716768264770508
dpo,reference,945,63,4,0.1191462030245732,-21.788599014282227
dpo,reference,54,64,1,0.05058952189628441,-13.343120574951172
dpo,reference,54,64,2,0.4498952541660588,-11.15785026550293
dpo,reference,54,64,3,0.27694360826510733,-11.643051147460938
dpo,reference,54,64,4,0.22257161567254946,-11.861616134643555
dpo,reference,251,64,1,0.4556058908855361,-13.52108383178711
dpo,reference,251,64,2,0.046191530123698615,-15.809915542602539
dpo,reference,251,64,3,0.1329380719308349,-14.752828598022461
dpo,reference,251,64,4,0.3652645070599303,-13.742090225219727
dpo,reference,612,64,1,0.030139717344832426,-20.976871490478516
dpo,reference,612,64,2,0.2852152330395128,-18.72947120666504
dpo,reference,612,64,3,0.2662425902887792,-18.798307418823242
dpo,reference,612,64,4,0.41840245932687564,-18.346271514892578
dpo,reference,737,64,1,0.17039737890487924,-19.8555965423584
dpo,reference,737,64,2,0.43403578132869,-18.920602798461914
dpo,reference,737,64,3,0.21078383346842294,-19.64289665222168
dpo,reference,737,64,4,0.1847830062980078,-19.774547576904297
dpo,reference,867,64,1,0.4099569650373878,-10.180051803588867
dpo,reference,867,64,2,0.26617299230417746,-10.611957550048828
dpo,reference,867,64,3,0.02251529407064402,-13.0819091796875
dpo,reference,867,64,4,0.3013547485877907,-10.487815856933594
dpo,reference,945,64,1,0.23030548113517377,-21.4078369140625
dpo,reference,945,64,2,0.37093197781402476,-20.931224822998047
dpo,reference,945,64,3,0.24535772058807404,-21.344526290893555
dpo,reference,945,64,4,0.15340482046272744,-21.814163208007812
dpo,reference,54,65,1,0.054567378091739935,-13.29133415222168
dpo,reference,54,65,2,0.4661134510650645,-11.146341323852539
dpo,reference,54,65,3,0.276525714759141,-11.668466567993164
dpo,reference,54,65,4,0.20279345608405458,-11.978582382202148
dpo,reference,251,65,1,0.43423339670779465,-13.60519790649414
dpo,reference,251,65,2,0.06089298518949977,-15.569662094116211
dpo,reference,251,65,3,0.12183133334866147,-14.876142501831055
dpo,reference,251,65,4,0.3830422847540441,-13.730634689331055
dpo,reference,612,65,1,0.036858097282490405,-20.881153106689453
dpo,reference,612,65,2,0.3853521027180752,-18.53407096862793
dpo,reference,612,65,3,0.23534590047679677,-19.027172088623047
dpo,reference,612,65,4,0.3424438995226377,-18.65212059020996
dpo,reference,737,65,1,0.08857437873525809,-20.330551147460938
dpo,reference,737,65,2,0.4797948919946826,-18.641035079956055
dpo,reference,737,65,3,0.24608476666816617,-19.308717727661133
dpo,reference,737,65,4,0.18554596260189324,-19.59109115600586
dpo,reference,867,65,1,0.32408757285132717,-10.524253845214844
dpo,reference,867,65,2,0.253373504576839,-10.770402908325195
dpo,reference,867,65,3,0.03078915284185853,-12.878105163574219
dpo,reference,867,65,4,0.3917497697299753,-10.334644317626953
dpo,reference,945,65,1,0.28282189540355496,-21.091781616210938
dpo,reference,945,65,2,0.33956303820216627,-20.908939361572266
dpo,reference,945,65,3,0.27020326304935544,-21.13742446899414
dpo,reference,945,65,4,0.10741180334492344,-22.05992889404297
dpo,reference,54,66,1,0.05409962045065331,-13.164674758911133
dpo,reference,54,66,2,0.4502597975127059,-11.045677185058594
dpo,reference,54,66,3,0.24581404589055467,-11.65092658996582
dpo,reference,54,66,4,0.2498265361460859,-11.634735107421875
dpo,reference,251,66,1,0.44944972601501,-13.370443344116211
dpo,reference,251,66,2,0.028464697739579627,-16.129802703857422
dpo,reference,251,66,3,0.12566162451861843,-14.644874572753906
dpo,reference,251,66,4,0.3964239517267921,-13.495983123779297
dpo,reference,612,66,1,0.05067729986987117,-20.638242721557617
dpo,reference,612,66,2,0.3703003245846488,-18.64940643310547
dpo,reference,612,66,3,0.16491036555671876,-19.45831871032715
dpo,reference,612,66,4,0.4141120099887613,-18.53758430480957
dpo,reference,737,66,1,0.12987240152518206,-19.940025329589844
dpo,reference,737,66,2,0.4591686208303359,-18.677160263061523
dpo,reference,737,66,3,0.2350967815938128,-19.346580505371094
dpo,reference,737,66,4,0.1758621960506692,-19.636877059936523
dpo,reference,867,66,1,0.30378403095933426,-10.310522079467773
dpo,reference,867,66,2,0.37983399673036283,-10.087104797363281
dpo,reference,867,66,3,0.028743088302347765,-12.668441772460938
dpo,reference,867,66,4,0.287638884007955,-10.365133285522461
dpo,reference,945,66,1,0.230138480771572,-21.198261260986328
dpo,reference,945,66,2,0.3541596255427099,-20.767194747924805
dpo,reference,945,66,3,0.2992465488416431,-20.9356746673584
dpo,reference,945,66,4,0.11645534484407499,-21.87943458557129
dpo,reference,54,67,1,0.032402965735155054,-13.600555419921875
dpo,reference,54,67,2,0.43368831602773195,-11.006479263305664
dpo,reference,54,67,3,0.27551294856298764,-11.46017074584961
dpo,reference,54,67,4,0.25839576967412536,-11.524312973022461
dpo,reference,251,67,1,0.4646169922083388,-13.447795867919922
dpo,reference,251,67,2,0.0366423563496337,-15.987804412841797
dpo,reference,251,67,3,0.12771960557241185,-14.739171981811523
dpo,reference,251,67,4,0.3710210458696156,-13.672750473022461
dpo,reference,612,67,1,0.03992163971207966,-20.952978134155273
dpo,reference,612,67,2,0.3652261595458553,-18.7393798828125
dpo,reference,612,67,3,0.13891774932700884,-19.70601463317871
dpo,reference,612,67,4,0.45593445141505623,-18.517547607421875
dpo,reference,737,67,1,0.10464964487336709,-20.129520416259766
dpo,reference,737,67,2,0.4520819403045757,-18.666275024414062
dpo,reference,737,67,3,0.1867903092411237,-19.550151824951172
dpo,reference,737,67,4,0.2564781055809335,-19.233095169067383
dpo,reference,867,67,1,0.2574010656742536,-10.63284683227539
dpo,reference,867,67,2,0.2992255753861676,-10.482284545898438
dpo,reference,867,67,3,0.0357192717100013,-12.607791900634766
dpo,reference,867,67,4,0.4076540872295776,-10.173063278198242
dpo,reference,945,67,1,0.21615163683223568,-21.214263916015625
dpo,reference,945,67,2,0.41574695217856483,-20.56016731262207
dpo,reference,945,67,3,0.27079550509851025,-20.988880157470703
dpo,reference,945,67,4,0.09730590589068927,-22.01238441467285
dpo,reference,54,68,1,0.04243225395962614,-13.333755493164062
dpo,reference,54,68,2,0.5045756994151597,-10.857946395874023
dpo,reference,54,68,3,0.28778714940098116,-11.419443130493164
dpo,reference,54,68,4,0.16520489722423315,-11.974477767944336
dpo,reference,251,68,1,0.43330011386572564,-13.590845108032227
dpo,reference,251,68,2,0.034763738029595814,-16.11370086669922
dpo,reference,251,68,3,0.17411068926618004,-14.502584457397461
dpo,reference,251,68,4,0.35782545883849853,-13.782230377197266
dpo,reference,612,68,1,0.03831105307379982,-21.09012222290039
dpo,reference,612,68,2,0.36034500423449434,-18.848798751831055
dpo,reference,612,68,3,0.10411859079008874,-20.090330123901367
dpo,reference,612,68,4,0.49722535190161704,-18.526817321777344
dpo,reference,737,68,1,0.11418006956893906,-19.945938110351562
dpo,reference,737,68,2,0.4227006483988155,-18.63705062866211
dpo,reference,737,68,3,0.2238144028807054,-19.272897720336914
dpo,reference,737,68,4,0.2393048791515399,-19.205976486206055
dpo,reference,867,68,1,0.3335635948105883,-10.358022689819336
dpo,reference,867,68,2,0.3372104886652684,-10.347148895263672
dpo,reference,867,68,3,0.03842749438555604,-12.519083023071289
dpo,reference,867,68,4,0.2907984221385872,-10.49522590637207
dpo,reference,945,68,1,0.31040609344317177,-20.92007827758789
dpo,reference,945,68,2,0.36245323429839854,-20.765064239501953
dpo,reference,945,68,3,0.24805574863378033,-21.144306182861328
dpo,reference,945,68,4,0.07908492362464932,-22.287437438964844
dpo,reference,54,69,1,0.03633368249292836,-13.439598083496094
dpo,reference,54,69,2,0.4147365833889057,-11.00469970703125
dpo,reference,54,69,3,0.33502385261358414,-11.218141555786133
dpo,reference,54,69,4,0.21390588150458179,-11.666807174682617
dpo,reference,251,69,1,0.4326351323648549,-13.316972732543945
dpo,reference,251,69,2,0.014970752856982829,-16.680768966674805
dpo,reference,251,69,3,0.18078206763004062,-14.1895751953125
dpo,reference,251,69,4,0.3716120471481217,-13.469017028808594
dpo,reference,612,69,1,0.06908920238411524,-20.301713943481445
dpo,reference,612,69,2,0.26964496391165865,-18.940006256103516
dpo,reference,612,69,3,0.10954255124945148,-19.84079933166504
dpo,reference,612,69,4,0.5517232824547746,-18.22406578063965
dpo,reference,737,69,1,0.11484773163926607,-20.02583122253418
dpo,reference,737,69,2,0.5283086271791632,-18.499757766723633
dpo,reference,737,69,3,0.1684744290491323,-19.642654418945312
dpo,reference,737,69,4,0.18836921213243848,-19.531034469604492
dpo,reference,867,69,1,0.22351491171820229,-10.408281326293945
dpo,reference,867,69,2,0.44081524904475394,-9.729133605957031
dpo,reference,867,69,3,0.0430612590219343,-12.055135726928711
dpo,reference,867,69,4,0.2926085802151096,-10.138923645019531
dpo,reference,945,69,1,0.3230221108925987,-20.83392906188965
dpo,reference,945,69,2,0.3749810302689831,-20.68477439880371
dpo,reference,945,69,3,0.2236958300887436,-21.20136260986328
dpo,reference,945,69,4,0.07830102874967457,-22.251089096069336
dpo,reference,54,70,1,0.04805477369698082,-13.303985595703125
dpo,reference,54,70,2,0.3503079606432264,-11.317514419555664
dpo,reference,54,70,3,0.41349647489699837,-11.151678085327148
dpo,reference,54,70,4,0.18814079076279433,-11.939136505126953
dpo,reference,251,70,1,0.42816794444790107,-13.465400695800781
dpo,reference,251,70,2,0.016818087855775123,-16.70246124267578
dpo,reference,251,70,3,0.18839183000954307,-14.286392211914062
dpo,reference,251,70,4,0.3666221376867808,-13.620584487915039
dpo,reference,612,70,1,0.05871629287751595,-20.487634658813477
dpo,reference,612,70,2,0.2516414315252054,-19.032346725463867
dpo,reference,612,70,3,0.13681168085850642,-19.641746520996094
dpo,reference,612,70,4,0.5528305947387722,-18.24530029296875
dpo,reference,737,70,1,0.15324323051038466,-20.042470932006836
dpo,reference,737,70,2,0.5188919865105156,-18.82280158996582
dpo,reference,737,70,3,0.1210176853177723,-20.278560638427734
dpo,reference,737,70,4,0.20684709766132736,-19.742517471313477
dpo,reference,867,70,1,0.3013053454035647,-10.361089706420898
dpo,reference,867,70,2,0.3571979831598987,-10.190923690795898
dpo,reference,867,70,3,0.03977668637428686,-12.385932922363281
dpo,reference,867,70,4,0.3017199850622498,-10.35971450805664
dpo,reference,945,70,1,0.3730259500017262,-20.583171844482422
dpo,reference,945,70,2,0.27356932473021817,-20.893264770507812
dpo,reference,945,70,3,0.2707686906512344,-20.903554916381836
dpo,reference,945,70,4,0.08263603461682133,-22.090373992919922
dpo,reference,54,71,1,0.05840765871543659,-13.24736213684082
dpo,reference,54,71,2,0.27199372851417875,-11.709030151367188
dpo,reference,54,71,3,0.45309057175838025,-11.19871711730957
dpo,reference,54,71,4,0.21650804101200444,-11.93718147277832
dpo,reference,251,71,1,0.32813926097605284,-13.513233184814453
dpo,reference,251,71,2,0.031074281728811926,-15.870290756225586
dpo,reference,251,71,3,0.26749068997648423,-13.717586517333984
dpo,reference,251,71,4,0.3732957673186509,-13.384300231933594
dpo,reference,612,71,1,0.07711566058212066,-20.005739212036133
dpo,reference,612,71,2,0.21433094016299176,-18.983524322509766
dpo,reference,612,71,3,0.15406145667514845,-19.31369400024414
dpo,reference,612,71,4,0.5544919425797391,-18.03299331665039
dpo,reference,737,71,1,0.2054437696272876,-19.59014129638672
dpo,reference,737,71,2,0.5228339599004579,-18.656049728393555
dpo,reference,737,71,3,0.12722882857982687,-20.069326400756836
dpo,reference,737,71,4,0.14449344189242755,-19.942079544067383
dpo,reference,867,71,1,0.2330116199120127,-10.50255012512207
dpo,reference,867,71,2,0.38687942771879075,-9.995525360107422
dpo,reference,867,71,3,0.0422661488167272,-12.209651947021484
dpo,reference,867,71,4,0.3378428035524694,-10.131057739257812
dpo,reference,945,71,1,0.3409053161532774,-20.681535720825195
dpo,reference,945,71,2,0.2665481472806987,-20.92758560180664
dpo,reference,945,71,3,0.23324426791649677,-21.061054229736328
dpo,reference,945,71,4,0.15930226864952707,-21.442337036132812
dpo,reference,54,72,1,0.06872117782088867,-13.138132095336914
dpo,reference,54,72,2,0.2521942704910411,-11.837989807128906
dpo,reference,54,72,3,0.3692179588757986,-11.456802368164062
dpo,reference,54,72,4,0.30986659281227164,-11.632047653198242
dpo,reference,251,72,1,0.3240173834185183,-13.490106582641602
dpo,reference,251,72,2,0.027480370678954234,-15.95743179321289
dpo,reference,251,72,3,0.2130676287328182,-13.909294128417969
dpo,reference,251,72,4,0.43543461716970927,-13.194559097290039
dpo,reference,612,72,1,0.03545839693148566,-20.609121322631836
dpo,reference,612,72,2,0.19510937273346565,-18.903921127319336
dpo,reference,612,72,3,0.1994948712751606,-18.88169288635254
dpo,reference,612,72,4,0.5699373590598881,-17.831954956054688
dpo,reference,737,72,1,0.23159099540309444,-19.482770919799805
dpo,reference,737,72,2,0.486832192483143,-18.739824295043945
dpo,reference,737,72,3,0.09943350060331765,-20.32825469970703
dpo,reference,737,72,4,0.1821433115104449,-19.722949981689453
dpo,reference,867,72,1,0.2850806564629176,-10.36850357055664
dpo,reference,867,72,2,0.36149923966986097,-10.13101577758789
dpo,reference,867,72,3,0.04502740026821884,-12.214004516601562
dpo,reference,867,72,4,0.3083927035990026,-10.289901733398438
dpo,reference,945,72,1,0.3922992214622697,-20.61495018005371
dpo,reference,945,72,2,0.24029945172154887,-21.10508918762207
dpo,reference,945,72,3,0.2290138606500769,-21.1531925201416
dpo,reference,945,72,4,0.1383874661661046,-21.656917572021484
dpo,reference,54,73,1,0.07085417296405042,-13.107961654663086
dpo,reference,54,73,2,0.21748950165633407,-11.986434936523438
dpo,reference,54,73,3,0.28398242740212165,-11.719673156738281
dpo,reference,54,73,4,0.4276738979774939,-11.310224533081055
dpo,reference,251,73,1,0.3458047858936594,-13.53213119506836
dpo,reference,251,73,2,0.04953223932608964,-15.475381851196289
dpo,reference,251,73,3,0.2065454028428461,-14.0474853515625
dpo,reference,251,73,4,0.3981175719374049,-13.391258239746094
dpo,reference,612,73,1,0.07977336935439963,-19.562572479248047
dpo,reference,612,73,2,0.11396926144466812,-19.205833435058594
dpo,reference,612,73,3,0.15392770607164796,-18.9052791595459
dpo,reference,612,73,4,0.6523296631292842,-17.461212158203125
dpo,reference,737,73,1,0.2162518668257776,-19.37881088256836
dpo,reference,737,73,2,0.4702807067484468,-18.601924896240234
dpo,reference,737,73,3,0.143718059717976,-19.78740119934082
dpo,reference,737,73,4,0.1697493667077996,-19.62093162536621
dpo,reference,867,73,1,0.24081490380094187,-10.461002349853516
dpo,reference,867,73,2,0.3865380675105082,-9.987800598144531
dpo,reference,867,73,3,0.04396385850681436,-12.161663055419922
dpo,reference,867,73,4,0.3286831701817357,-10.14993667602539
dpo,reference,945,73,1,0.40470202321763526,-20.483835220336914
dpo,reference,945,73,2,0.2456796450934187,-20.98295783996582
dpo,reference,945,73,3,0.25309283731633964,-20.953229904174805
dpo,reference,945,73,4,0.0965254943726064,-21.917179107666016
dpo,reference,54,74,1,0.14553787955616418,-12.378982543945312
dpo,reference,54,74,2,0.27361214388910027,-11.74770736694336
dpo,reference,54,74,3,0.2559677968353065,-11.814367294311523
dpo,reference,54,74,4,0.32488217971942907,-11.575956344604492
dpo,reference,251,74,1,0.3405837755518672,-13.521186828613281
dpo,reference,251,74,2,0.047268037137045145,-15.496013641357422
dpo,reference,251,74,3,0.27856126866652153,-13.722209930419922
dpo,reference,251,74,4,0.3335869186445662,-13.54194450378418
dpo,reference,612,74,1,0.043253266845564776,-20.009790420532227
dpo,reference,612,74,2,0.11672636898913906,-19.017030715942383
dpo,reference,612,74,3,0.2288715361816565,-18.34370231628418
dpo,reference,612,74,4,0.6111488279836398,-17.361522674560547
dpo,reference,737,74,1,0.16987160964928705,-19.673795700073242
dpo,reference,737,74,2,0.5183195800264314,-18.558246612548828
dpo,reference,737,74,3,0.13790748478525827,-19.88225555419922
dpo,reference,737,74,4,0.17390132553902327,-19.65035057067871
dpo,reference,867,74,1,0.24661112029447155,-10.381690979003906
dpo,reference,867,74,2,0.4327945318572955,-9.81924057006836
dpo,reference,867,74,3,0.04774304809274498,-12.023670196533203
dpo,reference,867,74,4,0.27285129975548794,-10.280576705932617
dpo,reference,945,74,1,0.39901334418737733,-20.5651798248291
dpo,reference,945,74,2,0.23405478787704806,-21.09861946105957
dpo,reference,945,74,3,0.26965913380533635,-20.957015991210938
dpo,reference,945,74,4,0.09727273413023836,-21.976655960083008
dpo,reference,54,75,1,0.14694403604468914,-12.45924186706543
dpo,reference,54,75,2,0.28437231589727646,-11.799009323120117
dpo,reference,54,75,3,0.28549076292482134,-11.795083999633789
dpo,reference,54,75,4,0.2831928851332131,-11.803165435791016
dpo,reference,251,75,1,0.2804688232788037,-13.661764144897461
dpo,reference,251,75,2,0.0594360661430573,-15.213325500488281
dpo,reference,251,75,3,0.29819498682886275,-13.600479125976562
dpo,reference,251,75,4,0.3619001237492763,-13.406858444213867
dpo,reference,612,75,1,0.062335676761736805,-19.47324562072754
dpo,reference,612,75,2,0.08752693825874656,-19.133832931518555
dpo,reference,612,75,3,0.22789573378827685,-18.176891326904297
dpo,reference,612,75,4,0.6222416511912398,-17.17245101928711
dpo,reference,737,75,1,0.19870711843718225,-19.488798141479492
dpo,reference,737,75,2,0.46652221386286263,-18.635324478149414
dpo,reference,737,75,3,0.11875170055453287,-20.00359535217285
dpo,reference,737,75,4,0.21601896714542226,-19.405263900756836
dpo,reference,867,75,1,0.2222937277437676,-10.59646987915039
dpo,reference,867,75,2,0.39297335400364153,-10.026727676391602
dpo,reference,867,75,3,0.05086498146750209,-12.071294784545898
dpo,reference,867,75,4,0.3338679367850888,-10.18972396850586
dpo,reference,945,75,1,0.3797677862795457,-20.720455169677734
dpo,reference,945,75,2,0.24560044767731265,-21.156309127807617
dpo,reference,945,75,3,0.30663452008406844,-20.934358596801758
dpo,reference,945,75,4,0.06799724595907317,-22.440547943115234
dpo,reference,54,76,1,0.15475147011225715,-12.311500549316406
dpo,reference,54,76,2,0.35429113137664064,-11.48320198059082
dpo,reference,54,76,3,0.18792480473770806,-12.117279052734375
dpo,reference,54,76,4,0.30303259377339414,-11.639480590820312
dpo,reference,251,76,1,0.3072696409731973,-13.481193542480469
dpo,reference,251,76,2,0.037381838748700505,-15.58773422241211
dpo,reference,251,76,3,0.3289932924088075,-13.412881851196289
dpo,reference,251,76,4,0.3263552278692947,-13.42093276977539
dpo,reference,612,76,1,0.056243735736081775,-19.818330764770508
dpo,reference,612,76,2,0.12450497832920535,-19.023679733276367
dpo,reference,612,76,3,0.24879169513263957,-18.331409454345703
dpo,reference,612,76,4,0.5704595908020733,-17.501583099365234
dpo,reference,737,76,1,0.25054913763644854,-19.349565505981445
dpo,reference,737,76,2,0.48793762301722127,-18.683032989501953
dpo,reference,737,76,3,0.11851073592577616,-20.098217010498047
dpo,reference,737,76,4,0.14300250342055404,-19.910358428955078
dpo,reference,867,76,1,0.2855953973948308,-10.482440948486328
dpo,reference,867,76,2,0.3686051275728089,-10.227291107177734
dpo,reference,867,76,3,0.06040991136434788,-12.035863876342773
dpo,reference,867,76,4,0.28538956366801227,-10.483161926269531
dpo,reference,945,76,1,0.4891534807836881,-20.241270065307617
dpo,reference,945,76,2,0.17056688274973203,-21.294818878173828
dpo,reference,945,76,3,0.21627204561814428,-21.057409286499023
dpo,reference,945,76,4,0.12400759084843575,-21.613603591918945
dpo,reference,54,77,1,0.12609654488950822,-12.515975952148438
dpo,reference,54,77,2,0.3768390881114571,-11.421205520629883
dpo,reference,54,77,3,0.2287018268946072,-11.920604705810547
dpo,reference,54,77,4,0.26836254010442745,-11.760684967041016
dpo,reference,251,77,1,0.3182828875258234,-13.51565170288086
dpo,reference,251,77,2,0.026642052652821806,-15.996101379394531
dpo,reference,251,77,3,0.31739112968861166,-13.518457412719727
dpo,reference,251,77,4,0.33768393013274317,-13.45648193359375
dpo,reference,612,77,1,0.08138546069692879,-19.011377334594727
dpo,reference,612,77,2,0.066676716980528,-19.210718154907227
dpo,reference,612,77,3,0.2600190227554335,-17.84981918334961
dpo,reference,612,77,4,0.5919187995671097,-17.027204513549805
dpo,reference,737,77,1,0.24185301676345267,-19.368602752685547
dpo,reference,737,77,2,0.5242836183813016,-18.594900131225586
dpo,reference,737,77,3,0.10470103751734516,-20.20582389831543
dpo,reference,737,77,4,0.12916232733790062,-19.99586296081543
dpo,reference,867,77,1,0.22180617943927716,-10.823402404785156
dpo,reference,867,77,2,0.3439899273900441,-10.384593963623047
dpo,reference,867,77,3,0.07370760726375343,-11.925100326538086
dpo,reference,867,77,4,0.36049628590692523,-10.337724685668945
dpo,reference,945,77,1,0.30147416182288433,-21.034400939941406
dpo,reference,945,77,2,0.23964479206681585,-21.263927459716797
dpo,reference,945,77,3,0.36171724340526124,-20.852222442626953
dpo,reference,945,77,4,0.09716380270503854,-22.16668701171875
dpo,reference,54,78,1,0.13588764163946424,-12.380044937133789
dpo,reference,54,78,2,0.450382521852722,-11.18177604675293
dpo,reference,54,78,3,0.17379233243830347,-12.134012222290039
dpo,reference,54,78,4,0.23993750406951034,-11.811494827270508
dpo,reference,251,78,1,0.2842811300446085,-13.717660903930664
dpo,reference,251,78,2,0.044654804430469965,-15.568662643432617
dpo,reference,251,78,3,0.31692143527237165,-13.608970642089844
dpo,reference,251,78,4,0.35414263025254983,-13.4979248046875
dpo,reference,612,78,1,0.07217366531059632,-19.33601951599121
dpo,reference,612,78,2,0.08786998675449038,-19.139236450195312
dpo,reference,612,78,3,0.29602970839633214,-17.92463493347168
dpo,reference,612,78,4,0.5439266395385812,-17.316280364990234
dpo,reference,737,78,1,0.21088464103502402,-19.458345413208008
dpo,reference,737,78,2,0.5230966017745153,-18.549890518188477
dpo,reference,737,78,3,0.10012497329317567,-20.203237533569336
dpo,reference,737,78,4,0.16589378389728493,-19.69830894470215
dpo,reference,867,78,1,0.33600456704488396,-10.347124099731445
dpo,reference,867,78,2,0.29692595100258523,-10.470766067504883
dpo,reference,867,78,3,0.042307081978489834,-12.419294357299805
dpo,reference,867,78,4,0.32476239997404094,-10.381155014038086
dpo,reference,945,78,1,0.3463027045178814,-20.888648986816406
dpo,reference,945,78,2,0.20906236980942444,-21.393329620361328
dpo,reference,945,78,3,0.3281211757888776,-20.94257926940918
dpo,reference,945,78,4,0.11651374988381653,-21.97795295715332
dpo,reference,54,79,1,0.1314108022861303,-12.31104850769043
dpo,reference,54,79,2,0.45094323413902804,-11.078035354614258
dpo,reference,54,79,3,0.19865709320717562,-11.897796630859375
dpo,reference,54,79,4,0.21898887036766618,-11.800355911254883
dpo,reference,251,79,1,0.2962551182696924,-13.622535705566406
dpo,reference,251,79,2,0.035412132255694,-15.746702194213867
dpo,reference,251,79,3,0.3576580522733732,-13.434179306030273
dpo,reference,251,79,4,0.3106746972012403,-13.575010299682617
dpo,reference,612,79,1,0.0745225793882941,-19.279333114624023
dpo,reference,612,79,2,0.08795606278462458,-19.113597869873047
dpo,reference,612,79,3,0.34972511557926245,-17.733287811279297
dpo,reference,612,79,4,0.48779624224781876,-17.400537490844727
dpo,reference,737,79,1,0.26963837142859504,-19.24714469909668
dpo,reference,737,79,2,0.47527801781333784,-18.680326461791992
dpo,reference,737,79,3,0.1361624196166316,-19.930377960205078
dpo,reference,737,79,4,0.11892119114143554,-20.065765380859375
dpo,reference,867,79,1,0.31319440943388666,-10.483589172363281
dpo,reference,867,79,2,0.3054588153409496,-10.508598327636719
dpo,reference,867,79,3,0.04900254598355542,-12.338541030883789
dpo,reference,867,79,4,0.3323442292416083,-10.42424201965332
dpo,reference,945,79,1,0.3231795244384318,-20.835464477539062
dpo,reference,945,79,2,0.1822278102243255,-21.408414840698242
dpo,reference,945,79,3,0.3584374309257499,-20.731918334960938
dpo,reference,945,79,4,0.13615523441149283,-21.69987678527832
dpo,reference,54,80,1,0.140011316820894,-12.27562141418457
dpo,reference,54,80,2,0.47197569596910377,-11.060417175292969
dpo,reference,54,80,3,0.20255253814596347,-11.90634536743164
dpo,reference,54,80,4,0.18546044906403872,-11.994503021240234
dpo,reference,251,80,1,0.24216937446895417,-13.65013313293457
dpo,reference,251,80,2,0.03302613425960826,-15.642471313476562
dpo,reference,251,80,3,0.3501335016796909,-13.281455993652344
dpo,reference,251,80,4,0.37467098959174666,-13.213722229003906
dpo,reference,612,80,1,0.10291331608811517,-18.989423751831055
dpo,reference,612,80,2,0.09011545744366281,-19.12221908569336
dpo,reference,612,80,3,0.31258058502657377,-17.878448486328125
dpo,reference,612,80,4,0.49439064144164824,-17.419984817504883
dpo,reference,737,80,1,0.21512408300993396,-19.43117332458496
dpo,reference,737,80,2,0.5833998310334297,-18.433515548706055
dpo,reference,737,80,3,0.09280880764679682,-20.271846771240234
dpo,reference,737,80,4,0.10866727830983952,-20.114097595214844
dpo,reference,867,80,1,0.3113912545637656,-10.344381332397461
dpo,reference,867,80,2,0.3325895062818462,-10.278522491455078
dpo,reference,867,80,3,0.03478625719886678,-12.536209106445312
dpo,reference,867,80,4,0.3212329819555213,-10.313264846801758
dpo,reference,945,80,1,0.2373390305755193,-21.228435516357422
dpo,reference,945,80,2,0.2190305529084487,-21.308713912963867
dpo,reference,945,80,3,0.42521328932550895,-20.645334243774414
dpo,reference,945,80,4,0.11841712719052326,-21.9237117767334
dpo,reference,54,81,1,0.06865511643300769,-12.710283279418945
dpo,reference,54,81,2,0.47511789553329825,-10.775815963745117
dpo,reference,54,81,3,0.25647559391089814,-11.392345428466797
dpo,reference,54,81,4,0.1997513941227959,-11.642305374145508
dpo,reference,251,81,1,0.22286101567139022,-13.66379165649414
dpo,reference,251,81,2,0.029899999051637417,-15.672481536865234
dpo,reference,251,81,3,0.26512640175583785,-13.490133285522461
dpo,reference,251,81,4,0.48211258352113445,-12.892162322998047
dpo,reference,612,81,1,0.11286057504469803,-18.732555389404297
dpo,reference,612,81,2,0.08178357348051854,-19.05463218688965
dpo,reference,612,81,3,0.34591007502185367,-17.612529754638672
dpo,reference,612,81,4,0.45944577645292983,-17.32868766784668
dpo,reference,737,81,1,0.19331992731647585,-19.442729949951172
dpo,reference,737,81,2,0.49185988943767917,-18.508882522583008
dpo,reference,737,81,3,0.15703374661047187,-19.650615692138672
dpo,reference,737,81,4,0.15778643663537315,-19.64583396911621
dpo,reference,867,81,1,0.26795165845010227,-10.198551177978516
dpo,reference,867,81,2,0.3995027496148599,-9.799137115478516
dpo,reference,867,81,3,0.04096861664528503,-12.07655143737793
dpo,reference,867,81,4,0.29157697528975285,-10.114053726196289
dpo,reference,945,81,1,0.2947995493186981,-20.883636474609375
dpo,reference,945,81,2,0.18278458751964596,-21.361623764038086
dpo,reference,945,81,3,0.36206090615841435,-20.678119659423828
dpo,reference,945,81,4,0.16035495700324148,-21.492542266845703
dpo,reference,54,82,1,0.06553708243620081,-12.786720275878906
dpo,reference,54,82,2,0.4236320242062572,-10.92047119140625
dpo,reference,54,82,3,0.269763206918404,-11.37179183959961
dpo,reference,54,82,4,0.24106768643913806,-11.484258651733398
dpo,reference,251,82,1,0.2801030580149402,-13.400821685791016
dpo,reference,251,82,2,0.026428063975491675,-15.761552810668945
dpo,reference,251,82,3,0.250324366994899,-13.513221740722656
dpo,reference,251,82,4,0.4431445110146691,-12.942083358764648
dpo,reference,612,82,1,0.13681594112893306,-18.46755027770996
dpo,reference,612,82,2,0.08005802385358118,-19.003435134887695
dpo,reference,612,82,3,0.40875856292363183,-17.373062133789062
dpo,reference,612,82,4,0.3743674720938539,-17.460948944091797
dpo,reference,737,82,1,0.15247687374221494,-19.4268856048584
dpo,reference,737,82,2,0.41906097366923434,-18.415882110595703
dpo,reference,737,82,3,0.22723451438703787,-19.027915954589844
dpo,reference,737,82,4,0.2012276382015129,-19.14946174621582
dpo,reference,867,82,1,0.144562424893956,-10.718671798706055
dpo,reference,867,82,2,0.45507786960903995,-9.571914672851562
dpo,reference,867,82,3,0.03561801637123836,-12.119531631469727
dpo,reference,867,82,4,0.36474168912576566,-9.793193817138672
dpo,reference,945,82,1,0.2192905613799616,-21.19379997253418
dpo,reference,945,82,2,0.20207349870443944,-21.27556610107422
dpo,reference,945,82,3,0.39317776064623533,-20.609935760498047
dpo,reference,945,82,4,0.18545817926936356,-21.36136817932129
dpo,reference,54,83,1,0.07512537041130957,-12.50033950805664
dpo,reference,54,83,2,0.5084005421968628,-10.588228225708008
dpo,reference,54,83,3,0.17734424414403424,-11.64140510559082
dpo,reference,54,83,4,0.23912984324779352,-11.342491149902344
dpo,reference,251,83,1,0.27989529887365777,-13.455741882324219
dpo,reference,251,83,2,0.04875451843950419,-15.203359603881836
dpo,reference,251,83,3,0.3185664580456699,-13.326326370239258
dpo,reference,251,83,4,0.35278372464116814,-13.224302291870117
dpo,reference,612,83,1,0.10433338366668465,-18.915842056274414
dpo,reference,612,83,2,0.1383865205171995,-18.63338279724121
dpo,reference,612,83,3,0.45221401973917014,-17.449277877807617
dpo,reference,612,83,4,0.3050660760769457,-17.842905044555664
dpo,reference,737,83,1,0.1696416009793177,-19.415590286254883
dpo,reference,737,83,2,0.4458519913928122,-18.449291229248047
dpo,reference,737,83,3,0.21420507095977345,-19.182344436645508
dpo,reference,737,83,4,0.17030133666809666,-19.41170883178711
dpo,reference,867,83,1,0.18064406059896768,-10.432743072509766
dpo,reference,867,83,2,0.49016747355895696,-9.434524536132812
dpo,reference,867,83,3,0.03783898900690417,-11.995931625366211
dpo,reference,867,83,4,0.2913494768351713,-9.954748153686523
dpo,reference,945,83,1,0.25044084708378184,-20.84491729736328
dpo,reference,945,83,2,0.19634956510402557,-21.08824348449707
dpo,reference,945,83,3,0.3244408919794966,-20.586036682128906
dpo,reference,945,83,4,0.22876869583269607,-20.935428619384766
dpo,reference,54,84,1,0.087222350256622,-12.473701477050781
dpo,reference,54,84,2,0.44447670687133667,-10.845264434814453
dpo,reference,54,84,3,0.2765298559271475,-11.319843292236328
dpo,reference,54,84,4,0.19177108694489367,-11.685859680175781
dpo,reference,251,84,1,0.2856630001387328,-13.32632827758789
dpo,reference,251,84,2,0.03207734830981107,-15.512990951538086
dpo,reference,251,84,3,0.25519097762606835,-13.439128875732422
dpo,reference,251,84,4,0.4270686739253877,-12.924196243286133
dpo,reference,612,84,1,0.0779819368874989,-19.117788314819336
dpo,reference,612,84,2,0.1032568802855794,-18.837045669555664
dpo,reference,612,84,3,0.44478578826112336,-17.376672744750977
dpo,reference,612,84,4,0.3739753945657985,-17.55007553100586
dpo,reference,737,84,1,0.13717116796544768,-19.405885696411133
dpo,reference,737,84,2,0.3506852912512332,-18.467226028442383
dpo,reference,737,84,3,0.2707468024914547,-18.72593116760254
dpo,reference,737,84,4,0.24139673829186442,-18.840673446655273
dpo,reference,867,84,1,0.09579768755939284,-11.06724739074707
dpo,reference,867,84,2,0.4543664208989361,-9.510581970214844
dpo,reference,867,84,3,0.05744241746185931,-11.578702926635742
dpo,reference,867,84,4,0.3923934740798116,-9.657220840454102
dpo,reference,945,84,1,0.1919722517203763,-21.17540740966797
dpo,reference,945,84,2,0.1819346453652389,-21.229110717773438
dpo,reference,945,84,3,0.3521870275397738,-20.56859588623047
dpo,reference,945,84,4,0.273906075374611,-20.81997299194336
dpo,reference,54,85,1,0.05733554338950585,-12.688039779663086
dpo,reference,54,85,2,0.512859913933933,-10.496957778930664
dpo,reference,54,85,3,0.18390432576630775,-11.522544860839844
dpo,reference,54,85,4,0.24590021691025343,-11.232034683227539
dpo,reference,251,85,1,0.27549527758270204,-13.618616104125977
dpo,reference,251,85,2,0.06608507477516125,-15.046243667602539
dpo,reference,251,85,3,0.2849194703954534,-13.584980010986328
dpo,reference,251,85,4,0.37350017724668333,-13.314268112182617
dpo,reference,612,85,1,0.12134549554453188,-18.685970306396484
dpo,reference,612,85,2,0.13109044754465585,-18.60872459411621
dpo,reference,612,85,3,0.45939311711133607,-17.354705810546875
dpo,reference,612,85,4,0.2881709397994761,-17.82105827331543
dpo,reference,737,85,1,0.20170242689466092,-19.118146896362305
dpo,reference,737,85,2,0.27413561511061196,-18.811317443847656
dpo,reference,737,85,3,0.27676828880118143,-18.801759719848633
dpo,reference,737,85,4,0.24739366919354572,-18.913959503173828
dpo,reference,867,85,1,0.12468425877842625,-10.97972297668457
dpo,reference,867,85,2,0.41211606176339105,-9.784202575683594
dpo,reference,867,85,3,0.060498185802761194,-11.70289421081543
dpo,reference,867,85,4,0.4027014936554216,-9.80731201171875
dpo,reference,945,85,1,0.15248986053593538,-21.340667724609375
dpo,reference,945,85,2,0.22900086035991318,-20.934040069580078
dpo,reference,945,85,3,0.3835796215907913,-20.4182186126709
dpo,reference,945,85,4,0.23492965751336012,-20.908479690551758
dpo,reference,54,86,1,0.07238905277387633,-12.438983917236328
dpo,reference,54,86,2,0.4666513388862132,-10.575456619262695
dpo,reference,54,86,3,0.18831847888874767,-11.482904434204102
dpo,reference,54,86,4,0.2726411294511629,-11.112882614135742
dpo,reference,251,86,1,0.2712534421639561,-13.420730590820312
dpo,reference,251,86,2,0.04440557509082827,-15.230419158935547
dpo,reference,251,86,3,0.21794620835351167,-13.639535903930664
dpo,reference,251,86,4,0.4663947743917039,-12.878751754760742
dpo,reference,612,86,1,0.06695008912155011,-19.020118713378906
dpo,reference,612,86,2,0.09601083891277189,-18.659605026245117
dpo,reference,612,86,3,0.5003002357094255,-17.00885772705078
dpo,reference,612,86,4,0.3367388362562525,-17.40475845336914
dpo,reference,737,86,1,0.14052524329766433,-19.065040588378906
dpo,reference,737,86,2,0.2834916638248137,-18.363245010375977
dpo,reference,737,86,3,0.34849724315121067,-18.156797409057617
dpo,reference,737,86,4,0.22748584972631125,-18.58333969116211
dpo,reference,867,86,1,0.06527014709381782,-11.391828536987305
dpo,reference,867,86,2,0.4301310946914291,-9.50627326965332
dpo,reference,867,86,3,0.06275388548945987,-11.431142807006836
dpo,reference,867,86,4,0.4418448727252932,-9.47940444946289
dpo,reference,945,86,1,0.13913595462326128,-21.359004974365234
dpo,reference,945,86,2,0.16770232182135136,-21.172266006469727
dpo,reference,945,86,3,0.3718623752478087,-20.375932693481445
dpo,reference,945,86,4,0.3212993483075787,-20.522083282470703
dpo,reference,54,87,1,0.06473861621641808,-12.598348617553711
dpo,reference,54,87,2,0.5250070502465993,-10.505294799804688
dpo,reference,54,87,3,0.19005938144733137,-11.521369934082031
dpo,reference,54,87,4,0.22019495208965117,-11.37419319152832
dpo,reference,251,87,1,0.3004891213102969,-13.516853332519531
dpo,reference,251,87,2,0.07125299827086241,-14.95602798461914
dpo,reference,251,87,3,0.2035430549571739,-13.906387329101562
dpo,reference,251,87,4,0.4247148254616668,-13.170846939086914
dpo,reference,612,87,1,0.09047681881899873,-19.084566116333008
dpo,reference,612,87,2,0.16264485898208986,-18.498090744018555
dpo,reference,612,87,3,0.47735009890880636,-17.421409606933594
dpo,reference,612,87,4,0.2695282232901049,-17.99298667907715
dpo,reference,737,87,1,0.13862854669179928,-19.1535701751709
dpo,reference,737,87,2,0.28803147832700804,-18.422298431396484
dpo,reference,737,87,3,0.322092411447776,-18.310529708862305
dpo,reference,737,87,4,0.25124756353341654,-18.558929443359375
dpo,reference,867,87,1,0.06791151662397996,-11.671529769897461
dpo,reference,867,87,2,0.3261036946742049,-10.102519989013672
dpo,reference,867,87,3,0.07203528410006194,-11.612579345703125
dpo,reference,867,87,4,0.5339495046017533,-9.609434127807617
dpo,reference,945,87,1,0.12566907770541894,-21.23815155029297
dpo,reference,945,87,2,0.1605585455532491,-20.993144989013672
dpo,reference,945,87,3,0.2875123785529925,-20.410537719726562
dpo,reference,945,87,4,0.4262599981883395,-20.016754150390625
dpo,reference,54,88,1,0.08350680165746245,-12.41240119934082
dpo,reference,54,88,2,0.5019207994495698,-10.618886947631836
dpo,reference,54,88,3,0.19257249335565738,-11.57685661315918
dpo,reference,54,88,4,0.22199990553731036,-11.434652328491211
dpo,reference,251,88,1,0.24694315756080384,-13.640016555786133
dpo,reference,251,88,2,0.07910455818843212,-14.778404235839844
dpo,reference,251,88,3,0.38740468315373877,-13.189704895019531
dpo,reference,251,88,4,0.2865476010970252,-13.491270065307617
dpo,reference,612,88,1,0.047220174170371595,-19.77933692932129
dpo,reference,612,88,2,0.15366131901922436,-18.599407196044922
dpo,reference,612,88,3,0.38882005801942376,-17.67104148864746
dpo,reference,612,88,4,0.4102984487909802,-17.617273330688477
dpo,reference,737,88,1,0.1123403217512057,-19.400470733642578
dpo,reference,737,88,2,0.29407927217597646,-18.438154220581055
dpo,reference,737,88,3,0.36341658876618615,-18.22645378112793
dpo,reference,737,88,4,0.23016381730663155,-18.683212280273438
dpo,reference,867,88,1,0.07637335300412605,-11.708284378051758
dpo,reference,867,88,2,0.29636133607535897,-10.352338790893555
dpo,reference,867,88,3,0.04898683519551889,-12.152366638183594
dpo,reference,867,88,4,0.578278475724996,-9.683862686157227
dpo,reference,945,88,1,0.15917115036908808,-20.957935333251953
dpo,reference,945,88,2,0.15167200168460546,-21.006195068359375
dpo,reference,945,88,3,0.2376578998604576,-20.557083129882812
dpo,reference,945,88,4,0.45149894808584884,-19.915342330932617
dpo,reference,54,89,1,0.1254261157279368,-12.190486907958984
dpo,reference,54,89,2,0.48694664035243096,-10.834049224853516
dpo,reference,54,89,3,0.1813391816944641,-11.821834564208984
dpo,reference,54,89,4,0.2062880622251681,-11.692930221557617
dpo,reference,251,89,1,0.2605544518967674,-13.86883544921875
dpo,reference,251,89,2,0.08408967830161801,-14.999763488769531
dpo,reference,251,89,3,0.30450806235497246,-13.712949752807617
dpo,reference,251,89,4,0.350847807446642,-13.571294784545898
dpo,reference,612,89,1,0.055361426718927756,-19.770404815673828
dpo,reference,612,89,2,0.22415926916552656,-18.371931076049805
dpo,reference,612,89,3,0.41934016054057494,-17.74560546875
dpo,reference,612,89,4,0.3011391435749707,-18.07671546936035
dpo,reference,737,89,1,0.08467652992414462,-19.724781036376953
dpo,reference,737,89,2,0.25419329517704903,-18.625524520874023
dpo,reference,737,89,3,0.3633068961719196,-18.26837158203125
dpo,reference,737,89,4,0.29782327872688674,-18.467119216918945
dpo,reference,867,89,1,0.0956914533471553,-11.769197463989258
dpo,reference,867,89,2,0.2242022254130737,-10.917778015136719
dpo,reference,867,89,3,0.06326109796145878,-12.183055877685547
dpo,reference,867,89,4,0.6168452232783123,-9.905708312988281
dpo,reference,945,89,1,0.09474189014334718,-21.702911376953125
dpo,reference,945,89,2,0.24969496531711818,-20.733827590942383
dpo,reference,945,89,3,0.30048613848198813,-20.54866600036621
dpo,reference,945,89,4,0.35507700605754655,-20.381732940673828
dpo,reference,54,90,1,0.11117121228123604,-12.413843154907227
dpo,reference,54,90,2,0.5075995811284443,-10.895221710205078
dpo,reference,54,90,3,0.22644606295835967,-11.702407836914062
dpo,reference,54,90,4,0.15478314363196,-12.082889556884766
dpo,reference,251,90,1,0.2622119893455151,-13.782186508178711
dpo,reference,251,90,2,0.06305029913051138,-15.207406997680664
dpo,reference,251,90,3,0.29837622352462123,-13.652984619140625
dpo,reference,251,90,4,0.3763614879993523,-13.42078971862793
dpo,reference,612,90,1,0.062057272138176335,-19.700429916381836
dpo,reference,612,90,2,0.22045403907294397,-18.432798385620117
dpo,reference,612,90,3,0.38394919839371716,-17.87797737121582
dpo,reference,612,90,4,0.33353949039516256,-18.018726348876953
dpo,reference,737,90,1,0.14982550041530596,-19.440242767333984
dpo,reference,737,90,2,0.3938809933134392,-18.473665237426758
dpo,reference,737,90,3,0.2852324456834091,-18.796409606933594
dpo,reference,737,90,4,0.17106106058784576,-19.307693481445312
dpo,reference,867,90,1,0.14402852740581334,-11.667375564575195
dpo,reference,867,90,2,0.17919375583281086,-11.448919296264648
dpo,reference,867,90,3,0.06359574454571823,-12.484840393066406
dpo,reference,867,90,4,0.6131819722156575,-10.218725204467773
dpo,reference,945,90,1,0.1437194539071942,-21.4509334564209
dpo,reference,945,90,2,0.2637930448178035,-20.843631744384766
dpo,reference,945,90,3,0.25194700136748477,-20.889577865600586
dpo,reference,945,90,4,0.3405404999075175,-20.5882625579834
dpo,reference,54,91,1,0.12125854849887699,-12.398042678833008
dpo,reference,54,91,2,0.4932294587884553,-10.994993209838867
dpo,reference,54,91,3,0.23234606445366496,-11.747739791870117
dpo,reference,54,91,4,0.1531659282590028,-12.164445877075195
dpo,reference,251,91,1,0.14415994414930297,-14.26213264465332
dpo,reference,251,91,2,0.07445926313727967,-14.92280387878418
dpo,reference,251,91,3,0.26676892882348247,-13.646673202514648
dpo,reference,251,91,4,0.5146118638899349,-12.989643096923828
dpo,reference,612,91,1,0.04026331322912972,-20.09769058227539
dpo,reference,612,91,2,0.21628745111629108,-18.416522979736328
dpo,reference,612,91,3,0.3646102324594831,-17.894302368164062
dpo,reference,612,91,4,0.37883900319509617,-17.856019973754883
dpo,reference,737,91,1,0.14558383663577795,-19.533714294433594
dpo,reference,737,91,2,0.3296551776511213,-18.716419219970703
dpo,reference,737,91,3,0.25694587112199624,-18.965600967407227
dpo,reference,737,91,4,0.26781511459110463,-18.924169540405273
dpo,reference,867,91,1,0.13869836285208464,-11.746528625488281
dpo,reference,867,91,2,0.15935882356331615,-11.607671737670898
dpo,reference,867,91,3,0.06593995448634214,-12.49008560180664
dpo,reference,867,91,4,0.636002859098257,-10.223627090454102
dpo,reference,945,91,1,0.12797855768353017,-21.639766693115234
dpo,reference,945,91,2,0.2750764452060212,-20.87458038330078
dpo,reference,945,91,3,0.2315430619558951,-21.046863555908203
dpo,reference,945,91,4,0.3654019351545535,-20.59063148498535
dpo,reference,54,92,1,0.09440883371041194,-12.407085418701172
dpo,reference,54,92,2,0.5569725791204503,-10.632204055786133
dpo,reference,54,92,3,0.20521752174353755,-11.63064956665039
dpo,reference,54,92,4,0.14340106542560022,-11.98907470703125
dpo,reference,251,92,1,0.1521858658876892,-14.177286148071289
dpo,reference,251,92,2,0.07335865734870198,-14.907028198242188
dpo,reference,251,92,3,0.3478317420370177,-13.350669860839844
dpo,reference,251,92,4,0.42662373472659104,-13.146486282348633
dpo,reference,612,92,1,0.03967049643819963,-19.948484420776367
dpo,reference,612,92,2,0.1468782407310122,-18.639488220214844
dpo,reference,612,92,3,0.4270377089930832,-17.572219848632812
dpo,reference,612,92,4,0.3864135538377051,-17.672183990478516
dpo,reference,737,92,1,0.13719146277135758,-19.51168441772461
dpo,reference,737,92,2,0.3646456601329512,-18.534135818481445
dpo,reference,737,92,3,0.30511249463297213,-18.71238136291504
dpo,reference,737,92,4,0.1930503824627191,-19.17011070251465
dpo,reference,867,92,1,0.24462613817761378,-11.161331176757812
dpo,reference,867,92,2,0.20197070244773174,-11.35293960571289
dpo,reference,867,92,3,0.04599546128748217,-12.83251953125
dpo,reference,867,92,4,0.5074076980871722,-10.431747436523438
dpo,reference,945,92,1,0.11515919420753928,-21.59762954711914
dpo,reference,945,92,2,0.3233251196396483,-20.56528663635254
dpo,reference,945,92,3,0.2251561787899771,-20.92715072631836
dpo,reference,945,92,4,0.33635950736283526,-20.52576446533203
dpo,reference,54,93,1,0.07071796435210283,-12.764127731323242
dpo,reference,54,93,2,0.58041149290446,-10.659090042114258
dpo,reference,54,93,3,0.2241367724986326,-11.610570907592773
dpo,reference,54,93,4,0.12473377024480457,-12.196645736694336
dpo,reference,251,93,1,0.18785987170079446,-14.12968635559082
dpo,reference,251,93,2,0.07842479848355662,-15.003242492675781
dpo,reference,251,93,3,0.20996533184225838,-14.018440246582031
dpo,reference,251,93,4,0.5237499979733905,-13.104368209838867
dpo,reference,612,93,1,0.026325657614724357,-20.150829315185547
dpo,reference,612,93,2,0.12350036500460342,-18.60512924194336
dpo,reference,612,93,3,0.48385329680652167,-17.239591598510742
dpo,reference,612,93,4,0.3663206805741506,-17.517864227294922
dpo,reference,737,93,1,0.14589018615297314,-19.533430099487305
dpo,reference,737,93,2,0.4096792282045211,-18.50090980529785
dpo,reference,737,93,3,0.23831970842369135,-19.04267120361328
dpo,reference,737,93,4,0.20611087721881446,-19.187870025634766
dpo,reference,867,93,1,0.29008252837568593,-10.872432708740234
dpo,reference,867,93,2,0.14313202453820462,-11.57883071899414
dpo,reference,867,93,3,0.02163539716531167,-13.468267440795898
dpo,reference,867,93,4,0.5451500499207976,-10.241537094116211
dpo,reference,945,93,1,0.09954765559873938,-21.85767936706543
dpo,reference,945,93,2,0.3896069589422761,-20.49317741394043
dpo,reference,945,93,3,0.2394678816232173,-20.979896545410156
dpo,reference,945,93,4,0.27137750383576736,-20.85480499267578
dpo,reference,54,94,1,0.1172938328649147,-12.32269287109375
dpo,reference,54,94,2,0.5467724328566873,-10.783342361450195
dpo,reference,54,94,3,0.2125716358256633,-11.728096008300781
dpo,reference,54,94,4,0.1233620984527347,-12.27225112915039
dpo,reference,251,94,1,0.1603061910226509,-14.170648574829102
dpo,reference,251,94,2,0.08214590883118975,-14.839237213134766
dpo,reference,251,94,3,0.24766134239955778,-13.735671997070312
dpo,reference,251,94,4,0.5098865577466016,-13.013545989990234
dpo,reference,612,94,1,0.039274003467315306,-19.928733825683594
dpo,reference,612,94,2,0.18848914918549756,-18.36025619506836
dpo,reference,612,94,3,0.4663185187104712,-17.45442771911621
dpo,reference,612,94,4,0.305918328636716,-17.875978469848633
dpo,reference,737,94,1,0.0879880510449427,-19.709033966064453
dpo,reference,737,94,2,0.3556871696563632,-18.312183380126953
dpo,reference,737,94,3,0.3668589194016316,-18.28125762939453
dpo,reference,737,94,4,0.18946585989706255,-18.942026138305664
dpo,reference,867,94,1,0.2637134554791256,-10.739564895629883
dpo,reference,867,94,2,0.21517630977004368,-10.942970275878906
dpo,reference,867,94,3,0.023724660492296205,-13.147912979125977
dpo,reference,867,94,4,0.49738557425853436,-10.105062484741211
dpo,reference,945,94,1,0.10650670543989137,-21.99262046813965
dpo,reference,945,94,2,0.4871122089688943,-20.472333908081055
dpo,reference,945,94,3,0.1861736098616301,-21.43414878845215
dpo,reference,945,94,4,0.2202074757295842,-21.266258239746094
dpo,reference,54,95,1,0.06016207097337553,-12.930122375488281
dpo,reference,54,95,2,0.5504991255154577,-10.716339111328125
dpo,reference,54,95,3,0.2481753072347081,-11.513029098510742
dpo,reference,54,95,4,0.14116349627645858,-12.077245712280273
dpo,reference,251,95,1,0.1738380608292839,-14.061826705932617
dpo,reference,251,95,2,0.07067056821061024,-14.961921691894531
dpo,reference,251,95,3,0.1776210636197147,-14.040298461914062
dpo,reference,251,95,4,0.5778703073403911,-12.860601425170898
dpo,reference,612,95,1,0.01958885758537996,-20.679153442382812
dpo,reference,612,95,2,0.17536554280872438,-18.487241744995117
dpo,reference,612,95,3,0.4648996121761251,-17.512292861938477
dpo,reference,612,95,4,0.3401459874297705,-17.824739456176758
dpo,reference,737,95,1,0.08057804253203942,-20.12504768371582
dpo,reference,737,95,2,0.4301893343833234,-18.450048446655273
dpo,reference,737,95,3,0.23598837325546043,-19.050491333007812
dpo,reference,737,95,4,0.2532442498291767,-18.97991943359375
dpo,reference,867,95,1,0.3218441185362554,-10.711238861083984
dpo,reference,867,95,2,0.17336575206471433,-11.329902648925781
dpo,reference,867,95,3,0.016286196926783267,-13.694988250732422
dpo,reference,867,95,4,0.488503932472247,-10.29395866394043
dpo,reference,945,95,1,0.213581963772504,-21.257511138916016
dpo,reference,945,95,2,0.4093496165897095,-20.606962203979492
dpo,reference,945,95,3,0.15665829597759892,-21.56746482849121
dpo,reference,945,95,4,0.2204101236601876,-21.226041793823242
dpo,reference,54,96,1,0.10052279886473069,-12.532705307006836
dpo,reference,54,96,2,0.5070751638982527,-10.914430618286133
dpo,reference,54,96,3,0.23799748114821634,-11.670829772949219
dpo,reference,54,96,4,0.1544045560888004,-12.103513717651367
dpo,reference,251,96,1,0.13148343083833453,-14.35993766784668
dpo,reference,251,96,2,0.12404444787064195,-14.41817855834961
dpo,reference,251,96,3,0.18785912857973397,-14.00312614440918
dpo,reference,251,96,4,0.5566129927112895,-12.916948318481445
dpo,reference,612,96,1,0.00900844135795358,-21.301189422607422
dpo,reference,612,96,2,0.15264810227642872,-18.471216201782227
dpo,reference,612,96,3,0.46590685671395216,-17.355365753173828
dpo,reference,612,96,4,0.3724365996516656,-17.57928466796875
dpo,reference,737,96,1,0.08415940728569925,-19.7542781829834
dpo,reference,737,96,2,0.3958356675710641,-18.205991744995117
dpo,reference,737,96,3,0.28502872062059886,-18.534400939941406
dpo,reference,737,96,4,0.23497620452263773,-18.727506637573242
dpo,reference,867,96,1,0.3791968489813798,-10.091119766235352
dpo,reference,867,96,2,0.2794502740349586,-10.396350860595703
dpo,reference,867,96,3,0.015008614081248477,-13.320550918579102
dpo,reference,867,96,4,0.32634426290241314,-10.241222381591797
dpo,reference,945,96,1,0.20382431541513577,-21.372848510742188
dpo,reference,945,96,2,0.5308322598108621,-20.415660858154297
dpo,reference,945,96,3,0.12999327626157134,-21.82262420654297
dpo,reference,945,96,4,0.13535014851243074,-21.782241821289062
dpo,reference,54,97,1,0.058089090285853094,-12.872154235839844
dpo,reference,54,97,2,0.5322805320567449,-10.656961441040039
dpo,reference,54,97,3,0.25705846255670084,-11.384828567504883
dpo,reference,54,97,4,0.15257191510070126,-11.906496047973633
dpo,reference,251,97,1,0.18320180018857532,-14.224206924438477
dpo,reference,251,97,2,0.16972539367403952,-14.300613403320312
dpo,reference,251,97,3,0.17470471483231517,-14.271697998046875
dpo,reference,251,97,4,0.47236809130506996,-13.277036666870117
dpo,reference,612,97,1,0.00888274390481212,-21.160423278808594
dpo,reference,612,97,2,0.1704091880325585,-18.206331253051758
dpo,reference,612,97,3,0.48954647635313436,-17.15105438232422
dpo,reference,612,97,4,0.3311615917094951,-17.541927337646484
dpo,reference,737,97,1,0.09512717598404635,-19.795875549316406
dpo,reference,737,97,2,0.4392792294811871,-18.265954971313477
dpo,reference,737,97,3,0.24045323811304836,-18.86856460571289
dpo,reference,737,97,4,0.22514035642171826,-18.93436622619629
dpo,reference,867,97,1,0.26535332021893754,-10.514997482299805
dpo,reference,867,97,2,0.30696217438899576,-10.369335174560547
dpo,reference,867,97,3,0.014952517280744192,-13.391180038452148
dpo,reference,867,97,4,0.4127319881113225,-10.073261260986328
dpo,reference,945,97,1,0.1819221092815831,-21.3834285736084
dpo,reference,945,97,2,0.5098153079729775,-20.35295867919922
dpo,reference,945,97,3,0.18466681819086297,-21.368453979492188
dpo,reference,945,97,4,0.12359576455457652,-21.769990921020508
dpo,reference,54,98,1,0.04749885549038762,-12.966516494750977
dpo,reference,54,98,2,0.5950199102079159,-10.438627243041992
dpo,reference,54,98,3,0.19833287307231187,-11.537275314331055
dpo,reference,54,98,4,0.15914836122938464,-11.75738525390625
dpo,reference,251,98,1,0.18044060609342982,-14.125574111938477
dpo,reference,251,98,2,0.2489365609607076,-13.803777694702148
dpo,reference,251,98,3,0.1396087973919745,-14.382131576538086
dpo,reference,251,98,4,0.43101403555388806,-13.25483512878418
dpo,reference,612,98,1,0.009396310150815802,-21.47029685974121
dpo,reference,612,98,2,0.2571727790716321,-18.160865783691406
dpo,reference,612,98,3,0.3716172883341337,-17.792749404907227
dpo,reference,612,98,4,0.36181362244341836,-17.81948471069336
dpo,reference,737,98,1,0.06814990282664045,-20.01099967956543
dpo,reference,737,98,2,0.46365228610626413,-18.09357452392578
dpo,reference,737,98,3,0.2785873512345075,-18.602977752685547
dpo,reference,737,98,4,0.1896104598325878,-18.98773765563965
dpo,reference,867,98,1,0.2891433705641887,-10.221412658691406
dpo,reference,867,98,2,0.390251064457681,-9.921545028686523
dpo,reference,867,98,3,0.01832480606859409,-12.980079650878906
dpo,reference,867,98,4,0.3022807589095363,-10.176979064941406
dpo,reference,945,98,1,0.18048290114561472,-21.610572814941406
dpo,reference,945,98,2,0.6181212445298653,-20.37952423095703
dpo,reference,945,98,3,0.10978665992753428,-22.107669830322266
dpo,reference,945,98,4,0.09160919439698567,-22.288677215576172
dpo,reference,54,99,1,0.05358214914110205,-13.077659606933594
dpo,reference,54,99,2,0.3847384616412417,-11.106311798095703
dpo,reference,54,99,3,0.3289744200129205,-11.262895584106445
dpo,reference,54,99,4,0.23270496920473568,-11.60910415649414
dpo,reference,251,99,1,0.22469127063278083,-14.042957305908203
dpo,reference,251,99,2,0.249025276059974,-13.940130233764648
dpo,reference,251,99,3,0.10191459267826918,-14.833549499511719
dpo,reference,251,99,4,0.424368860628976,-13.407081604003906
dpo,reference,612,99,1,0.00804457343953847,-21.557662963867188
dpo,reference,612,99,2,0.17725037724430912,-18.465097427368164
dpo,reference,612,99,3,0.3667704389114526,-17.737924575805664
dpo,reference,612,99,4,0.44793461040469984,-17.538013458251953
dpo,reference,737,99,1,0.07535065845902685,-19.930747985839844
dpo,reference,737,99,2,0.3837095531152617,-18.303014755249023
dpo,reference,737,99,3,0.25181283560655837,-18.724214553833008
dpo,reference,737,99,4,0.289126952819153,-18.586034774780273
dpo,reference,867,99,1,0.24654536937275293,-10.340435028076172
dpo,reference,867,99,2,0.365631920810705,-9.946353912353516
dpo,reference,867,99,3,0.019062953351553683,-12.90023422241211
dpo,reference,867,99,4,0.3687597564649883,-9.937835693359375
dpo,reference,945,99,1,0.14494804732343183,-21.768632888793945
dpo,reference,945,99,2,0.6106953762853063,-20.33041000366211
dpo,reference,945,99,3,0.1476457215029274,-21.750192642211914
dpo,reference,945,99,4,0.09671085488833438,-22.173282623291016
dpo,reference,54,100,1,0.05944142251127036,-12.962715148925781
dpo,reference,54,100,2,0.48340124554445957,-10.866859436035156
dpo,reference,54,100,3,0.221856933204445,-11.645673751831055
dpo,reference,54,100,4,0.23530039873982514,-11.586843490600586
dpo,reference,251,100,1,0.3054021125834946,-13.748432159423828
dpo,reference,251,100,2,0.18280202831469194,-14.26165771484375
dpo,reference,251,100,3,0.11911887817344867,-14.689939498901367
dpo,reference,251,100,4,0.3926769809283648,-13.497074127197266
dpo,reference,612,100,1,0.006915914868667228,-21.669198989868164
dpo,reference,612,100,2,0.16586217673268813,-18.491867065429688
dpo,reference,612,100,3,0.3553810682242413,-17.729833602905273
dpo,reference,612,100,4,0.47184084017440336,-17.446382522583008
dpo,reference,737,100,1,0.0846508444479709,-19.881755828857422
dpo,reference,737,100,2,0.5729164111303755,-17.96955108642578
dpo,reference,737,100,3,0.21090491640128814,-18.968883514404297
dpo,reference,737,100,4,0.13152782802036547,-19.441072463989258
dpo,reference,867,100,1,0.26540205756037677,-10.366966247558594
dpo,reference,867,100,2,0.33829032945055304,-10.124307632446289
dpo,reference,867,100,3,0.016003273072395355,-13.175418853759766
dpo,reference,867,100,4,0.38030433991667484,-10.007240295410156
dpo,reference,945,100,1,0.17605220936796637,-21.590612411499023
dpo,reference,945,100,2,0.6504220707599381,-20.283771514892578
dpo,reference,945,100,3,0.11093672489320339,-22.052433013916016
dpo,reference,945,100,4,0.06258899497889209,-22.62480354309082
dpo,feedback,54,0,1,0.3712115726937563,-11.455205917358398
dpo,feedback,54,0,2,0.6029922801684683,-10.970073699951172
dpo,feedback,54,0,3,0.013535056151053621,-14.766695022583008
dpo,feedback,54,0,4,0.012261090986721752,-14.865547180175781
dpo,feedback,251,0,1,0.694191099475356,-14.002059936523438
dpo,feedback,251,0,2,0.05016718807243481,-16.629446029663086
dpo,feedback,251,0,3,0.19044195905865974,-15.295459747314453
dpo,feedback,251,0,4,0.06519975339354969,-16.367351531982422
dpo,feedback,612,0,1,0.011528466077837621,-22.023841857910156
dpo,feedback,612,0,2,0.7315963931614523,-17.873432159423828
dpo,feedback,612,0,3,0.23203468246272563,-19.021774291992188
dpo,feedback,612,0,4,0.024840458297984383,-21.256187438964844
dpo,feedback,737,0,1,0.03122719912330496,-21.474811553955078
dpo,feedback,737,0,2,0.07528141785186789,-20.594867706298828
dpo,feedback,737,0,3,0.8825096617860657,-18.133331298828125
dpo,feedback,737,0,4,0.010981721238761349,-22.519868850708008
dpo,feedback,867,0,1,0.09175021384384172,-13.859933853149414
dpo,feedback,867,0,2,0.020779009578621742,-15.345060348510742
dpo,feedback,867,0,3,0.03044524853192668,-14.96307373046875
dpo,feedback,867,0,4,0.8570255280456098,-11.62553596496582
dpo,feedback,945,0,1,0.12281756762231946,-22.115964889526367
dpo,feedback,945,0,2,0.4665705454925932,-20.7812557220459
dpo,feedback,945,0,3,0.06747558918123138,-22.71489906311035
dpo,feedback,945,0,4,0.3431362977038559,-21.088537216186523
dpo,feedback,54,1,1,0.3664955797378542,-11.359493255615234
dpo,feedback,54,1,2,0.6089580424032959,-10.851730346679688
dpo,feedback,54,1,3,0.015160064770266119,-14.544815063476562
dpo,feedback,54,1,4,0.009386313088584031,-15.024227142333984
dpo,feedback,251,1,1,0.7158886275688798,-13.597084045410156
dpo,feedback,251,1,2,0.01249046331007211,-17.64564323425293
dpo,feedback,251,1,3,0.16965585927066362,-15.036836624145508
dpo,feedback,251,1,4,0.1019650498503844,-15.545978546142578
dpo,feedback,612,1,1,0.0021681493057188503,-24.025156021118164
dpo,feedback,612,1,2,0.853345279071582,-18.04986572265625
dpo,feedback,612,1,3,0.09407046799619155,-20.254985809326172
dpo,feedback,612,1,4,0.050416103626507655,-20.878719329833984
dpo,feedback,737,1,1,0.018030184939808118,-22.33860206604004
dpo,feedback,737,1,2,0.13552604571294183,-20.32148551940918
dpo,feedback,737,1,3,0.8292228313514438,-18.510160446166992
dpo,feedback,737,1,4,0.017220937995806134,-22.384523391723633
dpo,feedback,867,1,1,0.1227453975552186,-13.341596603393555
dpo,feedback,867,1,2,0.018378206061715002,-15.240543365478516
dpo,feedback,867,1,3,0.009329142704993248,-15.91856575012207
dpo,feedback,867,1,4,0.8495472536780732,-11.407005310058594
dpo,feedback,945,1,1,0.16783535970721747,-21.94459342956543
dpo,feedback,945,1,2,0.5308332593600675,-20.793128967285156
dpo,feedback,945,1,3,0.09886707464029973,-22.473800659179688
dpo,feedback,945,1,4,0.2024643062924152,-21.75701332092285
dpo,feedback,54,2,1,0.34795831625781964,-11.656475067138672
dpo,feedback,54,2,2,0.607659108879437,-11.098943710327148
dpo,feedback,54,2,3,0.033643535997400456,-13.99273681640625
dpo,feedback,54,2,4,0.010739038865342948,-15.134672164916992
dpo,feedback,251,2,1,0.5932333909495802,-13.920774459838867
dpo,feedback,251,2,2,0.019589074300991802,-17.331390380859375
dpo,feedback,251,2,3,0.2643935097111799,-14.728923797607422
dpo,feedback,251,2,4,0.1227840250382481,-15.495935440063477
dpo,feedback,612,2,1,0.002680255944069166,-24.394832611083984
dpo,feedback,612,2,2,0.7686913537606239,-18.736055374145508
dpo,feedback,612,2,3,0.027352222986715736,-22.07194709777832
dpo,feedback,612,2,4,0.20127616730859127,-20.076066970825195
dpo,feedback,737,2,1,0.008843147522249378,-23.08830451965332
dpo,feedback,737,2,2,0.3069198174046254,-19.54136085510254
dpo,feedback,737,2,3,0.6673853495408929,-18.76457977294922
dpo,feedback,737,2,4,0.01685168553223221,-22.443496704101562
dpo,feedback,867,2,1,0.1322453229395171,-13.158031463623047
dpo,feedback,867,2,2,0.016158431443391106,-15.260248184204102
dpo,feedback,867,2,3,0.00423886597404433,-16.5983943939209
dpo,feedback,867,2,4,0.8473573796430475,-11.300567626953125
dpo,feedback,945,2,1,0.15466424036645568,-22.066070556640625
dpo,feedback,945,2,2,0.5866970156655984,-20.732818603515625
dpo,feedback,945,2,3,0.14423635933302578,-22.135873794555664
dpo,feedback,945,2,4,0.11440238463492026,-22.367605209350586
dpo,feedback,54,3,1,0.12416231236861183,-12.203315734863281
dpo,feedback,54,3,2,0.8288052605671101,-10.304920196533203
dpo,feedback,54,3,3,0.0385020783787119,-13.37419319152832
dpo,feedback,54,3,4,0.008530348685565927,-14.881275177001953
dpo,feedback,251,3,1,0.4318696868993462,-14.202415466308594
dpo,feedback,251,3,2,0.014258911590369978,-17.613157272338867
dpo,feedback,251,3,3,0.34677620070730236,-14.421859741210938
dpo,feedback,251,3,4,0.20709520080298136,-14.937360763549805
dpo,feedback,612,3,1,0.00298833194539647,-24.698034286499023
dpo,feedback,612,3,2,0.58538674243601,-19.42047691345215
dpo,feedback,612,3,3,0.017758625553038445,-22.915878295898438
dpo,feedback,612,3,4,0.39386630006555506,-19.81673812866211
dpo,feedback,737,3,1,0.006369669523155081,-23.672069549560547
dpo,feedback,737,3,2,0.4762593534652776,-19.357654571533203
dpo,feedback,737,3,3,0.45063902088194047,-19.41295051574707
dpo,feedback,737,3,4,0.06673195612962678,-21.322933197021484
dpo,feedback,867,3,1,0.2673264878661971,-12.345277786254883
dpo,feedback,867,3,2,0.014778517641275472,-15.24057388305664
dpo,feedback,867,3,3,0.002504495354658537,-17.015661239624023
dpo,feedback,867,3,4,0.7153904991378689,-11.360919952392578
dpo,feedback,945,3,1,0.14198681677748026,-22.05370330810547
dpo,feedback,945,3,2,0.6061996317367058,-20.60222816467285
dpo,feedback,945,3,3,0.14296675387798777,-22.046825408935547
dpo,feedback,945,3,4,0.10884679760782615,-22.319496154785156
dpo,feedback,54,4,1,0.07038554947805789,-12.749767303466797
dpo,feedback,54,4,2,0.8525107546112466,-10.255569458007812
dpo,feedback,54,4,3,0.06403875141517691,-12.844266891479492
dpo,feedback,54,4,4,0.013064944495518685,-14.433822631835938
dpo,feedback,251,4,1,0.3604834288233636,-14.539129257202148
dpo,feedback,251,4,2,0.020292678722500353,-17.41631507873535
dpo,feedback,251,4,3,0.42173972401488785,-14.382186889648438
dpo,feedback,251,4,4,0.19748416843924813,-15.14091682434082
dpo,feedback,612,4,1,0.004384933786425791,-24.206192016601562
dpo,feedback,612,4,2,0.3523329664199478,-19.81978988647461
dpo,feedback,612,4,3,0.014484247606743923,-23.01130485534668
dpo,feedback,612,4,4,0.6287978521868826,-19.240556716918945
dpo,feedback,737,4,1,0.012660616535874946,-23.128612518310547
dpo,feedback,737,4,2,0.50237224844801,-19.44776725769043
dpo,feedback,737,4,3,0.3910061914261646,-19.69838523864746
dpo,feedback,737,4,4,0.09396094358995051,-21.124229431152344
dpo,feedback,867,4,1,0.5358599769692695,-11.373077392578125
dpo,feedback,867,4,2,0.01860122792020409,-14.733722686767578
dpo,feedback,867,4,3,0.001966693566761944,-16.9805965423584
dpo,feedback,867,4,4,0.4435721015437644,-11.562089920043945
dpo,feedback,945,4,1,0.2185182271837345,-21.34697723388672
dpo,feedback,945,4,2,0.5531377525989121,-20.41823959350586
dpo,feedback,945,4,3,0.1340594026233422,-21.83556365966797
dpo,feedback,945,4,4,0.09428461759401123,-22.187528610229492
dpo,feedback,54,5,1,0.07479007823237659,-12.997982025146484
dpo,feedback,54,5,2,0.7623322370858364,-10.676284790039062
dpo,feedback,54,5,3,0.14360920258756638,-12.345571517944336
dpo,feedback,54,5,4,0.019268482094220628,-14.354196548461914
dpo,feedback,251,5,1,0.3786884989643596,-14.243560791015625
dpo,feedback,251,5,2,0.013499817730448508,-17.577598571777344
dpo,feedback,251,5,3,0.38190544655218506,-14.235101699829102
dpo,feedback,251,5,4,0.22590623675300678,-14.760154724121094
dpo,feedback,612,5,1,0.01931048710809314,-22.919384002685547
dpo,feedback,612,5,2,0.3354511031840639,-20.064556121826172
dpo,feedback,612,5,3,0.021069400691572877,-22.832210540771484
dpo,feedback,612,5,4,0.62416900901627,-19.44361114501953
dpo,feedback,737,5,1,0.01144368322045217,-23.12959861755371
dpo,feedback,737,5,2,0.6273342958134365,-19.12555694580078
dpo,feedback,737,5,3,0.2883100990211766,-19.902999877929688
dpo,feedback,737,5,4,0.07291192194493483,-21.27778434753418
dpo,feedback,867,5,1,0.686787907150022,-10.525289535522461
dpo,feedback,867,5,2,0.03628073352063543,-13.466028213500977
dpo,feedback,867,5,3,0.0018296300042065848,-16.453201293945312
dpo,feedback,867,5,4,0.27510172932513605,-11.440174102783203
dpo,feedback,945,5,1,0.16800525564358892,-21.69732093811035
dpo,feedback,945,5,2,0.5528605907615368,-20.506210327148438
dpo,feedback,945,5,3,0.2360125045194661,-21.357431411743164
dpo,feedback,945,5,4,0.04312164907540824,-23.05729103088379
dpo,feedback,54,6,1,0.03334639178708533,-13.39515495300293
dpo,feedback,54,6,2,0.8467170148096672,-10.160737991333008
dpo,feedback,54,6,3,0.10010517151859838,-12.295883178710938
dpo,feedback,54,6,4,0.019831421884649054,-13.914836883544922
dpo,feedback,251,6,1,0.40349054725963407,-14.182058334350586
dpo,feedback,251,6,2,0.009987943571791495,-17.88083267211914
dpo,feedback,251,6,3,0.3469427266359467,-14.333051681518555
dpo,feedback,251,6,4,0.23957878253262774,-14.703329086303711
dpo,feedback,612,6,1,0.05119687687209496,-22.126670837402344
dpo,feedback,612,6,2,0.3792270858017897,-20.12421417236328
dpo,feedback,612,6,3,0.030739855798554247,-22.636789321899414
dpo,feedback,612,6,4,0.5388361815275611,-19.772937774658203
dpo,feedback,737,6,1,0.01705410797125388,-22.944250106811523
dpo,feedback,737,6,2,0.78277946003663,-19.11779022216797
dpo,feedback,737,6,3,0.14785734262112826,-20.784393310546875
dpo,feedback,737,6,4,0.052309089370987875,-21.823471069335938
dpo,feedback,867,6,1,0.8628973873684592,-9.742547988891602
dpo,feedback,867,6,2,0.02428450088722999,-13.313005447387695
dpo,feedback,867,6,3,0.0007481029889538363,-16.793058395385742
dpo,feedback,867,6,4,0.11207000875535691,-11.783720016479492
dpo,feedback,945,6,1,0.21638253605970018,-21.172800064086914
dpo,feedback,945,6,2,0.5648469616467571,-20.213293075561523
dpo,feedback,945,6,3,0.18717063378739,-21.317827224731445
dpo,feedback,945,6,4,0.031599868506152644,-23.096694946289062
dpo,feedback,54,7,1,0.008997741054984264,-14.359870910644531
dpo,feedback,54,7,2,0.8120530241713688,-9.857278823852539
dpo,feedback,54,7,3,0.15707424278834617,-11.500125885009766
dpo,feedback,54,7,4,0.021874991985300747,-13.471500396728516
dpo,feedback,251,7,1,0.2896505065778314,-14.487129211425781
dpo,feedback,251,7,2,0.012428775471131068,-17.63578987121582
dpo,feedback,251,7,3,0.502724271848677,-13.935762405395508
dpo,feedback,251,7,4,0.19519644610236062,-14.881797790527344
dpo,feedback,612,7,1,0.06729556202673899,-21.698387145996094
dpo,feedback,612,7,2,0.24618135344818573,-20.401412963867188
dpo,feedback,612,7,3,0.024034455000844338,-22.72799301147461
dpo,feedback,612,7,4,0.6624886295242309,-19.41147804260254
dpo,feedback,737,7,1,0.0214205168245607,-22.84125518798828
dpo,feedback,737,7,2,0.7280024350606253,-19.31529998779297
dpo,feedback,737,7,3,0.07431709787258015,-21.59726333618164
dpo,feedback,737,7,4,0.1762599502422338,-20.733644485473633
dpo,feedback,867,7,1,0.8563098427596708,-9.310436248779297
dpo,feedback,867,7,2,0.0579893284126213,-12.002809524536133
dpo,feedback,867,7,3,0.0011930144909298673,-15.886585235595703
dpo,feedback,867,7,4,0.08450781433677791,-11.626224517822266
dpo,feedback,945,7,1,0.37762429679601317,-20.266103744506836
dpo,feedback,945,7,2,0.43778539883729933,-20.118274688720703
dpo,feedback,945,7,3,0.15703068076502008,-21.14356231689453
dpo,feedback,945,7,4,0.027559623601667468,-22.883651733398438
dpo,feedback,54,8,1,0.003781547566756649,-14.567893981933594
dpo,feedback,54,8,2,0.8815341938245828,-9.116363525390625
dpo,feedback,54,8,3,0.09013841966163497,-11.39668083190918
dpo,feedback,54,8,4,0.024545838947025563,-12.697484970092773
dpo,feedback,251,8,1,0.1728390409030565,-14.97065544128418
dpo,feedback,251,8,2,0.027709710509229414,-16.801233291625977
dpo,feedback,251,8,3,0.5811834026120587,-13.757949829101562
dpo,feedback,251,8,4,0.21826784597565535,-14.737293243408203
dpo,feedback,612,8,1,0.18946117250317285,-20.56191635131836
dpo,feedback,612,8,2,0.16072829711429865,-20.72638511657715
dpo,feedback,612,8,3,0.023795401235919115,-22.636608123779297
dpo,feedback,612,8,4,0.6260151291466093,-19.36672592163086
dpo,feedback,737,8,1,0.034728707924140165,-22.312116622924805
dpo,feedback,737,8,2,0.8426828186952211,-19.123092651367188
dpo,feedback,737,8,3,0.04534612052511974,-22.045358657836914
dpo,feedback,737,8,4,0.07724235285551911,-21.51273536682129
dpo,feedback,867,8,1,0.8327028812931246,-9.054790496826172
dpo,feedback,867,8,2,0.11356841947705507,-11.047061920166016
dpo,feedback,867,8,3,0.002686912157501141,-14.791074752807617
dpo,feedback,867,8,4,0.0510417870723192,-11.846822738647461
dpo,feedback,945,8,1,0.35239058481339397,-20.19512939453125
dpo,feedback,945,8,2,0.42467115321962784,-20.008554458618164
dpo,feedback,945,8,3,0.20454172229848713,-20.739097595214844
dpo,feedback,945,8,4,0.018396539668491023,-23.147706985473633
dpo,feedback,54,9,1,0.0010085457426327648,-15.80056381225586
dpo,feedback,54,9,2,0.8306169359266967,-9.086904525756836
dpo,feedback,54,9,3,0.13394755440326855,-10.911624908447266
dpo,feedback,54,9,4,0.034426963927401896,-12.270233154296875
dpo,feedback,251,9,1,0.11475703657158409,-15.463823318481445
dpo,feedback,251,9,2,0.04654617393313407,-16.366195678710938
dpo,feedback,251,9,3,0.49741431374313805,-13.997217178344727
dpo,feedback,251,9,4,0.3412824757521438,-14.373929977416992
dpo,feedback,612,9,1,0.129143062476594,-20.23145866394043
dpo,feedback,612,9,2,0.0986970656474787,-20.500324249267578
dpo,feedback,612,9,3,0.058268323146282684,-21.027320861816406
dpo,feedback,612,9,4,0.7138915487296446,-18.521648406982422
dpo,feedback,737,9,1,0.03807866697714949,-22.340364456176758
dpo,feedback,737,9,2,0.7812315225615358,-19.31914710998535
dpo,feedback,737,9,3,0.03251169437874051,-22.4984188079834
dpo,feedback,737,9,4,0.14817811608257403,-20.981603622436523
dpo,feedback,867,9,1,0.6968852876833108,-8.894340515136719
dpo,feedback,867,9,2,0.25776422658142384,-9.888916015625
dpo,feedback,867,9,3,0.004137031865291901,-14.02098274230957
dpo,feedback,867,9,4,0.04121345386997348,-11.722196578979492
dpo,feedback,945,9,1,0.5264115809981237,-19.45980453491211
dpo,feedback,945,9,2,0.29420736053811175,-20.041603088378906
dpo,feedback,945,9,3,0.15919927412534318,-20.655731201171875
dpo,feedback,945,9,4,0.020181784338421268,-22.721107482910156
dpo,feedback,54,10,1,0.0006518227423183654,-16.14012336730957
dpo,feedback,54,10,2,0.816890517022493,-9.006635665893555
dpo,feedback,54,10,3,0.14507803098338273,-10.734869003295898
dpo,feedback,54,10,4,0.03737962925180573,-12.091014862060547
dpo,feedback,251,10,1,0.19519601195815023,-15.014596939086914
dpo,feedback,251,10,2,0.06558768941821334,-16.105213165283203
dpo,feedback,251,10,3,0.3760435370907744,-14.358896255493164
dpo,feedback,251,10,4,0.363172761532862,-14.393722534179688
dpo,feedback,612,10,1,0.4059419791456609,-18.467060089111328
dpo,feedback,612,10,2,0.025358697952424007,-21.240148544311523
dpo,feedback,612,10,3,0.07293703037905598,-20.183673858642578
dpo,feedback,612,10,4,0.49576229252285925,-18.267173767089844
dpo,feedback,737,10,1,0.04205592894911591,-21.96167755126953
dpo,feedback,737,10,2,0.5566738808954228,-19.378698348999023
dpo,feedback,737,10,3,0.028807281403519885,-22.340049743652344
dpo,feedback,737,10,4,0.3724629087519415,-19.780540466308594
dpo,feedback,867,10,1,0.5243287952151237,-9.223398208618164
dpo,feedback,867,10,2,0.41341497706689345,-9.461065292358398
dpo,feedback,867,10,3,0.00647995162475596,-13.616804122924805
dpo,feedback,867,10,4,0.05577627609322694,-11.464168548583984
dpo,feedback,945,10,1,0.5905497951845115,-19.156858444213867
dpo,feedback,945,10,2,0.18765190130598589,-20.30332374572754
dpo,feedback,945,10,3,0.19202171188560765,-20.280303955078125
dpo,feedback,945,10,4,0.029776591623895055,-22.144189834594727
dpo,feedback,54,11,1,0.0008834664129916764,-16.05927085876465
dpo,feedback,54,11,2,0.7295191431713363,-9.34298324584961
dpo,feedback,54,11,3,0.21046448342105073,-10.586051940917969
dpo,feedback,54,11,4,0.05913290699462134,-11.855581283569336
dpo,feedback,251,11,1,0.18283264975857955,-14.826026916503906
dpo,feedback,251,11,2,0.06549596478178037,-15.852609634399414
dpo,feedback,251,11,3,0.5140104443612046,-13.792354583740234
dpo,feedback,251,11,4,0.23766094109843547,-14.563753128051758
dpo,feedback,612,11,1,0.5382520458642599,-17.98516082763672
dpo,feedback,612,11,2,0.022525662498963345,-21.158832550048828
dpo,feedback,612,11,3,0.13584246686893947,-19.36199188232422
dpo,feedback,612,11,4,0.3033798247678372,-18.558502197265625
dpo,feedback,737,11,1,0.10687846158082037,-21.324787139892578
dpo,feedback,737,11,2,0.6520778753272951,-19.516315460205078
dpo,feedback,737,11,3,0.028609619881103207,-22.642736434936523
dpo,feedback,737,11,4,0.2124340432107813,-20.637847900390625
dpo,feedback,867,11,1,0.271006802428944,-9.992265701293945
dpo,feedback,867,11,2,0.5790400663861295,-9.233037948608398
dpo,feedback,867,11,3,0.0144673684449381,-12.922513961791992
dpo,feedback,867,11,4,0.13548576273998836,-10.685543060302734
dpo,feedback,945,11,1,0.8175834747928149,-18.113780975341797
dpo,feedback,945,11,2,0.0796564139672045,-20.442411422729492
dpo,feedback,945,11,3,0.08242736706077278,-20.40821647644043
dpo,feedback,945,11,4,0.020332744179207843,-21.80790138244629
dpo,feedback,54,12,1,0.0011193631542616319,-15.975118637084961
dpo,feedback,54,12,2,0.7380931461623524,-9.483808517456055
dpo,feedback,54,12,3,0.19862400757335735,-10.796464920043945
dpo,feedback,54,12,4,0.06216348311002842,-11.958110809326172
dpo,feedback,251,12,1,0.20715957192832576,-14.833648681640625
dpo,feedback,251,12,2,0.052911627618207835,-16.198514938354492
dpo,feedback,251,12,3,0.5195103478980216,-13.914251327514648
dpo,feedback,251,12,4,0.22041845255544473,-14.771610260009766
dpo,feedback,612,12,1,0.2748467083051116,-18.503498077392578
dpo,feedback,612,12,2,0.03912807627723443,-20.452871322631836
dpo,feedback,612,12,3,0.27129721031927345,-18.516496658325195
dpo,feedback,612,12,4,0.4147280050983805,-18.09208869934082
dpo,feedback,737,12,1,0.10454191531011817,-21.210901260375977
dpo,feedback,737,12,2,0.7774591621532034,-19.204458236694336
dpo,feedback,737,12,3,0.027810063585249033,-22.535091400146484
dpo,feedback,737,12,4,0.09018885895142925,-21.358583450317383
dpo,feedback,867,12,1,0.22804741673711168,-10.593542098999023
dpo,feedback,867,12,2,0.4606095786138975,-9.890544891357422
dpo,feedback,867,12,3,0.031922277156771074,-12.559791564941406
dpo,feedback,867,12,4,0.2794207274922197,-10.390377044677734
dpo,feedback,945,12,1,0.5009478724460998,-19.69573402404785
dpo,feedback,945,12,2,0.15081170590934587,-20.896203994750977
dpo,feedback,945,12,3,0.32490163173069775,-20.128713607788086
dpo,feedback,945,12,4,0.02333878991385652,-22.76211929321289
dpo,feedback,54,13,1,0.0025046842483671472,-15.404033660888672
dpo,feedback,54,13,2,0.7313135415819966,-9.727354049682617
dpo,feedback,54,13,3,0.18532907245177593,-11.10006332397461
dpo,feedback,54,13,4,0.08085270171786033,-11.929567337036133
dpo,feedback,251,13,1,0.08504985510286271,-15.6436767578125
dpo,feedback,251,13,2,0.10196895781529491,-15.46224594116211
dpo,feedback,251,13,3,0.7044767814789124,-13.529458999633789
dpo,feedback,251,13,4,0.1085044056029301,-15.400123596191406
dpo,feedback,612,13,1,0.2511095140003465,-18.045425415039062
dpo,feedback,612,13,2,0.02024370192887854,-20.5634708404541
dpo,feedback,612,13,3,0.39914825362117934,-17.581981658935547
dpo,feedback,612,13,4,0.32949853044959565,-17.77374267578125
dpo,feedback,737,13,1,0.10912840703216373,-21.10912322998047
dpo,feedback,737,13,2,0.7312702967172513,-19.206865310668945
dpo,feedback,737,13,3,0.03594001614675018,-22.219797134399414
dpo,feedback,737,13,4,0.12366128010383486,-20.984102249145508
dpo,feedback,867,13,1,0.1243854604465979,-11.018131256103516
dpo,feedback,867,13,2,0.5210132686295397,-9.58574104309082
dpo,feedback,867,13,3,0.01653941195198545,-13.035770416259766
dpo,feedback,867,13,4,0.3380618589718769,-10.018287658691406
dpo,feedback,945,13,1,0.23751605628726583,-21.050289154052734
dpo,feedback,945,13,2,0.26946506785442076,-20.92408561706543
dpo,feedback,945,13,3,0.4677916513514036,-20.372501373291016
dpo,feedback,945,13,4,0.02522722450690991,-23.292600631713867
dpo,feedback,54,14,1,0.001508854735844027,-15.771923065185547
dpo,feedback,54,14,2,0.7289567695776888,-9.591659545898438
dpo,feedback,54,14,3,0.19098448670483045,-10.931081771850586
dpo,feedback,54,14,4,0.07854988898163678,-11.819540023803711
dpo,feedback,251,14,1,0.03328715137503421,-16.431596755981445
dpo,feedback,251,14,2,0.15231142077418386,-14.91084098815918
dpo,feedback,251,14,3,0.7579806456226397,-13.306110382080078
dpo,feedback,251,14,4,0.05642078222814228,-15.9039306640625
dpo,feedback,612,14,1,0.12215279246125654,-18.630319595336914
dpo,feedback,612,14,2,0.02414699242014715,-20.251432418823242
dpo,feedback,612,14,3,0.5089991124640291,-17.20314598083496
dpo,feedback,612,14,4,0.34470110265456716,-17.592914581298828
dpo,feedback,737,14,1,0.09284927387990803,-21.1729679107666
dpo,feedback,737,14,2,0.7207566068123661,-19.12364387512207
dpo,feedback,737,14,3,0.02383034314998642,-22.53298568725586
dpo,feedback,737,14,4,0.1625637761577395,-20.61287498474121
dpo,feedback,867,14,1,0.08934153990971894,-11.470001220703125
dpo,feedback,867,14,2,0.44874100358679847,-9.856021881103516
dpo,feedback,867,14,3,0.025843930453906906,-12.710391998291016
dpo,feedback,867,14,4,0.43607352604957567,-9.88465690612793
dpo,feedback,945,14,1,0.2543566937999254,-20.914445877075195
dpo,feedback,945,14,2,0.2374010002456435,-20.98343276977539
dpo,feedback,945,14,3,0.4370347068343868,-20.373170852661133
dpo,feedback,945,14,4,0.07120759912004432,-22.187583923339844
dpo,feedback,54,15,1,0.0024800005987937086,-15.04818344116211
dpo,feedback,54,15,2,0.7938568334808116,-9.279539108276367
dpo,feedback,54,15,3,0.11647642428266494,-11.198753356933594
dpo,feedback,54,15,4,0.08718674163772988,-11.48838996887207
dpo,feedback,251,15,1,0.03047490471968046,-16.56670379638672
dpo,feedback,251,15,2,0.13678447878499939,-15.065200805664062
dpo,feedback,251,15,3,0.7676108840714126,-13.340324401855469
dpo,feedback,251,15,4,0.0651297324239075,-15.807226181030273
dpo,feedback,612,15,1,0.21030324249672114,-18.820693969726562
dpo,feedback,612,15,2,0.08165925561713196,-19.76668930053711
dpo,feedback,612,15,3,0.4385579611452212,-18.085752487182617
dpo,feedback,612,15,4,0.2694795407409256,-18.572751998901367
dpo,feedback,737,15,1,0.13595974453903148,-20.856687545776367
dpo,feedback,737,15,2,0.6053259353068424,-19.363279342651367
dpo,feedback,737,15,3,0.02474627549733725,-22.56037139892578
dpo,feedback,737,15,4,0.23396804465678886,-20.313861846923828
dpo,feedback,867,15,1,0.04865853603219731,-11.973373413085938
dpo,feedback,867,15,2,0.4385248918915887,-9.774784088134766
dpo,feedback,867,15,3,0.024245455512440058,-12.669971466064453
dpo,feedback,867,15,4,0.48857111656377405,-9.666715621948242
dpo,feedback,945,15,1,0.10122369041840003,-21.72118377685547
dpo,feedback,945,15,2,0.3473353238443686,-20.48822593688965
dpo,feedback,945,15,3,0.5182294383413638,-20.088098526000977
dpo,feedback,945,15,4,0.03321154739586767,-22.83561897277832
dpo,feedback,54,16,1,0.0012480026294233134,-15.860006332397461
dpo,feedback,54,16,2,0.7689114192501053,-9.436574935913086
dpo,feedback,54,16,3,0.15818823174239674,-11.017765045166016
dpo,feedback,54,16,4,0.07165234637807456,-11.809724807739258
dpo,feedback,251,16,1,0.07882135572373412,-15.766826629638672
dpo,feedback,251,16,2,0.16376224679760118,-15.035594940185547
dpo,feedback,251,16,3,0.6465209399943966,-13.662405014038086
dpo,feedback,251,16,4,0.11089545748426811,-15.425422668457031
dpo,feedback,612,16,1,0.14777939770842308,-19.37823486328125
dpo,feedback,612,16,2,0.13589248520380245,-19.46209144592285
dpo,feedback,612,16,3,0.4265980103310753,-18.318113327026367
dpo,feedback,612,16,4,0.28973010675669914,-18.705005645751953
dpo,feedback,737,16,1,0.21582918136383794,-20.466772079467773
dpo,feedback,737,16,2,0.6414517825784465,-19.377525329589844
dpo,feedback,737,16,3,0.025562377374162386,-22.60013771057129
dpo,feedback,737,16,4,0.11715665868355317,-21.077747344970703
dpo,feedback,867,16,1,0.03746036701932908,-12.195751190185547
dpo,feedback,867,16,2,0.3316787573652533,-10.014867782592773
dpo,feedback,867,16,3,0.032853863644229105,-12.32696533203125
dpo,feedback,867,16,4,0.5980070119711884,-9.425432205200195
dpo,feedback,945,16,1,0.053126734086906886,-22.413379669189453
dpo,feedback,945,16,2,0.45309828690685033,-20.26995086669922
dpo,feedback,945,16,3,0.4445490422069148,-20.288999557495117
dpo,feedback,945,16,4,0.04922593679932776,-22.489639282226562
dpo,feedback,54,17,1,0.0011255958639924892,-16.355316162109375
dpo,feedback,54,17,2,0.6310839587538263,-10.026189804077148
dpo,feedback,54,17,3,0.2944748887722849,-10.788434982299805
dpo,feedback,54,17,4,0.07331555660989628,-12.178855895996094
dpo,feedback,251,17,1,0.10755570606009361,-15.677753448486328
dpo,feedback,251,17,2,0.1362882202423913,-15.440990447998047
dpo,feedback,251,17,3,0.5190106435846382,-14.103837966918945
dpo,feedback,251,17,4,0.23714543011287686,-14.887088775634766
dpo,feedback,612,17,1,0.11417843606410331,-19.621431350708008
dpo,feedback,612,17,2,0.16095814062269054,-19.27804946899414
dpo,feedback,612,17,3,0.43612817288194067,-18.28125762939453
dpo,feedback,612,17,4,0.2887352504312654,-18.693683624267578
dpo,feedback,737,17,1,0.20221859944319528,-20.648191452026367
dpo,feedback,737,17,2,0.6295610375148697,-19.51251792907715
dpo,feedback,737,17,3,0.022315299529199244,-22.85226821899414
dpo,feedback,737,17,4,0.14590506351273572,-20.974584579467773
dpo,feedback,867,17,1,0.06161450269074323,-11.890909194946289
dpo,feedback,867,17,2,0.2931814902454631,-10.331014633178711
dpo,feedback,867,17,3,0.021203308696926357,-12.957649230957031
dpo,feedback,867,17,4,0.6240006983668673,-9.575654983520508
dpo,feedback,945,17,1,0.08221472572773683,-22.127716064453125
dpo,feedback,945,17,2,0.48860170197255454,-20.345502853393555
dpo,feedback,945,17,3,0.36314851347809307,-20.64223861694336
dpo,feedback,945,17,4,0.06603505882161556,-22.346864700317383
dpo,feedback,54,18,1,0.0006822470218765351,-17.034175872802734
dpo,feedback,54,18,2,0.4984726085159899,-10.440263748168945
dpo,feedback,54,18,3,0.3268495820560046,-10.862312316894531
dpo,feedback,54,18,4,0.17399556240612904,-11.492782592773438
dpo,feedback,251,18,1,0.0858833476442204,-15.980123519897461
dpo,feedback,251,18,2,0.19724283738716292,-15.148677825927734
dpo,feedback,251,18,3,0.43038759913936764,-14.368427276611328
dpo,feedback,251,18,4,0.28648621582924916,-14.775423049926758
dpo,feedback,612,18,1,0.07223627446455677,-20.002004623413086
dpo,feedback,612,18,2,0.16895135596162064,-19.15233612060547
dpo,feedback,612,18,3,0.5152531296418961,-18.037288665771484
dpo,feedback,612,18,4,0.24355923993192657,-18.78658676147461
dpo,feedback,737,18,1,0.24231775768755456,-20.32965087890625
dpo,feedback,737,18,2,0.5765530680073833,-19.462833404541016
dpo,feedback,737,18,3,0.05491713002137114,-21.814075469970703
dpo,feedback,737,18,4,0.1262120442836909,-20.981937408447266
dpo,feedback,867,18,1,0.10185188528995076,-11.651082992553711
dpo,feedback,867,18,2,0.2319848795228358,-10.827930450439453
dpo,feedback,867,18,3,0.021000131858465793,-13.230073928833008
dpo,feedback,867,18,4,0.6451631033287476,-9.805099487304688
dpo,feedback,945,18,1,0.07554605300687908,-22.215030670166016
dpo,feedback,945,18,2,0.5501008559072322,-20.229671478271484
dpo,feedback,945,18,3,0.3394248320566863,-20.712520599365234
dpo,feedback,945,18,4,0.034928259029202435,-22.98647689819336
dpo,feedback,54,19,1,0.0008475109785552611,-16.701377868652344
dpo,feedback,54,19,2,0.6062722383339737,-10.128597259521484
dpo,feedback,54,19,3,0.18354591428722952,-11.323461532592773
dpo,feedback,54,19,4,0.20933433640024168,-11.191993713378906
dpo,feedback,251,19,1,0.06005825442400567,-16.162508010864258
dpo,feedback,251,19,2,0.1360284085194102,-15.344959259033203
dpo,feedback,251,19,3,0.3153653305454608,-14.504091262817383
dpo,feedback,251,19,4,0.4885480065111235,-14.066385269165039
dpo,feedback,612,19,1,0.0529571798701096,-20.561920166015625
dpo,feedback,612,19,2,0.22389900637894147,-19.120208740234375
dpo,feedback,612,19,3,0.3066764151190755,-18.80561065673828
dpo,feedback,612,19,4,0.4164673986318734,-18.499595642089844
dpo,feedback,737,19,1,0.24468957988213408,-20.527307510375977
dpo,feedback,737,19,2,0.6646583991728554,-19.528024673461914
dpo,feedback,737,19,3,0.039435909828815056,-22.35262107849121
dpo,feedback,737,19,4,0.05121611111619543,-22.091243743896484
dpo,feedback,867,19,1,0.08044072538722671,-12.003786087036133
dpo,feedback,867,19,2,0.19607074812468533,-11.112831115722656
dpo,feedback,867,19,3,0.018671404130315514,-13.464313507080078
dpo,feedback,867,19,4,0.7048171223577724,-9.833368301391602
dpo,feedback,945,19,1,0.0938859266460291,-21.942699432373047
dpo,feedback,945,19,2,0.5390646724300046,-20.194944381713867
dpo,feedback,945,19,3,0.33692265797330095,-20.664926528930664
dpo,feedback,945,19,4,0.030126742950665284,-23.07936668395996
dpo,feedback,54,20,1,0.0014073272796563526,-16.480098724365234
dpo,feedback,54,20,2,0.5447961090143256,-10.521379470825195
dpo,feedback,54,20,3,0.2646241192666775,-11.243480682373047
dpo,feedback,54,20,4,0.18917244443934048,-11.579132080078125
dpo,feedback,251,20,1,0.08348602886667718,-15.944721221923828
dpo,feedback,251,20,2,0.14269385842291207,-15.408699035644531
dpo,feedback,251,20,3,0.1811497705263838,-15.170076370239258
dpo,feedback,251,20,4,0.5926703421840269,-13.984762191772461
dpo,feedback,612,20,1,0.09443501546853988,-20.18697738647461
dpo,feedback,612,20,2,0.19678869293339188,-19.4527587890625
dpo,feedback,612,20,3,0.2518925169794252,-19.205886840820312
dpo,feedback,612,20,4,0.45688377461864293,-18.61046028137207
dpo,feedback,737,20,1,0.2017118734141557,-20.760662078857422
dpo,feedback,737,20,2,0.5856151956988608,-19.694839477539062
dpo,feedback,737,20,3,0.06278969087594535,-21.927711486816406
dpo,feedback,737,20,4,0.14988324001103803,-21.057645797729492
dpo,feedback,867,20,1,0.15403872427140475,-11.551809310913086
dpo,feedback,867,20,2,0.16099916880713153,-11.507614135742188
dpo,feedback,867,20,3,0.012324395912936608,-14.077432632446289
dpo,feedback,867,20,4,0.6726377110085271,-10.07780647277832
dpo,feedback,945,20,1,0.1291929160807794,-21.840347290039062
dpo,feedback,945,20,2,0.5255452727602645,-20.437217712402344
dpo,feedback,945,20,3,0.3116295627709402,-20.9598388671875
dpo,feedback,945,20,4,0.033632248388015866,-23.186168670654297
dpo,feedback,54,21,1,0.0019553370737527653,-16.3321590423584
dpo,feedback,54,21,2,0.519695125932184,-10.749479293823242
dpo,feedback,54,21,3,0.21783115593223196,-11.619001388549805
dpo,feedback,54,21,4,0.2605183810618314,-11.440048217773438
dpo,feedback,251,21,1,0.09373487972106116,-15.930805206298828
dpo,feedback,251,21,2,0.2829466023050848,-14.826017379760742
dpo,feedback,251,21,3,0.11304471503351388,-15.743492126464844
dpo,feedback,251,21,4,0.5102738029403402,-14.236328125
dpo,feedback,612,21,1,0.07989854477392724,-20.302677154541016
dpo,feedback,612,21,2,0.21895072512384908,-19.294588088989258
dpo,feedback,612,21,3,0.2888871015831315,-19.017398834228516
dpo,feedback,612,21,4,0.4122636285190921,-18.661771774291992
dpo,feedback,737,21,1,0.2330178463066422,-20.528656005859375
dpo,feedback,737,21,2,0.6176010351775008,-19.55392837524414
dpo,feedback,737,21,3,0.0588660407543444,-21.90450668334961
dpo,feedback,737,21,4,0.09051507776151256,-21.474254608154297
dpo,feedback,867,21,1,0.2285196851249278,-11.282840728759766
dpo,feedback,867,21,2,0.1552678300076088,-11.6693115234375
dpo,feedback,867,21,3,0.007726792213454405,-14.669769287109375
dpo,feedback,867,21,4,0.608485692654009,-10.303489685058594
dpo,feedback,945,21,1,0.2017865624802875,-21.51951026916504
dpo,feedback,945,21,2,0.4916245691807159,-20.629005432128906
dpo,feedback,945,21,3,0.27933866629638854,-21.19429588317871
dpo,feedback,945,21,4,0.027250202042608047,-23.52165985107422
dpo,feedback,54,22,1,0.0016790821296761545,-16.512704849243164
dpo,feedback,54,22,2,0.5027564274900267,-10.810846328735352
dpo,feedback,54,22,3,0.18243464085299818,-11.824560165405273
dpo,feedback,54,22,4,0.313129849527299,-11.284334182739258
dpo,feedback,251,22,1,0.16292307663108424,-15.391935348510742
dpo,feedback,251,22,2,0.4574191266954985,-14.359613418579102
dpo,feedback,251,22,3,0.06444995440969388,-16.319324493408203
dpo,feedback,251,22,4,0.3152078422637233,-14.73198127746582
dpo,feedback,612,22,1,0.09790378160226848,-19.989397048950195
dpo,feedback,612,22,2,0.2057698337039842,-19.246623992919922
dpo,feedback,612,22,3,0.33965982527468386,-18.745437622070312
dpo,feedback,612,22,4,0.35666655941906344,-18.69658088684082
dpo,feedback,737,22,1,0.23301724242616534,-20.773334503173828
dpo,feedback,737,22,2,0.6049774151316532,-19.819255828857422
dpo,feedback,737,22,3,0.024911269529359778,-23.009126663208008
dpo,feedback,737,22,4,0.13709407291282177,-21.30377960205078
dpo,feedback,867,22,1,0.3069887924071787,-11.014772415161133
dpo,feedback,867,22,2,0.15637133434775724,-11.689350128173828
dpo,feedback,867,22,3,0.00795314319962012,-14.66801643371582
dpo,feedback,867,22,4,0.528686730045444,-10.471187591552734
dpo,feedback,945,22,1,0.1979329128569354,-21.39254379272461
dpo,feedback,945,22,2,0.4749160054066804,-20.517333984375
dpo,feedback,945,22,3,0.2973745891972245,-20.9854793548584
dpo,feedback,945,22,4,0.029776492539159614,-23.286752700805664
dpo,feedback,54,23,1,0.001349015122570759,-16.693708419799805
dpo,feedback,54,23,2,0.44401349947984764,-10.897228240966797
dpo,feedback,54,23,3,0.2760799652034367,-11.372392654418945
dpo,feedback,54,23,4,0.27855752019414487,-11.363458633422852
dpo,feedback,251,23,1,0.3577755476185543,-14.729413986206055
dpo,feedback,251,23,2,0.38045657508388325,-14.667947769165039
dpo,feedback,251,23,3,0.0974155005653871,-16.03033447265625
dpo,feedback,251,23,4,0.16435237673217545,-15.507307052612305
dpo,feedback,612,23,1,0.10240194872340053,-20.014785766601562
dpo,feedback,612,23,2,0.25536784338883833,-19.10098648071289
dpo,feedback,612,23,3,0.35592942403924016,-18.768959045410156
dpo,feedback,612,23,4,0.2863007838485211,-18.986648559570312
dpo,feedback,737,23,1,0.2230123392696332,-20.766124725341797
dpo,feedback,737,23,2,0.5713859856084753,-19.825286865234375
dpo,feedback,737,23,3,0.05579143356324841,-22.151731491088867
dpo,feedback,737,23,4,0.14981024155864303,-21.163982391357422
dpo,feedback,867,23,1,0.3734022014136678,-10.484329223632812
dpo,feedback,867,23,2,0.2644169236333847,-10.829458236694336
dpo,feedback,867,23,3,0.005081311568197287,-14.781415939331055
dpo,feedback,867,23,4,0.35709956338475024,-10.528970718383789
dpo,feedback,945,23,1,0.28597660245492523,-20.996732711791992
dpo,feedback,945,23,2,0.3803627397473119,-20.711517333984375
dpo,feedback,945,23,3,0.29164924780533447,-20.97709083557129
dpo,feedback,945,23,4,0.04201140999242843,-22.914701461791992
dpo,feedback,54,24,1,0.001977823107741054,-15.866405487060547
dpo,feedback,54,24,2,0.5858565622975683,-10.17532730102539
dpo,feedback,54,24,3,0.11456209352910514,-11.80728530883789
dpo,feedback,54,24,4,0.2976035210655854,-10.852640151977539
dpo,feedback,251,24,1,0.5600928727488627,-13.924676895141602
dpo,feedback,251,24,2,0.16894003116952866,-15.123235702514648
dpo,feedback,251,24,3,0.10822147355219212,-15.568599700927734
dpo,feedback,251,24,4,0.16274562252941666,-15.160591125488281
dpo,feedback,612,24,1,0.02775228258039003,-20.621461868286133
dpo,feedback,612,24,2,0.14062704141619442,-18.998668670654297
dpo,feedback,612,24,3,0.4999907924463782,-17.73019027709961
dpo,feedback,612,24,4,0.33162988355703726,-18.14076042175293
dpo,feedback,737,24,1,0.1701195103380124,-20.792600631713867
dpo,feedback,737,24,2,0.5834569970731559,-19.560131072998047
dpo,feedback,737,24,3,0.053336735880891675,-21.952476501464844
dpo,feedback,737,24,4,0.19308675670794015,-20.66596221923828
dpo,feedback,867,24,1,0.1931138495169902,-10.942306518554688
dpo,feedback,867,24,2,0.3084903001271224,-10.473896026611328
dpo,feedback,867,24,3,0.008317259860139708,-14.08725357055664
dpo,feedback,867,24,4,0.4900785904957477,-10.01102066040039
dpo,feedback,945,24,1,0.41270490241717395,-20.401103973388672
dpo,feedback,945,24,2,0.32392405039495026,-20.643327713012695
dpo,feedback,945,24,3,0.19520882187076063,-21.14976692199707
dpo,feedback,945,24,4,0.06816222531711519,-22.201946258544922
dpo,feedback,54,25,1,0.0023272968934858643,-15.735431671142578
dpo,feedback,54,25,2,0.5984724804052585,-10.185758590698242
dpo,feedback,54,25,3,0.1425827829573706,-11.620216369628906
dpo,feedback,54,25,4,0.256617439743885,-11.032552719116211
dpo,feedback,251,25,1,0.5821926549586309,-13.970102310180664
dpo,feedback,251,25,2,0.06885582386927709,-16.104888916015625
dpo,feedback,251,25,3,0.17797204247425386,-15.155277252197266
dpo,feedback,251,25,4,0.17097947869783808,-15.19536018371582
dpo,feedback,612,25,1,0.023700962594113032,-20.872732162475586
dpo,feedback,612,25,2,0.17677081128072444,-18.863393783569336
dpo,feedback,612,25,3,0.4880240078660806,-17.847883224487305
dpo,feedback,612,25,4,0.311504218259082,-18.29683494567871
dpo,feedback,737,25,1,0.2305174020852538,-20.519329071044922
dpo,feedback,737,25,2,0.5026356053797286,-19.739789962768555
dpo,feedback,737,25,3,0.06526506665650098,-21.781198501586914
dpo,feedback,737,25,4,0.20158192587851648,-20.653459548950195
dpo,feedback,867,25,1,0.15662401724000288,-11.087615966796875
dpo,feedback,867,25,2,0.3433625722585048,-10.302677154541016
dpo,feedback,867,25,3,0.006403347702803176,-14.284643173217773
dpo,feedback,867,25,4,0.493610062798689,-9.939718246459961
dpo,feedback,945,25,1,0.5281782655179319,-19.787851333618164
dpo,feedback,945,25,2,0.21895960943141718,-20.668397903442383
dpo,feedback,945,25,3,0.1530544926767638,-21.026491165161133
dpo,feedback,945,25,4,0.09980763237388714,-21.45404052734375
dpo,feedback,54,26,1,0.0009910678679105529,-16.528032302856445
dpo,feedback,54,26,2,0.4563449346493622,-10.395811080932617
dpo,feedback,54,26,3,0.14392544276978728,-11.549764633178711
dpo,feedback,54,26,4,0.39873855471293995,-10.530754089355469
dpo,feedback,251,26,1,0.5362798363901464,-13.66330337524414
dpo,feedback,251,26,2,0.04172154447236065,-16.216941833496094
dpo,feedback,251,26,3,0.23700925170624518,-14.479860305786133
dpo,feedback,251,26,4,0.18498936743124778,-14.7276611328125
dpo,feedback,612,26,1,0.010432649269879189,-21.819673538208008
dpo,feedback,612,26,2,0.22998039342015722,-18.726619720458984
dpo,feedback,612,26,3,0.3990383776647643,-18.175556182861328
dpo,feedback,612,26,4,0.3605485796451994,-18.276987075805664
dpo,feedback,737,26,1,0.19995447077571488,-20.553619384765625
dpo,feedback,737,26,2,0.48883541185144747,-19.659683227539062
dpo,feedback,737,26,3,0.09259773791794554,-21.323444366455078
dpo,feedback,737,26,4,0.21861237945489195,-20.46440887451172
dpo,feedback,867,26,1,0.09017350358155206,-11.495903015136719
dpo,feedback,867,26,2,0.2674523765474864,-10.408697128295898
dpo,feedback,867,26,3,0.006359773076162899,-14.147645950317383
dpo,feedback,867,26,4,0.6360143467947986,-9.542417526245117
dpo,feedback,945,26,1,0.42992977321873166,-20.048389434814453
dpo,feedback,945,26,2,0.2774993549893723,-20.48619270324707
dpo,feedback,945,26,3,0.17806154741261068,-20.929882049560547
dpo,feedback,945,26,4,0.11450932437928542,-21.371355056762695
dpo,feedback,54,27,1,0.0012286881160535976,-16.494409561157227
dpo,feedback,54,27,2,0.4381497052647732,-10.617795944213867
dpo,feedback,54,27,3,0.1271120571455571,-11.855287551879883
dpo,feedback,54,27,4,0.43350954947361614,-10.628442764282227
dpo,feedback,251,27,1,0.43561676282778505,-14.038898468017578
dpo,feedback,251,27,2,0.047345471938668754,-16.258190155029297
dpo,feedback,251,27,3,0.3014938115802131,-14.406911849975586
dpo,feedback,251,27,4,0.2155439536533332,-14.742496490478516
dpo,feedback,612,27,1,0.011891957355132815,-21.62679672241211
dpo,feedback,612,27,2,0.19105828745556364,-18.850080490112305
dpo,feedback,612,27,3,0.39156283289618127,-18.13251304626465
dpo,feedback,612,27,4,0.4054869222931222,-18.097570419311523
dpo,feedback,737,27,1,0.22344005256205787,-20.55299949645996
dpo,feedback,737,27,2,0.5651014792074919,-19.625137329101562
dpo,feedback,737,27,3,0.044770935030783096,-22.16058349609375
dpo,feedback,737,27,4,0.16668753319966712,-20.84602165222168
dpo,feedback,867,27,1,0.19793338336249033,-11.078353881835938
dpo,feedback,867,27,2,0.27844751439662024,-10.737054824829102
dpo,feedback,867,27,3,0.0036289014698933407,-15.077354431152344
dpo,feedback,867,27,4,0.5199902007709961,-10.11247444152832
dpo,feedback,945,27,1,0.3636776645269717,-20.698423385620117
dpo,feedback,945,27,2,0.3040130496308053,-20.877620697021484
dpo,feedback,945,27,3,0.25493704339963774,-21.053674697875977
dpo,feedback,945,27,4,0.07737224244258546,-22.246063232421875
dpo,feedback,54,28,1,0.0013305231705004704,-16.226282119750977
dpo,feedback,54,28,2,0.4906889834480463,-10.316043853759766
dpo,feedback,54,28,3,0.098835836556611,-11.918394088745117
dpo,feedback,54,28,4,0.4091446568248422,-10.497785568237305
dpo,feedback,251,28,1,0.34431490520919866,-14.359392166137695
dpo,feedback,251,28,2,0.09844768934367018,-15.61142349243164
dpo,feedback,251,28,3,0.3813872804589876,-14.257133483886719
dpo,feedback,251,28,4,0.17585012498814362,-15.031316757202148
dpo,feedback,612,28,1,0.020976744293654627,-21.31902503967285
dpo,feedback,612,28,2,0.2387323486191571,-18.887096405029297
dpo,feedback,612,28,3,0.32669703066409567,-18.573406219482422
dpo,feedback,612,28,4,0.41359387642309253,-18.337554931640625
dpo,feedback,737,28,1,0.22331664442259794,-20.51436424255371
dpo,feedback,737,28,2,0.5481251701699767,-19.616451263427734
dpo,feedback,737,28,3,0.04083820304424544,-22.213336944580078
dpo,feedback,737,28,4,0.18771998236317985,-20.688003540039062
dpo,feedback,867,28,1,0.14797191269768425,-11.23005485534668
dpo,feedback,867,28,2,0.31152385204212796,-10.485601425170898
dpo,feedback,867,28,3,0.004868279706112037,-14.644336700439453
dpo,feedback,867,28,4,0.5356359555540757,-9.943622589111328
dpo,feedback,945,28,1,0.3761254702673502,-20.500885009765625
dpo,feedback,945,28,2,0.33218163410699747,-20.625125885009766
dpo,feedback,945,28,3,0.22294772498461535,-21.02387046813965
dpo,feedback,945,28,4,0.06874517064103702,-22.200401306152344
dpo,feedback,54,29,1,0.004660959202563431,-15.086286544799805
dpo,feedback,54,29,2,0.5808147363574369,-10.261075973510742
dpo,feedback,54,29,3,0.08724064597126512,-12.156837463378906
dpo,feedback,54,29,4,0.32728365846873464,-10.834680557250977
dpo,feedback,251,29,1,0.41955810927921805,-14.070308685302734
dpo,feedback,251,29,2,0.08745071330760651,-15.638435363769531
dpo,feedback,251,29,3,0.2731069786042356,-14.49964714050293
dpo,feedback,251,29,4,0.21988419880893978,-14.716409683227539
dpo,feedback,612,29,1,0.03076715907854192,-20.8647518157959
dpo,feedback,612,29,2,0.25128397161847,-18.764616012573242
dpo,feedback,612,29,3,0.3249655094374654,-18.50748062133789
dpo,feedback,612,29,4,0.3929833598655228,-18.317432403564453
dpo,feedback,737,29,1,0.1994961851234585,-20.554847717285156
dpo,feedback,737,29,2,0.5058642949886646,-19.624374389648438
dpo,feedback,737,29,3,0.06442441555330575,-21.685150146484375
dpo,feedback,737,29,4,0.23021510433457118,-20.41162872314453
dpo,feedback,867,29,1,0.09923406446270945,-11.438817977905273
dpo,feedback,867,29,2,0.3198674726831222,-10.268392562866211
dpo,feedback,867,29,3,0.004583808373640246,-14.513769149780273
dpo,feedback,867,29,4,0.576314654480528,-9.679645538330078
dpo,feedback,945,29,1,0.2845212094217886,-21.029664993286133
dpo,feedback,945,29,2,0.4225694280629636,-20.634119033813477
dpo,feedback,945,29,3,0.20877408762401528,-21.33922004699707
dpo,feedback,945,29,4,0.08413527489123242,-22.248046875
dpo,feedback,54,30,1,0.005057010005737372,-15.075332641601562
dpo,feedback,54,30,2,0.64565578426191,-10.225841522216797
dpo,feedback,54,30,3,0.11052232528834793,-11.990890502929688
dpo,feedback,54,30,4,0.23876488044400476,-11.22062873840332
dpo,feedback,251,30,1,0.4615649184114255,-14.010398864746094
dpo,feedback,251,30,2,0.04404364984097028,-16.359840393066406
dpo,feedback,251,30,3,0.2503757297646708,-14.622058868408203
dpo,feedback,251,30,4,0.24401570198293346,-14.647789001464844
dpo,feedback,612,30,1,0.02154234047544612,-21.233863830566406
dpo,feedback,612,30,2,0.24518706183010364,-18.801862716674805
dpo,feedback,612,30,3,0.29916922934181844,-18.602874755859375
dpo,feedback,612,30,4,0.4341013683526318,-18.230606079101562
dpo,feedback,737,30,1,0.1418562388410952,-20.75197410583496
dpo,feedback,737,30,2,0.3784666082404972,-19.770660400390625
dpo,feedback,737,30,3,0.11848599448450986,-20.93199348449707
dpo,feedback,737,30,4,0.3611911584338978,-19.817380905151367
dpo,feedback,867,30,1,0.13183940367072725,-11.415534973144531
dpo,feedback,867,30,2,0.2626534516815961,-10.72628402709961
dpo,feedback,867,30,3,0.001799590469154479,-15.70956039428711
dpo,feedback,867,30,4,0.6037075541785222,-9.89402961730957
dpo,feedback,945,30,1,0.23649976737462283,-21.33786392211914
dpo,feedback,945,30,2,0.48236196558812444,-20.6251163482666
dpo,feedback,945,30,3,0.19648373219807702,-21.523231506347656
dpo,feedback,945,30,4,0.08465453483917577,-22.365232467651367
dpo,feedback,54,31,1,0.003545115245335469,-15.459585189819336
dpo,feedback,54,31,2,0.5980303469176619,-10.331514358520508
dpo,feedback,54,31,3,0.1704620411768305,-11.58664321899414
dpo,feedback,54,31,4,0.22796249666017218,-11.295974731445312
dpo,feedback,251,31,1,0.38398150643016155,-14.098997116088867
dpo,feedback,251,31,2,0.032258576174077215,-16.575807571411133
dpo,feedback,251,31,3,0.33428982184061445,-14.23758316040039
dpo,feedback,251,31,4,0.24947009555514665,-14.530252456665039
dpo,feedback,612,31,1,0.018808408374034635,-21.608592987060547
dpo,feedback,612,31,2,0.2920827128946589,-18.865859985351562
dpo,feedback,612,31,3,0.2431085679737309,-19.049388885498047
dpo,feedback,612,31,4,0.4460003107575755,-18.442577362060547
dpo,feedback,737,31,1,0.19764953475022462,-20.473072052001953
dpo,feedback,737,31,2,0.3993331024786284,-19.769771575927734
dpo,feedback,737,31,3,0.13087654231681606,-20.885313034057617
dpo,feedback,737,31,4,0.27214082045433086,-20.153247833251953
dpo,feedback,867,31,1,0.13610798276046948,-11.22691535949707
dpo,feedback,867,31,2,0.33552195952621067,-10.324676513671875
dpo,feedback,867,31,3,0.0013408282299208652,-15.847076416015625
dpo,feedback,867,31,4,0.527029229483399,-9.87310791015625
dpo,feedback,945,31,1,0.2972497083339497,-21.094459533691406
dpo,feedback,945,31,2,0.44621359896659235,-20.688234329223633
dpo,feedback,945,31,3,0.17583368972465097,-21.61949348449707
dpo,feedback,945,31,4,0.08070300297480691,-22.398256301879883
dpo,feedback,54,32,1,0.004158220238627286,-15.232519149780273
dpo,feedback,54,32,2,0.6240353378933123,-10.221399307250977
dpo,feedback,54,32,3,0.1271662651157739,-11.812110900878906
dpo,feedback,54,32,4,0.24464017675228644,-11.157817840576172
dpo,feedback,251,32,1,0.3480680104944585,-13.95612907409668
dpo,feedback,251,32,2,0.023170091659223346,-16.665664672851562
dpo,feedback,251,32,3,0.3436299156074182,-13.968961715698242
dpo,feedback,251,32,4,0.2851319822389,-14.155574798583984
dpo,feedback,612,32,1,0.014249726535575966,-21.63579750061035
dpo,feedback,612,32,2,0.2180397360761346,-18.90785789489746
dpo,feedback,612,32,3,0.17474797126821148,-19.12919044494629
dpo,feedback,612,32,4,0.5929625661200779,-17.90740394592285
dpo,feedback,737,32,1,0.17385079108779253,-20.533884048461914
dpo,feedback,737,32,2,0.32626632979975007,-19.904367446899414
dpo,feedback,737,32,3,0.15709675404489262,-20.63521957397461
dpo,feedback,737,32,4,0.3427861250675648,-19.8549747467041
dpo,feedback,867,32,1,0.16220366078773463,-11.17161750793457
dpo,feedback,867,32,2,0.2522741651560286,-10.72995376586914
dpo,feedback,867,32,3,0.0018999243327394444,-15.618656158447266
dpo,feedback,867,32,4,0.5836222497234973,-9.891216278076172
dpo,feedback,945,32,1,0.236805091984455,-21.17104148864746
dpo,feedback,945,32,2,0.422999435361138,-20.59090805053711
dpo,feedback,945,32,3,0.28205098993309696,-20.996191024780273
dpo,feedback,945,32,4,0.058144482721310155,-22.575347900390625
dpo,feedback,54,33,1,0.009190733678601777,-14.652921676635742
dpo,feedback,54,33,2,0.6514018824211718,-10.391990661621094
dpo,feedback,54,33,3,0.1549663466041901,-11.827909469604492
dpo,feedback,54,33,4,0.18444103729603634,-11.653787612915039
dpo,feedback,251,33,1,0.26102754139468914,-14.22597885131836
dpo,feedback,251,33,2,0.027382164890037097,-16.480712890625
dpo,feedback,251,33,3,0.4687490326938611,-13.64053726196289
dpo,feedback,251,33,4,0.24284126102141274,-14.298196792602539
dpo,feedback,612,33,1,0.012800473336182108,-21.275711059570312
dpo,feedback,612,33,2,0.11992573399498503,-19.038320541381836
dpo,feedback,612,33,3,0.2466430140034037,-18.317251205444336
dpo,feedback,612,33,4,0.6206307786654292,-17.39445686340332
dpo,feedback,737,33,1,0.35946585715172313,-19.945005416870117
dpo,feedback,737,33,2,0.36819324523207086,-19.921016693115234
dpo,feedback,737,33,3,0.0916180364165366,-21.311996459960938
dpo,feedback,737,33,4,0.1807228611996693,-20.632659912109375
dpo,feedback,867,33,1,0.19166505326073172,-11.168968200683594
dpo,feedback,867,33,2,0.19615113778788482,-11.145832061767578
dpo,feedback,867,33,3,0.000838811541623989,-16.600486755371094
dpo,feedback,867,33,4,0.6113449974097594,-10.009056091308594
dpo,feedback,945,33,1,0.3196600799084051,-21.029645919799805
dpo,feedback,945,33,2,0.3540130432174616,-20.927570343017578
dpo,feedback,945,33,3,0.21624044235727624,-21.420513153076172
dpo,feedback,945,33,4,0.11008643451685694,-22.095638275146484
dpo,feedback,54,34,1,0.012305655654079442,-14.474592208862305
dpo,feedback,54,34,2,0.6158137918430222,-10.56170654296875
dpo,feedback,54,34,3,0.1905204015067264,-11.734891891479492
dpo,feedback,54,34,4,0.18136015099617192,-11.78416633605957
dpo,feedback,251,34,1,0.1654456758674245,-14.727468490600586
dpo,feedback,251,34,2,0.03552004872624079,-16.266014099121094
dpo,feedback,251,34,3,0.494848005593494,-13.631860733032227
dpo,feedback,251,34,4,0.3041862698128407,-14.118471145629883
dpo,feedback,612,34,1,0.014486970443496396,-21.69074249267578
dpo,feedback,612,34,2,0.2513425572906422,-18.837175369262695
dpo,feedback,612,34,3,0.2529184640319045,-18.83092498779297
dpo,feedback,612,34,4,0.481252008233957,-18.18760108947754
dpo,feedback,737,34,1,0.3329828857940153,-20.107751846313477
dpo,feedback,737,34,2,0.3640676681515064,-20.018503189086914
dpo,feedback,737,34,3,0.14876585491150374,-20.913469314575195
dpo,feedback,737,34,4,0.15418359114297464,-20.87769889831543
dpo,feedback,867,34,1,0.3619829686858185,-10.844135284423828
dpo,feedback,867,34,2,0.14786492065721135,-11.739433288574219
dpo,feedback,867,34,3,0.0007729651924565378,-16.993253707885742
dpo,feedback,867,34,4,0.4893791454645137,-10.542594909667969
dpo,feedback,945,34,1,0.3039500155978576,-21.12100601196289
dpo,feedback,945,34,2,0.3440350878942779,-20.99712562561035
dpo,feedback,945,34,3,0.25474129586510547,-21.29762077331543
dpo,feedback,945,34,4,0.097273600642759,-22.26034164428711
dpo,feedback,54,35,1,0.013565508159767339,-14.477071762084961
dpo,feedback,54,35,2,0.6362011077238091,-10.629087448120117
dpo,feedback,54,35,3,0.19619663514596564,-11.805484771728516
dpo,feedback,54,35,4,0.15403674897045783,-12.04741096496582
dpo,feedback,251,35,1,0.1834698009070122,-14.594587326049805
dpo,feedback,251,35,2,0.03604097042476778,-16.221981048583984
dpo,feedback,251,35,3,0.4559450375531975,-13.68426513671875
dpo,feedback,251,35,4,0.3245441911150226,-14.024215698242188
dpo,feedback,612,35,1,0.027307634932147093,-20.934864044189453
dpo,feedback,612,35,2,0.1840801689039499,-19.02665901184082
dpo,feedback,612,35,3,0.2123730311779593,-18.883686065673828
dpo,feedback,612,35,4,0.5762391649859437,-17.885507583618164
dpo,feedback,737,35,1,0.2421371382539496,-20.318313598632812
dpo,feedback,737,35,2,0.3982204020252597,-19.820812225341797
dpo,feedback,737,35,3,0.24697786488483428,-20.298519134521484
dpo,feedback,737,35,4,0.11266459483595638,-21.083402633666992
dpo,feedback,867,35,1,0.5108033547537809,-10.52558708190918
dpo,feedback,867,35,2,0.12944528100645758,-11.898313522338867
dpo,feedback,867,35,3,0.0013256642397760888,-16.479658126831055
dpo,feedback,867,35,4,0.35842569999998547,-10.879850387573242
dpo,feedback,945,35,1,0.3627641252725409,-20.830209732055664
dpo,feedback,945,35,2,0.26178554611584093,-21.156436920166016
dpo,feedback,945,35,3,0.2664853573198633,-21.138643264770508
dpo,feedback,945,35,4,0.10896497129175485,-22.032936096191406
dpo,feedback,54,36,1,0.010170527676985158,-14.670373916625977
dpo,feedback,54,36,2,0.6011162233211578,-10.591079711914062
dpo,feedback,54,36,3,0.24635575668116952,-11.483091354370117
dpo,feedback,54,36,4,0.1423574923206877,-12.031526565551758
dpo,feedback,251,36,1,0.11430698765174481,-14.939680099487305
dpo,feedback,251,36,2,0.05578182233751826,-15.657119750976562
dpo,feedback,251,36,3,0.36096688841925273,-13.78978157043457
dpo,feedback,251,36,4,0.46894430159148426,-13.528083801269531
dpo,feedback,612,36,1,0.03518406621867587,-20.910175323486328
dpo,feedback,612,36,2,0.27352464623758466,-18.859376907348633
dpo,feedback,612,36,3,0.2011193518587386,-19.1668701171875
dpo,feedback,612,36,4,0.49017193568500084,-18.276012420654297
dpo,feedback,737,36,1,0.10227480283352686,-20.93282699584961
dpo,feedback,737,36,2,0.42049078617258995,-19.519067764282227
dpo,feedback,737,36,3,0.27867908121473756,-19.930429458618164
dpo,feedback,737,36,4,0.19855532977914567,-20.26942253112793
dpo,feedback,867,36,1,0.48223147736151756,-10.156641006469727
dpo,feedback,867,36,2,0.22690368258692487,-10.910539627075195
dpo,feedback,867,36,3,0.002003619375623955,-15.64011001586914
dpo,feedback,867,36,4,0.28886122067593367,-10.669118881225586
dpo,feedback,945,36,1,0.2647959661020798,-21.06574249267578
dpo,feedback,945,36,2,0.26601849518669235,-21.06113624572754
dpo,feedback,945,36,3,0.33167907924982903,-20.840534210205078
dpo,feedback,945,36,4,0.13750645946139875,-21.721031188964844
dpo,feedback,54,37,1,0.008985382586570329,-14.759635925292969
dpo,feedback,54,37,2,0.5118169466800049,-10.717267990112305
dpo,feedback,54,37,3,0.281944651103846,-11.31352424621582
dpo,feedback,54,37,4,0.1972530196295789,-11.670747756958008
dpo,feedback,251,37,1,0.09978724830220048,-15.220720291137695
dpo,feedback,251,37,2,0.1460464282929613,-14.839836120605469
dpo,feedback,251,37,3,0.329175953160602,-14.027168273925781
dpo,feedback,251,37,4,0.4249903702442362,-13.77169418334961
dpo,feedback,612,37,1,0.061519761668983854,-20.536731719970703
dpo,feedback,612,37,2,0.2957156055167218,-18.966691970825195
dpo,feedback,612,37,3,0.18288768656928556,-19.44721794128418
dpo,feedback,612,37,4,0.45987694624500874,-18.525131225585938
dpo,feedback,737,37,1,0.11684896946587235,-20.831254959106445
dpo,feedback,737,37,2,0.41136408006383124,-19.57265853881836
dpo,feedback,737,37,3,0.2638173916088515,-20.01688003540039
dpo,feedback,737,37,4,0.20796955886144486,-20.254745483398438
dpo,feedback,867,37,1,0.3594978202006578,-9.917055130004883
dpo,feedback,867,37,2,0.43572894067810575,-9.724742889404297
dpo,feedback,867,37,3,0.0013264278286872569,-15.51927375793457
dpo,feedback,867,37,4,0.20344681129254913,-10.486358642578125
dpo,feedback,945,37,1,0.21541294141241144,-21.47469711303711
dpo,feedback,945,37,2,0.33309063048931575,-21.03883934020996
dpo,feedback,945,37,3,0.35005609710121766,-20.989160537719727
dpo,feedback,945,37,4,0.10144033099705524,-22.227783203125
dpo,feedback,54,38,1,0.0070116367881038226,-15.110662460327148
dpo,feedback,54,38,2,0.41438708377366396,-11.03143310546875
dpo,feedback,54,38,3,0.29519770692181746,-11.370588302612305
dpo,feedback,54,38,4,0.28340357251641474,-11.411361694335938
dpo,feedback,251,38,1,0.13141450076208924,-14.729509353637695
dpo,feedback,251,38,2,0.09296510218376387,-15.075641632080078
dpo,feedback,251,38,3,0.23896199682276167,-14.131561279296875
dpo,feedback,251,38,4,0.5366584002313852,-13.322504043579102
dpo,feedback,612,38,1,0.09318154623432116,-20.18427848815918
dpo,feedback,612,38,2,0.3029355380672003,-19.005308151245117
dpo,feedback,612,38,3,0.1663975608600441,-19.604448318481445
dpo,feedback,612,38,4,0.43748535483843437,-18.637784957885742
dpo,feedback,737,38,1,0.09629889066630287,-20.833200454711914
dpo,feedback,737,38,2,0.4479418607837861,-19.29599380493164
dpo,feedback,737,38,3,0.24853237075664375,-19.88508415222168
dpo,feedback,737,38,4,0.20722687779326734,-20.066843032836914
dpo,feedback,867,38,1,0.22918136991824015,-10.104511260986328
dpo,feedback,867,38,2,0.5226169553201558,-9.280176162719727
dpo,feedback,867,38,3,0.0032041732887976957,-14.374570846557617
dpo,feedback,867,38,4,0.2449975014728064,-10.037776947021484
dpo,feedback,945,38,1,0.19092428658071856,-21.460500717163086
dpo,feedback,945,38,2,0.3579878327797592,-20.831878662109375
dpo,feedback,945,38,3,0.334301826391772,-20.900333404541016
dpo,feedback,945,38,4,0.11678605424775013,-21.95203399658203
dpo,feedback,54,39,1,0.005897931740124244,-15.197620391845703
dpo,feedback,54,39,2,0.4277019855393696,-10.913795471191406
dpo,feedback,54,39,3,0.2461436829299428,-11.466306686401367
dpo,feedback,54,39,4,0.3202563997905634,-11.203100204467773
dpo,feedback,251,39,1,0.15924885117229956,-14.427413940429688
dpo,feedback,251,39,2,0.09269806061493725,-14.968534469604492
dpo,feedback,251,39,3,0.11279454175675811,-14.772314071655273
dpo,feedback,251,39,4,0.635258546456005,-13.04384994506836
dpo,feedback,612,39,1,0.05770715306234713,-20.396358489990234
dpo,feedback,612,39,2,0.24137835321366335,-18.965373992919922
dpo,feedback,612,39,3,0.16810027403897174,-19.327178955078125
dpo,feedback,612,39,4,0.5328142196850179,-18.173566818237305
dpo,feedback,737,39,1,0.094648822198643,-20.803274154663086
dpo,feedback,737,39,2,0.3740692766510182,-19.429006576538086
dpo,feedback,737,39,3,0.30040345968562265,-19.6483211517334
dpo,feedback,737,39,4,0.23087844146471598,-19.911556243896484
dpo,feedback,867,39,1,0.16563981282990295,-10.536714553833008
dpo,feedback,867,39,2,0.5023875464931341,-9.42715835571289
dpo,feedback,867,39,3,0.008602639914508933,-13.494461059570312
dpo,feedback,867,39,4,0.32337000076245404,-9.867733001708984
dpo,feedback,945,39,1,0.2159847204491281,-21.070646286010742
dpo,feedback,945,39,2,0.34120030369804827,-20.613384246826172
dpo,feedback,945,39,3,0.2201950731006803,-21.051340103149414
dpo,feedback,945,39,4,0.2226199027521434,-21.040388107299805
dpo,feedback,54,40,1,0.007327069512765429,-15.114910125732422
dpo,feedback,54,40,2,0.34947911615655,-11.250041961669922
dpo,feedback,54,40,3,0.2453916982283471,-11.603630065917969
dpo,feedback,54,40,4,0.39780211610233757,-11.12053108215332
dpo,feedback,251,40,1,0.2055562639628756,-14.422910690307617
dpo,feedback,251,40,2,0.22067947362258641,-14.351919174194336
dpo,feedback,251,40,3,0.08643778669389238,-15.289205551147461
dpo,feedback,251,40,4,0.4873264757206458,-13.559696197509766
dpo,feedback,612,40,1,0.060441819394934544,-20.47421646118164
dpo,feedback,612,40,2,0.30235382164991226,-18.864299774169922
dpo,feedback,612,40,3,0.17369840772883052,-19.418577194213867
dpo,feedback,612,40,4,0.46350595122632265,-18.43707847595215
dpo,feedback,737,40,1,0.09408019380802281,-20.703519821166992
dpo,feedback,737,40,2,0.41264231535355367,-19.225086212158203
dpo,feedback,737,40,3,0.3122752757884745,-19.503782272338867
dpo,feedback,737,40,4,0.1810022150499491,-20.049158096313477
dpo,feedback,867,40,1,0.23644179807588542,-10.377727508544922
dpo,feedback,867,40,2,0.4393383968610016,-9.758159637451172
dpo,feedback,867,40,3,0.011306576474407483,-13.418045043945312
dpo,feedback,867,40,4,0.31291322858870535,-10.097503662109375
dpo,feedback,945,40,1,0.2434958137492904,-21.06651496887207
dpo,feedback,945,40,2,0.3561114948653062,-20.686370849609375
dpo,feedback,945,40,3,0.24104075018320573,-21.076648712158203
dpo,feedback,945,40,4,0.15935194120219778,-21.49049949645996
dpo,feedback,54,41,1,0.00970982880724711,-14.806026458740234
dpo,feedback,54,41,2,0.41411380126482406,-11.053024291992188
dpo,feedback,54,41,3,0.14419729627211425,-12.107982635498047
dpo,feedback,54,41,4,0.43197907365581456,-11.010787963867188
dpo,feedback,251,41,1,0.24089987381804243,-14.221319198608398
dpo,feedback,251,41,2,0.32069158473468107,-13.935220718383789
dpo,feedback,251,41,3,0.07143514357346295,-15.436910629272461
dpo,feedback,251,41,4,0.3669733978738135,-13.800411224365234
dpo,feedback,612,41,1,0.04329374468154563,-20.462282180786133
dpo,feedback,612,41,2,0.21907429096043957,-18.840879440307617
dpo,feedback,612,41,3,0.1752609324359745,-19.064014434814453
dpo,feedback,612,41,4,0.5623710319220403,-17.898128509521484
dpo,feedback,737,41,1,0.0396142846669419,-21.57342529296875
dpo,feedback,737,41,2,0.4363245738733622,-19.17422866821289
dpo,feedback,737,41,3,0.3493670419544723,-19.39649200439453
dpo,feedback,737,41,4,0.17469409950522347,-20.08957862854004
dpo,feedback,867,41,1,0.17961863475220455,-10.546585083007812
dpo,feedback,867,41,2,0.48925621398511543,-9.544534683227539
dpo,feedback,867,41,3,0.014339188545904444,-13.074424743652344
dpo,feedback,867,41,4,0.3167859627167756,-9.979194641113281
dpo,feedback,945,41,1,0.29299369420416077,-20.60968780517578
dpo,feedback,945,41,2,0.30148012582448447,-20.581134796142578
dpo,feedback,945,41,3,0.19464203130983965,-21.0186767578125
dpo,feedback,945,41,4,0.21088414866151522,-20.93852996826172
dpo,feedback,54,42,1,0.012032030178267383,-14.39908218383789
dpo,feedback,54,42,2,0.45802385098107773,-10.759733200073242
dpo,feedback,54,42,3,0.12583661822083894,-12.05167007446289
dpo,feedback,54,42,4,0.40410750061981576,-10.884973526000977
dpo,feedback,251,42,1,0.27785341395917285,-14.125375747680664
dpo,feedback,251,42,2,0.3791914053552938,-13.814428329467773
dpo,feedback,251,42,3,0.08372960754960429,-15.32487678527832
dpo,feedback,251,42,4,0.25922557313592903,-14.194770812988281
dpo,feedback,612,42,1,0.053413655367693505,-19.913576126098633
dpo,feedback,612,42,2,0.12555424673023446,-19.05890464782715
dpo,feedback,612,42,3,0.24747737107687234,-18.38032341003418
dpo,feedback,612,42,4,0.5735547268251997,-17.5397891998291
dpo,feedback,737,42,1,0.032942155621246076,-21.517559051513672
dpo,feedback,737,42,2,0.48703671624208666,-18.823972702026367
dpo,feedback,737,42,3,0.3396991692702488,-19.18425178527832
dpo,feedback,737,42,4,0.14032195886641854,-20.06837272644043
dpo,feedback,867,42,1,0.16337682155769997,-10.729059219360352
dpo,feedback,867,42,2,0.485283796253456,-9.640384674072266
dpo,feedback,867,42,3,0.020025012090020715,-12.828136444091797
dpo,feedback,867,42,4,0.3313143700988233,-10.022050857543945
dpo,feedback,945,42,1,0.45845741827810493,-20.101547241210938
dpo,feedback,945,42,2,0.2572816936880397,-20.679243087768555
dpo,feedback,945,42,3,0.11816951869798206,-21.457294464111328
dpo,feedback,945,42,4,0.16609136933587318,-21.11687660217285
dpo,feedback,54,43,1,0.02661054351305204,-13.926836013793945
dpo,feedback,54,43,2,0.5059157468657512,-10.981773376464844
dpo,feedback,54,43,3,0.16694312449642865,-12.090490341186523
dpo,feedback,54,43,4,0.300530585124768,-11.502593994140625
dpo,feedback,251,43,1,0.4107629060316682,-13.815109252929688
dpo,feedback,251,43,2,0.26378078027410157,-14.258007049560547
dpo,feedback,251,43,3,0.12743300328138432,-14.98553466796875
dpo,feedback,251,43,4,0.19802331041284604,-14.544740676879883
dpo,feedback,612,43,1,0.08137442691299941,-19.406085968017578
dpo,feedback,612,43,2,0.11616641919981924,-19.05012321472168
dpo,feedback,612,43,3,0.315117854018762,-18.052200317382812
dpo,feedback,612,43,4,0.48734129986841923,-17.616182327270508
dpo,feedback,737,43,1,0.03727402771736079,-21.493234634399414
dpo,feedback,737,43,2,0.5206095140101746,-18.856531143188477
dpo,feedback,737,43,3,0.25342639690914653,-19.576457977294922
dpo,feedback,737,43,4,0.18869006136331812,-19.87142562866211
dpo,feedback,867,43,1,0.13483235037766927,-10.453863143920898
dpo,feedback,867,43,2,0.6458616220573272,-8.887310028076172
dpo,feedback,867,43,3,0.01779891398387979,-12.478757858276367
dpo,feedback,867,43,4,0.20150711358112372,-10.052070617675781
dpo,feedback,945,43,1,0.44403559759846345,-20.21559715270996
dpo,feedback,945,43,2,0.24382385028825776,-20.81505584716797
dpo,feedback,945,43,3,0.15867161321872936,-21.244665145874023
dpo,feedback,945,43,4,0.15346893889454943,-21.278003692626953
dpo,feedback,54,44,1,0.018875522184745516,-13.962907791137695
dpo,feedback,54,44,2,0.5230263576480272,-10.641141891479492
dpo,feedback,54,44,3,0.18287501221083538,-11.691970825195312
dpo,feedback,54,44,4,0.27522310795639193,-11.283191680908203
dpo,feedback,251,44,1,0.4746835529854108,-13.52336311340332
dpo,feedback,251,44,2,0.13092060234823633,-14.811420440673828
dpo,feedback,251,44,3,0.13112527566753088,-14.809858322143555
dpo,feedback,251,44,4,0.2632705689988219,-14.112829208374023
dpo,feedback,612,44,1,0.08110058288093912,-19.22207260131836
dpo,feedback,612,44,2,0.09509492068088647,-19.06288719177246
dpo,feedback,612,44,3,0.4104441042615483,-17.600522994995117
dpo,feedback,612,44,4,0.41336039217662607,-17.593442916870117
dpo,feedback,737,44,1,0.0487434400983077,-21.284652709960938
dpo,feedback,737,44,2,0.5545166372431146,-18.853126525878906
dpo,feedback,737,44,3,0.16237233840685925,-20.081331253051758
dpo,feedback,737,44,4,0.23436758425171839,-19.714332580566406
dpo,feedback,867,44,1,0.07305345803758326,-11.191841125488281
dpo,feedback,867,44,2,0.5921346884891531,-9.099298477172852
dpo,feedback,867,44,3,0.07052669961121964,-11.227041244506836
dpo,feedback,867,44,4,0.264285153862044,-9.906003952026367
dpo,feedback,945,44,1,0.3318631408379175,-20.3688907623291
dpo,feedback,945,44,2,0.23629907097323624,-20.708515167236328
dpo,feedback,945,44,3,0.23862116938918354,-20.6987361907959
dpo,feedback,945,44,4,0.1932166187996628,-20.909801483154297
dpo,feedback,54,45,1,0.013689759324571718,-14.22176742553711
dpo,feedback,54,45,2,0.5225809312473633,-10.579635620117188
dpo,feedback,54,45,3,0.15004212599767475,-11.827499389648438
dpo,feedback,54,45,4,0.31368718343039037,-11.090019226074219
dpo,feedback,251,45,1,0.47758552203217297,-13.551176071166992
dpo,feedback,251,45,2,0.1050708190320721,-15.065284729003906
dpo,feedback,251,45,3,0.1860183734799931,-14.494073867797852
dpo,feedback,251,45,4,0.23132528545576192,-14.276094436645508
dpo,feedback,612,45,1,0.048520539839746225,-19.857219696044922
dpo,feedback,612,45,2,0.13378437771352472,-18.84297752380371
dpo,feedback,612,45,3,0.4605582090701884,-17.606767654418945
dpo,feedback,612,45,4,0.3571368733765406,-17.861087799072266
dpo,feedback,737,45,1,0.058998669151041024,-21.024229049682617
dpo,feedback,737,45,2,0.4451519182391599,-19.003328323364258
dpo,feedback,737,45,3,0.198284268437629,-19.812042236328125
dpo,feedback,737,45,4,0.29756514417217,-19.406110763549805
dpo,feedback,867,45,1,0.07530954053880007,-11.433225631713867
dpo,feedback,867,45,2,0.4960409850485464,-9.548173904418945
dpo,feedback,867,45,3,0.07132843636033992,-11.487537384033203
dpo,feedback,867,45,4,0.35732103805231363,-9.876197814941406
dpo,feedback,945,45,1,0.3519082008049519,-19.99786949157715
dpo,feedback,945,45,2,0.21202620743160883,-20.50452995300293
dpo,feedback,945,45,3,0.21511963011203666,-20.49004554748535
dpo,feedback,945,45,4,0.22094596165140257,-20.463321685791016
dpo,feedback,54,46,1,0.018245961041170024,-13.909786224365234
dpo,feedback,54,46,2,0.4370790590294684,-10.73361587524414
dpo,feedback,54,46,3,0.12869882798325413,-11.956254959106445
dpo,feedback,54,46,4,0.41597615194610726,-10.783102035522461
dpo,feedback,251,46,1,0.44130294954385774,-13.514825820922852
dpo,feedback,251,46,2,0.10715749023714054,-14.930257797241211
dpo,feedback,251,46,3,0.23743611728980807,-14.134658813476562
dpo,feedback,251,46,4,0.2141034429291936,-14.23809814453125
dpo,feedback,612,46,1,0.05825961240554765,-19.857778549194336
dpo,feedback,612,46,2,0.1787683058546812,-18.736597061157227
dpo,feedback,612,46,3,0.4343160729696036,-17.848915100097656
dpo,feedback,612,46,4,0.3286560087701675,-18.127676010131836
dpo,feedback,737,46,1,0.06542902828918944,-20.963890075683594
dpo,feedback,737,46,2,0.3307546747922636,-19.34347915649414
dpo,feedback,737,46,3,0.2038396826393299,-19.82752227783203
dpo,feedback,737,46,4,0.3999766142792171,-19.15345001220703
dpo,feedback,867,46,1,0.06797356005078742,-11.62779426574707
dpo,feedback,867,46,2,0.4048296417510908,-9.843446731567383
dpo,feedback,867,46,3,0.08234344853503424,-11.436014175415039
dpo,feedback,867,46,4,0.44485334966308765,-9.749168395996094
dpo,feedback,945,46,1,0.3213688519536432,-20.01984214782715
dpo,feedback,945,46,2,0.22754195452613132,-20.365097045898438
dpo,feedback,945,46,3,0.20984028769746096,-20.44608497619629
dpo,feedback,945,46,4,0.24124890582276448,-20.306602478027344
dpo,feedback,54,47,1,0.03332535050965857,-13.453411102294922
dpo,feedback,54,47,2,0.479907251421602,-10.786136627197266
dpo,feedback,54,47,3,0.10465811115969148,-12.309030532836914
dpo,feedback,54,47,4,0.3821092869090479,-11.014022827148438
dpo,feedback,251,47,1,0.4327084445007194,-13.559852600097656
dpo,feedback,251,47,2,0.10501927505940087,-14.975772857666016
dpo,feedback,251,47,3,0.21310673346053532,-14.268123626708984
dpo,feedback,251,47,4,0.24916554697934445,-14.111799240112305
dpo,feedback,612,47,1,0.04402854763561486,-20.10736846923828
dpo,feedback,612,47,2,0.16116281668339397,-18.809791564941406
dpo,feedback,612,47,3,0.45184576262198173,-17.778865814208984
dpo,feedback,612,47,4,0.34296287305900935,-18.054584503173828
dpo,feedback,737,47,1,0.12388150817565602,-20.27201271057129
dpo,feedback,737,47,2,0.2847208900954037,-19.439828872680664
dpo,feedback,737,47,3,0.2760557091689028,-19.470735549926758
dpo,feedback,737,47,4,0.31534189256003753,-19.33768081665039
dpo,feedback,867,47,1,0.08199754667633205,-11.646993637084961
dpo,feedback,867,47,2,0.31932679328586366,-10.287467956542969
dpo,feedback,867,47,3,0.07243673603115744,-11.77096939086914
dpo,feedback,867,47,4,0.5262389240066468,-9.787927627563477
dpo,feedback,945,47,1,0.27673714787466047,-20.66704750061035
dpo,feedback,945,47,2,0.2803000729179923,-20.654254913330078
dpo,feedback,945,47,3,0.2668796984954707,-20.703317642211914
dpo,feedback,945,47,4,0.17608308071187656,-21.119159698486328
dpo,feedback,54,48,1,0.0291657253428071,-13.5572509765625
dpo,feedback,54,48,2,0.410580189847502,-10.912673950195312
dpo,feedback,54,48,3,0.08190611499298563,-12.52467155456543
dpo,feedback,54,48,4,0.4783479698167054,-10.759906768798828
dpo,feedback,251,48,1,0.42895870233852285,-13.662132263183594
dpo,feedback,251,48,2,0.0781740345683243,-15.364555358886719
dpo,feedback,251,48,3,0.29982664124883995,-14.020288467407227
dpo,feedback,251,48,4,0.19304062184431287,-14.460592269897461
dpo,feedback,612,48,1,0.034110330385857056,-20.073944091796875
dpo,feedback,612,48,2,0.17189127741123464,-18.456682205200195
dpo,feedback,612,48,3,0.5403676917061438,-17.311294555664062
dpo,feedback,612,48,4,0.2536307004967645,-18.067665100097656
dpo,feedback,737,48,1,0.1440755846256587,-20.126144409179688
dpo,feedback,737,48,2,0.3222737381195513,-19.321081161499023
dpo,feedback,737,48,3,0.3152234589091292,-19.34320068359375
dpo,feedback,737,48,4,0.21842721834566084,-19.71002960205078
dpo,feedback,867,48,1,0.09044009723510453,-11.602378845214844
dpo,feedback,867,48,2,0.2658729907038012,-10.5240478515625
dpo,feedback,867,48,3,0.05924445138151166,-12.025394439697266
dpo,feedback,867,48,4,0.5844424606795826,-9.736408233642578
dpo,feedback,945,48,1,0.26421019567934917,-20.591814041137695
dpo,feedback,945,48,2,0.29195576831704617,-20.49195671081543
dpo,feedback,945,48,3,0.2685219470138554,-20.575626373291016
dpo,feedback,945,48,4,0.17531208898974915,-21.001991271972656
dpo,feedback,54,49,1,0.04433635205442849,-13.350303649902344
dpo,feedback,54,49,2,0.4604040783169139,-11.010004043579102
dpo,feedback,54,49,3,0.08802414951199394,-12.664497375488281
dpo,feedback,54,49,4,0.40723542011666386,-11.13271713256836
dpo,feedback,251,49,1,0.31243684350709944,-13.808849334716797
dpo,feedback,251,49,2,0.04566958452645967,-15.731819152832031
dpo,feedback,251,49,3,0.41440291236304133,-13.526412963867188
dpo,feedback,251,49,4,0.22749065960339954,-14.126142501831055
dpo,feedback,612,49,1,0.018611686885026537,-21.089746475219727
dpo,feedback,612,49,2,0.26995438024064466,-18.415283203125
dpo,feedback,612,49,3,0.47203210590501515,-17.856489181518555
dpo,feedback,612,49,4,0.23940182696931367,-18.53539276123047
dpo,feedback,737,49,1,0.10722417316406455,-20.457542419433594
dpo,feedback,737,49,2,0.3718661614836292,-19.213930130004883
dpo,feedback,737,49,3,0.33310224166642366,-19.32401466369629
dpo,feedback,737,49,4,0.18780742368588269,-19.89704704284668
dpo,feedback,867,49,1,0.14823612364526906,-11.341714859008789
dpo,feedback,867,49,2,0.2529775709630427,-10.807220458984375
dpo,feedback,867,49,3,0.05072905613678751,-12.414022445678711
dpo,feedback,867,49,4,0.5480572492549007,-10.034141540527344
dpo,feedback,945,49,1,0.2562240822487167,-20.756332397460938
dpo,feedback,945,49,2,0.248560777391053,-20.786697387695312
dpo,feedback,945,49,3,0.2784847955567774,-20.67302131652832
dpo,feedback,945,49,4,0.21673034480345293,-20.923730850219727
dpo,feedback,54,50,1,0.05087469507062299,-13.116172790527344
dpo,feedback,54,50,2,0.556607237302747,-10.723678588867188
dpo,feedback,54,50,3,0.09317164093519616,-12.51109504699707
dpo,feedback,54,50,4,0.29934642669143396,-11.343936920166016
dpo,feedback,251,50,1,0.27753712238555756,-13.943044662475586
dpo,feedback,251,50,2,0.0515279530130196,-15.626874923706055
dpo,feedback,251,50,3,0.40540157324761456,-13.56412124633789
dpo,feedback,251,50,4,0.2655333513538083,-13.987258911132812
dpo,feedback,612,50,1,0.005181803684975018,-22.332902908325195
dpo,feedback,612,50,2,0.3142626287379201,-18.227827072143555
dpo,feedback,612,50,3,0.373092906615102,-18.056228637695312
dpo,feedback,612,50,4,0.30746266096200286,-18.24970245361328
dpo,feedback,737,50,1,0.08281523460880695,-20.89176368713379
dpo,feedback,737,50,2,0.3328592062537077,-19.500656127929688
dpo,feedback,737,50,3,0.3392961047603733,-19.481502532958984
dpo,feedback,737,50,4,0.24502945437711213,-19.806997299194336
dpo,feedback,867,50,1,0.26793455704868596,-10.998384475708008
dpo,feedback,867,50,2,0.22802069202888808,-11.159690856933594
dpo,feedback,867,50,3,0.05032401890482003,-12.670644760131836
dpo,feedback,867,50,4,0.4537207320176058,-10.47164535522461
dpo,feedback,945,50,1,0.14151722430156782,-21.369171142578125
dpo,feedback,945,50,2,0.2896946116136101,-20.65276527404785
dpo,feedback,945,50,3,0.26573580819256104,-20.739089965820312
dpo,feedback,945,50,4,0.303052355892261,-20.60768699645996
dpo,feedback,54,51,1,0.04282329264278438,-13.268747329711914
dpo,feedback,54,51,2,0.5804203339782654,-10.662076950073242
dpo,feedback,54,51,3,0.11707086386902102,-12.263050079345703
dpo,feedback,54,51,4,0.25968550950992914,-11.466358184814453
dpo,feedback,251,51,1,0.22594759926730523,-14.05607795715332
dpo,feedback,251,51,2,0.0640796862024801,-15.316253662109375
dpo,feedback,251,51,3,0.34910913905552293,-13.620996475219727
dpo,feedback,251,51,4,0.36086357547469183,-13.587881088256836
dpo,feedback,612,51,1,0.008163377833468472,-22.115419387817383
dpo,feedback,612,51,2,0.3319397897339364,-18.410123825073242
dpo,feedback,612,51,3,0.26742357645206477,-18.626243591308594
dpo,feedback,612,51,4,0.39247325598053046,-18.24260902404785
dpo,feedback,737,51,1,0.07716032899314616,-20.787046432495117
dpo,feedback,737,51,2,0.31191190087807863,-19.39021110534668
dpo,feedback,737,51,3,0.3828686930588788,-19.185239791870117
dpo,feedback,737,51,4,0.22805907706989642,-19.703327178955078
dpo,feedback,867,51,1,0.33264915901770087,-10.703498840332031
dpo,feedback,867,51,2,0.25799786736764335,-10.957635879516602
dpo,feedback,867,51,3,0.039174329080829656,-12.842565536499023
dpo,feedback,867,51,4,0.37017864453382626,-10.596601486206055
dpo,feedback,945,51,1,0.12258749442024634,-21.31381607055664
dpo,feedback,945,51,2,0.32946514563606644,-20.325170516967773
dpo,feedback,945,51,3,0.2610816421013162,-20.55780792236328
dpo,feedback,945,51,4,0.2868657178423711,-20.463626861572266
dpo,feedback,54,52,1,0.018761725257455182,-13.722465515136719
dpo,feedback,54,52,2,0.6319483450591056,-10.205476760864258
dpo,feedback,54,52,3,0.0979992598176782,-12.069324493408203
dpo,feedback,54,52,4,0.251290669865761,-11.127674102783203
dpo,feedback,251,52,1,0.25992398784423915,-14.003345489501953
dpo,feedback,251,52,2,0.0755252754260129,-15.239267349243164
dpo,feedback,251,52,3,0.346625965544181,-13.71548843383789
dpo,feedback,251,52,4,0.31792477118556695,-13.801919937133789
dpo,feedback,612,52,1,0.014900468686475791,-21.46420669555664
dpo,feedback,612,52,2,0.262977560849594,-18.593530654907227
dpo,feedback,612,52,3,0.24944037100407498,-18.646379470825195
dpo,feedback,612,52,4,0.4726815994598553,-18.007177352905273
dpo,feedback,737,52,1,0.07420112683009068,-20.737594604492188
dpo,feedback,737,52,2,0.3888454346155765,-19.081192016601562
dpo,feedback,737,52,3,0.3804381858350196,-19.103050231933594
dpo,feedback,737,52,4,0.15651525271931327,-19.991220474243164
dpo,feedback,867,52,1,0.28421463970840743,-10.971944808959961
dpo,feedback,867,52,2,0.2383882846973333,-11.147773742675781
dpo,feedback,867,52,3,0.05428989062186792,-12.627336502075195
dpo,feedback,867,52,4,0.4231071849723914,-10.57404899597168
dpo,feedback,945,52,1,0.15969376880348674,-20.766101837158203
dpo,feedback,945,52,2,0.2745998847619838,-20.224044799804688
dpo,feedback,945,52,3,0.1544608197620859,-20.799419403076172
dpo,feedback,945,52,4,0.4112455266724437,-19.82016944885254
dpo,feedback,54,53,1,0.014730794835766215,-13.918132781982422
dpo,feedback,54,53,2,0.6652638946001527,-10.107889175415039
dpo,feedback,54,53,3,0.10590425213898602,-11.945537567138672
dpo,feedback,54,53,4,0.21410105842509528,-11.24162483215332
dpo,feedback,251,53,1,0.24235783303630382,-14.170804977416992
dpo,feedback,251,53,2,0.09494091882196017,-15.107965469360352
dpo,feedback,251,53,3,0.35352626366884343,-13.793262481689453
dpo,feedback,251,53,4,0.3091749844728926,-13.927312850952148
dpo,feedback,612,53,1,0.029246431589026078,-20.795217514038086
dpo,feedback,612,53,2,0.2513643560639496,-18.644071578979492
dpo,feedback,612,53,3,0.2273787252822437,-18.74435806274414
dpo,feedback,612,53,4,0.49201048706478057,-17.972475051879883
dpo,feedback,737,53,1,0.055901829185545385,-20.99076271057129
dpo,feedback,737,53,2,0.4127160292812727,-18.991600036621094
dpo,feedback,737,53,3,0.3594791905018644,-19.129703521728516
dpo,feedback,737,53,4,0.17190295103131767,-19.867429733276367
dpo,feedback,867,53,1,0.32214761326370117,-10.565414428710938
dpo,feedback,867,53,2,0.2286107781789238,-10.908403396606445
dpo,feedback,867,53,3,0.022587444643628586,-13.223030090332031
dpo,feedback,867,53,4,0.42665416391374655,-10.28445053100586
dpo,feedback,945,53,1,0.2526431407599849,-20.073747634887695
dpo,feedback,945,53,2,0.2623282597314556,-20.036128997802734
dpo,feedback,945,53,3,0.11139119779339096,-20.892677307128906
dpo,feedback,945,53,4,0.3736374017151685,-19.68243980407715
dpo,feedback,54,54,1,0.013000374746983933,-14.067110061645508
dpo,feedback,54,54,2,0.6428996823400707,-10.166099548339844
dpo,feedback,54,54,3,0.13573418822617733,-11.721389770507812
dpo,feedback,54,54,4,0.20836575468676805,-11.292793273925781
dpo,feedback,251,54,1,0.22727584242329307,-14.070075988769531
dpo,feedback,251,54,2,0.07463947864444467,-15.183570861816406
dpo,feedback,251,54,3,0.297505998516707,-13.800806045532227
dpo,feedback,251,54,4,0.4005786804155553,-13.50333023071289
dpo,feedback,612,54,1,0.0354232064165752,-20.666259765625
dpo,feedback,612,54,2,0.2236809486176257,-18.823406219482422
dpo,feedback,612,54,3,0.16974575171736236,-19.09932518005371
dpo,feedback,612,54,4,0.5711500932484367,-17.885974884033203
dpo,feedback,737,54,1,0.04653568949480679,-21.27252769470215
dpo,feedback,737,54,2,0.4174944608486762,-19.078475952148438
dpo,feedback,737,54,3,0.31535180244685757,-19.359058380126953
dpo,feedback,737,54,4,0.22061804720965933,-19.7163143157959
dpo,feedback,867,54,1,0.32354095043345593,-10.303508758544922
dpo,feedback,867,54,2,0.32684066404626083,-10.29336166381836
dpo,feedback,867,54,3,0.023381237308769353,-12.930900573730469
dpo,feedback,867,54,4,0.3262371482115138,-10.295209884643555
dpo,feedback,945,54,1,0.24259328959928977,-20.57386589050293
dpo,feedback,945,54,2,0.37381581294504823,-20.141489028930664
dpo,feedback,945,54,3,0.12486655842509396,-21.238006591796875
dpo,feedback,945,54,4,0.2587243390305681,-20.509489059448242
dpo,feedback,54,55,1,0.014298543904486429,-14.068710327148438
dpo,feedback,54,55,2,0.5898369381875649,-10.349021911621094
dpo,feedback,54,55,3,0.18618012847800636,-11.502153396606445
dpo,feedback,54,55,4,0.2096843894299423,-11.383264541625977
dpo,feedback,251,55,1,0.1802562109403652,-14.322906494140625
dpo,feedback,251,55,2,0.08824585810118685,-15.037158966064453
dpo,feedback,251,55,3,0.24222051178788767,-14.027437210083008
dpo,feedback,251,55,4,0.48927741917056017,-13.324356079101562
dpo,feedback,612,55,1,0.048207076554480977,-20.132972717285156
dpo,feedback,612,55,2,0.1401232550248873,-19.065956115722656
dpo,feedback,612,55,3,0.20675761451918803,-18.676931381225586
dpo,feedback,612,55,4,0.6049120539014436,-17.603395462036133
dpo,feedback,737,55,1,0.032161645319602514,-21.55879783630371
dpo,feedback,737,55,2,0.4707720824335685,-18.875198364257812
dpo,feedback,737,55,3,0.2354187051105799,-19.568206787109375
dpo,feedback,737,55,4,0.2616475671362492,-19.462574005126953
dpo,feedback,867,55,1,0.3047763710334337,-10.140424728393555
dpo,feedback,867,55,2,0.42050194371160526,-9.818553924560547
dpo,feedback,867,55,3,0.020676936714532,-12.830984115600586
dpo,feedback,867,55,4,0.25404474854042897,-10.322492599487305
dpo,feedback,945,55,1,0.30367726706892545,-20.405244827270508
dpo,feedback,945,55,2,0.35113944069409764,-20.260026931762695
dpo,feedback,945,55,3,0.11026397786921155,-21.418333053588867
dpo,feedback,945,55,4,0.23491931436776542,-20.661968231201172
dpo,feedback,54,56,1,0.012526371334040427,-14.475522994995117
dpo,feedback,54,56,2,0.49779587434054995,-10.793169021606445
dpo,feedback,54,56,3,0.28344949926163854,-11.356325149536133
dpo,feedback,54,56,4,0.20622825506377115,-11.674375534057617
dpo,feedback,251,56,1,0.24477655809576196,-14.045919418334961
dpo,feedback,251,56,2,0.09692809780252835,-14.972295761108398
dpo,feedback,251,56,3,0.18468283166071436,-14.327625274658203
dpo,feedback,251,56,4,0.47361251244099545,-13.385875701904297
dpo,feedback,612,56,1,0.07441848332831925,-19.762474060058594
dpo,feedback,612,56,2,0.14390384551793228,-19.1030330657959
dpo,feedback,612,56,3,0.26341355841823055,-18.49845314025879
dpo,feedback,612,56,4,0.5182641127355179,-17.821693420410156
dpo,feedback,737,56,1,0.032088270736830314,-21.424671173095703
dpo,feedback,737,56,2,0.3990436691943942,-18.904090881347656
dpo,feedback,737,56,3,0.12907695128835253,-20.032752990722656
dpo,feedback,737,56,4,0.439791108780423,-18.806861877441406
dpo,feedback,867,56,1,0.2990103886050826,-10.111387252807617
dpo,feedback,867,56,2,0.39922972480054814,-9.822328567504883
dpo,feedback,867,56,3,0.02152544158768154,-12.742630004882812
dpo,feedback,867,56,4,0.2802344450066878,-10.176239013671875
dpo,feedback,945,56,1,0.27493262705423993,-20.58660888671875
dpo,feedback,945,56,2,0.3589184531530129,-20.320039749145508
dpo,feedback,945,56,3,0.1640818042977584,-21.10276985168457
dpo,feedback,945,56,4,0.2020671154949887,-20.894535064697266
dpo,feedback,54,57,1,0.0054351144280577815,-15.192163467407227
dpo,feedback,54,57,2,0.35105562675888574,-11.024099349975586
dpo,feedback,54,57,3,0.35535774699868744,-11.011919021606445
dpo,feedback,54,57,4,0.288151511814369,-11.2215576171875
dpo,feedback,251,57,1,0.29024587648275735,-13.990440368652344
dpo,feedback,251,57,2,0.12243528264603817,-14.853586196899414
dpo,feedback,251,57,3,0.19642389924021267,-14.38089370727539
dpo,feedback,251,57,4,0.3908949416309918,-13.692729949951172
dpo,feedback,612,57,1,0.052285930644265115,-20.135547637939453
dpo,feedback,612,57,2,0.19699899970350482,-18.8090763092041
dpo,feedback,612,57,3,0.3024399924411127,-18.38039207458496
dpo,feedback,612,57,4,0.44827507721111753,-17.986867904663086
dpo,feedback,737,57,1,0.06321885358711155,-20.662338256835938
dpo,feedback,737,57,2,0.2569740053153367,-19.259965896606445
dpo,feedback,737,57,3,0.17174966794219604,-19.66290283203125
dpo,feedback,737,57,4,0.5080574731553557,-18.578346252441406
dpo,feedback,867,57,1,0.29197612639237575,-10.348506927490234
dpo,feedback,867,57,2,0.3295982566949601,-10.227304458618164
dpo,feedback,867,57,3,0.038649411057043274,-12.370647430419922
dpo,feedback,867,57,4,0.33977620585562085,-10.196891784667969
dpo,feedback,945,57,1,0.2376115069601697,-20.60496711730957
dpo,feedback,945,57,2,0.35278631764146196,-20.209741592407227
dpo,feedback,945,57,3,0.1663716479093246,-20.961380004882812
dpo,feedback,945,57,4,0.24323052748904386,-20.581594467163086
dpo,feedback,54,58,1,0.012563831037682946,-14.396286010742188
dpo,feedback,54,58,2,0.41295304034148206,-10.90377426147461
dpo,feedback,54,58,3,0.257076810454788,-11.37773323059082
dpo,feedback,54,58,4,0.31740631816604686,-11.166925430297852
dpo,feedback,251,58,1,0.3451429781416435,-13.679935455322266
dpo,feedback,251,58,2,0.07480659325380946,-15.208988189697266
dpo,feedback,251,58,3,0.16966827974661586,-14.39004898071289
dpo,feedback,251,58,4,0.41038214885793123,-13.506805419921875
dpo,feedback,612,58,1,0.04160181621803108,-20.339067459106445
dpo,feedback,612,58,2,0.19943768713843354,-18.771709442138672
dpo,feedback,612,58,3,0.3064042006369124,-18.34230613708496
dpo,feedback,612,58,4,0.45255629600662284,-17.952299118041992
dpo,feedback,737,58,1,0.05555636868820146,-20.663145065307617
dpo,feedback,737,58,2,0.21749019909030287,-19.298389434814453
dpo,feedback,737,58,3,0.301592617551847,-18.971466064453125
dpo,feedback,737,58,4,0.42536081466964865,-18.627605438232422
dpo,feedback,867,58,1,0.27319713707711285,-10.366531372070312
dpo,feedback,867,58,2,0.38168502735585635,-10.032129287719727
dpo,feedback,867,58,3,0.02738956185004316,-12.666563034057617
dpo,feedback,867,58,4,0.3177282737169877,-10.21552848815918
dpo,feedback,945,58,1,0.15842590205757073,-21.309940338134766
dpo,feedback,945,58,2,0.49835926362111704,-20.16390609741211
dpo,feedback,945,58,3,0.19733841380532952,-21.090307235717773
dpo,feedback,945,58,4,0.14587642051598282,-21.392467498779297
dpo,feedback,54,59,1,0.027069369481119047,-13.907487869262695
dpo,feedback,54,59,2,0.4082193308702403,-11.194086074829102
dpo,feedback,54,59,3,0.2833045725193521,-11.559368133544922
dpo,feedback,54,59,4,0.28140672712928855,-11.566089630126953
dpo,feedback,251,59,1,0.35049056814321855,-13.813722610473633
dpo,feedback,251,59,2,0.09154819314615582,-15.156190872192383
dpo,feedback,251,59,3,0.1872062438458141,-14.440845489501953
dpo,feedback,251,59,4,0.37075499486481145,-13.757514953613281
dpo,feedback,612,59,1,0.07210944043666181,-19.7717342376709
dpo,feedback,612,59,2,0.19918221339873945,-18.755699157714844
dpo,feedback,612,59,3,0.3051671343151769,-18.329059600830078
dpo,feedback,612,59,4,0.42354121184942184,-18.00126838684082
dpo,feedback,737,59,1,0.05203999670333102,-20.52422523498535
dpo,feedback,737,59,2,0.1816190752943548,-19.27432632446289
dpo,feedback,737,59,3,0.3638131283427187,-18.57959747314453
dpo,feedback,737,59,4,0.40252779965959545,-18.478473663330078
dpo,feedback,867,59,1,0.22605270874818958,-10.363029479980469
dpo,feedback,867,59,2,0.4161966671429707,-9.752639770507812
dpo,feedback,867,59,3,0.027795293488007616,-12.458930969238281
dpo,feedback,867,59,4,0.3299553306208321,-9.984840393066406
dpo,feedback,945,59,1,0.22044225323502242,-21.05014991760254
dpo,feedback,945,59,2,0.46756186664283483,-20.298254013061523
dpo,feedback,945,59,3,0.18961564410577364,-21.200786590576172
dpo,feedback,945,59,4,0.12238023601636919,-21.638652801513672
dpo,feedback,54,60,1,0.03197599237558266,-13.779142379760742
dpo,feedback,54,60,2,0.3677868716316369,-11.336624145507812
dpo,feedback,54,60,3,0.29388483529368237,-11.56093978881836
dpo,feedback,54,60,4,0.3063523006990981,-11.519392013549805
dpo,feedback,251,60,1,0.3883109406204997,-13.60085678100586
dpo,feedback,251,60,2,0.08214269113469921,-15.154205322265625
dpo,feedback,251,60,3,0.1503565067842496,-14.549654006958008
dpo,feedback,251,60,4,0.37918986146055145,-13.624626159667969
dpo,feedback,612,60,1,0.05166658958664216,-20.269832611083984
dpo,feedback,612,60,2,0.21980456515815297,-18.8219051361084
dpo,feedback,612,60,3,0.3058396903649914,-18.4915828704834
dpo,feedback,612,60,4,0.4226891548902135,-18.168006896972656
dpo,feedback,737,60,1,0.04311645477715333,-20.696659088134766
dpo,feedback,737,60,2,0.2281998298263519,-19.03034210205078
dpo,feedback,737,60,3,0.3877961715055038,-18.500083923339844
dpo,feedback,737,60,4,0.3408875438909911,-18.629011154174805
dpo,feedback,867,60,1,0.23079169569608485,-10.398405075073242
dpo,feedback,867,60,2,0.4317896012872222,-9.771982192993164
dpo,feedback,867,60,3,0.03782720735423571,-12.206892013549805
dpo,feedback,867,60,4,0.2995914956624572,-10.137500762939453
dpo,feedback,945,60,1,0.3106059757707524,-20.654977798461914
dpo,feedback,945,60,2,0.42790473647435184,-20.33460235595703
dpo,feedback,945,60,3,0.18486700533298941,-21.173866271972656
dpo,feedback,945,60,4,0.07662228242190647,-22.054615020751953
dpo,feedback,54,61,1,0.03953434311681062,-13.499612808227539
dpo,feedback,54,61,2,0.383877328763936,-11.226459503173828
dpo,feedback,54,61,3,0.25812546273416026,-11.623336791992188
dpo,feedback,54,61,4,0.3184628653850931,-11.413276672363281
dpo,feedback,251,61,1,0.3747422698461096,-13.582340240478516
dpo,feedback,251,61,2,0.059719136339692364,-15.418926239013672
dpo,feedback,251,61,3,0.20493450890633855,-14.185888290405273
dpo,feedback,251,61,4,0.36060408490785956,-13.620798110961914
dpo,feedback,612,61,1,0.04798264140235201,-20.310710906982422
dpo,feedback,612,61,2,0.2242246363247183,-18.768901824951172
dpo,feedback,612,61,3,0.294748405491728,-18.49542808532715
dpo,feedback,612,61,4,0.43304431678120164,-18.11071014404297
dpo,feedback,737,61,1,0.029442053096392216,-20.790029525756836
dpo,feedback,737,61,2,0.2176104020450885,-18.78974723815918
dpo,feedback,737,61,3,0.41775358846420124,-18.137561798095703
dpo,feedback,737,61,4,0.3351939563943181,-18.357744216918945
dpo,feedback,867,61,1,0.240963630223582,-10.344015121459961
dpo,feedback,867,61,2,0.45148550702986134,-9.716117858886719
dpo,feedback,867,61,3,0.05246178930385271,-11.868576049804688
dpo,feedback,867,61,4,0.2550890734427038,-10.28704833984375
dpo,feedback,945,61,1,0.4185024853805249,-20.113265991210938
dpo,feedback,945,61,2,0.3171924960763512,-20.390439987182617
dpo,feedback,945,61,3,0.1923495487405011,-20.890634536743164
dpo,feedback,945,61,4,0.07195546980262287,-21.8739013671875
dpo,feedback,54,62,1,0.08079498372363776,-12.995893478393555
dpo,feedback,54,62,2,0.4036260354880985,-11.387319564819336
dpo,feedback,54,62,3,0.23890298903429058,-11.911750793457031
dpo,feedback,54,62,4,0.27667599175397317,-11.764961242675781
dpo,feedback,251,62,1,0.32953711528964846,-13.522361755371094
dpo,feedback,251,62,2,0.051838099485333994,-15.371925354003906
dpo,feedback,251,62,3,0.26431417482150843,-13.742912292480469
dpo,feedback,251,62,4,0.3543106104035091,-13.44987678527832
dpo,feedback,612,62,1,0.03937356416542909,-20.2222957611084
dpo,feedback,612,62,2,0.21888382355504737,-18.50684928894043
dpo,feedback,612,62,3,0.31543085881438027,-18.141450881958008
dpo,feedback,612,62,4,0.42631175346514333,-17.840219497680664
dpo,feedback,737,62,1,0.04437700520483582,-20.65221405029297
dpo,feedback,737,62,2,0.28435553115255463,-18.794710159301758
dpo,feedback,737,62,3,0.4389910467004586,-18.360456466674805
dpo,feedback,737,62,4,0.23227641694215095,-18.997007369995117
dpo,feedback,867,62,1,0.21134305319518454,-10.397346496582031
dpo,feedback,867,62,2,0.4503430405882213,-9.640819549560547
dpo,feedback,867,62,3,0.0501658320855231,-11.835494995117188
dpo,feedback,867,62,4,0.28814807413107113,-10.08735466003418
dpo,feedback,945,62,1,0.3957222295044028,-20.228845596313477
dpo,feedback,945,62,2,0.3001511584248492,-20.505271911621094
dpo,feedback,945,62,3,0.20602368119816492,-20.881567001342773
dpo,feedback,945,62,4,0.09810293087258302,-21.6235408782959
dpo,feedback,54,63,1,0.06924334147055083,-13.002363204956055
dpo,feedback,54,63,2,0.4707249465302112,-11.085716247558594
dpo,feedback,54,63,3,0.2133797213710315,-11.876916885375977
dpo,feedback,54,63,4,0.24665199062820647,-11.732011795043945
dpo,feedback,251,63,1,0.3700084513703787,-13.295730590820312
dpo,feedback,251,63,2,0.06471751093965675,-15.039224624633789
dpo,feedback,251,63,3,0.17679635773506697,-14.034257888793945
dpo,feedback,251,63,4,0.38847767995489757,-13.247020721435547
dpo,feedback,612,63,1,0.051903577608799184,-20.384485244750977
dpo,feedback,612,63,2,0.33092017791647815,-18.53199577331543
dpo,feedback,612,63,3,0.2392542597825077,-18.856346130371094
dpo,feedback,612,63,4,0.37792198469221494,-18.399185180664062
dpo,feedback,737,63,1,0.051247017099177665,-20.577653884887695
dpo,feedback,737,63,2,0.3632982342950999,-18.61908721923828
dpo,feedback,737,63,3,0.3813415879795499,-18.570615768432617
dpo,feedback,737,63,4,0.2041131606261725,-19.195636749267578
dpo,feedback,867,63,1,0.13143749820693543,-11.144784927368164
dpo,feedback,867,63,2,0.40050273192465546,-10.030595779418945
dpo,feedback,867,63,3,0.10621499967868868,-11.357851028442383
dpo,feedback,867,63,4,0.3618447701897205,-10.132101058959961
dpo,feedback,945,63,1,0.3190721378473524,-20.51495361328125
dpo,feedback,945,63,2,0.3104041321049774,-20.542495727539062
dpo,feedback,945,63,3,0.2813820636703129,-20.640657424926758
dpo,feedback,945,63,4,0.08914166637735746,-21.790143966674805
dpo,feedback,54,64,1,0.057161121445879134,-13.29774284362793
dpo,feedback,54,64,2,0.4564286955707702,-11.220184326171875
dpo,feedback,54,64,3,0.24539916969618053,-11.840730667114258
dpo,feedback,54,64,4,0.2410110132871703,-11.858774185180664
dpo,feedback,251,64,1,0.4234463262765987,-13.408823013305664
dpo,feedback,251,64,2,0.059649107226958965,-15.368770599365234
dpo,feedback,251,64,3,0.12987872492002359,-14.590648651123047
dpo,feedback,251,64,4,0.3870258415764187,-13.498758316040039
dpo,feedback,612,64,1,0.05643018030121006,-20.129730224609375
dpo,feedback,612,64,2,0.3148503510344978,-18.41063690185547
dpo,feedback,612,64,3,0.26232075229837504,-18.59316635131836
dpo,feedback,612,64,4,0.36639871636591714,-18.25901222229004
dpo,feedback,737,64,1,0.0690634339989566,-20.572467803955078
dpo,feedback,737,64,2,0.43853801985113433,-18.72404670715332
dpo,feedback,737,64,3,0.32301430791779656,-19.029796600341797
dpo,feedback,737,64,4,0.16938423823211254,-19.675323486328125
dpo,feedback,867,64,1,0.16183442022676392,-10.992313385009766
dpo,feedback,867,64,2,0.2863984528930576,-10.421503067016602
dpo,feedback,867,64,3,0.06346780927902776,-11.928354263305664
dpo,feedback,867,64,4,0.4882993176011507,-9.887958526611328
dpo,feedback,945,64,1,0.3621953427817607,-20.36185646057129
dpo,feedback,945,64,2,0.30807675929989725,-20.523691177368164
dpo,feedback,945,64,3,0.22486646706372976,-20.838533401489258
dpo,feedback,945,64,4,0.10486143085461233,-21.60140037536621
dpo,feedback,54,65,1,0.06825904417008015,-13.166299819946289
dpo,feedback,54,65,2,0.47005451033014967,-11.236761093139648
dpo,feedback,54,65,3,0.2718480180267775,-11.784366607666016
dpo,feedback,54,65,4,0.18983842747299262,-12.143436431884766
dpo,feedback,251,65,1,0.41489384010255287,-13.496017456054688
dpo,feedback,251,65,2,0.04785061010908871,-15.655956268310547
dpo,feedback,251,65,3,0.10956289689959478,-14.82754135131836
dpo,feedback,251,65,4,0.4276926528887637,-13.465635299682617
dpo,feedback,612,65,1,0.056631283550184645,-20.43372344970703
dpo,feedback,612,65,2,0.38024888372234217,-18.52945899963379
dpo,feedback,612,65,3,0.2537224900417131,-18.934043884277344
dpo,feedback,612,65,4,0.30939734268576,-18.735658645629883
dpo,feedback,737,65,1,0.02771341796124528,-21.28904914855957
dpo,feedback,737,65,2,0.564592119454344,-18.27486228942871
dpo,feedback,737,65,3,0.25941964534292145,-19.052518844604492
dpo,feedback,737,65,4,0.14827481724148947,-19.61189842224121
dpo,feedback,867,65,1,0.17216338793282096,-11.024124145507812
dpo,feedback,867,65,2,0.21079138733951566,-10.821699142456055
dpo,feedback,867,65,3,0.04368859096267923,-12.39548110961914
dpo,feedback,867,65,4,0.5733566337649842,-9.821060180664062
dpo,feedback,945,65,1,0.352152266319425,-20.55025863647461
dpo,feedback,945,65,2,0.2773178790105004,-20.78915786743164
dpo,feedback,945,65,3,0.28756196923540056,-20.752883911132812
dpo,feedback,945,65,4,0.08296788543467418,-21.995868682861328
dpo,feedback,54,66,1,0.05773760403373574,-13.291473388671875
dpo,feedback,54,66,2,0.47108086696311274,-11.192352294921875
dpo,feedback,54,66,3,0.23861744464211407,-11.872520446777344
dpo,feedback,54,66,4,0.23256408436103748,-11.898216247558594
dpo,feedback,251,66,1,0.443523871555679,-13.304679870605469
dpo,feedback,251,66,2,0.03162172353621932,-15.945587158203125
dpo,feedback,251,66,3,0.09426486318756833,-14.853322982788086
dpo,feedback,251,66,4,0.4305895417205333,-13.33427619934082
dpo,feedback,612,66,1,0.05815104556050424,-20.47342872619629
dpo,feedback,612,66,2,0.4176610176452327,-18.501802444458008
dpo,feedback,612,66,3,0.17314960611876176,-19.38231658935547
dpo,feedback,612,66,4,0.3510383306755012,-18.67557716369629
dpo,feedback,737,66,1,0.03837815037048411,-21.216182708740234
dpo,feedback,737,66,2,0.5829246352891905,-18.49561309814453
dpo,feedback,737,66,3,0.20238923812006357,-19.553478240966797
dpo,feedback,737,66,4,0.17630797622026184,-19.691438674926758
dpo,feedback,867,66,1,0.20047502543207674,-10.90578842163086
dpo,feedback,867,66,2,0.2299492337719098,-10.768619537353516
dpo,feedback,867,66,3,0.03470131926888345,-12.659700393676758
dpo,feedback,867,66,4,0.5348744215271299,-9.924446105957031
dpo,feedback,945,66,1,0.2739173599763283,-20.96390724182129
dpo,feedback,945,66,2,0.29118446848446145,-20.90277671813965
dpo,feedback,945,66,3,0.3321101727616376,-20.77126693725586
dpo,feedback,945,66,4,0.10278799877757253,-21.94406509399414
dpo,feedback,54,67,1,0.02501114491664983,-13.940359115600586
dpo,feedback,54,67,2,0.43246161242895387,-11.090187072753906
dpo,feedback,54,67,3,0.2858952870560663,-11.50405502319336
dpo,feedback,54,67,4,0.2566319555983299,-11.612037658691406
dpo,feedback,251,67,1,0.4647698953492505,-13.272712707519531
dpo,feedback,251,67,2,0.027928696072361942,-16.0846004486084
dpo,feedback,251,67,3,0.0730698744742814,-15.122838973999023
dpo,feedback,251,67,4,0.43423153410410614,-13.340677261352539
dpo,feedback,612,67,1,0.056220091718975664,-20.50953483581543
dpo,feedback,612,67,2,0.3827288864498936,-18.591482162475586
dpo,feedback,612,67,3,0.11312084898399281,-19.810352325439453
dpo,feedback,612,67,4,0.4479301728471379,-18.434171676635742
dpo,feedback,737,67,1,0.05252874914124865,-21.083606719970703
dpo,feedback,737,67,2,0.4873979245759677,-18.855886459350586
dpo,feedback,737,67,3,0.09523727219746289,-20.488595962524414
dpo,feedback,737,67,4,0.36483605408532077,-19.145519256591797
dpo,feedback,867,67,1,0.19039327994554262,-10.897354125976562
dpo,feedback,867,67,2,0.20888606731989925,-10.804656982421875
dpo,feedback,867,67,3,0.032457655269233436,-12.666509628295898
dpo,feedback,867,67,4,0.5682629974653247,-9.803861618041992
dpo,feedback,945,67,1,0.24041716874676705,-20.8653507232666
dpo,feedback,945,67,2,0.3505242293355763,-20.488296508789062
dpo,feedback,945,67,3,0.3044553527958394,-20.629201889038086
dpo,feedback,945,67,4,0.10460324912181716,-21.697551727294922
dpo,feedback,54,68,1,0.030907887023379255,-13.816022872924805
dpo,feedback,54,68,2,0.47800841558797447,-11.07740592956543
dpo,feedback,54,68,3,0.2947166452822245,-11.561019897460938
dpo,feedback,54,68,4,0.19636705210642175,-11.967048645019531
dpo,feedback,251,68,1,0.4358973315249028,-13.46933364868164
dpo,feedback,251,68,2,0.03762623752524076,-15.919038772583008
dpo,feedback,251,68,3,0.12131844348942175,-14.748321533203125
dpo,feedback,251,68,4,0.40515798746043485,-13.542463302612305
dpo,feedback,612,68,1,0.04613730183786724,-20.721982955932617
dpo,feedback,612,68,2,0.318226877712263,-18.79084014892578
dpo,feedback,612,68,3,0.08203227151075043,-20.14649200439453
dpo,feedback,612,68,4,0.5536035489391194,-18.23715591430664
dpo,feedback,737,68,1,0.09993157871930756,-20.634340286254883
dpo,feedback,737,68,2,0.43135769892972964,-19.17188835144043
dpo,feedback,737,68,3,0.11784276463198472,-20.46947479248047
dpo,feedback,737,68,4,0.35086795771897794,-19.378416061401367
dpo,feedback,867,68,1,0.34153714516028993,-10.444509506225586
dpo,feedback,867,68,2,0.18606384766138254,-11.051876068115234
dpo,feedback,867,68,3,0.0298080264809198,-12.883188247680664
dpo,feedback,867,68,4,0.4425909806974077,-10.185319900512695
dpo,feedback,945,68,1,0.32088364229132244,-20.63469696044922
dpo,feedback,945,68,2,0.3531336323504723,-20.538928985595703
dpo,feedback,945,68,3,0.2593549233625808,-20.847578048706055
dpo,feedback,945,68,4,0.06662780199562446,-22.206653594970703
dpo,feedback,54,69,1,0.02977877711854523,-13.764062881469727
dpo,feedback,54,69,2,0.4993357753281384,-10.944580078125
dpo,feedback,54,69,3,0.2684374656046922,-11.565240859985352
dpo,feedback,54,69,4,0.20244798194862418,-11.847375869750977
dpo,feedback,251,69,1,0.4348355233590651,-13.348480224609375
dpo,feedback,251,69,2,0.014079765071893596,-16.778709411621094
dpo,feedback,251,69,3,0.13971881380846674,-14.483816146850586
dpo,feedback,251,69,4,0.4113658977605746,-13.40396499633789
dpo,feedback,612,69,1,0.07952862163614569,-20.11726188659668
dpo,feedback,612,69,2,0.22438593563201586,-19.08001136779785
dpo,feedback,612,69,3,0.07887135469360744,-20.125560760498047
dpo,feedback,612,69,4,0.617214088038231,-18.06816291809082
dpo,feedback,737,69,1,0.10646769876802813,-20.419225692749023
dpo,feedback,737,69,2,0.4626387019210991,-18.95012092590332
dpo,feedback,737,69,3,0.11462299102090741,-20.34541893005371
dpo,feedback,737,69,4,0.31627060828996534,-19.330469131469727
dpo,feedback,867,69,1,0.28478174464940303,-10.314029693603516
dpo,feedback,867,69,2,0.30817160732710885,-10.235095977783203
dpo,feedback,867,69,3,0.027150218560615107,-12.66436767578125
dpo,feedback,867,69,4,0.3798964294628729,-10.025854110717773
dpo,feedback,945,69,1,0.39709793542509336,-20.336362838745117
dpo,feedback,945,69,2,0.3105783878774641,-20.582109451293945
dpo,feedback,945,69,3,0.22459304051468099,-20.9062557220459
dpo,feedback,945,69,4,0.06773063618276169,-22.10500717163086
dpo,feedback,54,70,1,0.03726405228246951,-13.697965621948242
dpo,feedback,54,70,2,0.3827976139276744,-11.368488311767578
dpo,feedback,54,70,3,0.3661413374811046,-11.412975311279297
dpo,feedback,54,70,4,0.21379699630875146,-11.950967788696289
dpo,feedback,251,70,1,0.43896001002940327,-13.218635559082031
dpo,feedback,251,70,2,0.011190255851932765,-16.88800048828125
dpo,feedback,251,70,3,0.14066123650191842,-14.356689453125
dpo,feedback,251,70,4,0.4091884976167457,-13.288867950439453
dpo,feedback,612,70,1,0.08435277527345696,-20.05734634399414
dpo,feedback,612,70,2,0.24701702206932566,-18.98289680480957
dpo,feedback,612,70,3,0.10983267356156393,-19.79339599609375
dpo,feedback,612,70,4,0.5587975290956535,-18.166566848754883
dpo,feedback,737,70,1,0.1492110058218002,-20.242340087890625
dpo,feedback,737,70,2,0.5266522275578579,-18.98116111755371
dpo,feedback,737,70,3,0.09253560656383557,-20.720108032226562
dpo,feedback,737,70,4,0.23160116005650636,-19.802684783935547
dpo,feedback,867,70,1,0.3579796747007363,-10.107749938964844
dpo,feedback,867,70,2,0.24686573057081734,-10.479381561279297
dpo,feedback,867,70,3,0.02131656977709433,-12.928741455078125
dpo,feedback,867,70,4,0.3738380249513521,-10.064403533935547
dpo,feedback,945,70,1,0.4013571787086873,-20.483102798461914
dpo,feedback,945,70,2,0.2451117897576446,-20.976240158081055
dpo,feedback,945,70,3,0.2868786228249636,-20.81889533996582
dpo,feedback,945,70,4,0.06665240870870455,-22.27846336364746
dpo,feedback,54,71,1,0.05392451303696903,-13.446060180664062
dpo,feedback,54,71,2,0.26688677671719574,-11.846820831298828
dpo,feedback,54,71,3,0.4262512706177112,-11.378616333007812
dpo,feedback,54,71,4,0.252937439628124,-11.900503158569336
dpo,feedback,251,71,1,0.3229070630820747,-13.583562850952148
dpo,feedback,251,71,2,0.024915168889442132,-16.145450592041016
dpo,feedback,251,71,3,0.21946593463339786,-13.969730377197266
dpo,feedback,251,71,4,0.4327118333950853,-13.290855407714844
dpo,feedback,612,71,1,0.1241224764292999,-19.470815658569336
dpo,feedback,612,71,2,0.19912308157886413,-18.99816131591797
dpo,feedback,612,71,3,0.14451642894114447,-19.31869125366211
dpo,feedback,612,71,4,0.5322380130506915,-18.01499366760254
dpo,feedback,737,71,1,0.2100811747678938,-19.826963424682617
dpo,feedback,737,71,2,0.5128612651744122,-18.934452056884766
dpo,feedback,737,71,3,0.09360888644981022,-20.635332107543945
dpo,feedback,737,71,4,0.18344867360788378,-19.962522506713867
dpo,feedback,867,71,1,0.3593452613657183,-9.975297927856445
dpo,feedback,867,71,2,0.2688216470901949,-10.265533447265625
dpo,feedback,867,71,3,0.017087986673488653,-13.02120590209961
dpo,feedback,867,71,4,0.3547451048705982,-9.988182067871094
dpo,feedback,945,71,1,0.33767456401417634,-20.725414276123047
dpo,feedback,945,71,2,0.21778260096547805,-21.163999557495117
dpo,feedback,945,71,3,0.3130159197474057,-20.80124282836914
dpo,feedback,945,71,4,0.13152691527293986,-21.668285369873047
dpo,feedback,54,72,1,0.06269369342946828,-13.29619026184082
dpo,feedback,54,72,2,0.24450182506863707,-11.93522834777832
dpo,feedback,54,72,3,0.3184838467689612,-11.670879364013672
dpo,feedback,54,72,4,0.37432063473293337,-11.50933837890625
dpo,feedback,251,72,1,0.2834836538825758,-13.593828201293945
dpo,feedback,251,72,2,0.0299667931256501,-15.840892791748047
dpo,feedback,251,72,3,0.14190189723921817,-14.285846710205078
dpo,feedback,251,72,4,0.544647655752556,-12.94084358215332
dpo,feedback,612,72,1,0.06184031999603697,-19.942718505859375
dpo,feedback,612,72,2,0.16452862303573296,-18.964189529418945
dpo,feedback,612,72,3,0.16855307114112758,-18.94002342224121
dpo,feedback,612,72,4,0.6050779858271026,-17.661916732788086
dpo,feedback,737,72,1,0.24641831831486077,-19.854909896850586
dpo,feedback,737,72,2,0.48684436739835635,-19.173995971679688
dpo,feedback,737,72,3,0.06960059677632074,-21.11916732788086
dpo,feedback,737,72,4,0.1971367175104622,-20.07804298400879
dpo,feedback,867,72,1,0.4409843308548857,-9.884260177612305
dpo,feedback,867,72,2,0.25235074165728305,-10.442449569702148
dpo,feedback,867,72,3,0.01961679582547031,-12.996883392333984
dpo,feedback,867,72,4,0.2870481316623609,-10.313619613647461
dpo,feedback,945,72,1,0.3867424662611336,-20.462221145629883
dpo,feedback,945,72,2,0.19557629087815356,-21.14402961730957
dpo,feedback,945,72,3,0.2867181919713556,-20.7614803314209
dpo,feedback,945,72,4,0.1309630508893572,-21.54506492614746
dpo,feedback,54,73,1,0.08585579607121366,-13.12745475769043
dpo,feedback,54,73,2,0.24573443871721487,-12.075872421264648
dpo,feedback,54,73,3,0.19923462296967034,-12.285640716552734
dpo,feedback,54,73,4,0.4691751422419012,-11.429147720336914
dpo,feedback,251,73,1,0.33760445587881466,-13.515560150146484
dpo,feedback,251,73,2,0.07355595836581069,-15.039388656616211
dpo,feedback,251,73,3,0.11409030886086219,-14.600444793701172
dpo,feedback,251,73,4,0.4747492768945126,-13.17464828491211
dpo,feedback,612,73,1,0.0961007188225649,-19.02082061767578
dpo,feedback,612,73,2,0.08508873062122442,-19.14252281188965
dpo,feedback,612,73,3,0.1671249142702631,-18.46747589111328
dpo,feedback,612,73,4,0.6516856362859477,-17.10665512084961
dpo,feedback,737,73,1,0.2895358038249292,-19.65251350402832
dpo,feedback,737,73,2,0.4249731816330655,-19.268766403198242
dpo,feedback,737,73,3,0.10163856476163792,-20.699369430541992
dpo,feedback,737,73,4,0.1838524497803674,-20.106658935546875
dpo,feedback,867,73,1,0.4093479534917806,-9.786081314086914
dpo,feedback,867,73,2,0.34669749819733364,-9.952194213867188
dpo,feedback,867,73,3,0.017917869712879748,-12.914848327636719
dpo,feedback,867,73,4,0.2260366785980059,-10.379949569702148
dpo,feedback,945,73,1,0.3934772959809643,-20.462282180786133
dpo,feedback,945,73,2,0.1893250771479689,-21.19384002685547
dpo,feedback,945,73,3,0.31444128659941545,-20.686508178710938
dpo,feedback,945,73,4,0.1027563402716513,-21.80494499206543
dpo,feedback,54,74,1,0.18008528589330347,-12.37702751159668
dpo,feedback,54,74,2,0.30305593149312504,-11.85654067993164
dpo,feedback,54,74,3,0.18605678686873917,-12.344406127929688
dpo,feedback,54,74,4,0.3308019957448323,-11.768938064575195
dpo,feedback,251,74,1,0.3934360863308577,-13.354412078857422
dpo,feedback,251,74,2,0.08422863005199277,-14.895795822143555
dpo,feedback,251,74,3,0.12892320998647858,-14.470113754272461
dpo,feedback,251,74,4,0.393412073630671,-13.354473114013672
dpo,feedback,612,74,1,0.07558163107082849,-19.148426055908203
dpo,feedback,612,74,2,0.07801164415416674,-19.11678123474121
dpo,feedback,612,74,3,0.22967064573076937,-18.0369930267334
dpo,feedback,612,74,4,0.6167360790442354,-17.049198150634766
dpo,feedback,737,74,1,0.21481341339326773,-19.709232330322266
dpo,feedback,737,74,2,0.5010065867371069,-18.862382888793945
dpo,feedback,737,74,3,0.11384004775802666,-20.344207763671875
dpo,feedback,737,74,4,0.1703399521115988,-19.941205978393555
dpo,feedback,867,74,1,0.3261853207933005,-9.553197860717773
dpo,feedback,867,74,2,0.496374331696188,-9.133333206176758
dpo,feedback,867,74,3,0.02457173633868944,-12.139066696166992
dpo,feedback,867,74,4,0.15286861117182196,-10.311084747314453
dpo,feedback,945,74,1,0.36007487693326845,-20.66623878479004
dpo,feedback,945,74,2,0.1727499975680382,-21.400705337524414
dpo,feedback,945,74,3,0.3656810572579286,-20.650789260864258
dpo,feedback,945,74,4,0.10149406824076483,-21.93255043029785
dpo,feedback,54,75,1,0.18634738907346865,-12.321748733520508
dpo,feedback,54,75,2,0.4025214931119534,-11.551612854003906
dpo,feedback,54,75,3,0.21431768352916375,-12.181901931762695
dpo,feedback,54,75,4,0.19681343428541406,-12.267105102539062
dpo,feedback,251,75,1,0.37813435055729333,-13.485481262207031
dpo,feedback,251,75,2,0.08127471880968694,-15.022895812988281
dpo,feedback,251,75,3,0.18132187056731722,-14.220457077026367
dpo,feedback,251,75,4,0.3592690600657027,-13.536659240722656
dpo,feedback,612,75,1,0.06990526330604839,-19.126161575317383
dpo,feedback,612,75,2,0.06296795010013272,-19.230676651000977
dpo,feedback,612,75,3,0.276074395487635,-17.75263214111328
dpo,feedback,612,75,4,0.5910523911061838,-16.991397857666016
dpo,feedback,737,75,1,0.2601912389110452,-19.487356185913086
dpo,feedback,737,75,2,0.4501166970825663,-18.939266204833984
dpo,feedback,737,75,3,0.09566863164208997,-20.487882614135742
dpo,feedback,737,75,4,0.19402343236429864,-19.780794143676758
dpo,feedback,867,75,1,0.22230158441081124,-10.016590118408203
dpo,feedback,867,75,2,0.5592553297783189,-9.094018936157227
dpo,feedback,867,75,3,0.034355875830706324,-11.883852005004883
dpo,feedback,867,75,4,0.1840872099801635,-10.205215454101562
dpo,feedback,945,75,1,0.25893008551141683,-21.013259887695312
dpo,feedback,945,75,2,0.1982103825929798,-21.280488967895508
dpo,feedback,945,75,3,0.45419728718717445,-20.45128631591797
dpo,feedback,945,75,4,0.08866224470842902,-22.084983825683594
dpo,feedback,54,76,1,0.15276936098699043,-12.255653381347656
dpo,feedback,54,76,2,0.513431259024509,-11.043466567993164
dpo,feedback,54,76,3,0.15910486208358568,-12.215019226074219
dpo,feedback,54,76,4,0.17469451790491494,-12.121543884277344
dpo,feedback,251,76,1,0.375377741496887,-13.249980926513672
dpo,feedback,251,76,2,0.046038384454928645,-15.348438262939453
dpo,feedback,251,76,3,0.23855546381591636,-13.703311920166016
dpo,feedback,251,76,4,0.3400284102322678,-13.348884582519531
dpo,feedback,612,76,1,0.06457420598267317,-19.4543514251709
dpo,feedback,612,76,2,0.11941843856231095,-18.83953285217285
dpo,feedback,612,76,3,0.3313963188587581,-17.818851470947266
dpo,feedback,612,76,4,0.48461103659625787,-17.438819885253906
dpo,feedback,737,76,1,0.3359397650439136,-19.25285530090332
dpo,feedback,737,76,2,0.4292287239373841,-19.007797241210938
dpo,feedback,737,76,3,0.10842132713848915,-20.38376235961914
dpo,feedback,737,76,4,0.12641018388021313,-20.230255126953125
dpo,feedback,867,76,1,0.2349649770164782,-10.261180877685547
dpo,feedback,867,76,2,0.47966600247217833,-9.547527313232422
dpo,feedback,867,76,3,0.05830240606904896,-11.654973983764648
dpo,feedback,867,76,4,0.22706661444229448,-10.295373916625977
dpo,feedback,945,76,1,0.29842149968835374,-20.688119888305664
dpo,feedback,945,76,2,0.1687382859696982,-21.258277893066406
dpo,feedback,945,76,3,0.33956743752266544,-20.5589542388916
dpo,feedback,945,76,4,0.19327277681928262,-21.12252426147461
dpo,feedback,54,77,1,0.08181024568006141,-12.627798080444336
dpo,feedback,54,77,2,0.5557343104958803,-10.711910247802734
dpo,feedback,54,77,3,0.20359103019994285,-11.716087341308594
dpo,feedback,54,77,4,0.15886441362411538,-11.964149475097656
dpo,feedback,251,77,1,0.3893257655434909,-13.234716415405273
dpo,feedback,251,77,2,0.029718884735696286,-15.807350158691406
dpo,feedback,251,77,3,0.2291060417731876,-13.764947891235352
dpo,feedback,251,77,4,0.35184930794762515,-13.335929870605469
dpo,feedback,612,77,1,0.0640523897572893,-19.477691650390625
dpo,feedback,612,77,2,0.09396156084340777,-19.094507217407227
dpo,feedback,612,77,3,0.3548914108893813,-17.765581130981445
dpo,feedback,612,77,4,0.48709463850992163,-17.44893455505371
dpo,feedback,737,77,1,0.34561079707849807,-19.136730194091797
dpo,feedback,737,77,2,0.458268802579741,-18.85458755493164
dpo,feedback,737,77,3,0.10837605418664606,-20.296436309814453
dpo,feedback,737,77,4,0.08774434615511498,-20.50761604309082
dpo,feedback,867,77,1,0.20091434382858167,-10.510990142822266
dpo,feedback,867,77,2,0.433806570491547,-9.741270065307617
dpo,feedback,867,77,3,0.0846272696563026,-11.375612258911133
dpo,feedback,867,77,4,0.28065181602356887,-10.176753997802734
dpo,feedback,945,77,1,0.2621065141112696,-20.752593994140625
dpo,feedback,945,77,2,0.21696551765297012,-20.941606521606445
dpo,feedback,945,77,3,0.34386681339522224,-20.481090545654297
dpo,feedback,945,77,4,0.17706115484053803,-21.14484977722168
dpo,feedback,54,78,1,0.05012488354951628,-13.003551483154297
dpo,feedback,54,78,2,0.5716512037732464,-10.569540023803711
dpo,feedback,54,78,3,0.2150461443905641,-11.547216415405273
dpo,feedback,54,78,4,0.1631777682866732,-11.82322883605957
dpo,feedback,251,78,1,0.3777469812357926,-13.218456268310547
dpo,feedback,251,78,2,0.03045574211866658,-15.736406326293945
dpo,feedback,251,78,3,0.2368650754663965,-13.685190200805664
dpo,feedback,251,78,4,0.3549322011791444,-13.280754089355469
dpo,feedback,612,78,1,0.05217538774371397,-19.57750701904297
dpo,feedback,612,78,2,0.10712700627704627,-18.858102798461914
dpo,feedback,612,78,3,0.34509596549208554,-17.688295364379883
dpo,feedback,612,78,4,0.4956016404871542,-17.326345443725586
dpo,feedback,737,78,1,0.31945635514810106,-19.090295791625977
dpo,feedback,737,78,2,0.4739972414467765,-18.695714950561523
dpo,feedback,737,78,3,0.10352690885626475,-20.217084884643555
dpo,feedback,737,78,4,0.10301949454885768,-20.22199821472168
dpo,feedback,867,78,1,0.251918965324635,-10.48914909362793
dpo,feedback,867,78,2,0.31171867284765076,-10.276155471801758
dpo,feedback,867,78,3,0.06443779466298083,-11.852556228637695
dpo,feedback,867,78,4,0.3719245671647335,-10.099565505981445
dpo,feedback,945,78,1,0.23359135142735388,-20.879762649536133
dpo,feedback,945,78,2,0.2237335207304643,-20.922880172729492
dpo,feedback,945,78,3,0.3681755268303647,-20.424776077270508
dpo,feedback,945,78,4,0.17449960101181702,-21.17141342163086
dpo,feedback,54,79,1,0.04689185959486582,-13.208684921264648
dpo,feedback,54,79,2,0.5206223261774408,-10.801504135131836
dpo,feedback,54,79,3,0.2706156076157672,-11.455829620361328
dpo,feedback,54,79,4,0.16187020661192628,-11.969734191894531
dpo,feedback,251,79,1,0.37530385374721986,-13.387411117553711
dpo,feedback,251,79,2,0.02585672697240822,-16.062576293945312
dpo,feedback,251,79,3,0.25359479135143925,-13.779409408569336
dpo,feedback,251,79,4,0.34524462792893273,-13.470893859863281
dpo,feedback,612,79,1,0.04728943521753958,-19.806608200073242
dpo,feedback,612,79,2,0.13628952476558975,-18.74811363220215
dpo,feedback,612,79,3,0.36515776786055554,-17.76256561279297
dpo,feedback,612,79,4,0.4512632721563153,-17.550844192504883
dpo,feedback,737,79,1,0.3445275712944389,-19.185300827026367
dpo,feedback,737,79,2,0.46207467800276764,-18.891748428344727
dpo,feedback,737,79,3,0.11459554071244586,-20.28606605529785
dpo,feedback,737,79,4,0.07880220999034751,-20.660533905029297
dpo,feedback,867,79,1,0.2756440770324944,-10.461780548095703
dpo,feedback,867,79,2,0.2836150015711414,-10.433273315429688
dpo,feedback,867,79,3,0.06712667230602576,-11.874309539794922
dpo,feedback,867,79,4,0.3736142490903384,-10.15766716003418
dpo,feedback,945,79,1,0.2011244912417366,-21.024120330810547
dpo,feedback,945,79,2,0.2325079768591525,-20.879119873046875
dpo,feedback,945,79,3,0.3401884448277955,-20.498544692993164
dpo,feedback,945,79,4,0.2261790870713155,-20.90671730041504
dpo,feedback,54,80,1,0.04920748798637935,-13.254522323608398
dpo,feedback,54,80,2,0.46674210647656006,-11.004791259765625
dpo,feedback,54,80,3,0.2944879267423926,-11.465330123901367
dpo,feedback,54,80,4,0.18956247879466792,-11.90584945678711
dpo,feedback,251,80,1,0.3394290165101978,-13.386932373046875
dpo,feedback,251,80,2,0.02170513867126814,-16.136648178100586
dpo,feedback,251,80,3,0.28577882752594136,-13.558979034423828
dpo,feedback,251,80,4,0.3530870172925927,-13.347482681274414
dpo,feedback,612,80,1,0.04262112698912533,-20.001094818115234
dpo,feedback,612,80,2,0.13952344301225314,-18.81521224975586
dpo,feedback,612,80,3,0.30602984170189795,-18.029762268066406
dpo,feedback,612,80,4,0.5118255882967235,-17.515460968017578
dpo,feedback,737,80,1,0.2920809695255021,-19.416624069213867
dpo,feedback,737,80,2,0.5289397423707279,-18.82278060913086
dpo,feedback,737,80,3,0.10149203797096974,-20.473674774169922
dpo,feedback,737,80,4,0.07748725013280011,-20.743541717529297
dpo,feedback,867,80,1,0.2886943548045156,-10.33072280883789
dpo,feedback,867,80,2,0.2734142695206087,-10.385103225708008
dpo,feedback,867,80,3,0.05010654529676089,-12.081939697265625
dpo,feedback,867,80,4,0.38778483037811473,-10.035640716552734
dpo,feedback,945,80,1,0.13772398265741398,-21.467117309570312
dpo,feedback,945,80,2,0.3234892287573898,-20.613203048706055
dpo,feedback,945,80,3,0.371221228239897,-20.475570678710938
dpo,feedback,945,80,4,0.1675655603452993,-21.270994186401367
dpo,feedback,54,81,1,0.02964489023620444,-13.609853744506836
dpo,feedback,54,81,2,0.44940452392012675,-10.891220092773438
dpo,feedback,54,81,3,0.32478423901764264,-11.215982437133789
dpo,feedback,54,81,4,0.19616634682602624,-11.72018051147461
dpo,feedback,251,81,1,0.2951680016730765,-13.599428176879883
dpo,feedback,251,81,2,0.016385223322859334,-16.49059295654297
dpo,feedback,251,81,3,0.28254391301764775,-13.643138885498047
dpo,feedback,251,81,4,0.40590286198641645,-13.280858993530273
dpo,feedback,612,81,1,0.06115566212349825,-19.594545364379883
dpo,feedback,612,81,2,0.11232704086697978,-18.986553192138672
dpo,feedback,612,81,3,0.274150199408898,-18.09429168701172
dpo,feedback,612,81,4,0.5523670976006239,-17.393754959106445
dpo,feedback,737,81,1,0.2636128481662612,-19.317079544067383
dpo,feedback,737,81,2,0.46098310552878374,-18.75819969177246
dpo,feedback,737,81,3,0.17944563988121692,-19.701688766479492
dpo,feedback,737,81,4,0.09595840642373804,-20.327646255493164
dpo,feedback,867,81,1,0.2833760627749223,-10.355489730834961
dpo,feedback,867,81,2,0.28341444065662297,-10.355354309082031
dpo,feedback,867,81,3,0.04322425768492521,-12.235862731933594
dpo,feedback,867,81,4,0.3899852388835296,-10.036155700683594
dpo,feedback,945,81,1,0.18724547087657184,-21.12531852722168
dpo,feedback,945,81,2,0.3009218266098796,-20.650888442993164
dpo,feedback,945,81,3,0.3390364053491116,-20.531631469726562
dpo,feedback,945,81,4,0.1727962971644369,-21.205625534057617
dpo,feedback,54,82,1,0.026689292387947646,-13.673067092895508
dpo,feedback,54,82,2,0.33544214864896504,-11.14188003540039
dpo,feedback,54,82,3,0.3395218430945852,-11.129791259765625
dpo,feedback,54,82,4,0.2983467158685021,-11.259073257446289
dpo,feedback,251,82,1,0.30768802733252903,-13.400484085083008
dpo,feedback,251,82,2,0.014009753852894723,-16.489816665649414
dpo,feedback,251,82,3,0.24707069775423662,-13.619895935058594
dpo,feedback,251,82,4,0.43123152106033963,-13.062925338745117
dpo,feedback,612,82,1,0.11002355545584543,-18.84158706665039
dpo,feedback,612,82,2,0.08529492350538265,-19.096166610717773
dpo,feedback,612,82,3,0.36558967265863734,-17.640769958496094
dpo,feedback,612,82,4,0.43909184838013454,-17.45757293701172
dpo,feedback,737,82,1,0.19923950891184472,-19.354061126708984
dpo,feedback,737,82,2,0.4137423521139074,-18.62332534790039
dpo,feedback,737,82,3,0.26186142815910135,-19.080753326416016
dpo,feedback,737,82,4,0.12515671081514648,-19.819002151489258
dpo,feedback,867,82,1,0.1781406910347571,-10.519102096557617
dpo,feedback,867,82,2,0.37479333002185145,-9.775300979614258
dpo,feedback,867,82,3,0.04237390644953651,-11.955142974853516
dpo,feedback,867,82,4,0.404692072493855,-9.698549270629883
dpo,feedback,945,82,1,0.16058702135053327,-21.16536521911621
dpo,feedback,945,82,2,0.30302728839992477,-20.530378341674805
dpo,feedback,945,82,3,0.3561270514725207,-20.368913650512695
dpo,feedback,945,82,4,0.18025863877702136,-21.049808502197266
dpo,feedback,54,83,1,0.049276832289701956,-13.08126449584961
dpo,feedback,54,83,2,0.37487498699856187,-11.052125930786133
dpo,feedback,54,83,3,0.2292050042343299,-11.54410171508789
dpo,feedback,54,83,4,0.3466431764774062,-11.130422592163086
dpo,feedback,251,83,1,0.3005801727049992,-13.410806655883789
dpo,feedback,251,83,2,0.02242617556899107,-16.00629234313965
dpo,feedback,251,83,3,0.3426264025922623,-13.27988052368164
dpo,feedback,251,83,4,0.3343672491337475,-13.304281234741211
dpo,feedback,612,83,1,0.10978952012066918,-18.92313575744629
dpo,feedback,612,83,2,0.15278654861264487,-18.59265899658203
dpo,feedback,612,83,3,0.40445449407141376,-17.61916160583496
dpo,feedback,612,83,4,0.3329694371952722,-17.813650131225586
dpo,feedback,737,83,1,0.1894912204658533,-19.366100311279297
dpo,feedback,737,83,2,0.4352348028828119,-18.534557342529297
dpo,feedback,737,83,3,0.26445848751415596,-19.032758712768555
dpo,feedback,737,83,4,0.11081548913717894,-19.902576446533203
dpo,feedback,867,83,1,0.20271345382904749,-10.257768630981445
dpo,feedback,867,83,2,0.4245947396352982,-9.518426895141602
dpo,feedback,867,83,3,0.049055534625057635,-11.67660903930664
dpo,feedback,867,83,4,0.3236362719105966,-9.789941787719727
dpo,feedback,945,83,1,0.1761690606922876,-20.881013870239258
dpo,feedback,945,83,2,0.3036448088498473,-20.336599349975586
dpo,feedback,945,83,3,0.298989123085493,-20.35205078125
dpo,feedback,945,83,4,0.22119700737237208,-20.653404235839844
dpo,feedback,54,84,1,0.08023200541110465,-12.654050827026367
dpo,feedback,54,84,2,0.40641944072407105,-11.031587600708008
dpo,feedback,54,84,3,0.23156949190627074,-11.594093322753906
dpo,feedback,54,84,4,0.28177906195855357,-11.397850036621094
dpo,feedback,251,84,1,0.27108146754978163,-13.370298385620117
dpo,feedback,251,84,2,0.014664576677906042,-16.287282943725586
dpo,feedback,251,84,3,0.28750221993254577,-13.311487197875977
dpo,feedback,251,84,4,0.4267517358397666,-12.916515350341797
dpo,feedback,612,84,1,0.061084966285131354,-19.50252342224121
dpo,feedback,612,84,2,0.1286288249324478,-18.757858276367188
dpo,feedback,612,84,3,0.37165148628028716,-17.69683265686035
dpo,feedback,612,84,4,0.4386347225021336,-17.5311222076416
dpo,feedback,737,84,1,0.1535572520474465,-19.497377395629883
dpo,feedback,737,84,2,0.35568957452910427,-18.657392501831055
dpo,feedback,737,84,3,0.3480715473458646,-18.67904281616211
dpo,feedback,737,84,4,0.1426816260775846,-19.57083511352539
dpo,feedback,867,84,1,0.12238013327061394,-10.597379684448242
dpo,feedback,867,84,2,0.44244786101868633,-9.312189102172852
dpo,feedback,867,84,3,0.07141447699418907,-11.136011123657227
dpo,feedback,867,84,4,0.3637575287165106,-9.508024215698242
dpo,feedback,945,84,1,0.17274267232134244,-20.711511611938477
dpo,feedback,945,84,2,0.264946490295435,-20.28378677368164
dpo,feedback,945,84,3,0.2636725552235096,-20.288606643676758
dpo,feedback,945,84,4,0.298638282159713,-20.164081573486328
dpo,feedback,54,85,1,0.0495994685666014,-12.794057846069336
dpo,feedback,54,85,2,0.48933736326793303,-10.504985809326172
dpo,feedback,54,85,3,0.1577657462767159,-11.636926651000977
dpo,feedback,54,85,4,0.30329742188874953,-10.98332405090332
dpo,feedback,251,85,1,0.2457916867401709,-13.35671615600586
dpo,feedback,251,85,2,0.02777099065360682,-15.537208557128906
dpo,feedback,251,85,3,0.27182021805303513,-13.256059646606445
dpo,feedback,251,85,4,0.4546171045531871,-12.741744995117188
dpo,feedback,612,85,1,0.1154247249268457,-18.835926055908203
dpo,feedback,612,85,2,0.12978689333110038,-18.718650817871094
dpo,feedback,612,85,3,0.36603414915181237,-17.68181800842285
dpo,feedback,612,85,4,0.3887542325902415,-17.621597290039062
dpo,feedback,737,85,1,0.147818133504669,-19.37572479248047
dpo,feedback,737,85,2,0.301356933811891,-18.66341209411621
dpo,feedback,737,85,3,0.3671242146326554,-18.466007232666016
dpo,feedback,737,85,4,0.18370071805078467,-19.15839958190918
dpo,feedback,867,85,1,0.11713078983942449,-10.689849853515625
dpo,feedback,867,85,2,0.37574618799026815,-9.524227142333984
dpo,feedback,867,85,3,0.09508364059886415,-10.898384094238281
dpo,feedback,867,85,4,0.4120393815714431,-9.432022094726562
dpo,feedback,945,85,1,0.15204297260270438,-20.852434158325195
dpo,feedback,945,85,2,0.33677499666942534,-20.05718231201172
dpo,feedback,945,85,3,0.28243294214841075,-20.233156204223633
dpo,feedback,945,85,4,0.22874908857945958,-20.443971633911133
dpo,feedback,54,86,1,0.0647345521902415,-12.645797729492188
dpo,feedback,54,86,2,0.4645639902702765,-10.674993515014648
dpo,feedback,54,86,3,0.14583065497913197,-11.833646774291992
dpo,feedback,54,86,4,0.32487080256034995,-11.032665252685547
dpo,feedback,251,86,1,0.26932287471754723,-13.127037048339844
dpo,feedback,251,86,2,0.02853674017386851,-15.371755599975586
dpo,feedback,251,86,3,0.18188884433971017,-13.519552230834961
dpo,feedback,251,86,4,0.520251540768874,-12.468635559082031
dpo,feedback,612,86,1,0.10702372762608757,-18.747974395751953
dpo,feedback,612,86,2,0.08728060661030415,-18.95189666748047
dpo,feedback,612,86,3,0.450219039228036,-17.311290740966797
dpo,feedback,612,86,4,0.3554766265355723,-17.547565460205078
dpo,feedback,737,86,1,0.09371326686181343,-19.52520751953125
dpo,feedback,737,86,2,0.29283288944938635,-18.385845184326172
dpo,feedback,737,86,3,0.44286374641740023,-17.972185134887695
dpo,feedback,737,86,4,0.17059009727139993,-18.926183700561523
dpo,feedback,867,86,1,0.07512509783679279,-11.126087188720703
dpo,feedback,867,86,2,0.37835140111054855,-9.509418487548828
dpo,feedback,867,86,3,0.08285951956955738,-11.028095245361328
dpo,feedback,867,86,4,0.4636639814831014,-9.306081771850586
dpo,feedback,945,86,1,0.17212663468577,-20.828889846801758
dpo,feedback,945,86,2,0.28831340385611076,-20.313072204589844
dpo,feedback,945,86,3,0.3319783728632,-20.17205047607422
dpo,feedback,945,86,4,0.20758158859491926,-20.6415958404541
dpo,feedback,54,87,1,0.08440985846489257,-12.45619010925293
dpo,feedback,54,87,2,0.5316897281842111,-10.615814208984375
dpo,feedback,54,87,3,0.13584626149101986,-11.980350494384766
dpo,feedback,54,87,4,0.24805415185987637,-11.378227233886719
dpo,feedback,251,87,1,0.3373768993964377,-13.157476425170898
dpo,feedback,251,87,2,0.05588434509074617,-14.955392837524414
dpo,feedback,251,87,3,0.16047952084630063,-13.900510787963867
dpo,feedback,251,87,4,0.4462592346665154,-12.877777099609375
dpo,feedback,612,87,1,0.09941068473467284,-19.018014907836914
dpo,feedback,612,87,2,0.1325894881402683,-18.730016708374023
dpo,feedback,612,87,3,0.45843316697499426,-17.489459991455078
dpo,feedback,612,87,4,0.30956666015006445,-17.88210105895996
dpo,feedback,737,87,1,0.06878949648585388,-19.96368980407715
dpo,feedback,737,87,2,0.28822919841558664,-18.53098487854004
dpo,feedback,737,87,3,0.4009512458568887,-18.20090103149414
dpo,feedback,737,87,4,0.24203005924167084,-18.705678939819336
dpo,feedback,867,87,1,0.06369813771058283,-11.403472900390625
dpo,feedback,867,87,2,0.27920443404412687,-9.925683975219727
dpo,feedback,867,87,3,0.07504444197707888,-11.239547729492188
dpo,feedback,867,87,4,0.5820529862682114,-9.19106674194336
dpo,feedback,945,87,1,0.17434374776221628,-20.668121337890625
dpo,feedback,945,87,2,0.24927950198619195,-20.310575485229492
dpo,feedback,945,87,3,0.25737552519057993,-20.278614044189453
dpo,feedback,945,87,4,0.31900122506101186,-20.063955307006836
dpo,feedback,54,88,1,0.08353652450406325,-12.530097961425781
dpo,feedback,54,88,2,0.5757411117749894,-10.599723815917969
dpo,feedback,54,88,3,0.14227723974577286,-11.997604370117188
dpo,feedback,54,88,4,0.19844512397517447,-11.66486930847168
dpo,feedback,251,88,1,0.3060316513740208,-13.463834762573242
dpo,feedback,251,88,2,0.05204063557101795,-15.235498428344727
dpo,feedback,251,88,3,0.29899888969248223,-13.487083435058594
dpo,feedback,251,88,4,0.34292882336247904,-13.350000381469727
dpo,feedback,612,88,1,0.05594003917699213,-19.70677947998047
dpo,feedback,612,88,2,0.15793946558001867,-18.668848037719727
dpo,feedback,612,88,3,0.38077661791164735,-17.788846969604492
dpo,feedback,612,88,4,0.40534387733134175,-17.7263240814209
dpo,feedback,737,88,1,0.058516087845708095,-20.3493595123291
dpo,feedback,737,88,2,0.34027301163740753,-18.588912963867188
dpo,feedback,737,88,3,0.3488623101037772,-18.563983917236328
dpo,feedback,737,88,4,0.25234859041310703,-18.887849807739258
dpo,feedback,867,88,1,0.09477937186338982,-11.400812149047852
dpo,feedback,867,88,2,0.21581386966403118,-10.577947616577148
dpo,feedback,867,88,3,0.036623595533050224,-12.35167121887207
dpo,feedback,867,88,4,0.6527831629395288,-9.471118927001953
dpo,feedback,945,88,1,0.1978330829581989,-20.67700958251953
dpo,feedback,945,88,2,0.25426750213644544,-20.42604637145996
dpo,feedback,945,88,3,0.21752842095861455,-20.582103729248047
dpo,feedback,945,88,4,0.33037099394674113,-20.164216995239258
dpo,feedback,54,89,1,0.10713586883409187,-12.373580932617188
dpo,feedback,54,89,2,0.5729499829841113,-10.696880340576172
dpo,feedback,54,89,3,0.1495470547829938,-12.040067672729492
dpo,feedback,54,89,4,0.17036709339880315,-11.909723281860352
dpo,feedback,251,89,1,0.285186371767298,-13.557701110839844
dpo,feedback,251,89,2,0.05582290926540493,-15.18865966796875
dpo,feedback,251,89,3,0.2783091802210789,-13.582111358642578
dpo,feedback,251,89,4,0.38068153874621813,-13.268880844116211
dpo,feedback,612,89,1,0.07650117192885837,-19.491941452026367
dpo,feedback,612,89,2,0.18073433624369975,-18.632219314575195
dpo,feedback,612,89,3,0.373385809778255,-17.906635284423828
dpo,feedback,612,89,4,0.36937868204918695,-17.91742515563965
dpo,feedback,737,89,1,0.05803536815836414,-20.328083038330078
dpo,feedback,737,89,2,0.2875432939551748,-18.72776222229004
dpo,feedback,737,89,3,0.31882703179201916,-18.624486923217773
dpo,feedback,737,89,4,0.3355943060944419,-18.573232650756836
dpo,feedback,867,89,1,0.1452324248648803,-11.37466049194336
dpo,feedback,867,89,2,0.16525308552733226,-11.24551773071289
dpo,feedback,867,89,3,0.03980252711719017,-12.669065475463867
dpo,feedback,867,89,4,0.6497119624905972,-9.876466751098633
dpo,feedback,945,89,1,0.1180173795350679,-21.42146873474121
dpo,feedback,945,89,2,0.3432178548418004,-20.35393524169922
dpo,feedback,945,89,3,0.2998696846663249,-20.48895263671875
dpo,feedback,945,89,4,0.2388950809568068,-20.716276168823242
dpo,feedback,54,90,1,0.09481158138841997,-12.572004318237305
dpo,feedback,54,90,2,0.5973971775035806,-10.731313705444336
dpo,feedback,54,90,3,0.17734534263887813,-11.945796966552734
dpo,feedback,54,90,4,0.13044589846912127,-12.252937316894531
dpo,feedback,251,90,1,0.26184123359524,-13.682144165039062
dpo,feedback,251,90,2,0.05247933448581972,-15.28946304321289
dpo,feedback,251,90,3,0.2853585367594233,-13.596136093139648
dpo,feedback,251,90,4,0.4003208951595169,-13.25761604309082
dpo,feedback,612,90,1,0.08288340596392824,-19.602876663208008
dpo,feedback,612,90,2,0.2026788689331864,-18.708688735961914
dpo,feedback,612,90,3,0.3587890025646298,-18.137577056884766
dpo,feedback,612,90,4,0.35564872253825563,-18.1463680267334
dpo,feedback,737,90,1,0.10761307321801598,-19.98817253112793
dpo,feedback,737,90,2,0.3632242769929952,-18.77169418334961
dpo,feedback,737,90,3,0.25991910468128804,-19.10634422302246
dpo,feedback,737,90,4,0.26924354510770065,-19.07109832763672
dpo,feedback,867,90,1,0.21890509016499668,-11.056583404541016
dpo,feedback,867,90,2,0.12993764746509312,-11.578166961669922
dpo,feedback,867,90,3,0.03511488035923829,-12.8865966796875
dpo,feedback,867,90,4,0.6160423820106719,-10.021905899047852
dpo,feedback,945,90,1,0.1482395667231964,-21.339719772338867
dpo,feedback,945,90,2,0.361697734946852,-20.44774055480957
dpo,feedback,945,90,3,0.2979782055979333,-20.641529083251953
dpo,feedback,945,90,4,0.19208449273201833,-21.08061408996582
dpo,feedback,54,91,1,0.08291443587532299,-12.718437194824219
dpo,feedback,54,91,2,0.601764850013529,-10.736379623413086
dpo,feedback,54,91,3,0.20605532975392823,-11.808101654052734
dpo,feedback,54,91,4,0.10926538435721979,-12.442466735839844
dpo,feedback,251,91,1,0.14627554190989742,-14.034713745117188
dpo,feedback,251,91,2,0.06617054052729988,-14.827970504760742
dpo,feedback,251,91,3,0.2094828866230783,-13.67556381225586
dpo,feedback,251,91,4,0.5780710309397245,-12.66050910949707
dpo,feedback,612,91,1,0.05620605904610411,-19.83661651611328
dpo,feedback,612,91,2,0.19588005332901973,-18.588138580322266
dpo,feedback,612,91,3,0.3495491271575753,-18.008996963500977
dpo,feedback,612,91,4,0.39836476046730074,-17.878273010253906
dpo,feedback,737,91,1,0.15364979633714093,-19.75887107849121
dpo,feedback,737,91,2,0.3400479607336707,-18.964460372924805
dpo,feedback,737,91,3,0.19405009788505959,-19.52543067932129
dpo,feedback,737,91,4,0.3122521450441288,-19.04973602294922
dpo,feedback,867,91,1,0.26220470887752395,-10.9725341796875
dpo,feedback,867,91,2,0.11419078145669423,-11.803789138793945
dpo,feedback,867,91,3,0.0342174973978958,-13.008922576904297
dpo,feedback,867,91,4,0.589387012267886,-10.162576675415039
dpo,feedback,945,91,1,0.1599984703713601,-21.24896240234375
dpo,feedback,945,91,2,0.3325311517464264,-20.517393112182617
dpo,feedback,945,91,3,0.2858326249304703,-20.668720245361328
dpo,feedback,945,91,4,0.22163775295174323,-20.92308235168457
dpo,feedback,54,92,1,0.06110331721969586,-12.900213241577148
dpo,feedback,54,92,2,0.6078902084516137,-10.602785110473633
dpo,feedback,54,92,3,0.23063889930909187,-11.57192611694336
dpo,feedback,54,92,4,0.10036757501959856,-12.403940200805664
dpo,feedback,251,92,1,0.15394373389801014,-14.13819694519043
dpo,feedback,251,92,2,0.08986637550455752,-14.676460266113281
dpo,feedback,251,92,3,0.23069131155928418,-13.73370361328125
dpo,feedback,251,92,4,0.5254985790381482,-12.910436630249023
dpo,feedback,612,92,1,0.06565140114445804,-19.431350708007812
dpo,feedback,612,92,2,0.13819286040918732,-18.68705940246582
dpo,feedback,612,92,3,0.4092032600877294,-17.601497650146484
dpo,feedback,612,92,4,0.3869524783586253,-17.657407760620117
dpo,feedback,737,92,1,0.18215282089284954,-19.508798599243164
dpo,feedback,737,92,2,0.3295814558250867,-18.915821075439453
dpo,feedback,737,92,3,0.20661021866565982,-19.382810592651367
dpo,feedback,737,92,4,0.281655504616404,-19.072959899902344
dpo,feedback,867,92,1,0.4298196866124629,-10.410306930541992
dpo,feedback,867,92,2,0.15103177391647324,-11.456182479858398
dpo,feedback,867,92,3,0.028945574678051447,-13.108255386352539
dpo,feedback,867,92,4,0.3902029647930124,-10.50700569152832
dpo,feedback,945,92,1,0.11054498398568031,-21.60713768005371
dpo,feedback,945,92,2,0.37278454008923667,-20.391559600830078
dpo,feedback,945,92,3,0.3053822969958667,-20.59099578857422
dpo,feedback,945,92,4,0.21128817892921628,-20.95933723449707
dpo,feedback,54,93,1,0.039739797420214294,-13.188188552856445
dpo,feedback,54,93,2,0.602558740653247,-10.469356536865234
dpo,feedback,54,93,3,0.26014083302731983,-11.309318542480469
dpo,feedback,54,93,4,0.09756062889921885,-12.290067672729492
dpo,feedback,251,93,1,0.19828375332105747,-14.069683074951172
dpo,feedback,251,93,2,0.12155755862089324,-14.55899429321289
dpo,feedback,251,93,3,0.15702268890996518,-14.30299186706543
dpo,feedback,251,93,4,0.5231359991480841,-13.099540710449219
dpo,feedback,612,93,1,0.0476479714145722,-19.53093147277832
dpo,feedback,612,93,2,0.1177471327325891,-18.626232147216797
dpo,feedback,612,93,3,0.4312345973407448,-17.3281192779541
dpo,feedback,612,93,4,0.40337029851209383,-17.394916534423828
dpo,feedback,737,93,1,0.20472740177323212,-19.541889190673828
dpo,feedback,737,93,2,0.3848308331276216,-18.910764694213867
dpo,feedback,737,93,3,0.18423296300219277,-19.647367477416992
dpo,feedback,737,93,4,0.22620880209695346,-19.442110061645508
dpo,feedback,867,93,1,0.49022875445336533,-10.015634536743164
dpo,feedback,867,93,2,0.15595186796534663,-11.160959243774414
dpo,feedback,867,93,3,0.014414904517122453,-13.542243957519531
dpo,feedback,867,93,4,0.3394044730641656,-10.38331413269043
dpo,feedback,945,93,1,0.11818136662225655,-21.518918991088867
dpo,feedback,945,93,2,0.4077601293196467,-20.280460357666016
dpo,feedback,945,93,3,0.28684529093830463,-20.6321964263916
dpo,feedback,945,93,4,0.1872132131197921,-21.05889129638672
dpo,feedback,54,94,1,0.0528405125683786,-13.06290054321289
dpo,feedback,54,94,2,0.5517451247754781,-10.717092514038086
dpo,feedback,54,94,3,0.2699319742196005,-11.432008743286133
dpo,feedback,54,94,4,0.12548238843654275,-12.198013305664062
dpo,feedback,251,94,1,0.242174069263389,-13.871477127075195
dpo,feedback,251,94,2,0.11978794400217795,-14.575410842895508
dpo,feedback,251,94,3,0.1819791404964409,-14.157241821289062
dpo,feedback,251,94,4,0.4560588462379922,-13.23851203918457
dpo,feedback,612,94,1,0.043008850232114995,-19.871301651000977
dpo,feedback,612,94,2,0.1531269223251958,-18.6014404296875
dpo,feedback,612,94,3,0.4631080531549783,-17.494747161865234
dpo,feedback,612,94,4,0.340756174287711,-17.80154037475586
dpo,feedback,737,94,1,0.1353586933549128,-19.619455337524414
dpo,feedback,737,94,2,0.3820671852844416,-18.581787109375
dpo,feedback,737,94,3,0.2704022085872105,-18.927473068237305
dpo,feedback,737,94,4,0.21217191277343506,-19.169986724853516
dpo,feedback,867,94,1,0.3932102706711166,-9.873807907104492
dpo,feedback,867,94,2,0.26977282371413996,-10.250572204589844
dpo,feedback,867,94,3,0.01629119656135863,-13.057527542114258
dpo,feedback,867,94,4,0.3207257090533848,-10.077566146850586
dpo,feedback,945,94,1,0.13885057919072807,-21.464664459228516
dpo,feedback,945,94,2,0.4579760489569513,-20.2712459564209
dpo,feedback,945,94,3,0.24833609337186374,-20.88327980041504
dpo,feedback,945,94,4,0.15483727848045684,-21.355688095092773
dpo,feedback,54,95,1,0.03403627252788144,-13.450780868530273
dpo,feedback,54,95,2,0.4873335063282218,-10.78925895690918
dpo,feedback,54,95,3,0.3094827814805009,-11.243305206298828
dpo,feedback,54,95,4,0.16914743966339577,-11.847436904907227
dpo,feedback,251,95,1,0.22009706431204137,-13.819032669067383
dpo,feedback,251,95,2,0.10072339061454622,-14.600723266601562
dpo,feedback,251,95,3,0.1467424287751117,-14.224422454833984
dpo,feedback,251,95,4,0.5324371162983007,-12.935636520385742
dpo,feedback,612,95,1,0.01825117371533821,-20.59208869934082
dpo,feedback,612,95,2,0.14871057828906548,-18.49431610107422
dpo,feedback,612,95,3,0.5085768054296045,-17.26470184326172
dpo,feedback,612,95,4,0.32446144256599185,-17.71415138244629
dpo,feedback,737,95,1,0.089239960956994,-20.03434944152832
dpo,feedback,737,95,2,0.36911481813996033,-18.61457061767578
dpo,feedback,737,95,3,0.23299991751180152,-19.07464027404785
dpo,feedback,737,95,4,0.3086453033912442,-18.793485641479492
dpo,feedback,867,95,1,0.3752098981386867,-9.830678939819336
dpo,feedback,867,95,2,0.3286983293850533,-9.963024139404297
dpo,feedback,867,95,3,0.016520827013992545,-12.953542709350586
dpo,feedback,867,95,4,0.2795709454622676,-10.124908447265625
dpo,feedback,945,95,1,0.25123731576510655,-20.666873931884766
dpo,feedback,945,95,2,0.3710696325595392,-20.27688217163086
dpo,feedback,945,95,3,0.19821545444452698,-20.90391731262207
dpo,feedback,945,95,4,0.17947759723082732,-21.00322151184082
dpo,feedback,54,96,1,0.051699507652506846,-13.17304801940918
dpo,feedback,54,96,2,0.42565504216589745,-11.06486701965332
dpo,feedback,54,96,3,0.291468755970745,-11.443563461303711
dpo,feedback,54,96,4,0.23117669421085063,-11.675313949584961
dpo,feedback,251,96,1,0.18919098059559614,-13.899824142456055
dpo,feedback,251,96,2,0.14332677052206969,-14.177453994750977
dpo,feedback,251,96,3,0.16515070061504275,-14.035722732543945
dpo,feedback,251,96,4,0.5023315482672914,-12.923320770263672
dpo,feedback,612,96,1,0.0074188716982604794,-21.4034481048584
dpo,feedback,612,96,2,0.14658572834213326,-18.419864654541016
dpo,feedback,612,96,3,0.44728319781195935,-17.304283142089844
dpo,feedback,612,96,4,0.3987122021476469,-17.419235229492188
dpo,feedback,737,96,1,0.10026070466012238,-19.794570922851562
dpo,feedback,737,96,2,0.37925638503135,-18.46413230895996
dpo,feedback,737,96,3,0.24286902323623996,-18.909822463989258
dpo,feedback,737,96,4,0.2776138870722876,-18.776113510131836
dpo,feedback,867,96,1,0.31726052679146205,-9.61328125
dpo,feedback,867,96,2,0.481975949920316,-9.195110321044922
dpo,feedback,867,96,3,0.016619378387825207,-12.562435150146484
dpo,feedback,867,96,4,0.1841441449003966,-10.157285690307617
dpo,feedback,945,96,1,0.24536114648780824,-20.821792602539062
dpo,feedback,945,96,2,0.41267136160857826,-20.30187225341797
dpo,feedback,945,96,3,0.2121367278269148,-20.96729278564453
dpo,feedback,945,96,4,0.12983076407669872,-21.45829200744629
dpo,feedback,54,97,1,0.05058899623585744,-13.167964935302734
dpo,feedback,54,97,2,0.44038600589806853,-11.004047393798828
dpo,feedback,54,97,3,0.27490298690440407,-11.47528076171875
dpo,feedback,54,97,4,0.2341220109616699,-11.635856628417969
dpo,feedback,251,97,1,0.23175044854022228,-13.818351745605469
dpo,feedback,251,97,2,0.20295418155658262,-13.951032638549805
dpo,feedback,251,97,3,0.1650421287334701,-14.157812118530273
dpo,feedback,251,97,4,0.400253241169725,-13.271915435791016
dpo,feedback,612,97,1,0.005840886791704238,-21.69981575012207
dpo,feedback,612,97,2,0.15415898497404915,-18.426713943481445
dpo,feedback,612,97,3,0.46500113410073,-17.32265853881836
dpo,feedback,612,97,4,0.3749989941335166,-17.53777503967285
dpo,feedback,737,97,1,0.10146018675522796,-19.76078224182129
dpo,feedback,737,97,2,0.4362402327452454,-18.302255630493164
dpo,feedback,737,97,3,0.23303628773149423,-18.92925453186035
dpo,feedback,737,97,4,0.22926329276803242,-18.94557762145996
dpo,feedback,867,97,1,0.19369535653456116,-9.924871444702148
dpo,feedback,867,97,2,0.5439028531994344,-8.892387390136719
dpo,feedback,867,97,3,0.02528036228717939,-11.961130142211914
dpo,feedback,867,97,4,0.23712142797882502,-9.722585678100586
dpo,feedback,945,97,1,0.17622772705934242,-21.032947540283203
dpo,feedback,945,97,2,0.4281355923584257,-20.14528465270996
dpo,feedback,945,97,3,0.27684722753357055,-20.58125877380371
dpo,feedback,945,97,4,0.11878945304866141,-21.427371978759766
dpo,feedback,54,98,1,0.033570940436249676,-13.172904968261719
dpo,feedback,54,98,2,0.5276005962619095,-10.41822624206543
dpo,feedback,54,98,3,0.18511834869504804,-11.465570449829102
dpo,feedback,54,98,4,0.25371011460679294,-11.150373458862305
dpo,feedback,251,98,1,0.27853079841754624,-13.652046203613281
dpo,feedback,251,98,2,0.2688949792382283,-13.687253952026367
dpo,feedback,251,98,3,0.1723927227252048,-14.131799697875977
dpo,feedback,251,98,4,0.28018149961902067,-13.646137237548828
dpo,feedback,612,98,1,0.00747474521205663,-21.665237426757812
dpo,feedback,612,98,2,0.2420419498259496,-18.18765640258789
dpo,feedback,612,98,3,0.40192960700594976,-17.680490493774414
dpo,feedback,612,98,4,0.348553697956044,-17.822975158691406
dpo,feedback,737,98,1,0.07289687400197645,-19.962095260620117
dpo,feedback,737,98,2,0.42244492293680075,-18.205081939697266
dpo,feedback,737,98,3,0.2883699261521984,-18.586896896362305
dpo,feedback,737,98,4,0.2162882769090244,-18.874528884887695
dpo,feedback,867,98,1,0.1453291764567609,-10.152727127075195
dpo,feedback,867,98,2,0.5476042142766918,-8.826175689697266
dpo,feedback,867,98,3,0.04166332478325893,-11.402107238769531
dpo,feedback,867,98,4,0.2654032844832885,-9.550477981567383
dpo,feedback,945,98,1,0.18099855058731368,-20.926532745361328
dpo,feedback,945,98,2,0.48182393169023124,-19.94744300842285
dpo,feedback,945,98,3,0.21453970406360517,-20.756526947021484
dpo,feedback,945,98,4,0.12263781365884978,-21.315786361694336
dpo,feedback,54,99,1,0.04298480578300681,-13.209346771240234
dpo,feedback,54,99,2,0.3815646244603016,-11.02591323852539
dpo,feedback,54,99,3,0.2517067217229931,-11.44192886352539
dpo,feedback,54,99,4,0.32374384803369854,-11.190240859985352
dpo,feedback,251,99,1,0.3169277475313565,-13.492473602294922
dpo,feedback,251,99,2,0.23215560932926677,-13.803739547729492
dpo,feedback,251,99,3,0.14592550867701987,-14.268051147460938
dpo,feedback,251,99,4,0.30499113446235687,-13.530864715576172
dpo,feedback,612,99,1,0.006338017951321673,-21.66069984436035
dpo,feedback,612,99,2,0.20314381822291744,-18.19335174560547
dpo,feedback,612,99,3,0.36106844661851495,-17.61819839477539
dpo,feedback,612,99,4,0.42944971720724595,-17.444761276245117
dpo,feedback,737,99,1,0.06601464076044564,-20.035005569458008
dpo,feedback,737,99,2,0.3803817872177293,-18.283706665039062
dpo,feedback,737,99,3,0.2877456530523838,-18.56280517578125
dpo,feedback,737,99,4,0.2658579189694411,-18.64192008972168
dpo,feedback,867,99,1,0.11534568404160396,-10.512443542480469
dpo,feedback,867,99,2,0.47647324847463385,-9.093965530395508
dpo,feedback,867,99,3,0.04665011483927877,-11.417701721191406
dpo,feedback,867,99,4,0.3615309526444833,-9.37002944946289
dpo,feedback,945,99,1,0.11577270354663005,-21.309940338134766
dpo,feedback,945,99,2,0.5420584611795386,-19.76619529724121
dpo,feedback,945,99,3,0.20203040681856063,-20.753150939941406
dpo,feedback,945,99,4,0.14013842845527089,-21.118938446044922
dpo,feedback,54,100,1,0.07081670238275269,-12.862930297851562
dpo,feedback,54,100,2,0.396818794482417,-11.139545440673828
dpo,feedback,54,100,3,0.19296293841279044,-11.860527038574219
dpo,feedback,54,100,4,0.3394015647220398,-11.295841217041016
dpo,feedback,251,100,1,0.3663902226231408,-13.486629486083984
dpo,feedback,251,100,2,0.1512868136137538,-14.371150970458984
dpo,feedback,251,100,3,0.1807350236779008,-14.193296432495117
dpo,feedback,251,100,4,0.3015879400852046,-13.681266784667969
dpo,feedback,612,100,1,0.00741564971267626,-21.473609924316406
dpo,feedback,612,100,2,0.1658954533584994,-18.3658447265625
dpo,feedback,612,100,3,0.379068370560725,-17.539485931396484
dpo,feedback,612,100,4,0.4476205263680993,-17.37325668334961
dpo,feedback,737,100,1,0.07371063435347672,-20.005929946899414
dpo,feedback,737,100,2,0.5477941867128922,-18.00017738342285
dpo,feedback,737,100,3,0.22341348854112317,-18.897052764892578
dpo,feedback,737,100,4,0.15508169039250802,-19.26212501525879
dpo,feedback,867,100,1,0.10046615313400208,-10.737890243530273
dpo,feedback,867,100,2,0.36447642145504583,-9.449249267578125
dpo,feedback,867,100,3,0.03479097222758338,-11.79835319519043
dpo,feedback,867,100,4,0.5002664531833687,-9.132570266723633
dpo,feedback,945,100,1,0.1361124818586043,-21.32025718688965
dpo,feedback,945,100,2,0.6218934188744437,-19.80097007751465
dpo,feedback,945,100,3,0.13441182047739678,-21.33283042907715
dpo,feedback,945,100,4,0.10758227878955519,-21.555482864379883
