method,prompt_id,outer_iteration,response_index,pi_panel,relative_sequence_entropy
ipo,54,0,1,0.3712115726937563,1.3862943611198906
ipo,54,0,2,0.6029922801684683,1.3862943611198906
ipo,54,0,3,0.013535056151053623,1.3862943611198906
ipo,54,0,4,0.012261090986721752,1.3862943611198906
ipo,251,0,1,0.694191099475356,1.3862943611198906
ipo,251,0,2,0.05016718807243481,1.3862943611198906
ipo,251,0,3,0.19044195905865974,1.3862943611198906
ipo,251,0,4,0.06519975339354969,1.3862943611198906
ipo,612,0,1,0.011528466077837621,1.3862943611198906
ipo,612,0,2,0.7315963931614523,1.3862943611198906
ipo,612,0,3,0.23203468246272563,1.3862943611198906
ipo,612,0,4,0.024840458297984383,1.3862943611198906
ipo,737,0,1,0.031227199123304968,1.3862943611198906
ipo,737,0,2,0.07528141785186789,1.3862943611198906
ipo,737,0,3,0.8825096617860657,1.3862943611198906
ipo,737,0,4,0.010981721238761349,1.3862943611198906
ipo,867,0,1,0.09175021384384172,1.3862943611198906
ipo,867,0,2,0.020779009578621742,1.3862943611198906
ipo,867,0,3,0.03044524853192668,1.3862943611198906
ipo,867,0,4,0.8570255280456098,1.3862943611198906
ipo,945,0,1,0.12281756762231946,1.3862943611198906
ipo,945,0,2,0.4665705454925932,1.3862943611198906
ipo,945,0,3,0.06747558918123138,1.3862943611198906
ipo,945,0,4,0.3431362977038559,1.3862943611198906
ipo,54,1,1,0.4046308699289691,1.373775240042241
ipo,54,1,2,0.5713866268352745,1.373775240042241
ipo,54,1,3,0.01499947495144806,1.373775240042241
ipo,54,1,4,0.0089830282843083,1.373775240042241
ipo,251,1,1,0.7235811873925364,1.297838542825601
ipo,251,1,2,0.016659206114904013,1.297838542825601
ipo,251,1,3,0.17676267257017855,1.297838542825601
ipo,251,1,4,0.08299693392238099,1.297838542825601
ipo,612,1,1,0.001909410588644795,1.0865996290588182
ipo,612,1,2,0.8345779373950988,1.0865996290588182
ipo,612,1,3,0.11158768053110941,1.0865996290588182
ipo,612,1,4,0.05192497148514703,1.0865996290588182
ipo,737,1,1,0.0185330432919279,1.2998423251258864
ipo,737,1,2,0.13390550700167214,1.2998423251258864
ipo,737,1,3,0.8286474769042823,1.2998423251258864
ipo,737,1,4,0.018913972802117637,1.2998423251258864
ipo,867,1,1,0.1274362151777113,1.2800466900128913
ipo,867,1,2,0.019819030414412107,1.2800466900128913
ipo,867,1,3,0.009236591313306609,1.2800466900128913
ipo,867,1,4,0.84350816309457,1.2800466900128913
ipo,945,1,1,0.1600297115667917,1.3533624982948957
ipo,945,1,2,0.5155516545594144,1.3533624982948957
ipo,945,1,3,0.09333720483284098,1.3533624982948957
ipo,945,1,4,0.23108142904095288,1.3533624982948957
ipo,54,2,1,0.3413013037197922,1.344440121066886
ipo,54,2,2,0.6209909274706975,1.344440121066886
ipo,54,2,3,0.024833714080235773,1.344440121066886
ipo,54,2,4,0.012874054729274376,1.344440121066886
ipo,251,2,1,0.6632790733976499,1.377643287163183
ipo,251,2,2,0.041893628630993524,1.377643287163183
ipo,251,2,3,0.22083730071251956,1.377643287163183
ipo,251,2,4,0.07398999725883697,1.377643287163183
ipo,612,2,1,0.00976760739609146,0.9663002942235321
ipo,612,2,2,0.8082054731368787,0.9663002942235321
ipo,612,2,3,0.07024982130073185,0.9663002942235321
ipo,612,2,4,0.11177709816629806,0.9663002942235321
ipo,737,2,1,0.011736522686975491,1.1192055358670918
ipo,737,2,2,0.2180652216577005,1.1192055358670918
ipo,737,2,3,0.760537589980549,1.1192055358670918
ipo,737,2,4,0.009660665674774973,1.1192055358670918
ipo,867,2,1,0.09604867910957787,1.304256837012627
ipo,867,2,2,0.01656759869762775,1.304256837012627
ipo,867,2,3,0.009403829866110557,1.304256837012627
ipo,867,2,4,0.8779798923266839,1.304256837012627
ipo,945,2,1,0.10403687583063675,1.291733213461962
ipo,945,2,2,0.6439477398138734,1.291733213461962
ipo,945,2,3,0.10311843147053293,1.291733213461962
ipo,945,2,4,0.1488969528849569,1.291733213461962
ipo,54,3,1,0.18185990303845967,1.274269285091987
ipo,54,3,2,0.7843407895886227,1.274269285091987
ipo,54,3,3,0.024593009689322064,1.274269285091987
ipo,54,3,4,0.009206297683595523,1.274269285091987
ipo,251,3,1,0.6012758906036436,1.2249402659528137
ipo,251,3,2,0.011137148785473281,1.2249402659528137
ipo,251,3,3,0.30123532574933287,1.2249402659528137
ipo,251,3,4,0.08635163486155023,1.2249402659528137
ipo,612,3,1,0.002289814994229307,0.6478122220162174
ipo,612,3,2,0.7721864455449496,0.6478122220162174
ipo,612,3,3,0.06477317837844625,0.6478122220162174
ipo,612,3,4,0.1607505610823748,0.6478122220162174
ipo,737,3,1,0.01114927911848409,1.0269043950587986
ipo,737,3,2,0.3478091291057272,1.0269043950587986
ipo,737,3,3,0.5977183216807663,1.0269043950587986
ipo,737,3,4,0.0433232700950225,1.0269043950587986
ipo,867,3,1,0.21610307135327245,1.1060456060497192
ipo,867,3,2,0.020840015009690908,1.1060456060497192
ipo,867,3,3,0.004363557863786992,1.1060456060497192
ipo,867,3,4,0.7586933557732497,1.1060456060497192
ipo,945,3,1,0.14358325739804362,1.3215030124321685
ipo,945,3,2,0.6297109652870723,1.3215030124321685
ipo,945,3,3,0.07238199304498033,1.3215030124321685
ipo,945,3,4,0.15432378426990384,1.3215030124321685
ipo,54,4,1,0.21284762533976162,1.214672669428176
ipo,54,4,2,0.7325228835610013,1.214672669428176
ipo,54,4,3,0.04045211482687501,1.214672669428176
ipo,54,4,4,0.014177376272362178,1.214672669428176
ipo,251,4,1,0.4826429663613172,1.2434348907982635
ipo,251,4,2,0.02852460065443348,1.2434348907982635
ipo,251,4,3,0.41580799640863675,1.2434348907982635
ipo,251,4,4,0.07302443657561261,1.2434348907982635
ipo,612,4,1,0.006835220943344192,0.4295922846119884
ipo,612,4,2,0.6407228968232844,0.4295922846119884
ipo,612,4,3,0.023184773106756745,0.4295922846119884
ipo,612,4,4,0.3292571091266147,0.4295922846119884
ipo,737,4,1,0.010227817491067631,0.9467639150800992
ipo,737,4,2,0.4187464483908183,0.9467639150800992
ipo,737,4,3,0.5465286790410991,0.9467639150800992
ipo,737,4,4,0.024497055077014943,0.9467639150800992
ipo,867,4,1,0.24312239366894323,1.0416243403813934
ipo,867,4,2,0.01619979079940685,1.0416243403813934
ipo,867,4,3,0.00432893249917809,1.0416243403813934
ipo,867,4,4,0.7363488830324718,1.0416243403813934
ipo,945,4,1,0.2159202960514937,1.276859020662842
ipo,945,4,2,0.5811817938968243,1.276859020662842
ipo,945,4,3,0.06402246169825856,1.276859020662842
ipo,945,4,4,0.1388754483534233,1.276859020662842
ipo,54,5,1,0.17756738349602,1.0784968088144329
ipo,54,5,2,0.7585342657811915,1.0784968088144329
ipo,54,5,3,0.0534528567323777,1.0784968088144329
ipo,54,5,4,0.01044549399041077,1.0784968088144329
ipo,251,5,1,0.5227371747228685,1.113428266441606
ipo,251,5,2,0.004713721888440632,1.113428266441606
ipo,251,5,3,0.374495166118956,1.113428266441606
ipo,251,5,4,0.09805393726973487,1.113428266441606
ipo,612,5,1,0.0044132806504111255,0.561383093591687
ipo,612,5,2,0.7545105089767316,0.561383093591687
ipo,612,5,3,0.03181261300887272,0.561383093591687
ipo,612,5,4,0.20926359736398464,0.561383093591687
ipo,737,5,1,0.006489952344727658,0.8398565202966768
ipo,737,5,2,0.6009745647717234,0.8398565202966768
ipo,737,5,3,0.34228263370979223,0.8398565202966768
ipo,737,5,4,0.050252849173756824,0.8398565202966768
ipo,867,5,1,0.3540156102562273,0.8351669259937792
ipo,867,5,2,0.015965736899980296,0.8351669259937792
ipo,867,5,3,0.0016417550110724292,0.8351669259937792
ipo,867,5,4,0.62837689783272,0.8351669259937792
ipo,945,5,1,0.16607400167026515,1.2146345559428697
ipo,945,5,2,0.6491335270300674,1.2146345559428697
ipo,945,5,3,0.12026626818462675,1.2146345559428697
ipo,945,5,4,0.06452620311504076,1.2146345559428697
ipo,54,6,1,0.07664042923761077,0.969469531142653
ipo,54,6,2,0.8434537031594389,0.969469531142653
ipo,54,6,3,0.06656350215182877,0.969469531142653
ipo,54,6,4,0.013342365451121491,0.969469531142653
ipo,251,6,1,0.46349044786539956,1.1665456559520848
ipo,251,6,2,0.016018159741332604,1.1665456559520848
ipo,251,6,3,0.44021722114761563,1.1665456559520848
ipo,251,6,4,0.08027417124565235,1.1665456559520848
ipo,612,6,1,0.011292710882934789,0.5452445745413943
ipo,612,6,2,0.7008481446199383,0.5452445745413943
ipo,612,6,3,0.011420313478066938,0.5452445745413943
ipo,612,6,4,0.2764388310190599,0.5452445745413943
ipo,737,6,1,0.01021842566682622,0.7161857423420821
ipo,737,6,2,0.6754424714542321,0.7161857423420821
ipo,737,6,3,0.2908878723804211,0.7161857423420821
ipo,737,6,4,0.023451230498520617,0.7161857423420821
ipo,867,6,1,0.599403488606198,0.5322975792561077
ipo,867,6,2,0.013916638898232745,0.5322975792561077
ipo,867,6,3,0.0006320926249527788,0.5322975792561077
ipo,867,6,4,0.38604777987061667,0.5322975792561077
ipo,945,6,1,0.3233888331805359,1.07834648803233
ipo,945,6,2,0.5745665061504374,1.07834648803233
ipo,945,6,3,0.05175430138480255,1.07834648803233
ipo,945,6,4,0.05029035928422427,1.07834648803233
ipo,54,7,1,0.049840918216034154,0.822200522697289
ipo,54,7,2,0.8490982382115689,0.822200522697289
ipo,54,7,3,0.08924253147298013,0.822200522697289
ipo,54,7,4,0.011818312099416708,0.822200522697289
ipo,251,7,1,0.2646215163622436,0.8622096196603024
ipo,251,7,2,0.004202591921451555,0.8622096196603024
ipo,251,7,3,0.6557282647280323,0.8622096196603024
ipo,251,7,4,0.07544762698827258,0.8622096196603024
ipo,612,7,1,0.005701901340632666,0.26565412374547986
ipo,612,7,2,0.48051885125041577,0.26565412374547986
ipo,612,7,3,0.013639098694965443,0.26565412374547986
ipo,612,7,4,0.5001401487139863,0.26565412374547986
ipo,737,7,1,0.004780784564444637,0.7764113046666072
ipo,737,7,2,0.7504858313753741,0.7764113046666072
ipo,737,7,3,0.14745984940242335,0.7764113046666072
ipo,737,7,4,0.09727353465775802,0.7764113046666072
ipo,867,7,1,0.5257515219350797,0.7073875641274548
ipo,867,7,2,0.024583254389100598,0.7073875641274548
ipo,867,7,3,0.0010994662319744799,0.7073875641274548
ipo,867,7,4,0.4485657574438452,0.7073875641274548
ipo,945,7,1,0.25304311145586394,1.1769876342226502
ipo,945,7,2,0.5899081293845708,1.1769876342226502
ipo,945,7,3,0.10796144961913945,1.1769876342226502
ipo,945,7,4,0.049087309540425755,1.1769876342226502
ipo,54,8,1,0.02639476711730977,0.8795555711942667
ipo,54,8,2,0.8764034345070926,0.8795555711942667
ipo,54,8,3,0.08130393248889713,0.8795555711942667
ipo,54,8,4,0.01589786588670059,0.8795555711942667
ipo,251,8,1,0.2540768466815891,1.0632745025384591
ipo,251,8,2,0.024114347107808482,1.0632745025384591
ipo,251,8,3,0.6167220645384801,1.0632745025384591
ipo,251,8,4,0.10508674167212236,1.0632745025384591
ipo,612,8,1,0.01918227071938428,0.3757608060204388
ipo,612,8,2,0.43185165595149405,0.3757608060204388
ipo,612,8,3,0.008187424900648646,0.3757608060204388
ipo,612,8,4,0.540778648428473,0.3757608060204388
ipo,737,8,1,0.00801254901569501,0.4848593036857282
ipo,737,8,2,0.882345114003749,0.4848593036857282
ipo,737,8,3,0.09302900527063865,0.4848593036857282
ipo,737,8,4,0.0166133317099173,0.4848593036857282
ipo,867,8,1,0.7999179008719963,0.3957529967739246
ipo,867,8,2,0.015848860170583012,0.3957529967739246
ipo,867,8,3,0.0007131820252919557,0.3957529967739246
ipo,867,8,4,0.18352005693212886,0.3957529967739246
ipo,945,8,1,0.3437263840644698,1.0515595973155227
ipo,945,8,2,0.5633218581899223,1.0515595973155227
ipo,945,8,3,0.06207586226301539,1.0515595973155227
ipo,945,8,4,0.03087589548259255,1.0515595973155227
ipo,54,9,1,0.011508208936709879,0.6183407774460494
ipo,54,9,2,0.779255694892621,0.6183407774460494
ipo,54,9,3,0.18650234743569752,0.6183407774460494
ipo,54,9,4,0.02273374873497164,0.6183407774460494
ipo,251,9,1,0.13326678590003077,0.8112436977541411
ipo,251,9,2,0.005082779599056968,0.8112436977541411
ipo,251,9,3,0.7502017908982773,0.8112436977541411
ipo,251,9,4,0.11144864360263498,0.8112436977541411
ipo,612,9,1,0.006663761997838046,0.15462070180859824
ipo,612,9,2,0.19710991575929468,0.15462070180859824
ipo,612,9,3,0.017795979308042796,0.15462070180859824
ipo,612,9,4,0.7784303429348245,0.15462070180859824
ipo,737,9,1,0.0039881775531428075,0.7402728508807374
ipo,737,9,2,0.8398282656896464,0.7402728508807374
ipo,737,9,3,0.059888739670836834,0.7402728508807374
ipo,737,9,4,0.096294817086374,0.7402728508807374
ipo,867,9,1,0.6932702995381599,0.629235865203556
ipo,867,9,2,0.03523071338549413,0.629235865203556
ipo,867,9,3,0.0011730429615985527,0.629235865203556
ipo,867,9,4,0.27032594411474725,0.629235865203556
ipo,945,9,1,0.4702778588596843,0.9553232479319983
ipo,945,9,2,0.41802574588698477,0.9553232479319983
ipo,945,9,3,0.08059912570340305,0.9553232479319983
ipo,945,9,4,0.031097269549927937,0.9553232479319983
ipo,54,10,1,0.018856593803434803,0.5809232346922775
ipo,54,10,2,0.7718910987853437,0.5809232346922775
ipo,54,10,3,0.1907484020112493,0.5809232346922775
ipo,54,10,4,0.01850390539997213,0.5809232346922775
ipo,251,10,1,0.1307802371472188,0.9770930860317832
ipo,251,10,2,0.02369726978165543,0.9770930860317832
ipo,251,10,3,0.7091426760021027,0.9770930860317832
ipo,251,10,4,0.13637981706902308,0.9770930860317832
ipo,612,10,1,0.06693902505032219,0.474146740911108
ipo,612,10,2,0.14742668554344376,0.474146740911108
ipo,612,10,3,0.010089717251455754,0.474146740911108
ipo,612,10,4,0.7755445721547782,0.474146740911108
ipo,737,10,1,0.0071966773916522795,0.7447703332439447
ipo,737,10,2,0.840476270466324,0.7447703332439447
ipo,737,10,3,0.08254262316954326,0.7447703332439447
ipo,737,10,4,0.06978442897248047,0.7447703332439447
ipo,867,10,1,0.7855045361223504,0.5417880652594501
ipo,867,10,2,0.034046226609626785,0.5417880652594501
ipo,867,10,3,0.000518957301219793,0.5417880652594501
ipo,867,10,4,0.17993027996680327,0.5417880652594501
ipo,945,10,1,0.3385730567439508,1.0867244428819203
ipo,945,10,2,0.5044839247470259,1.0867244428819203
ipo,945,10,3,0.1322900488870115,1.0867244428819203
ipo,945,10,4,0.024652969622011835,1.0867244428819203
ipo,54,11,1,0.006179411088672568,0.5793565263675905
ipo,54,11,2,0.752767998366485,0.5793565263675905
ipo,54,11,3,0.21577162634961203,0.5793565263675905
ipo,54,11,4,0.025280964195230342,0.5793565263675905
ipo,251,11,1,0.04331869661748254,0.6185849758907176
ipo,251,11,2,0.007010999582543892,0.6185849758907176
ipo,251,11,3,0.8856591883955294,0.6185849758907176
ipo,251,11,4,0.06401111540444425,0.6185849758907176
ipo,612,11,1,0.020713465746822406,0.21976553852463068
ipo,612,11,2,0.07156638418719448,0.21976553852463068
ipo,612,11,3,0.013440976171217202,0.21976553852463068
ipo,612,11,4,0.8942791738947659,0.21976553852463068
ipo,737,11,1,0.0032980768797621343,0.7258395555256005
ipo,737,11,2,0.8643842788508228,0.7258395555256005
ipo,737,11,3,0.037009363781051366,0.7258395555256005
ipo,737,11,4,0.0953082804883636,0.7258395555256005
ipo,867,11,1,0.6985455536547264,0.7694811380788187
ipo,867,11,2,0.12368620120379897,0.7694811380788187
ipo,867,11,3,0.0011135680811617057,0.7694811380788187
ipo,867,11,4,0.17665467706031285,0.7694811380788187
ipo,945,11,1,0.7511383874231212,0.5307677011639559
ipo,945,11,2,0.19928864941396138,0.5307677011639559
ipo,945,11,3,0.039910599415508105,0.5307677011639559
ipo,945,11,4,0.00966236374740928,0.5307677011639559
ipo,54,12,1,0.007500471765309275,0.6778045348922263
ipo,54,12,2,0.8006544715214251,0.6778045348922263
ipo,54,12,3,0.16628919860260594,0.6778045348922263
ipo,54,12,4,0.0255558581106597,0.6778045348922263
ipo,251,12,1,0.08283857514353637,0.8895133432181401
ipo,251,12,2,0.025258797002509544,0.8895133432181401
ipo,251,12,3,0.7953986022354795,0.8895133432181401
ipo,251,12,4,0.09650402561847453,0.8895133432181401
ipo,612,12,1,0.03240876753009901,0.27667520076541774
ipo,612,12,2,0.04844242650622235,0.27667520076541774
ipo,612,12,3,0.009358217557024586,0.27667520076541774
ipo,612,12,4,0.909790588406654,0.27667520076541774
ipo,737,12,1,0.006672914403164606,0.5983992922413579
ipo,737,12,2,0.9352673580175936,0.5983992922413579
ipo,737,12,3,0.019897566691931292,0.5983992922413579
ipo,737,12,4,0.03816216088731045,0.5983992922413579
ipo,867,12,1,0.8116464742064334,0.5298398496773294
ipo,867,12,2,0.03530432621428029,0.5298398496773294
ipo,867,12,3,0.0005287644928817074,0.5298398496773294
ipo,867,12,4,0.15252043508640448,0.5298398496773294
ipo,945,12,1,0.3232213806240732,1.0851257381789474
ipo,945,12,2,0.4925210870121781,1.0851257381789474
ipo,945,12,3,0.1598356771207567,1.0851257381789474
ipo,945,12,4,0.0244218552429921,1.0851257381789474
ipo,54,13,1,0.004557155530173947,0.4656054368238822
ipo,54,13,2,0.6640969508231644,0.4656054368238822
ipo,54,13,3,0.3047000137149548,0.4656054368238822
ipo,54,13,4,0.026645879931706765,0.4656054368238822
ipo,251,13,1,0.01467060777221489,0.5836356852283464
ipo,251,13,2,0.01295768526648707,0.5836356852283464
ipo,251,13,3,0.9223677851906277,0.5836356852283464
ipo,251,13,4,0.05000392177067046,0.5836356852283464
ipo,612,13,1,0.054035596073048406,0.3858415046841157
ipo,612,13,2,0.02284448455604351,0.3858415046841157
ipo,612,13,3,0.032544200392479586,0.3858415046841157
ipo,612,13,4,0.8905757189784284,0.3858415046841157
ipo,737,13,1,0.0033415082623183146,0.7237329602873288
ipo,737,13,2,0.8727588845585358,0.7237329602873288
ipo,737,13,3,0.014906607776277442,0.7237329602873288
ipo,737,13,4,0.10899299940286848,0.7237329602873288
ipo,867,13,1,0.6824069437302039,0.7431170829004722
ipo,867,13,2,0.18979236536128297,0.7431170829004722
ipo,867,13,3,0.0008049698726520961,0.7431170829004722
ipo,867,13,4,0.12699572103586088,0.7431170829004722
ipo,945,13,1,0.5932680255548303,0.8169063244645876
ipo,945,13,2,0.30301974916605984,0.8169063244645876
ipo,945,13,3,0.09610731063866962,0.8169063244645876
ipo,945,13,4,0.007604914640440293,0.8169063244645876
ipo,54,14,1,0.0015263774393011107,0.5868311123101906
ipo,54,14,2,0.7206505324305317,0.5868311123101906
ipo,54,14,3,0.24345081028075446,0.5868311123101906
ipo,54,14,4,0.034372279849412754,0.5868311123101906
ipo,251,14,1,0.01825226470918407,0.8401821361035324
ipo,251,14,2,0.031681479459269954,0.8401821361035324
ipo,251,14,3,0.8561332824679936,0.8401821361035324
ipo,251,14,4,0.0939329733635524,0.8401821361035324
ipo,612,14,1,0.024560908056980746,0.21476575962093203
ipo,612,14,2,0.013185103511133502,0.21476575962093203
ipo,612,14,3,0.006184520978850254,0.21476575962093203
ipo,612,14,4,0.9560694674530354,0.21476575962093203
ipo,737,14,1,0.005315111906808774,0.5800819598404523
ipo,737,14,2,0.9498744550769322,0.5800819598404523
ipo,737,14,3,0.006250822359042686,0.5800819598404523
ipo,737,14,4,0.03855961065721634,0.5800819598404523
ipo,867,14,1,0.749989533626966,0.7280574695981363
ipo,867,14,2,0.09272052775316054,0.7280574695981363
ipo,867,14,3,0.0008000886752033674,0.7280574695981363
ipo,867,14,4,0.15648984994467002,0.7280574695981363
ipo,945,14,1,0.3756721478084875,1.0026761425215915
ipo,945,14,2,0.3632267579573491,1.0026761425215915
ipo,945,14,3,0.2356085427627778,1.0026761425215915
ipo,945,14,4,0.025492551471385624,1.0026761425215915
ipo,54,15,1,0.004886040232425666,0.4837067472322918
ipo,54,15,2,0.4819339873874974,0.4837067472322918
ipo,54,15,3,0.45128582451009436,0.4837067472322918
ipo,54,15,4,0.06189414786998259,0.4837067472322918
ipo,251,15,1,0.007380426596265153,0.5653114288587271
ipo,251,15,2,0.012457826375613285,0.5653114288587271
ipo,251,15,3,0.9305856958145073,0.5653114288587271
ipo,251,15,4,0.04957605121361435,0.5653114288587271
ipo,612,15,1,0.14511416115710943,0.607878034642314
ipo,612,15,2,0.01764051170013146,0.607878034642314
ipo,612,15,3,0.021552803570593478,0.607878034642314
ipo,612,15,4,0.8156925235721656,0.607878034642314
ipo,737,15,1,0.0024864597362101886,0.6951262800072926
ipo,737,15,2,0.8185751051129212,0.6951262800072926
ipo,737,15,3,0.00417739290259952,0.6951262800072926
ipo,737,15,4,0.17476104224826905,0.6951262800072926
ipo,867,15,1,0.6343667560433073,0.6712082510796034
ipo,867,15,2,0.286684008398188,0.6712082510796034
ipo,867,15,3,0.0008124099223733917,0.6712082510796034
ipo,867,15,4,0.07813682563613135,0.6712082510796034
ipo,945,15,1,0.3811554221785131,0.9755491945396267
ipo,945,15,2,0.3857307538602424,0.9755491945396267
ipo,945,15,3,0.2295772742080262,0.9755491945396267
ipo,945,15,4,0.003536549753218278,0.9755491945396267
ipo,54,16,1,0.0010099036026337018,0.4385253582555713
ipo,54,16,2,0.5751116982303013,0.4385253582555713
ipo,54,16,3,0.3869558848545192,0.4385253582555713
ipo,54,16,4,0.03692251331254588,0.4385253582555713
ipo,251,16,1,0.017832633024057284,0.901298591750127
ipo,251,16,2,0.028339494953976092,0.901298591750127
ipo,251,16,3,0.7968367039998983,0.901298591750127
ipo,251,16,4,0.15699116802206836,0.901298591750127
ipo,612,16,1,0.04059301815667979,0.2951579571577665
ipo,612,16,2,0.004798402505558496,0.2951579571577665
ipo,612,16,3,0.005167875868075474,0.2951579571577665
ipo,612,16,4,0.9494407034696862,0.2951579571577665
ipo,737,16,1,0.005869054729690677,0.6055519502443469
ipo,737,16,2,0.9484291712862655,0.6055519502443469
ipo,737,16,3,0.0025388262610276996,0.6055519502443469
ipo,737,16,4,0.04316294772301608,0.6055519502443469
ipo,867,16,1,0.5117333513966652,0.7318873953676766
ipo,867,16,2,0.23293582370276258,0.7318873953676766
ipo,867,16,3,0.0017138875857167632,0.7318873953676766
ipo,867,16,4,0.2536169373148554,0.7318873953676766
ipo,945,16,1,0.27443387215705084,0.9600423446021813
ipo,945,16,2,0.4193309749083836,0.9600423446021813
ipo,945,16,3,0.29241653108752746,0.9600423446021813
ipo,945,16,4,0.013818621847038035,0.9600423446021813
ipo,54,17,1,0.0009808470377558835,0.33376439368208743
ipo,54,17,2,0.2747427049166525,0.33376439368208743
ipo,54,17,3,0.6690528403537193,0.33376439368208743
ipo,54,17,4,0.055223607691872525,0.33376439368208743
ipo,251,17,1,0.007010987962475285,0.8240836789972861
ipo,251,17,2,0.015212301434961746,0.8240836789972861
ipo,251,17,3,0.8029794128990515,0.8240836789972861
ipo,251,17,4,0.17479729770351127,0.8240836789972861
ipo,612,17,1,0.22316711846919365,0.6810534253940645
ipo,612,17,2,0.007375750200158474,0.6810534253940645
ipo,612,17,3,0.01771978011684926,0.6810534253940645
ipo,612,17,4,0.7517373512137987,0.6810534253940645
ipo,737,17,1,0.0032292835393223484,0.6098692513476663
ipo,737,17,2,0.7221407693372695,0.6098692513476663
ipo,737,17,3,0.0009129014163985022,0.6098692513476663
ipo,737,17,4,0.27371704570700955,0.6098692513476663
ipo,867,17,1,0.5307092084825962,0.5397238869602702
ipo,867,17,2,0.4341133088710599,0.5397238869602702
ipo,867,17,3,0.0006846048770116291,0.5397238869602702
ipo,867,17,4,0.03449287776933241,0.5397238869602702
ipo,945,17,1,0.4339517955861337,0.9459029868453369
ipo,945,17,2,0.3176088675961813,0.9459029868453369
ipo,945,17,3,0.2408722095336176,0.9459029868453369
ipo,945,17,4,0.007567127284067355,0.9459029868453369
ipo,54,18,1,0.000977383121760127,0.5382964807420735
ipo,54,18,2,0.4036690138284694,0.5382964807420735
ipo,54,18,3,0.4979221170870172,0.5382964807420735
ipo,54,18,4,0.0974314859627533,0.5382964807420735
ipo,251,18,1,0.0041253554628087425,0.9261670633054824
ipo,251,18,2,0.03361865730285182,0.9261670633054824
ipo,251,18,3,0.7262139241060338,0.9261670633054824
ipo,251,18,4,0.2360420631283057,0.9261670633054824
ipo,612,18,1,0.10471384160950603,0.5136834572635511
ipo,612,18,2,0.0018897807251468664,0.5136834572635511
ipo,612,18,3,0.010886745991541241,0.5136834572635511
ipo,612,18,4,0.8825096316738059,0.5136834572635511
ipo,737,18,1,0.025254122033033725,0.8161830290339485
ipo,737,18,2,0.8373071938270115,0.8161830290339485
ipo,737,18,3,0.002450351396467758,0.8161830290339485
ipo,737,18,4,0.1349883327434872,0.8161830290339485
ipo,867,18,1,0.5014029649707592,0.662758599758031
ipo,867,18,2,0.3062852569896102,0.662758599758031
ipo,867,18,3,0.0027639628639168487,0.662758599758031
ipo,867,18,4,0.18954781517571379,0.662758599758031
ipo,945,18,1,0.21230008901815653,0.8905262235403756
ipo,945,18,2,0.4429729703182239,0.8905262235403756
ipo,945,18,3,0.33725841660200356,0.8905262235403756
ipo,945,18,4,0.00746852406161585,0.8905262235403756
ipo,54,19,1,0.0006165960354700539,0.6256103552534282
ipo,54,19,2,0.4375272135547203,0.6256103552534282
ipo,54,19,3,0.43778181526815063,0.6256103552534282
ipo,54,19,4,0.12407437514165905,0.6256103552534282
ipo,251,19,1,0.001059730976151945,0.6639059077044419
ipo,251,19,2,0.010288289022311688,0.6639059077044419
ipo,251,19,3,0.5045968841633616,0.6639059077044419
ipo,251,19,4,0.48405509583817485,0.6639059077044419
ipo,612,19,1,0.1954722604507535,0.6477672188934998
ipo,612,19,2,0.0018828291340742538,0.6477672188934998
ipo,612,19,3,0.0038054294127130815,0.6477672188934998
ipo,612,19,4,0.7988394810024592,0.6477672188934998
ipo,737,19,1,0.004005740393519978,0.7176964450009569
ipo,737,19,2,0.8465874789339574,0.7176964450009569
ipo,737,19,3,0.0004498690127056622,0.7176964450009569
ipo,737,19,4,0.1489569116598168,0.7176964450009569
ipo,867,19,1,0.3826418940314033,0.41819307143429046
ipo,867,19,2,0.5558737751865299,0.41819307143429046
ipo,867,19,3,0.0009316597871225563,0.41819307143429046
ipo,867,19,4,0.060552670994944255,0.41819307143429046
ipo,945,19,1,0.5395858212712092,0.9058678527413734
ipo,945,19,2,0.2486357935628806,0.9058678527413734
ipo,945,19,3,0.19592066494571056,0.9058678527413734
ipo,945,19,4,0.01585772022019957,0.9058678527413734
ipo,54,20,1,0.000275476722911523,0.6366208590089619
ipo,54,20,2,0.21062909579221298,0.6366208590089619
ipo,54,20,3,0.5741009629684036,0.6366208590089619
ipo,54,20,4,0.21499446451647178,0.6366208590089619
ipo,251,20,1,0.0011705321369585974,0.7378958332433005
ipo,251,20,2,0.04189249216081362,0.7378958332433005
ipo,251,20,3,0.4151238912690235,0.7378958332433005
ipo,251,20,4,0.5418130844332042,0.7378958332433005
ipo,612,20,1,0.10150347456995276,0.5076055239534663
ipo,612,20,2,0.0006594389119072053,0.5076055239534663
ipo,612,20,3,0.013532002028735095,0.5076055239534663
ipo,612,20,4,0.8843050844894049,0.5076055239534663
ipo,737,20,1,0.022748226381646183,0.5549679317542492
ipo,737,20,2,0.5933001841954773,0.5549679317542492
ipo,737,20,3,0.0006426275809234904,0.5549679317542492
ipo,737,20,4,0.3833089618419532,0.5549679317542492
ipo,867,20,1,0.303797942705527,0.33928805188723754
ipo,867,20,2,0.6468419803644461,0.33928805188723754
ipo,867,20,3,0.0016696947380701128,0.33928805188723754
ipo,867,20,4,0.04769038219195692,0.33928805188723754
ipo,945,20,1,0.3600889985231535,0.8355135304241423
ipo,945,20,2,0.24256707789513968,0.8355135304241423
ipo,945,20,3,0.38927627064361636,0.8355135304241423
ipo,945,20,4,0.008067652938090445,0.8355135304241423
ipo,54,21,1,0.00043814310752685477,0.7419585491901246
ipo,54,21,2,0.3180989205506142,0.7419585491901246
ipo,54,21,3,0.36187649790130955,0.7419585491901246
ipo,54,21,4,0.3195864384405494,0.7419585491901246
ipo,251,21,1,0.0003679231595028545,0.5951919059021913
ipo,251,21,2,0.04830658406092908,0.5951919059021913
ipo,251,21,3,0.2610657335490618,0.5951919059021913
ipo,251,21,4,0.6902597592305063,0.5951919059021913
ipo,612,21,1,0.17937742544382415,0.6324899316005594
ipo,612,21,2,0.0009388979545139765,0.6324899316005594
ipo,612,21,3,0.005484856678406417,0.6324899316005594
ipo,612,21,4,0.8141988199232555,0.6324899316005594
ipo,737,21,1,0.010334554371972086,0.7394795344699931
ipo,737,21,2,0.8236997961290434,0.7394795344699931
ipo,737,21,3,0.0003144701601870862,0.7394795344699931
ipo,737,21,4,0.1656511793387976,0.7394795344699931
ipo,867,21,1,0.14677113710907683,0.2009377004720534
ipo,867,21,2,0.7913772380909664,0.2009377004720534
ipo,867,21,3,0.0036027942276679035,0.2009377004720534
ipo,867,21,4,0.058248830572288884,0.2009377004720534
ipo,945,21,1,0.5791217956904506,0.8566979193118744
ipo,945,21,2,0.1924862451289532,0.8566979193118744
ipo,945,21,3,0.21999606800665283,0.8566979193118744
ipo,945,21,4,0.00839589117394344,0.8566979193118744
ipo,54,22,1,0.00014604499484777432,0.7150923145287418
ipo,54,22,2,0.15703099658179637,0.7150923145287418
ipo,54,22,3,0.4212045062365731,0.7150923145287418
ipo,54,22,4,0.4216184521867828,0.7150923145287418
ipo,251,22,1,0.0009925127179235829,0.6542890790263227
ipo,251,22,2,0.12164916923080994,0.6542890790263227
ipo,251,22,3,0.1479281215939959,0.6542890790263227
ipo,251,22,4,0.7294301964572706,0.6542890790263227
ipo,612,22,1,0.2868157126809599,0.6978846704172352
ipo,612,22,2,0.0004109646079202693,0.6978846704172352
ipo,612,22,3,0.011166580505324531,0.6978846704172352
ipo,612,22,4,0.7016067422057953,0.6978846704172352
ipo,737,22,1,0.01648193509229891,0.39110656043858844
ipo,737,22,2,0.4439468301511516,0.39110656043858844
ipo,737,22,3,0.00015729916310584026,0.39110656043858844
ipo,737,22,4,0.5394139355934436,0.39110656043858844
ipo,867,22,1,0.13976833263875674,0.1871423991787145
ipo,867,22,2,0.8037622000064303,0.1871423991787145
ipo,867,22,3,0.002554366578065763,0.1871423991787145
ipo,867,22,4,0.05391510077674721,0.1871423991787145
ipo,945,22,1,0.45126733693161064,0.8241165407336546
ipo,945,22,2,0.16844562522803094,0.8241165407336546
ipo,945,22,3,0.3719571855329272,0.8241165407336546
ipo,945,22,4,0.008329852307431362,0.8241165407336546
ipo,54,23,1,0.00014755157139815283,0.7065373339374141
ipo,54,23,2,0.20586320313251041,0.7065373339374141
ipo,54,23,3,0.48953184993716414,0.7065373339374141
ipo,54,23,4,0.3044573953589274,0.7065373339374141
ipo,251,23,1,0.0004134059180367217,0.6399293880066097
ipo,251,23,2,0.15430941324626418,0.6399293880066097
ipo,251,23,3,0.09210879751658257,0.6399293880066097
ipo,251,23,4,0.7531683833191165,0.6399293880066097
ipo,612,23,1,0.3909270181666805,0.6826914747825803
ipo,612,23,2,0.0005931326631492555,0.6826914747825803
ipo,612,23,3,0.0051249106045701265,0.6826914747825803
ipo,612,23,4,0.6033549385656001,0.6826914747825803
ipo,737,23,1,0.012075795200071961,0.6609260683764735
ipo,737,23,2,0.7305247385040023,0.6609260683764735
ipo,737,23,3,0.0002720525655918131,0.6609260683764735
ipo,737,23,4,0.25712741373033376,0.6609260683764735
ipo,867,23,1,0.10656778020258242,0.17250047562641188
ipo,867,23,2,0.8385195452179666,0.17250047562641188
ipo,867,23,3,0.007387054619446396,0.17250047562641188
ipo,867,23,4,0.04752561996000457,0.17250047562641188
ipo,945,23,1,0.5786120111613816,0.8040520168723958
ipo,945,23,2,0.10151504777865154,0.8040520168723958
ipo,945,23,3,0.31014081093901547,0.8040520168723958
ipo,945,23,4,0.009732130120951348,0.8040520168723958
ipo,54,24,1,0.0001301452028786878,0.6353283485074444
ipo,54,24,2,0.1474971275543893,0.6353283485074444
ipo,54,24,3,0.276567148893676,0.6353283485074444
ipo,54,24,4,0.5758055783490561,0.6353283485074444
ipo,251,24,1,0.0012669706124861621,0.324090892821352
ipo,251,24,2,0.049567849158370036,0.324090892821352
ipo,251,24,3,0.046025789118250594,0.324090892821352
ipo,251,24,4,0.9031393911108931,0.324090892821352
ipo,612,24,1,0.13293384378734902,0.5747219453118448
ipo,612,24,2,0.00018601895889384845,0.5747219453118448
ipo,612,24,3,0.015832110019357738,0.5747219453118448
ipo,612,24,4,0.8510480272343994,0.5747219453118448
ipo,737,24,1,0.004641207416415921,0.16381193057236862
ipo,737,24,2,0.1955875500491238,0.16381193057236862
ipo,737,24,3,4.1240677279376914e-05,0.16381193057236862
ipo,737,24,4,0.799730001857181,0.16381193057236862
ipo,867,24,1,0.036355356781526564,0.08562435674224232
ipo,867,24,2,0.9079621887729952,0.08562435674224232
ipo,867,24,3,0.004996376164225256,0.08562435674224232
ipo,867,24,4,0.05068607828125313,0.08562435674224232
ipo,945,24,1,0.36283398348144486,0.7265905477765128
ipo,945,24,2,0.1442378750876843,0.7265905477765128
ipo,945,24,3,0.48803700379484516,0.7265905477765128
ipo,945,24,4,0.004891137636025852,0.7265905477765128
ipo,54,25,1,0.00012594253961495906,0.6768754574801699
ipo,54,25,2,0.1572905049328871,0.6768754574801699
ipo,54,25,3,0.32323692981021557,0.6768754574801699
ipo,54,25,4,0.5193466227172823,0.6768754574801699
ipo,251,25,1,0.0005691273517287526,0.5140956575528663
ipo,251,25,2,0.14022359982036925,0.5140956575528663
ipo,251,25,3,0.02435888998545406,0.5140956575528663
ipo,251,25,4,0.8348483828424479,0.5140956575528663
ipo,612,25,1,0.2232925271459434,0.671605212841226
ipo,612,25,2,0.00015956420677434952,0.671605212841226
ipo,612,25,3,0.007820500314709503,0.671605212841226
ipo,612,25,4,0.7687274083325728,0.671605212841226
ipo,737,25,1,0.03917092504804986,0.5816810737529388
ipo,737,25,2,0.5713455520734159,0.5816810737529388
ipo,737,25,3,0.00034468176685527443,0.5816810737529388
ipo,737,25,4,0.389138841111679,0.5816810737529388
ipo,867,25,1,0.030992171063834503,0.08137364116350085
ipo,867,25,2,0.9241446420722896,0.08137364116350085
ipo,867,25,3,0.006320458127961685,0.08137364116350085
ipo,867,25,4,0.038542728735914154,0.08137364116350085
ipo,945,25,1,0.7150854742062527,0.7367296912392548
ipo,945,25,2,0.05136192875614533,0.7367296912392548
ipo,945,25,3,0.21765864219559558,0.7367296912392548
ipo,945,25,4,0.01589395484200632,0.7367296912392548
ipo,54,26,1,3.67540545034993e-05,0.39152906852794
ipo,54,26,2,0.049707541315906344,0.39152906852794
ipo,54,26,3,0.13300017715457726,0.39152906852794
ipo,54,26,4,0.8172555274750128,0.39152906852794
ipo,251,26,1,0.0013627442231225748,0.4157437605643059
ipo,251,26,2,0.10422398995130908,0.4157437605643059
ipo,251,26,3,0.010863402834828893,0.4157437605643059
ipo,251,26,4,0.8835498629907395,0.4157437605643059
ipo,612,26,1,0.3648536543736743,0.6929318895647304
ipo,612,26,2,9.646039213340789e-05,0.6929318895647304
ipo,612,26,3,0.011503507586968801,0.6929318895647304
ipo,612,26,4,0.6235463776472235,0.6929318895647304
ipo,737,26,1,0.0029179272745161293,0.1024004622301649
ipo,737,26,2,0.11615605365536838,0.1024004622301649
ipo,737,26,3,5.708019044599985e-05,0.1024004622301649
ipo,737,26,4,0.8808689388796695,0.1024004622301649
ipo,867,26,1,0.04248336311275147,0.13452368917960034
ipo,867,26,2,0.9055337471296032,0.13452368917960034
ipo,867,26,3,0.0178288991453731,0.13452368917960034
ipo,867,26,4,0.03415399061227214,0.13452368917960034
ipo,945,26,1,0.25211928936020717,0.5688929782956972
ipo,945,26,2,0.11180622052025807,0.5688929782956972
ipo,945,26,3,0.6320543901718528,0.5688929782956972
ipo,945,26,4,0.0040200999476818645,0.5688929782956972
ipo,54,27,1,0.00018597829296524438,0.6523716073847092
ipo,54,27,2,0.13632694439156712,0.6523716073847092
ipo,54,27,3,0.30163129753774687,0.6523716073847092
ipo,54,27,4,0.5618557797777208,0.6523716073847092
ipo,251,27,1,0.0007020665346477598,0.41506441059898214
ipo,251,27,2,0.10940214014373785,0.41506441059898214
ipo,251,27,3,0.005292468653046962,0.41506441059898214
ipo,251,27,4,0.8846033246685675,0.41506441059898214
ipo,612,27,1,0.23939575822724826,0.6872019374103199
ipo,612,27,2,0.00010891715599164793,0.6872019374103199
ipo,612,27,3,0.017876497826330478,0.6872019374103199
ipo,612,27,4,0.7426188267904296,0.6872019374103199
ipo,737,27,1,0.08373227297864465,0.4709417398772526
ipo,737,27,2,0.36357838741949466,0.4709417398772526
ipo,737,27,3,0.00025338338238298035,0.4709417398772526
ipo,737,27,4,0.5524359562194777,0.4709417398772526
ipo,867,27,1,0.020919445113256222,0.08889800485594551
ipo,867,27,2,0.9371176738498316,0.08889800485594551
ipo,867,27,3,0.012565985477279096,0.08889800485594551
ipo,867,27,4,0.02939689555963289,0.08889800485594551
ipo,945,27,1,0.6306221265850801,0.7641035345793314
ipo,945,27,2,0.05744692174710423,0.7641035345793314
ipo,945,27,3,0.304480489633414,0.7641035345793314
ipo,945,27,4,0.007450462034401586,0.7641035345793314
ipo,54,28,1,1.9676485267776225e-05,0.29507490956303856
ipo,54,28,2,0.037081760763786414,0.29507490956303856
ipo,54,28,3,0.0887044430243502,0.29507490956303856
ipo,54,28,4,0.8741941197265957,0.29507490956303856
ipo,251,28,1,0.0012531006106738123,0.5980307253671838
ipo,251,28,2,0.22500468583454353,0.5980307253671838
ipo,251,28,3,0.003734024132735914,0.5980307253671838
ipo,251,28,4,0.7700081894220467,0.5980307253671838
ipo,612,28,1,0.5296867812483883,0.6051124276094055
ipo,612,28,2,3.268388126378265e-05,0.6051124276094055
ipo,612,28,3,0.015378840388806334,0.6051124276094055
ipo,612,28,4,0.4549016944815416,0.6051124276094055
ipo,737,28,1,0.00898816482241583,0.20781372782207788
ipo,737,28,2,0.2404125046280289,0.20781372782207788
ipo,737,28,3,3.60195609023919e-05,0.20781372782207788
ipo,737,28,4,0.7505633109886529,0.20781372782207788
ipo,867,28,1,0.01013905783321224,0.18995370302536982
ipo,867,28,2,0.9043021222680458,0.18995370302536982
ipo,867,28,3,0.05478217323333067,0.18995370302536982
ipo,867,28,4,0.030776646665411397,0.18995370302536982
ipo,945,28,1,0.3348049898590809,0.6141786416817846
ipo,945,28,2,0.07065641232693669,0.6141786416817846
ipo,945,28,3,0.5923045586581283,0.6141786416817846
ipo,945,28,4,0.0022340391558541253,0.6141786416817846
ipo,54,29,1,0.00040319137352009757,0.38540660345100014
ipo,54,29,2,0.10112353172445628,0.38540660345100014
ipo,54,29,3,0.11892649778710275,0.38540660345100014
ipo,54,29,4,0.7795467791149209,0.38540660345100014
ipo,251,29,1,0.0009086689109173529,0.6041902520993244
ipo,251,29,2,0.23360720710482066,0.6041902520993244
ipo,251,29,3,0.0025309138653623786,0.6041902520993244
ipo,251,29,4,0.7629532101188996,0.6041902520993244
ipo,612,29,1,0.5395021002146279,0.5971582437781657
ipo,612,29,2,9.608404196446829e-05,0.5971582437781657
ipo,612,29,3,0.02442537543384302,0.5971582437781657
ipo,612,29,4,0.43597644030956473,0.5971582437781657
ipo,737,29,1,0.08194162570185388,0.25718772474865315
ipo,737,29,2,0.12952251244256788,0.25718772474865315
ipo,737,29,3,0.00023544357399470615,0.25718772474865315
ipo,737,29,4,0.7883004182815835,0.25718772474865315
ipo,867,29,1,0.011827938883186976,0.152828035077331
ipo,867,29,2,0.9158656865722654,0.152828035077331
ipo,867,29,3,0.03830330370778845,0.152828035077331
ipo,867,29,4,0.03400307083675907,0.152828035077331
ipo,945,29,1,0.5697562594974364,0.7702434059483876
ipo,945,29,2,0.055319524208492114,0.7702434059483876
ipo,945,29,3,0.36045900218202137,0.7702434059483876
ipo,945,29,4,0.014465214112050142,0.7702434059483876
ipo,54,30,1,5.0474996818228693e-05,0.18943336332811414
ipo,54,30,2,0.04170745602854199,0.18943336332811414
ipo,54,30,3,0.04700981945351134,0.18943336332811414
ipo,54,30,4,0.9112322495211285,0.18943336332811414
ipo,251,30,1,0.0012896226962290005,0.6778253573382247
ipo,251,30,2,0.34178300487810703,0.6778253573382247
ipo,251,30,3,0.0008632772272583346,0.6778253573382247
ipo,251,30,4,0.6560640951984057,0.6778253573382247
ipo,612,30,1,0.548438779526604,0.5894007232010975
ipo,612,30,2,1.0149044238472502e-05,0.5894007232010975
ipo,612,30,3,0.029707726740407687,0.5894007232010975
ipo,612,30,4,0.4218433446887498,0.5894007232010975
ipo,737,30,1,0.013129082155433578,0.1988564056917589
ipo,737,30,2,0.2145454097907383,0.1988564056917589
ipo,737,30,3,4.3412080511425194e-05,0.1988564056917589
ipo,737,30,4,0.7722820959733167,0.1988564056917589
ipo,867,30,1,0.003033542165111593,0.2441916122609508
ipo,867,30,2,0.885824897278172,0.2441916122609508
ipo,867,30,3,0.086201633579341,0.2441916122609508
ipo,867,30,4,0.02493992697737532,0.2441916122609508
ipo,945,30,1,0.1874929562470164,0.42122441085005746
ipo,945,30,2,0.056486400750357914,0.42122441085005746
ipo,945,30,3,0.7539180783595179,0.42122441085005746
ipo,945,30,4,0.0021025646431078134,0.42122441085005746
ipo,54,31,1,0.000773948238278096,0.17483945770864448
ipo,54,31,2,0.0952322248946172,0.17483945770864448
ipo,54,31,3,0.037160341452926536,0.17483945770864448
ipo,54,31,4,0.8668334854141783,0.17483945770864448
ipo,251,31,1,0.0014752165355928295,0.6977992677016824
ipo,251,31,2,0.4657422093330363,0.6977992677016824
ipo,251,31,3,0.002527219286751951,0.6977992677016824
ipo,251,31,4,0.530255354844619,0.6977992677016824
ipo,612,31,1,0.80018973245626,0.30976668503335036
ipo,612,31,2,3.2974347379673434e-05,0.30976668503335036
ipo,612,31,3,0.035055232871345716,0.30976668503335036
ipo,612,31,4,0.16472206032501452,0.30976668503335036
ipo,737,31,1,0.1557105228954816,0.33652136304311214
ipo,737,31,2,0.10126287748216176,0.33652136304311214
ipo,737,31,3,0.00019307732323955542,0.33652136304311214
ipo,737,31,4,0.742833522299117,0.33652136304311214
ipo,867,31,1,0.002762631563123846,0.15405519996282954
ipo,867,31,2,0.9125353244643961,0.15405519996282954
ipo,867,31,3,0.04373607532584422,0.15405519996282954
ipo,867,31,4,0.04096596864663603,0.15405519996282954
ipo,945,31,1,0.3295486748335289,0.6759967218303189
ipo,945,31,2,0.08835321715753243,0.6759967218303189
ipo,945,31,3,0.5526675744860707,0.6759967218303189
ipo,945,31,4,0.029430533522867917,0.6759967218303189
ipo,54,32,1,0.00018894877433199027,0.14231433442028876
ipo,54,32,2,0.058496746486907794,0.14231433442028876
ipo,54,32,3,0.030467768329587273,0.14231433442028876
ipo,54,32,4,0.9108465364091729,0.14231433442028876
ipo,251,32,1,0.0012758320967993888,0.6738402540272062
ipo,251,32,2,0.5388606342126403,0.6738402540272062
ipo,251,32,3,0.0005488321720210745,0.6738402540272062
ipo,251,32,4,0.45931470151853926,0.6738402540272062
ipo,612,32,1,0.7835243867893227,0.3216298355987245
ipo,612,32,2,8.329169864485572e-06,0.3216298355987245
ipo,612,32,3,0.048979615030545945,0.3216298355987245
ipo,612,32,4,0.16748766901026685,0.3216298355987245
ipo,737,32,1,0.027207098494382062,0.14079446361109707
ipo,737,32,2,0.09843638029810646,0.14079446361109707
ipo,737,32,3,5.796610107172079e-05,0.14079446361109707
ipo,737,32,4,0.8742985551064397,0.14079446361109707
ipo,867,32,1,0.0014722882802020829,0.4975542809419102
ipo,867,32,2,0.7249656915230203,0.4975542809419102
ipo,867,32,3,0.2535227868429872,0.4975542809419102
ipo,867,32,4,0.02003923335379059,0.4975542809419102
ipo,945,32,1,0.20693021639947928,0.42237319009393653
ipo,945,32,2,0.028751931168518492,0.42237319009393653
ipo,945,32,3,0.7598687351439574,0.42237319009393653
ipo,945,32,4,0.004449117288044779,0.42237319009393653
ipo,54,33,1,0.0014266343870444488,0.08482971503515953
ipo,54,33,2,0.0944936381689558,0.08482971503515953
ipo,54,33,3,0.0129227898947847,0.08482971503515953
ipo,54,33,4,0.8911569375492151,0.08482971503515953
ipo,251,33,1,0.0016110904644475485,0.5446340446941834
ipo,251,33,2,0.7162803181892793,0.5446340446941834
ipo,251,33,3,0.0006010269478626723,0.5446340446941834
ipo,251,33,4,0.2815075643984104,0.5446340446941834
ipo,612,33,1,0.7214011418474742,0.3780696647369377
ipo,612,33,2,2.3654810315434433e-05,0.3780696647369377
ipo,612,33,3,0.08583512780987361,0.3780696647369377
ipo,612,33,4,0.19274007553233705,0.3780696647369377
ipo,737,33,1,0.31309408962965735,0.5261680928178328
ipo,737,33,2,0.09892445303039894,0.5261680928178328
ipo,737,33,3,0.00013447944454304646,0.5261680928178328
ipo,737,33,4,0.5878469778954005,0.5261680928178328
ipo,867,33,1,0.0011416763696548227,0.346702549456245
ipo,867,33,2,0.8032708762581509,0.346702549456245
ipo,867,33,3,0.13588719249042736,0.346702549456245
ipo,867,33,4,0.059700254881767154,0.346702549456245
ipo,945,33,1,0.1954143143161953,0.5106985491955567
ipo,945,33,2,0.06975144946120172,0.5106985491955567
ipo,945,33,3,0.6909801090409978,0.5106985491955567
ipo,945,33,4,0.04385412718160524,0.5106985491955567
ipo,54,34,1,0.00016937273358820422,0.05410099445971382
ipo,54,34,2,0.046627484316072325,0.05410099445971382
ipo,54,34,3,0.008325428985845339,0.05410099445971382
ipo,54,34,4,0.944877713964494,0.05410099445971382
ipo,251,34,1,0.0026549248999178693,0.5017698066479735
ipo,251,34,2,0.7535955176736512,0.5017698066479735
ipo,251,34,3,0.00028600706430567256,0.5017698066479735
ipo,251,34,4,0.2434635503621253,0.5017698066479735
ipo,612,34,1,0.6619932488286814,0.4234244842989874
ipo,612,34,2,1.146225571725018e-05,0.4234244842989874
ipo,612,34,3,0.1344613068048297,0.4234244842989874
ipo,612,34,4,0.20353398211077156,0.4234244842989874
ipo,737,34,1,0.11015488192791945,0.22363168231398955
ipo,737,34,2,0.04645809994282312,0.22363168231398955
ipo,737,34,3,0.00010204292488689345,0.22363168231398955
ipo,737,34,4,0.8432849752043705,0.22363168231398955
ipo,867,34,1,0.0009653898889751851,0.6974232962242872
ipo,867,34,2,0.42272514401052175,0.6974232962242872
ipo,867,34,3,0.5638138840709601,0.6974232962242872
ipo,867,34,4,0.01249558202954284,0.6974232962242872
ipo,945,34,1,0.06880566288332718,0.22455063460409178
ipo,945,34,2,0.04845110547542251,0.22455063460409178
ipo,945,34,3,0.8770588876754678,0.22455063460409178
ipo,945,34,4,0.005684343965782471,0.22455063460409178
ipo,54,35,1,0.003996320828369847,0.042347652469604376
ipo,54,35,2,0.12574946240474077,0.042347652469604376
ipo,54,35,3,0.002962650899114963,0.042347652469604376
ipo,54,35,4,0.8672915658677744,0.042347652469604376
ipo,251,35,1,0.0013836680134859496,0.2676145341023952
ipo,251,35,2,0.9035177899176839,0.2676145341023952
ipo,251,35,3,0.000572060039434219,0.2676145341023952
ipo,251,35,4,0.094526482029396,0.2676145341023952
ipo,612,35,1,0.7881822643066381,0.29380399031696536
ipo,612,35,2,2.0556254713687335e-05,0.29380399031696536
ipo,612,35,3,0.07322321200295534,0.29380399031696536
ipo,612,35,4,0.13857396743569286,0.29380399031696536
ipo,737,35,1,0.5837676806881216,0.7504209388380004
ipo,737,35,2,0.07877685106606154,0.7504209388380004
ipo,737,35,3,0.00011887095360530092,0.7504209388380004
ipo,737,35,4,0.3373365972922116,0.7504209388380004
ipo,867,35,1,0.0009541232519235966,0.544388612524466
ipo,867,35,2,0.654366564558078,0.544388612524466
ipo,867,35,3,0.2721283876004748,0.544388612524466
ipo,867,35,4,0.07255092458952361,0.544388612524466
ipo,945,35,1,0.04911910387609989,0.23706884585458468
ipo,945,35,2,0.08234488648615403,0.23706884585458468
ipo,945,35,3,0.846506992878889,0.23706884585458468
ipo,945,35,4,0.022029016758857038,0.23706884585458468
ipo,54,36,1,0.0006803759077365724,0.022118454976176847
ipo,54,36,2,0.055250433119424375,0.022118454976176847
ipo,54,36,3,0.0017914682632545783,0.022118454976176847
ipo,54,36,4,0.9422777227095845,0.022118454976176847
ipo,251,36,1,0.005089058066984941,0.25413440808957155
ipo,251,36,2,0.9077030584888174,0.25413440808957155
ipo,251,36,3,0.0003229406321568534,0.25413440808957155
ipo,251,36,4,0.08688494281204094,0.25413440808957155
ipo,612,36,1,0.8210948457654381,0.21104439935191627
ipo,612,36,2,1.4084485875803357e-05,0.21104439935191627
ipo,612,36,3,0.09983073999556671,0.21104439935191627
ipo,612,36,4,0.07906032975311947,0.21104439935191627
ipo,737,36,1,0.21252116650269348,0.3624158241303294
ipo,737,36,2,0.05646985983263122,0.3624158241303294
ipo,737,36,3,0.00023571206631180133,0.3624158241303294
ipo,737,36,4,0.7307732615983634,0.3624158241303294
ipo,867,36,1,0.00025299933030834145,0.7004785590728734
ipo,867,36,2,0.40842735833553884,0.7004785590728734
ipo,867,36,3,0.5587557486694569,0.7004785590728734
ipo,867,36,4,0.032563893664696045,0.7004785590728734
ipo,945,36,1,0.023483520840587944,0.1471548131550887
ipo,945,36,2,0.05752900791340474,0.1471548131550887
ipo,945,36,3,0.9028570395348708,0.1471548131550887
ipo,945,36,4,0.016130431711136442,0.1471548131550887
ipo,54,37,1,0.012544917483396407,0.03252893488248418
ipo,54,37,2,0.111098840737164,0.03252893488248418
ipo,54,37,3,0.0013520269059468946,0.03252893488248418
ipo,54,37,4,0.8750042148734927,0.03252893488248418
ipo,251,37,1,0.0005289295870835023,0.10901813192528023
ipo,251,37,2,0.9700743597874111,0.10901813192528023
ipo,251,37,3,0.0004479849256087453,0.10901813192528023
ipo,251,37,4,0.028948725699896566,0.10901813192528023
ipo,612,37,1,0.8877850808294828,0.1361990297597157
ipo,612,37,2,2.4322547233442946e-05,0.1361990297597157
ipo,612,37,3,0.0652658989010239,0.1361990297597157
ipo,612,37,4,0.04692469772225988,0.1361990297597157
ipo,737,37,1,0.48256246308532125,0.601412101191853
ipo,737,37,2,0.025835458983935654,0.601412101191853
ipo,737,37,3,0.0002675195409333093,0.601412101191853
ipo,737,37,4,0.49133455838980966,0.601412101191853
ipo,867,37,1,0.00026649846393080116,0.6287599737436781
ipo,867,37,2,0.5481244088371462,0.6287599737436781
ipo,867,37,3,0.33553690308057665,0.6287599737436781
ipo,867,37,4,0.11607218961834644,0.6287599737436781
ipo,945,37,1,0.011915022905495348,0.1621735852599348
ipo,945,37,2,0.0843272782392765,0.1621735852599348
ipo,945,37,3,0.8671208398988459,0.1621735852599348
ipo,945,37,4,0.03663685895638226,0.1621735852599348
ipo,54,38,1,0.0030273440475835725,0.013817429712618364
ipo,54,38,2,0.05457205014369959,0.013817429712618364
ipo,54,38,3,0.00043057095714723877,0.013817429712618364
ipo,54,38,4,0.9419700348515696,0.013817429712618364
ipo,251,38,1,0.006536305139066455,0.24649973902992411
ipo,251,38,2,0.9103687193139176,0.24649973902992411
ipo,251,38,3,0.0003620051595201313,0.24649973902992411
ipo,251,38,4,0.08273297038749584,0.24649973902992411
ipo,612,38,1,0.7336780025938865,0.17444040836003102
ipo,612,38,2,1.5255728702832973e-05,0.17444040836003102
ipo,612,38,3,0.23464253414590688,0.17444040836003102
ipo,612,38,4,0.03166420753150384,0.17444040836003102
ipo,737,38,1,0.46180699943400877,0.6264021633859258
ipo,737,38,2,0.05702965701861696,0.6264021633859258
ipo,737,38,3,0.0005137867404253523,0.6264021633859258
ipo,737,38,4,0.48064955680694904,0.6264021633859258
ipo,867,38,1,0.00012807814871068334,0.6508656921911092
ipo,867,38,2,0.25228698041313996,0.6508656921911092
ipo,867,38,3,0.7120795997062485,0.6508656921911092
ipo,867,38,4,0.03550534173190087,0.6508656921911092
ipo,945,38,1,0.012526098397485563,0.14564489686536086
ipo,945,38,2,0.08054932370941943,0.14564489686536086
ipo,945,38,3,0.8830028996225515,0.14564489686536086
ipo,945,38,4,0.023921678270543457,0.14564489686536086
ipo,54,39,1,0.013375895432468279,0.023712241639868733
ipo,54,39,2,0.10160121368875509,0.023712241639868733
ipo,54,39,3,0.0003253957285051949,0.023712241639868733
ipo,54,39,4,0.8846974951502713,0.023712241639868733
ipo,251,39,1,0.0019218869174178624,0.13140203929485544
ipo,251,39,2,0.9612322669851714,0.13140203929485544
ipo,251,39,3,0.00031592460507459544,0.13140203929485544
ipo,251,39,4,0.03652992149233625,0.13140203929485544
ipo,612,39,1,0.7677873272120501,0.21943852841087216
ipo,612,39,2,8.093749499042685e-05,0.21943852841087216
ipo,612,39,3,0.16525198939208297,0.21943852841087216
ipo,612,39,4,0.06687974590087652,0.21943852841087216
ipo,737,39,1,0.7180906563495754,0.7298146118190714
ipo,737,39,2,0.024453237053107268,0.7298146118190714
ipo,737,39,3,0.0002343140061155856,0.7298146118190714
ipo,737,39,4,0.2572217925912017,0.7298146118190714
ipo,867,39,1,7.951011343414001e-05,0.6717757675981201
ipo,867,39,2,0.26932258500632816,0.6717757675981201
ipo,867,39,3,0.6726605027121106,0.6717757675981201
ipo,867,39,4,0.05793740216812702,0.6717757675981201
ipo,945,39,1,0.010458407045664855,0.22542877850032542
ipo,945,39,2,0.09870806647027468,0.22542877850032542
ipo,945,39,3,0.8040448679871496,0.22542877850032542
ipo,945,39,4,0.08678865849691085,0.22542877850032542
ipo,54,40,1,0.011340745507527856,0.014562681184847373
ipo,54,40,2,0.06004915254031128,0.014562681184847373
ipo,54,40,3,9.929956476252769e-05,0.014562681184847373
ipo,54,40,4,0.9285108023873984,0.014562681184847373
ipo,251,40,1,0.006698174443995126,0.10952526333993479
ipo,251,40,2,0.9651914037502174,0.10952526333993479
ipo,251,40,3,0.00034561862177673146,0.10952526333993479
ipo,251,40,4,0.02776480318401059,0.10952526333993479
ipo,612,40,1,0.40145668059124723,0.3884120242233077
ipo,612,40,2,2.0734032272837084e-05,0.3884120242233077
ipo,612,40,3,0.563637454354269,0.3884120242233077
ipo,612,40,4,0.03488513102221088,0.3884120242233077
ipo,737,40,1,0.6847263043334809,0.7475403543737862
ipo,737,40,2,0.04190350727361308,0.7475403543737862
ipo,737,40,3,0.001399412830023515,0.7475403543737862
ipo,737,40,4,0.2719707755628824,0.7475403543737862
ipo,867,40,1,0.0001008299149481373,0.5913485938692213
ipo,867,40,2,0.18459132569324455,0.5913485938692213
ipo,867,40,3,0.7543376666278492,0.5913485938692213
ipo,867,40,4,0.060970177763957994,0.5913485938692213
ipo,945,40,1,0.012074147915630915,0.2274251991549217
ipo,945,40,2,0.11284398559238287,0.2274251991549217
ipo,945,40,3,0.8024935453879734,0.2274251991549217
ipo,945,40,4,0.07258832110401296,0.2274251991549217
ipo,54,41,1,0.008561028352391229,0.02492072137031546
ipo,54,41,2,0.12678258493103944,0.02492072137031546
ipo,54,41,3,0.00017112383522965507,0.02492072137031546
ipo,54,41,4,0.8644852628813396,0.02492072137031546
ipo,251,41,1,0.004372543730730039,0.22678936834111857
ipo,251,41,2,0.9208504331526286,0.22678936834111857
ipo,251,41,3,0.00047521372591043527,0.22678936834111857
ipo,251,41,4,0.07430180939073087,0.22678936834111857
ipo,612,41,1,0.6515371026681701,0.3165042230985804
ipo,612,41,2,6.604391563585787e-05,0.3165042230985804
ipo,612,41,3,0.25687662093823777,0.3165042230985804
ipo,612,41,4,0.09152023247795629,0.3165042230985804
ipo,737,41,1,0.7801949084627302,0.7142505299039131
ipo,737,41,2,0.0204678205029018,0.7142505299039131
ipo,737,41,3,0.0010432601285224057,0.7142505299039131
ipo,737,41,4,0.19829401090584567,0.7142505299039131
ipo,867,41,1,1.702792732233992e-05,0.5981992333318374
ipo,867,41,2,0.19359979570951155,0.5981992333318374
ipo,867,41,3,0.7550987185651131,0.5981992333318374
ipo,867,41,4,0.05128445779805311,0.5981992333318374
ipo,945,41,1,0.005502120825101058,0.20676563044888746
ipo,945,41,2,0.09380856238734779,0.20676563044888746
ipo,945,41,3,0.8111060211235634,0.20676563044888746
ipo,945,41,4,0.08958329566398783,0.20676563044888746
ipo,54,42,1,0.008033836671183684,0.014412351126219625
ipo,54,42,2,0.06894814783417662,0.014412351126219625
ipo,54,42,3,3.911538642150392e-05,0.014412351126219625
ipo,54,42,4,0.9229789001082181,0.014412351126219625
ipo,251,42,1,0.00610790572316217,0.061643858296401295
ipo,251,42,2,0.9804374692498236,0.061643858296401295
ipo,251,42,3,0.0003404393891009598,0.061643858296401295
ipo,251,42,4,0.013114185637913429,0.061643858296401295
ipo,612,42,1,0.2406714135531453,0.6296618730026509
ipo,612,42,2,1.5148440664642146e-05,0.6296618730026509
ipo,612,42,3,0.7076816578500057,0.6296618730026509
ipo,612,42,4,0.05163178015618437,0.6296618730026509
ipo,737,42,1,0.7996706883688939,0.7136053207591144
ipo,737,42,2,0.03849453281969081,0.7136053207591144
ipo,737,42,3,0.004154492329280919,0.7136053207591144
ipo,737,42,4,0.1576802864821343,0.7136053207591144
ipo,867,42,1,5.246940195268871e-05,0.4305654274240871
ipo,867,42,2,0.08902474946240539,0.4305654274240871
ipo,867,42,3,0.8010646226999608,0.4305654274240871
ipo,867,42,4,0.10985815843568104,0.4305654274240871
ipo,945,42,1,0.014570731475427721,0.3525646488972424
ipo,945,42,2,0.15531045237015303,0.3525646488972424
ipo,945,42,3,0.6876552798034847,0.3525646488972424
ipo,945,42,4,0.14246353635093453,0.3525646488972424
ipo,54,43,1,0.034087764406952714,0.02809510967427844
ipo,54,43,2,0.10619385540084468,0.02809510967427844
ipo,54,43,3,5.6970115303595344e-05,0.02809510967427844
ipo,54,43,4,0.8596614100768991,0.02809510967427844
ipo,251,43,1,0.009584771493158917,0.09430216009082648
ipo,251,43,2,0.96779181534017,0.09430216009082648
ipo,251,43,3,0.0005420906598544053,0.09430216009082648
ipo,251,43,4,0.022081322506816745,0.09430216009082648
ipo,612,43,1,0.33524176043053905,0.6372155051307457
ipo,612,43,2,0.00015191421616650222,0.6372155051307457
ipo,612,43,3,0.5328888504683393,0.6372155051307457
ipo,612,43,4,0.13171747488495508,0.6372155051307457
ipo,737,43,1,0.8845565229700092,0.5789859937442707
ipo,737,43,2,0.01748134500727545,0.5789859937442707
ipo,737,43,3,0.003175275301717393,0.5789859937442707
ipo,737,43,4,0.09478685672099776,0.5789859937442707
ipo,867,43,1,1.9909748411200237e-05,0.44831453331878407
ipo,867,43,2,0.09601154593764506,0.44831453331878407
ipo,867,43,3,0.7951568149829988,0.44831453331878407
ipo,867,43,4,0.10881172933094496,0.44831453331878407
ipo,945,43,1,0.0040722072382203475,0.31971163200509367
ipo,945,43,2,0.12937234170699177,0.31971163200509367
ipo,945,43,3,0.6945335182862246,0.31971163200509367
ipo,945,43,4,0.1720219327685634,0.31971163200509367
ipo,54,44,1,0.00985873652926659,0.018721909129931852
ipo,54,44,2,0.09481800548060663,0.018721909129931852
ipo,54,44,3,1.1601333965181025e-05,0.018721909129931852
ipo,54,44,4,0.8953116566561616,0.018721909129931852
ipo,251,44,1,0.016032890434374624,0.0585277466934827
ipo,251,44,2,0.9729217490888131,0.0585277466934827
ipo,251,44,3,0.0003160893779890893,0.0585277466934827
ipo,251,44,4,0.010729271098823311,0.0585277466934827
ipo,612,44,1,0.1903054107021586,0.7098422965612435
ipo,612,44,2,1.6617357082653187e-05,0.7098422965612435
ipo,612,44,3,0.761541860311909,0.7098422965612435
ipo,612,44,4,0.04813611162884986,0.7098422965612435
ipo,737,44,1,0.8929355019407115,0.4729840632863473
ipo,737,44,2,0.0337542576130593,0.4729840632863473
ipo,737,44,3,0.022979406101179007,0.4729840632863473
ipo,737,44,4,0.05033083434505011,0.4729840632863473
ipo,867,44,1,4.0186353934878866e-05,0.2094195921981059
ipo,867,44,2,0.02767184244277234,0.2094195921981059
ipo,867,44,3,0.8648597898998486,0.2094195921981059
ipo,867,44,4,0.10742818130344434,0.2094195921981059
ipo,945,44,1,0.007783633401244573,0.5320434602370752
ipo,945,44,2,0.16909183657512591,0.5320434602370752
ipo,945,44,3,0.5147273784798521,0.5320434602370752
ipo,945,44,4,0.30839715154377734,0.5320434602370752
ipo,54,45,1,0.08440751997998189,0.0393670737304826
ipo,54,45,2,0.09340780025888026,0.0393670737304826
ipo,54,45,3,4.7442722902429884e-05,0.0393670737304826
ipo,54,45,4,0.8221372370382355,0.0393670737304826
ipo,251,45,1,0.025547287402922007,0.05981429442632995
ipo,251,45,2,0.9643105654085505,0.05981429442632995
ipo,251,45,3,0.0005277380621625927,0.05981429442632995
ipo,251,45,4,0.009614409126365025,0.05981429442632995
ipo,612,45,1,0.16077424819944908,0.78172110424721
ipo,612,45,2,8.48925995011748e-05,0.78172110424721
ipo,612,45,3,0.7875580229776792,0.78172110424721
ipo,612,45,4,0.051582836223370655,0.78172110424721
ipo,737,45,1,0.9480695404285776,0.3229261575133248
ipo,737,45,2,0.017899483610346094,0.3229261575133248
ipo,737,45,3,0.004677631459297527,0.3229261575133248
ipo,737,45,4,0.029353344501778733,0.3229261575133248
ipo,867,45,1,1.4193365467395924e-05,0.2957578919199193
ipo,867,45,2,0.02450667286401281,0.2957578919199193
ipo,867,45,3,0.6318618535259249,0.2957578919199193
ipo,867,45,4,0.3436172802445947,0.2957578919199193
ipo,945,45,1,0.002214182425873367,0.4122837367876093
ipo,945,45,2,0.18855016963735535,0.4122837367876093
ipo,945,45,3,0.5994032386184887,0.4122837367876093
ipo,945,45,4,0.20983240931828256,0.4122837367876093
ipo,54,46,1,0.011441370763188893,0.021626145399751565
ipo,54,46,2,0.11077355012295788,0.021626145399751565
ipo,54,46,3,3.248772930211982e-06,0.021626145399751565
ipo,54,46,4,0.877781830340923,0.021626145399751565
ipo,251,46,1,0.03769072649392258,0.04900736474920072
ipo,251,46,2,0.9563804965935202,0.04900736474920072
ipo,251,46,3,0.0003147307377703198,0.04900736474920072
ipo,251,46,4,0.005614046174787094,0.04900736474920072
ipo,612,46,1,0.059681817770288206,0.9540795026925173
ipo,612,46,2,4.608408277247114e-05,0.9540795026925173
ipo,612,46,3,0.9125232978781843,0.9540795026925173
ipo,612,46,4,0.0277488002687551,0.9540795026925173
ipo,737,46,1,0.9084543217835124,0.3171406721000889
ipo,737,46,2,0.034573480323015326,0.3171406721000889
ipo,737,46,3,0.03550012178425726,0.3171406721000889
ipo,737,46,4,0.02147207610921491,0.3171406721000889
ipo,867,46,1,6.1023160070911694e-05,0.16093337136363856
ipo,867,46,2,0.011448250766023042,0.16093337136363856
ipo,867,46,3,0.7600803147550833,0.16093337136363856
ipo,867,46,4,0.22841041131882267,0.16093337136363856
ipo,945,46,1,0.003075443166571735,0.5323103557263141
ipo,945,46,2,0.1939511687203519,0.5323103557263141
ipo,945,46,3,0.5004392491219516,0.5323103557263141
ipo,945,46,4,0.30253413899112486,0.5323103557263141
ipo,54,47,1,0.1288326934433548,0.051166913892781954
ipo,54,47,2,0.09461715920472462,0.051166913892781954
ipo,54,47,3,1.328738498907742e-05,0.051166913892781954
ipo,54,47,4,0.7765368599669314,0.051166913892781954
ipo,251,47,1,0.07524003950688853,0.06025854491241171
ipo,251,47,2,0.9201461895018187,0.06025854491241171
ipo,251,47,3,0.0004105820122153485,0.06025854491241171
ipo,251,47,4,0.004203188979077512,0.06025854491241171
ipo,612,47,1,0.06697358087140001,1.0028001673809808
ipo,612,47,2,0.00015022342647164413,1.0028001673809808
ipo,612,47,3,0.8877590007683245,1.0028001673809808
ipo,612,47,4,0.04511719493380379,1.0028001673809808
ipo,737,47,1,0.9575608842741856,0.17672717014067596
ipo,737,47,2,0.01692862678061131,0.17672717014067596
ipo,737,47,3,0.015478179647443831,0.17672717014067596
ipo,737,47,4,0.010032309297759232,0.17672717014067596
ipo,867,47,1,2.0570126152594733e-05,0.3352273664576296
ipo,867,47,2,0.006870441936550521,0.3352273664576296
ipo,867,47,3,0.3624908215330079,0.3352273664576296
ipo,867,47,4,0.630618166404289,0.3352273664576296
ipo,945,47,1,0.0008685859450286407,0.5468859831552402
ipo,945,47,2,0.24583933188028237,0.5468859831552402
ipo,945,47,3,0.4794462016819085,0.5468859831552402
ipo,945,47,4,0.2738458804927804,0.5468859831552402
ipo,54,48,1,0.03410188552138153,0.034366780189982946
ipo,54,48,2,0.146588512265385,0.034366780189982946
ipo,54,48,3,1.3882710336763393e-06,0.034366780189982946
ipo,54,48,4,0.8193082139421999,0.034366780189982946
ipo,251,48,1,0.095324545633487,0.05786260270798416
ipo,251,48,2,0.9023309455730474,0.05786260270798416
ipo,251,48,3,0.0003776767481707118,0.05786260270798416
ipo,251,48,4,0.0019668320452949036,0.05786260270798416
ipo,612,48,1,0.02021146744887129,0.8654465342610311
ipo,612,48,2,0.00013576468671746224,0.8654465342610311
ipo,612,48,3,0.9641492393563298,0.8654465342610311
ipo,612,48,4,0.015503528508081392,0.8654465342610311
ipo,737,48,1,0.8636735075732194,0.22464970530621597
ipo,737,48,2,0.03350346149188508,0.22464970530621597
ipo,737,48,3,0.09447296646092761,0.22464970530621597
ipo,737,48,4,0.00835006447396792,0.22464970530621597
ipo,867,48,1,8.994196372220658e-05,0.35746652381621513
ipo,867,48,2,0.01633633607679927,0.35746652381621513
ipo,867,48,3,0.44796238992476145,0.35746652381621513
ipo,867,48,4,0.535611332034717,0.35746652381621513
ipo,945,48,1,0.00307892217944676,0.6636748997459683
ipo,945,48,2,0.23029273170818484,0.6636748997459683
ipo,945,48,3,0.39899694282593523,0.6636748997459683
ipo,945,48,4,0.3676314032864331,0.6636748997459683
ipo,54,49,1,0.2544472298206911,0.08666390793951989
ipo,54,49,2,0.08948324741875818,0.08666390793951989
ipo,54,49,3,9.50219565601139e-06,0.08666390793951989
ipo,54,49,4,0.6560600205648948,0.08666390793951989
ipo,251,49,1,0.24291001712870391,0.1232053953190152
ipo,251,49,2,0.7547702363200757,0.1232053953190152
ipo,251,49,3,0.00048121208302338646,0.1232053953190152
ipo,251,49,4,0.0018385344681969714,0.1232053953190152
ipo,612,49,1,0.026340523421952495,1.0268905590713595
ipo,612,49,2,0.0003907185117839266,1.0268905590713595
ipo,612,49,3,0.9333901298290738,1.0268905590713595
ipo,612,49,4,0.03987862823718969,1.0268905590713595
ipo,737,49,1,0.9237927697824216,0.1770217238676024
ipo,737,49,2,0.027880007216263363,0.1770217238676024
ipo,737,49,3,0.0413880552421502,0.1770217238676024
ipo,737,49,4,0.006939167759164752,0.1770217238676024
ipo,867,49,1,6.28323717948858e-05,0.540552294287316
ipo,867,49,2,0.006237796349172182,0.540552294287316
ipo,867,49,3,0.19042265977935321,0.540552294287316
ipo,867,49,4,0.8032767114996797,0.540552294287316
ipo,945,49,1,0.0006990938900782659,0.6108973334618861
ipo,945,49,2,0.35543945465228055,0.6108973334618861
ipo,945,49,3,0.4210896424900556,0.6108973334618861
ipo,945,49,4,0.2227718089675857,0.6108973334618861
ipo,54,50,1,0.10038666976254196,0.07723141216485499
ipo,54,50,2,0.25122470338748654,0.07723141216485499
ipo,54,50,3,8.948311964338896e-07,0.07723141216485499
ipo,54,50,4,0.6483877320187751,0.07723141216485499
ipo,251,50,1,0.20618440608612004,0.10512142045367688
ipo,251,50,2,0.7916922218020048,0.10512142045367688
ipo,251,50,3,0.0004666671509249256,0.10512142045367688
ipo,251,50,4,0.0016567049609502043,0.10512142045367688
ipo,612,50,1,0.005996856043439593,0.6799217199888954
ipo,612,50,2,0.00031500816489514954,0.6799217199888954
ipo,612,50,3,0.976972897292279,0.6799217199888954
ipo,612,50,4,0.016715238499386373,0.6799217199888954
ipo,737,50,1,0.8064183973446735,0.17331425355762675
ipo,737,50,2,0.03581633329068107,0.17331425355762675
ipo,737,50,3,0.15555502558266213,0.17331425355762675
ipo,737,50,4,0.0022102437819834,0.17331425355762675
ipo,867,50,1,0.00021178930022057338,0.6165711120450655
ipo,867,50,2,0.009991718675997905,0.6165711120450655
ipo,867,50,3,0.18132195827975672,0.6165711120450655
ipo,867,50,4,0.8084745337440248,0.6165711120450655
ipo,945,50,1,0.0010997272071203582,0.7657239446385169
ipo,945,50,2,0.34520519170010394,0.7657239446385169
ipo,945,50,3,0.3223477238410563,0.7657239446385169
ipo,945,50,4,0.33134735725171943,0.7657239446385169
ipo,54,51,1,0.40583860371732183,0.15338542677648545
ipo,54,51,2,0.11261544271231895,0.15338542677648545
ipo,54,51,3,5.900353438087476e-06,0.15338542677648545
ipo,54,51,4,0.48154005321692106,0.15338542677648545
ipo,251,51,1,0.4906559054737939,0.25848618716345606
ipo,251,51,2,0.507357122753588,0.25848618716345606
ipo,251,51,3,0.0004169771242348852,0.25848618716345606
ipo,251,51,4,0.0015699946483832728,0.25848618716345606
ipo,612,51,1,0.023567959512586015,1.0451543109454389
ipo,612,51,2,0.0010821211034404536,1.0451543109454389
ipo,612,51,3,0.9248509906976746,1.0451543109454389
ipo,612,51,4,0.050498928686298884,1.0451543109454389
ipo,737,51,1,0.8575329995423311,0.19959753351305923
ipo,737,51,2,0.027894008764260216,0.19959753351305923
ipo,737,51,3,0.10788289745786915,0.19959753351305923
ipo,737,51,4,0.006690094235539566,0.19959753351305923
ipo,867,51,1,0.00011882904700305542,0.6999918479472843
ipo,867,51,2,0.0060612871505095044,0.6999918479472843
ipo,867,51,3,0.11869490164989126,0.6999918479472843
ipo,867,51,4,0.8751249821525962,0.6999918479472843
ipo,945,51,1,0.0008407152953680042,0.5893887888937259
ipo,945,51,2,0.37074472510997236,0.5893887888937259
ipo,945,51,3,0.43331802574609224,0.5893887888937259
ipo,945,51,4,0.19509653384856734,0.5893887888937259
ipo,54,52,1,0.16096490476428912,0.24941923727534282
ipo,54,52,2,0.5563586298309874,0.24941923727534282
ipo,54,52,3,7.030770755840342e-07,0.24941923727534282
ipo,54,52,4,0.282675762327648,0.24941923727534282
ipo,251,52,1,0.39045764391977633,0.19362957337929995
ipo,251,52,2,0.6078506948384551,0.19362957337929995
ipo,251,52,3,0.000604860142240142,0.19362957337929995
ipo,251,52,4,0.0010868010995284975,0.19362957337929995
ipo,612,52,1,0.0024917641750284527,0.6172269534989494
ipo,612,52,2,0.0010139595404423897,0.6172269534989494
ipo,612,52,3,0.9743824699054765,0.6172269534989494
ipo,612,52,4,0.022111806379052742,0.6172269534989494
ipo,737,52,1,0.7426383815940963,0.21788619415608224
ipo,737,52,2,0.045273245224920114,0.21788619415608224
ipo,737,52,3,0.20968703329345337,0.21788619415608224
ipo,737,52,4,0.00240133988753012,0.21788619415608224
ipo,867,52,1,0.0005924773241379613,0.9438660262530901
ipo,867,52,2,0.00870517855989961,0.9438660262530901
ipo,867,52,3,0.06220174672120763,0.9438660262530901
ipo,867,52,4,0.9285005973947547,0.9438660262530901
ipo,945,52,1,0.00056830665537788,0.6975943615872169
ipo,945,52,2,0.42720916418860777,0.6975943615872169
ipo,945,52,3,0.35352295038565057,0.6975943615872169
ipo,945,52,4,0.21869957877036372,0.6975943615872169
ipo,54,53,1,0.6351632861661684,0.3177540265823783
ipo,54,53,2,0.11333656355310151,0.3177540265823783
ipo,54,53,3,5.468505709496073e-06,0.3177540265823783
ipo,54,53,4,0.2514946817750206,0.3177540265823783
ipo,251,53,1,0.5329928881095297,0.2804938270736915
ipo,251,53,2,0.4656984723438325,0.2804938270736915
ipo,251,53,3,0.0006486002620128494,0.2804938270736915
ipo,251,53,4,0.000660039284625053,0.2804938270736915
ipo,612,53,1,0.006692887545634722,0.8521638002076362
ipo,612,53,2,0.002470850820502664,0.8521638002076362
ipo,612,53,3,0.9507895378494168,0.8521638002076362
ipo,612,53,4,0.04004672378444582,0.8521638002076362
ipo,737,53,1,0.7151539125143076,0.26218247729959154
ipo,737,53,2,0.06827623124789095,0.26218247729959154
ipo,737,53,3,0.21440156263448523,0.26218247729959154
ipo,737,53,4,0.0021682936033162992,0.26218247729959154
ipo,867,53,1,0.0003407037602874522,0.9377981447830397
ipo,867,53,2,0.005487082248312227,0.9377981447830397
ipo,867,53,3,0.044742105655025614,0.9377981447830397
ipo,867,53,4,0.9494301083363748,0.9377981447830397
ipo,945,53,1,0.0015464195964370487,0.7639796717346503
ipo,945,53,2,0.3308676290444612,0.7639796717346503
ipo,945,53,3,0.32567525706935285,0.7639796717346503
ipo,945,53,4,0.34191069428974885,0.7639796717346503
ipo,54,54,1,0.21398686340035303,0.34010104363293947
ipo,54,54,2,0.577397698125318,0.34010104363293947
ipo,54,54,3,6.007885491659135e-07,0.34010104363293947
ipo,54,54,4,0.20861483768577987,0.34010104363293947
ipo,251,54,1,0.7225391234941303,0.4625047649878613
ipo,251,54,2,0.27521065214041673,0.4625047649878613
ipo,251,54,3,0.0011566359043919201,0.4625047649878613
ipo,251,54,4,0.0010935884610611467,0.4625047649878613
ipo,612,54,1,0.0015511251665280452,0.5735709771241612
ipo,612,54,2,0.004422563964632491,0.5735709771241612
ipo,612,54,3,0.9726185888351346,0.5735709771241612
ipo,612,54,4,0.02140772203370494,0.5735709771241612
ipo,737,54,1,0.7379939449674494,0.21620206903643094
ipo,737,54,2,0.05341413469920073,0.21620206903643094
ipo,737,54,3,0.20717092054629174,0.21620206903643094
ipo,737,54,4,0.001420999787058052,0.21620206903643094
ipo,867,54,1,0.0010290562686391862,1.004920917523878
ipo,867,54,2,0.007976588923096406,1.004920917523878
ipo,867,54,3,0.01408008690525963,1.004920917523878
ipo,867,54,4,0.9769142679030047,1.004920917523878
ipo,945,54,1,0.0006248531749726184,0.7277347831501096
ipo,945,54,2,0.5076453972291846,0.7277347831501096
ipo,945,54,3,0.3188595071681215,0.7277347831501096
ipo,945,54,4,0.17287024242772134,0.7277347831501096
ipo,54,55,1,0.503994349853788,0.26175669946181745
ipo,54,55,2,0.18560057771044983,0.26175669946181745
ipo,54,55,3,1.7441379203549103e-05,0.26175669946181745
ipo,54,55,4,0.31038763105655864,0.26175669946181745
ipo,251,55,1,0.7234060591364194,0.45440565135859334
ipo,251,55,2,0.27529396354147845,0.45440565135859334
ipo,251,55,3,0.0005972011124746943,0.45440565135859334
ipo,251,55,4,0.0007027762096275157,0.45440565135859334
ipo,612,55,1,0.0028606161447191844,0.7506650198473366
ipo,612,55,2,0.003911766563446108,0.7506650198473366
ipo,612,55,3,0.9528642769772525,0.7506650198473366
ipo,612,55,4,0.040363340314582156,0.7506650198473366
ipo,737,55,1,0.4817104949122518,0.4020253892176774
ipo,737,55,2,0.08240120371669082,0.4020253892176774
ipo,737,55,3,0.4347735057144938,0.4020253892176774
ipo,737,55,4,0.001114795656563487,0.4020253892176774
ipo,867,55,1,0.0008973002638523242,0.9339921132751706
ipo,867,55,2,0.00593649964836392,0.9339921132751706
ipo,867,55,3,0.01129238789014333,0.9339921132751706
ipo,867,55,4,0.9818738121976404,0.9339921132751706
ipo,945,55,1,0.0019252120478489558,0.6359203203958629
ipo,945,55,2,0.41451861081136726,0.6359203203958629
ipo,945,55,3,0.39850865477484776,0.6359203203958629
ipo,945,55,4,0.1850475223659361,0.6359203203958629
ipo,54,56,1,0.338842315433534,0.5032830165478719
ipo,54,56,2,0.5271236264098723,0.5032830165478719
ipo,54,56,3,7.29868132273297e-07,0.5032830165478719
ipo,54,56,4,0.13403332828846137,0.5032830165478719
ipo,251,56,1,0.8977686637070448,0.708613333955231
ipo,251,56,2,0.10023105907246656,0.708613333955231
ipo,251,56,3,0.0008836396861078827,0.708613333955231
ipo,251,56,4,0.0011166375343808297,0.708613333955231
ipo,612,56,1,0.0006387787239907833,0.5771867109363
ipo,612,56,2,0.010281462209427552,0.5771867109363
ipo,612,56,3,0.9625079417385566,0.5771867109363
ipo,612,56,4,0.026571817328025195,0.5771867109363
ipo,737,56,1,0.7149105784740418,0.2438793867351335
ipo,737,56,2,0.07430998043450186,0.2438793867351335
ipo,737,56,3,0.21006408966725865,0.2438793867351335
ipo,737,56,4,0.0007153514241977077,0.2438793867351335
ipo,867,56,1,0.0013745070140163034,0.8304618028477684
ipo,867,56,2,0.007619342786822439,0.8304618028477684
ipo,867,56,3,0.003986016643190816,0.8304618028477684
ipo,867,56,4,0.9870201335559703,0.8304618028477684
ipo,945,56,1,0.0004052002966500324,0.649945029534865
ipo,945,56,2,0.5661696872927032,0.649945029534865
ipo,945,56,3,0.3395170371972729,0.649945029534865
ipo,945,56,4,0.09390807521337385,0.649945029534865
ipo,54,57,1,0.2842562136961206,0.20045369588122597
ipo,54,57,2,0.33751818329968686,0.20045369588122597
ipo,54,57,3,2.701069654578934e-05,0.20045369588122597
ipo,54,57,4,0.37819859230764685,0.20045369588122597
ipo,251,57,1,0.9016947938262561,0.7143768572725732
ipo,251,57,2,0.09628759820027101,0.7143768572725732
ipo,251,57,3,0.0008580272184765255,0.7143768572725732
ipo,251,57,4,0.0011595807549963282,0.7143768572725732
ipo,612,57,1,0.001783318516622654,0.6947265403138292
ipo,612,57,2,0.004516055531822957,0.6947265403138292
ipo,612,57,3,0.9566044474798578,0.6947265403138292
ipo,612,57,4,0.037096178471696606,0.6947265403138292
ipo,737,57,1,0.4230154941479904,0.40888838371620423
ipo,737,57,2,0.0664313211602699,0.40888838371620423
ipo,737,57,3,0.5098941160488452,0.40888838371620423
ipo,737,57,4,0.0006590686428946609,0.40888838371620423
ipo,867,57,1,0.0015726505483777001,0.7331831377472426
ipo,867,57,2,0.00594720092971743,0.7331831377472426
ipo,867,57,3,0.002463179161532938,0.7331831377472426
ipo,867,57,4,0.990016969360372,0.7331831377472426
ipo,945,57,1,0.0029739858307060957,0.5782027409014365
ipo,945,57,2,0.4799479450879708,0.5782027409014365
ipo,945,57,3,0.4169804335882561,0.5782027409014365
ipo,945,57,4,0.10009763549306705,0.5782027409014365
ipo,54,58,1,0.2344640618957357,0.40777749957976417
ipo,54,58,2,0.5970417687697902,0.40777749957976417
ipo,54,58,3,1.4873814155770043e-06,0.40777749957976417
ipo,54,58,4,0.16849268195305853,0.40777749957976417
ipo,251,58,1,0.9490682033880994,0.7350835665014742
ipo,251,58,2,0.04720898387721129,0.7350835665014742
ipo,251,58,3,0.003171297921462727,0.7350835665014742
ipo,251,58,4,0.0005515148132264439,0.7350835665014742
ipo,612,58,1,0.00046595747914586944,0.5628828555781127
ipo,612,58,2,0.016635043573080245,0.5628828555781127
ipo,612,58,3,0.9578436825240783,0.5628828555781127
ipo,612,58,4,0.025055316423695573,0.5628828555781127
ipo,737,58,1,0.35403673681759695,0.6869309723964272
ipo,737,58,2,0.25619507127561986,0.6869309723964272
ipo,737,58,3,0.38882883735146934,0.6869309723964272
ipo,737,58,4,0.000939354555313876,0.6869309723964272
ipo,867,58,1,0.004547383774930772,0.802242214255475
ipo,867,58,2,0.007754239023629335,0.802242214255475
ipo,867,58,3,0.0016453896302242607,0.802242214255475
ipo,867,58,4,0.9860529875712156,0.802242214255475
ipo,945,58,1,0.0007860280363711852,0.6317057101759568
ipo,945,58,2,0.5391589068359258,0.6317057101759568
ipo,945,58,3,0.36041994547941847,0.6317057101759568
ipo,945,58,4,0.09963511964828443,0.6317057101759568
ipo,54,59,1,0.266944500672004,0.3114896529270172
ipo,54,59,2,0.49230266081900936,0.3114896529270172
ipo,54,59,3,3.527002164040258e-05,0.3114896529270172
ipo,54,59,4,0.24071756848734635,0.3114896529270172
ipo,251,59,1,0.9637845811813789,0.7062582189621449
ipo,251,59,2,0.032155024897034847,0.7062582189621449
ipo,251,59,3,0.0029305570617562636,0.7062582189621449
ipo,251,59,4,0.0011298368598302547,0.7062582189621449
ipo,612,59,1,0.0007121942330622525,0.6774015577155069
ipo,612,59,2,0.022996852468349604,0.6774015577155069
ipo,612,59,3,0.9372153904523571,0.6774015577155069
ipo,612,59,4,0.03907556284623112,0.6774015577155069
ipo,737,59,1,0.3030598551198251,0.6410945663094176
ipo,737,59,2,0.12994055432161047,0.6410945663094176
ipo,737,59,3,0.5662432678574946,0.6410945663094176
ipo,737,59,4,0.0007563227010698511,0.6410945663094176
ipo,867,59,1,0.007047558221780476,0.7547404549710157
ipo,867,59,2,0.006279296819511587,0.7547404549710157
ipo,867,59,3,0.0007408065264719391,0.7547404549710157
ipo,867,59,4,0.985932338432236,0.7547404549710157
ipo,945,59,1,0.0028884818362765147,0.5961336893664984
ipo,945,59,2,0.5468202717385351,0.5961336893664984
ipo,945,59,3,0.3811978306013368,0.5961336893664984
ipo,945,59,4,0.06909341582385169,0.5961336893664984
ipo,54,60,1,0.19361722464260817,0.3837438237591386
ipo,54,60,2,0.6299733095343949,0.3837438237591386
ipo,54,60,3,3.942510350134494e-06,0.3837438237591386
ipo,54,60,4,0.17640552331264664,0.3837438237591386
ipo,251,60,1,0.9761538181238137,0.5985366558736201
ipo,251,60,2,0.012375035525162047,0.5985366558736201
ipo,251,60,3,0.010383247196619323,0.5985366558736201
ipo,251,60,4,0.0010878991544048967,0.5985366558736201
ipo,612,60,1,0.0004354700965543054,0.6352003840243771
ipo,612,60,2,0.027478039256199682,0.6352003840243771
ipo,612,60,3,0.9388701342524857,0.6352003840243771
ipo,612,60,4,0.03321635639476016,0.6352003840243771
ipo,737,60,1,0.2926368340634106,0.7420167885362184
ipo,737,60,2,0.253905151480623,0.7420167885362184
ipo,737,60,3,0.4528887627159585,0.7420167885362184
ipo,737,60,4,0.0005692517400079234,0.7420167885362184
ipo,867,60,1,0.019646260431229544,0.8937033979195164
ipo,867,60,2,0.006804280177652594,0.8937033979195164
ipo,867,60,3,0.0005204785011981106,0.8937033979195164
ipo,867,60,4,0.9730289808899197,0.8937033979195164
ipo,945,60,1,0.0009744567719056841,0.48397450912768164
ipo,945,60,2,0.5096336531640144,0.48397450912768164
ipo,945,60,3,0.44998522729574475,0.48397450912768164
ipo,945,60,4,0.03940666276833513,0.48397450912768164
ipo,54,61,1,0.2902424225591406,0.44261390711663373
ipo,54,61,2,0.5518801362706055,0.44261390711663373
ipo,54,61,3,5.309879699219484e-05,0.44261390711663373
ipo,54,61,4,0.15782434237326165,0.44261390711663373
ipo,251,61,1,0.9830383747350718,0.49877820071389534
ipo,251,61,2,0.007599686215778579,0.49877820071389534
ipo,251,61,3,0.007783677598934491,0.49877820071389534
ipo,251,61,4,0.0015782614502151179,0.49877820071389534
ipo,612,61,1,0.0002721549287389972,0.7131725516567926
ipo,612,61,2,0.07289532742679539,0.7131725516567926
ipo,612,61,3,0.8864392188483148,0.7131725516567926
ipo,612,61,4,0.040393298796150896,0.7131725516567926
ipo,737,61,1,0.2890582385487521,0.7121636805864549
ipo,737,61,2,0.1760458097128377,0.7121636805864549
ipo,737,61,3,0.533949060319531,0.7121636805864549
ipo,737,61,4,0.0009468914188792111,0.7121636805864549
ipo,867,61,1,0.024238832604321865,0.8976658766355267
ipo,867,61,2,0.006282947832445829,0.8976658766355267
ipo,867,61,3,0.0002969761177882365,0.8976658766355267
ipo,867,61,4,0.9691812434454441,0.8976658766355267
ipo,945,61,1,0.0015178497232090965,0.6038027544246273
ipo,945,61,2,0.5839041523638334,0.6038027544246273
ipo,945,61,3,0.3576251266657872,0.6038027544246273
ipo,945,61,4,0.05695287124717017,0.6038027544246273
ipo,54,62,1,0.15270863208073618,0.6151870192545079
ipo,54,62,2,0.7655628850099773,0.6151870192545079
ipo,54,62,3,8.61640154172956e-06,0.6151870192545079
ipo,54,62,4,0.08171986650774493,0.6151870192545079
ipo,251,62,1,0.9786700633408675,0.4660958883772125
ipo,251,62,2,0.0038999963145710495,0.4660958883772125
ipo,251,62,3,0.01612897111249176,0.4660958883772125
ipo,251,62,4,0.0013009692320695141,0.4660958883772125
ipo,612,62,1,0.0002714392481849986,0.6951922611583765
ipo,612,62,2,0.04786581934686786,0.6951922611583765
ipo,612,62,3,0.9089892298087535,0.6951922611583765
ipo,612,62,4,0.04287351159619361,0.6951922611583765
ipo,737,62,1,0.18798753349708489,0.8458248569992699
ipo,737,62,2,0.3940171727665621,0.8458248569992699
ipo,737,62,3,0.4177094374499204,0.8458248569992699
ipo,737,62,4,0.00028585628643261604,0.8458248569992699
ipo,867,62,1,0.03698767294706068,0.965805394124623
ipo,867,62,2,0.0072165291270551764,0.965805394124623
ipo,867,62,3,0.00013196550524886496,0.965805394124623
ipo,867,62,4,0.9556638324206352,0.965805394124623
ipo,945,62,1,0.0009104053695922128,0.5171031650217057
ipo,945,62,2,0.5548416443935206,0.5171031650217057
ipo,945,62,3,0.4108137366179897,0.5171031650217057
ipo,945,62,4,0.03343421361889746,0.5171031650217057
ipo,54,63,1,0.0968150075803814,0.3445173704650107
ipo,54,63,2,0.7202936222706111,0.3445173704650107
ipo,54,63,3,6.750096183506166e-05,0.3445173704650107
ipo,54,63,4,0.18282386918717244,0.3445173704650107
ipo,251,63,1,0.984298576782297,0.418077178367211
ipo,251,63,2,0.003800846510565489,0.418077178367211
ipo,251,63,3,0.010379056737018572,0.418077178367211
ipo,251,63,4,0.0015215199701190825,0.418077178367211
ipo,612,63,1,0.0004651024625052175,0.8216489154873093
ipo,612,63,2,0.1730332900342345,0.8216489154873093
ipo,612,63,3,0.786917098850245,0.8216489154873093
ipo,612,63,4,0.039584508653015264,0.8216489154873093
ipo,737,63,1,0.12143643944285167,0.8348899923753619
ipo,737,63,2,0.4650422174204163,0.8348899923753619
ipo,737,63,3,0.41322678316929046,0.8348899923753619
ipo,737,63,4,0.0002945599674415549,0.8348899923753619
ipo,867,63,1,0.050344916565207336,1.0076917641753835
ipo,867,63,2,0.006776273883844139,1.0076917641753835
ipo,867,63,3,0.00032881097439217146,1.0076917641753835
ipo,867,63,4,0.9425499985765564,1.0076917641753835
ipo,945,63,1,0.0012346960855635447,0.6633148516102605
ipo,945,63,2,0.6171838616979803,0.6633148516102605
ipo,945,63,3,0.3143254902734244,0.6633148516102605
ipo,945,63,4,0.06725595194303188,0.6633148516102605
ipo,54,64,1,0.052213874025830116,0.5413706372364537
ipo,54,64,2,0.8644387247866254,0.5413706372364537
ipo,54,64,3,1.642675989971215e-05,0.5413706372364537
ipo,54,64,4,0.08333097442764478,0.5413706372364537
ipo,251,64,1,0.9734258865223223,0.41382507840455673
ipo,251,64,2,0.0009616415225220545,0.41382507840455673
ipo,251,64,3,0.02431329538393039,0.41382507840455673
ipo,251,64,4,0.0012991765712251544,0.41382507840455673
ipo,612,64,1,0.00014490936239649105,0.720604240321151
ipo,612,64,2,0.06517859913637558,0.720604240321151
ipo,612,64,3,0.8868969446689617,0.720604240321151
ipo,612,64,4,0.047779546832266026,0.720604240321151
ipo,737,64,1,0.09980487267935778,0.752873323663241
ipo,737,64,2,0.5700070032707365,0.752873323663241
ipo,737,64,3,0.32981861703723414,0.752873323663241
ipo,737,64,4,0.0003695070126716483,0.752873323663241
ipo,867,64,1,0.13591090101779085,0.9805510451213795
ipo,867,64,2,0.00794301646517173,0.9805510451213795
ipo,867,64,3,3.8188538051343715e-05,0.9805510451213795
ipo,867,64,4,0.856107893978986,0.9805510451213795
ipo,945,64,1,0.0012296417339517445,0.582729459705144
ipo,945,64,2,0.6221412133811105,0.582729459705144
ipo,945,64,3,0.34685344529568185,0.582729459705144
ipo,945,64,4,0.0297756995892559,0.582729459705144
ipo,54,65,1,0.041930307893626576,0.37698677884259185
ipo,54,65,2,0.8100400843519462,0.37698677884259185
ipo,54,65,3,0.0001370616499731005,0.37698677884259185
ipo,54,65,4,0.14789254610445407,0.37698677884259185
ipo,251,65,1,0.9827503694649856,0.38004580238018776
ipo,251,65,2,0.0015458097123958671,0.38004580238018776
ipo,251,65,3,0.01372048317807307,0.38004580238018776
ipo,251,65,4,0.0019833376445455133,0.38004580238018776
ipo,612,65,1,0.0002377858154962558,0.9703192432596871
ipo,612,65,2,0.4025253680249074,0.9703192432596871
ipo,612,65,3,0.5657558538488117,0.9703192432596871
ipo,612,65,4,0.03148099231078468,0.9703192432596871
ipo,737,65,1,0.07366535550989153,0.6082834355398479
ipo,737,65,2,0.7175349092011112,0.6082834355398479
ipo,737,65,3,0.20826128691312681,0.6082834355398479
ipo,737,65,4,0.0005384483758703513,0.6082834355398479
ipo,867,65,1,0.07879141659582198,1.010178429621776
ipo,867,65,2,0.006877524921454451,1.010178429621776
ipo,867,65,3,6.740533704458787e-05,1.010178429621776
ipo,867,65,4,0.9142636531456789,1.010178429621776
ipo,945,65,1,0.0013020099101582186,0.589417774338269
ipo,945,65,2,0.6432089162198267,0.589417774338269
ipo,945,65,3,0.3324491442508207,0.589417774338269
ipo,945,65,4,0.023039929619194172,0.589417774338269
ipo,54,66,1,0.040148368500951985,0.5089984907504097
ipo,54,66,2,0.8697586915648035,0.5089984907504097
ipo,54,66,3,3.110057632681908e-05,0.5089984907504097
ipo,54,66,4,0.09006183935791776,0.5089984907504097
ipo,251,66,1,0.9616379345399612,0.4754345506589239
ipo,251,66,2,0.00027190504122864763,0.4754345506589239
ipo,251,66,3,0.036114336620391645,0.4754345506589239
ipo,251,66,4,0.001975823798418755,0.4754345506589239
ipo,612,66,1,0.00022019181847149181,0.8422739327835325
ipo,612,66,2,0.18258958348100746,0.8422739327835325
ipo,612,66,3,0.7628358434157793,0.8422739327835325
ipo,612,66,4,0.05435438128474174,0.8422739327835325
ipo,737,66,1,0.09099972066229225,0.6809104910350124
ipo,737,66,2,0.660679449964933,0.6809104910350124
ipo,737,66,3,0.2478497989542851,0.6809104910350124
ipo,737,66,4,0.00047103041848956873,0.6809104910350124
ipo,867,66,1,0.2102038651687687,0.9000582177934848
ipo,867,66,2,0.009432162941612041,0.9000582177934848
ipo,867,66,3,2.596433478065962e-05,0.9000582177934848
ipo,867,66,4,0.7803380075548387,0.9000582177934848
ipo,945,66,1,0.0011702032400349664,0.5838573646828253
ipo,945,66,2,0.6498392966207567,0.5838573646828253
ipo,945,66,3,0.33037759249138715,0.5838573646828253
ipo,945,66,4,0.018612907647821118,0.5838573646828253
ipo,54,67,1,0.014130796269783226,0.34544796218941864
ipo,54,67,2,0.8270554782533527,0.34544796218941864
ipo,54,67,3,0.0003260552844287288,0.34544796218941864
ipo,54,67,4,0.1584876701924355,0.34544796218941864
ipo,251,67,1,0.9470720324062945,0.5855958416139145
ipo,251,67,2,0.0007193837839613018,0.5855958416139145
ipo,251,67,3,0.04967562828686893,0.5855958416139145
ipo,251,67,4,0.0025329555228753068,0.5855958416139145
ipo,612,67,1,0.00019131575848072832,0.9416060490133153
ipo,612,67,2,0.3433958619104872,0.9416060490133153
ipo,612,67,3,0.6154579595407718,0.9416060490133153
ipo,612,67,4,0.04095486279026035,0.9416060490133153
ipo,737,67,1,0.05546809757022363,0.5031491021079987
ipo,737,67,2,0.8331120605645332,0.5031491021079987
ipo,737,67,3,0.11000094708808578,0.5031491021079987
ipo,737,67,4,0.0014188947771574503,0.5031491021079987
ipo,867,67,1,0.23118932154589797,0.8017685751071362
ipo,867,67,2,0.005817605187804112,0.8017685751071362
ipo,867,67,3,3.516740480614566e-05,0.8017685751071362
ipo,867,67,4,0.7629579058614918,0.8017685751071362
ipo,945,67,1,0.0018479144269686304,0.6252312317111519
ipo,945,67,2,0.6353548768646491,0.6252312317111519
ipo,945,67,3,0.3235520323865156,0.6252312317111519
ipo,945,67,4,0.03924517632186668,0.6252312317111519
ipo,54,68,1,0.014618354454114796,0.6563878603503068
ipo,54,68,2,0.9402518372375396,0.6563878603503068
ipo,54,68,3,7.788094662692967e-05,0.6563878603503068
ipo,54,68,4,0.04505192736171867,0.6563878603503068
ipo,251,68,1,0.8711632671603899,0.7172061592812258
ipo,251,68,2,6.894215517470744e-05,0.7172061592812258
ipo,251,68,3,0.12692521096486659,0.7172061592812258
ipo,251,68,4,0.0018425797195687375,0.7172061592812258
ipo,612,68,1,0.00028645382605086393,0.942460077477338
ipo,612,68,2,0.3286996765956048,0.942460077477338
ipo,612,68,3,0.6099082641875919,0.942460077477338
ipo,612,68,4,0.061105605390752486,0.942460077477338
ipo,737,68,1,0.11421302728380611,0.6214787891685949
ipo,737,68,2,0.8186077303060274,0.6214787891685949
ipo,737,68,3,0.06639343942066964,0.6214787891685949
ipo,737,68,4,0.000785802989496942,0.6214787891685949
ipo,867,68,1,0.4345810704818188,0.7019604873041796
ipo,867,68,2,0.01644886467038739,0.7019604873041796
ipo,867,68,3,8.23988189341841e-06,0.7019604873041796
ipo,867,68,4,0.5489618249659004,0.7019604873041796
ipo,945,68,1,0.002632287755227708,0.6010726175735147
ipo,945,68,2,0.6707278825761958,0.6010726175735147
ipo,945,68,3,0.3139994852652926,0.6010726175735147
ipo,945,68,4,0.0126403444032839,0.6010726175735147
ipo,54,69,1,0.01650247877311631,0.36587399834882384
ipo,54,69,2,0.8218510942161426,0.36587399834882384
ipo,54,69,3,0.001141715609947823,0.36587399834882384
ipo,54,69,4,0.16050471140079328,0.36587399834882384
ipo,251,69,1,0.83548996214509,0.82071482836405
ipo,251,69,2,0.00017213091176230858,0.82071482836405
ipo,251,69,3,0.1592320572590874,0.82071482836405
ipo,251,69,4,0.005105849684060326,0.82071482836405
ipo,612,69,1,9.25257468866383e-05,0.875177087378054
ipo,612,69,2,0.30738866077147137,0.875177087378054
ipo,612,69,3,0.5993611003590767,0.875177087378054
ipo,612,69,4,0.09315771312256525,0.875177087378054
ipo,737,69,1,0.060604177412046,0.4843670812861047
ipo,737,69,2,0.897221247664393,0.4843670812861047
ipo,737,69,3,0.04037131657084056,0.4843670812861047
ipo,737,69,4,0.0018032583527203784,0.4843670812861047
ipo,867,69,1,0.34232270664084874,0.7432777307589975
ipo,867,69,2,0.010996916518932708,0.7432777307589975
ipo,867,69,3,1.566206504198577e-05,0.7432777307589975
ipo,867,69,4,0.6466647147751765,0.7432777307589975
ipo,945,69,1,0.0063355858603412925,0.7004189710789933
ipo,945,69,2,0.7121491114433159,0.7004189710789933
ipo,945,69,3,0.2596865599164472,0.7004189710789933
ipo,945,69,4,0.021828742779895653,0.7004189710789933
ipo,54,70,1,0.005363748936840563,0.7331910072727721
ipo,54,70,2,0.9648287304419296,0.7331910072727721
ipo,54,70,3,0.0004064381910251179,0.7331910072727721
ipo,54,70,4,0.02940108243020457,0.7331910072727721
ipo,251,70,1,0.8474789154558436,0.7450803899781973
ipo,251,70,2,2.2701639884394818e-05,0.7450803899781973
ipo,251,70,3,0.1502910130142981,0.7450803899781973
ipo,251,70,4,0.002207369889973788,0.7450803899781973
ipo,612,70,1,0.00013966233331141594,0.9250538865591932
ipo,612,70,2,0.35919262338720914,0.9250538865591932
ipo,612,70,3,0.5636716053158857,0.9250538865591932
ipo,612,70,4,0.07699610896359382,0.9250538865591932
ipo,737,70,1,0.09440833335303954,0.5706146309293495
ipo,737,70,2,0.8689050349794701,0.5706146309293495
ipo,737,70,3,0.03539320056158483,0.5706146309293495
ipo,737,70,4,0.0012934311059055075,0.5706146309293495
ipo,867,70,1,0.651947596546278,0.4789084497145184
ipo,867,70,2,0.014570790926404597,0.4789084497145184
ipo,867,70,3,2.3333803391707046e-06,0.4789084497145184
ipo,867,70,4,0.3334792791469783,0.4789084497145184
ipo,945,70,1,0.00622576553176279,0.6165957264836769
ipo,945,70,2,0.6582740429560409,0.6165957264836769
ipo,945,70,3,0.32122064867008193,0.6165957264836769
ipo,945,70,4,0.014279542842114365,0.6165957264836769
ipo,54,71,1,0.005026229050293672,0.42616659609848495
ipo,54,71,2,0.842690020034262,0.42616659609848495
ipo,54,71,3,0.0034845101214753143,0.42616659609848495
ipo,54,71,4,0.1487992407939691,0.42616659609848495
ipo,251,71,1,0.5769441297836978,0.7862396410909408
ipo,251,71,2,0.00038009012525769807,0.7862396410909408
ipo,251,71,3,0.41133835246948175,0.7862396410909408
ipo,251,71,4,0.011337427621562658,0.7862396410909408
ipo,612,71,1,0.00018769060503742767,0.8741053677558392
ipo,612,71,2,0.4018298706885223,0.8741053677558392
ipo,612,71,3,0.4910071590219107,0.8741053677558392
ipo,612,71,4,0.10697527968452955,0.8741053677558392
ipo,737,71,1,0.05969991042923967,0.4758853190056828
ipo,737,71,2,0.8960723552665502,0.4758853190056828
ipo,737,71,3,0.04267960126741871,0.4758853190056828
ipo,737,71,4,0.0015481330367914643,0.4758853190056828
ipo,867,71,1,0.27787914154564153,0.8699948351899461
ipo,867,71,2,0.014617521530198307,0.8699948351899461
ipo,867,71,3,7.4659023034802325e-06,0.8699948351899461
ipo,867,71,4,0.7074958710218567,0.8699948351899461
ipo,945,71,1,0.014447945317869233,0.768830955661817
ipo,945,71,2,0.6846062379623185,0.768830955661817
ipo,945,71,3,0.26028968734465646,0.768830955661817
ipo,945,71,4,0.04065612937515583,0.768830955661817
ipo,54,72,1,0.002362857117645073,0.722822403083212
ipo,54,72,2,0.9644682646949897,0.722822403083212
ipo,54,72,3,0.0006026115661192458,0.722822403083212
ipo,54,72,4,0.03256626662124592,0.722822403083212
ipo,251,72,1,0.6632103688687306,0.7406093752097007
ipo,251,72,2,1.117593118778207e-05,0.7406093752097007
ipo,251,72,3,0.3328800332129948,0.7406093752097007
ipo,251,72,4,0.003898421987086932,0.7406093752097007
ipo,612,72,1,8.244439035198938e-05,0.9774617977712716
ipo,612,72,2,0.5123201509217362,0.9774617977712716
ipo,612,72,3,0.4169958355312508,0.9774617977712716
ipo,612,72,4,0.07060156915666099,0.9774617977712716
ipo,737,72,1,0.07869076918671379,0.5184003836791159
ipo,737,72,2,0.9100930003315769,0.5184003836791159
ipo,737,72,3,0.009534154513307106,0.5184003836791159
ipo,737,72,4,0.001682075968402137,0.5184003836791159
ipo,867,72,1,0.7472000484234805,0.5402658002532041
ipo,867,72,2,0.030900393256908888,0.5402658002532041
ipo,867,72,3,1.1368420212089928e-06,0.5402658002532041
ipo,867,72,4,0.22189842147758942,0.5402658002532041
ipo,945,72,1,0.011764231020878235,0.736505030206189
ipo,945,72,2,0.7357467387812628,0.736505030206189
ipo,945,72,3,0.23905114008115877,0.736505030206189
ipo,945,72,4,0.013437890116700052,0.736505030206189
ipo,54,73,1,0.0013586615756399445,0.45141775439354115
ipo,54,73,2,0.8579336253076406,0.45141775439354115
ipo,54,73,3,0.00374524362079153,0.45141775439354115
ipo,54,73,4,0.13696246949592794,0.45141775439354115
ipo,251,73,1,0.27481310677806503,0.4262229545844418
ipo,251,73,2,0.0002484123075957024,0.4262229545844418
ipo,251,73,3,0.7184125697469957,0.4262229545844418
ipo,251,73,4,0.006525911167343524,0.4262229545844418
ipo,612,73,1,0.0002055308758899724,0.658314193647364
ipo,612,73,2,0.39328593976864396,0.658314193647364
ipo,612,73,3,0.4052465528682062,0.658314193647364
ipo,612,73,4,0.20126197648725985,0.658314193647364
ipo,737,73,1,0.042352053360884837,0.4352199991727867
ipo,737,73,2,0.931522227478231,0.4352199991727867
ipo,737,73,3,0.022659348253171997,0.4352199991727867
ipo,737,73,4,0.0034663709077123136,0.4352199991727867
ipo,867,73,1,0.4501701762108611,0.8673773265859864
ipo,867,73,2,0.06490699358406574,0.8673773265859864
ipo,867,73,3,9.431489955769309e-06,0.8673773265859864
ipo,867,73,4,0.48491339871511746,0.8673773265859864
ipo,945,73,1,0.024784888508037246,0.7496351812229137
ipo,945,73,2,0.6849729413030881,0.7496351812229137
ipo,945,73,3,0.2749326324558234,0.7496351812229137
ipo,945,73,4,0.015309537733051267,0.7496351812229137
ipo,54,74,1,0.0007797552553789254,0.6952395836643313
ipo,54,74,2,0.965181975260073,0.6952395836643313
ipo,54,74,3,0.00036446848497826464,0.6952395836643313
ipo,54,74,4,0.03367380099956978,0.6952395836643313
ipo,251,74,1,0.38876255749318483,0.5471740809262332
ipo,251,74,2,1.5690417415108104e-05,0.5471740809262332
ipo,251,74,3,0.6035886997622775,0.5471740809262332
ipo,251,74,4,0.007633052327122604,0.5471740809262332
ipo,612,74,1,6.913248138753093e-05,0.8315468441890891
ipo,612,74,2,0.2713506984585002,0.8315468441890891
ipo,612,74,3,0.6180341011555364,0.8315468441890891
ipo,612,74,4,0.11054606790457598,0.8315468441890891
ipo,737,74,1,0.05876783414208576,0.45275806796928925
ipo,737,74,2,0.9351361558988365,0.45275806796928925
ipo,737,74,3,0.004177479610403585,0.45275806796928925
ipo,737,74,4,0.001918530348674139,0.45275806796928925
ipo,867,74,1,0.5882092605811352,0.7613067040018892
ipo,867,74,2,0.05649752313422633,0.7613067040018892
ipo,867,74,3,1.208429815881178e-06,0.7613067040018892
ipo,867,74,4,0.3552920078548226,0.7613067040018892
ipo,945,74,1,0.025797981410593664,0.8061346588533643
ipo,945,74,2,0.7504527196178711,0.8061346588533643
ipo,945,74,3,0.21691380124838958,0.8061346588533643
ipo,945,74,4,0.006835497723145701,0.8061346588533643
ipo,54,75,1,0.0004262893451837702,0.5594762991755045
ipo,54,75,2,0.8964138336926776,0.5594762991755045
ipo,54,75,3,0.004201130353394809,0.5594762991755045
ipo,54,75,4,0.0989587466087439,0.5594762991755045
ipo,251,75,1,0.1162638832533999,0.27767254425183463
ipo,251,75,2,0.00019007215303659013,0.27767254425183463
ipo,251,75,3,0.8750022132729235,0.27767254425183463
ipo,251,75,4,0.008543831320639865,0.27767254425183463
ipo,612,75,1,0.00017845783274573614,0.794616058538785
ipo,612,75,2,0.6200517453486595,0.794616058538785
ipo,612,75,3,0.2541170803404002,0.794616058538785
ipo,612,75,4,0.12565271647819443,0.794616058538785
ipo,737,75,1,0.03693930673769,0.5265684115171083
ipo,737,75,2,0.9423885580880703,0.5265684115171083
ipo,737,75,3,0.00981735233876138,0.5265684115171083
ipo,737,75,4,0.010854782835478222,0.5265684115171083
ipo,867,75,1,0.37019433082455894,0.8904014706051195
ipo,867,75,2,0.09640863812520434,0.8904014706051195
ipo,867,75,3,6.99875597979463e-06,0.8904014706051195
ipo,867,75,4,0.5333900322942569,0.8904014706051195
ipo,945,75,1,0.012218203577134247,0.7354821026671597
ipo,945,75,2,0.7491244893547598,0.7354821026671597
ipo,945,75,3,0.23077507917910273,0.7354821026671597
ipo,945,75,4,0.007882227889003168,0.7354821026671597
ipo,54,76,1,0.0005188631498958011,0.7714290602840823
ipo,54,76,2,0.965901247856623,0.7714290602840823
ipo,54,76,3,0.0015502747306219724,0.7714290602840823
ipo,54,76,4,0.032029614262859094,0.7714290602840823
ipo,251,76,1,0.15496019529185967,0.4968705445836997
ipo,251,76,2,1.6679652269545312e-05,0.4968705445836997
ipo,251,76,3,0.8136402135651501,0.4968705445836997
ipo,251,76,4,0.03138291149072066,0.4968705445836997
ipo,612,76,1,0.00011008268171130609,0.5986040973607344
ipo,612,76,2,0.3164285912005669,0.5986040973607344
ipo,612,76,3,0.44669994307058664,0.5986040973607344
ipo,612,76,4,0.2367613830471351,0.5986040973607344
ipo,737,76,1,0.05057280041939596,0.5398229378459847
ipo,737,76,2,0.9392618878178834,0.5398229378459847
ipo,737,76,3,0.0019418564547653856,0.5398229378459847
ipo,737,76,4,0.00822345530795529,0.5398229378459847
ipo,867,76,1,0.5919564895551827,0.783494492146984
ipo,867,76,2,0.0714465955454411,0.783494492146984
ipo,867,76,3,4.960950973452484e-07,0.783494492146984
ipo,867,76,4,0.33659641880427904,0.783494492146984
ipo,945,76,1,0.02393879786311684,0.7710668078933036
ipo,945,76,2,0.7412846544643331,0.7710668078933036
ipo,945,76,3,0.23181544040810584,0.7710668078933036
ipo,945,76,4,0.0029611072644441993,0.7710668078933036
ipo,54,77,1,0.0001290810204546543,0.7119309905225689
ipo,54,77,2,0.8961772849749771,0.7119309905225689
ipo,54,77,3,0.012018773193168287,0.7119309905225689
ipo,54,77,4,0.09167486081139994,0.7119309905225689
ipo,251,77,1,0.13824276294772592,0.3663756192834067
ipo,251,77,2,0.00012183398778300487,0.3663756192834067
ipo,251,77,3,0.8462357144405248,0.3663756192834067
ipo,251,77,4,0.01539968862396621,0.3663756192834067
ipo,612,77,1,0.00022602639429886718,0.5759293686846582
ipo,612,77,2,0.30264647848906007,0.5759293686846582
ipo,612,77,3,0.4427136306120125,0.5759293686846582
ipo,612,77,4,0.25441386450462866,0.5759293686846582
ipo,737,77,1,0.03684659094882617,0.6088172022861498
ipo,737,77,2,0.9415161308477807,0.6088172022861498
ipo,737,77,3,0.0031796281220429824,0.6088172022861498
ipo,737,77,4,0.018457650081350165,0.6088172022861498
ipo,867,77,1,0.6623746492238181,0.7018412923093404
ipo,867,77,2,0.053608079047627835,0.7018412923093404
ipo,867,77,3,5.3480718847601805e-06,0.7018412923093404
ipo,867,77,4,0.2840119236566692,0.7018412923093404
ipo,945,77,1,0.01555018919777478,0.7270173880718555
ipo,945,77,2,0.7379281347526555,0.7270173880718555
ipo,945,77,3,0.24268190729039812,0.7270173880718555
ipo,945,77,4,0.0038397687591715454,0.7270173880718555
ipo,54,78,1,0.00019395480297103017,0.8260177579955995
ipo,54,78,2,0.9599171319601147,0.8260177579955995
ipo,54,78,3,0.003596700224079465,0.8260177579955995
ipo,54,78,4,0.036292213012834924,0.8260177579955995
ipo,251,78,1,0.04209709745725792,0.5783419832651325
ipo,251,78,2,1.528336625140413e-05,0.5783419832651325
ipo,251,78,3,0.8737803775463069,0.5783419832651325
ipo,251,78,4,0.08410724163018378,0.5783419832651325
ipo,612,78,1,7.55043226835641e-05,0.3752085432982033
ipo,612,78,2,0.39213815960534976,0.3752085432982033
ipo,612,78,3,0.2356560016512466,0.3752085432982033
ipo,612,78,4,0.37213033442071997,0.3752085432982033
ipo,737,78,1,0.04323042305312324,0.7165439898203896
ipo,737,78,2,0.9270155662859609,0.7165439898203896
ipo,737,78,3,0.0009032870012694383,0.7165439898203896
ipo,737,78,4,0.028850723659646253,0.7165439898203896
ipo,867,78,1,0.6761530224121135,0.7190472647592728
ipo,867,78,2,0.06466530046295253,0.7190472647592728
ipo,867,78,3,2.0004947746379784e-07,0.7190472647592728
ipo,867,78,4,0.2591814770754565,0.7190472647592728
ipo,945,78,1,0.030559625317672378,0.7989263707574358
ipo,945,78,2,0.7400418074932569,0.7989263707574358
ipo,945,78,3,0.22689647396491475,0.7989263707574358
ipo,945,78,4,0.0025020932241559524,0.7989263707574358
ipo,54,79,1,0.00022202063624837982,0.8840779532038888
ipo,54,79,2,0.897859369996246,0.8840779532038888
ipo,54,79,3,0.02491429198452592,0.8840779532038888
ipo,54,79,4,0.07700431738297968,0.8840779532038888
ipo,251,79,1,0.0740898933826089,0.4123144956956168
ipo,251,79,2,0.00010969660303649867,0.4123144956956168
ipo,251,79,3,0.8932571886428728,0.4123144956956168
ipo,251,79,4,0.0325432213714818,0.4123144956956168
ipo,612,79,1,8.323844023735225e-05,0.3905104305541975
ipo,612,79,2,0.33801406731507594,0.3905104305541975
ipo,612,79,3,0.28703519757573653,0.3905104305541975
ipo,612,79,4,0.37486749666895025,0.3905104305541975
ipo,737,79,1,0.03625699406614838,0.4653050137666139
ipo,737,79,2,0.9553507308314502,0.4653050137666139
ipo,737,79,3,0.000855205733921036,0.4653050137666139
ipo,737,79,4,0.007537069368480407,0.4653050137666139
ipo,867,79,1,0.746061277706179,0.6549142669794005
ipo,867,79,2,0.05731124521056948,0.6549142669794005
ipo,867,79,3,5.490698169871108e-06,0.6549142669794005
ipo,867,79,4,0.19662198638508163,0.6549142669794005
ipo,945,79,1,0.057887607372808264,0.8494714518849596
ipo,945,79,2,0.6910808497624105,0.8494714518849596
ipo,945,79,3,0.24754114936388,0.8494714518849596
ipo,945,79,4,0.003490393500901433,0.8494714518849596
ipo,54,80,1,9.07913705432399e-05,0.9804059400325313
ipo,54,80,2,0.9464121641901574,0.9804059400325313
ipo,54,80,3,0.013484095345211925,0.9804059400325313
ipo,54,80,4,0.04001294909408725,0.9804059400325313
ipo,251,80,1,0.02064445620789061,0.6471379402397923
ipo,251,80,2,1.671906615439996e-05,0.6471379402397923
ipo,251,80,3,0.8480349938326216,0.6471379402397923
ipo,251,80,4,0.1313038308933335,0.6471379402397923
ipo,612,80,1,0.0002006031629041894,0.28872282769605023
ipo,612,80,2,0.39306004500379815,0.28872282769605023
ipo,612,80,3,0.1604391582381689,0.28872282769605023
ipo,612,80,4,0.4463001935951289,0.28872282769605023
ipo,737,80,1,0.04980930989064209,0.8304054068851658
ipo,737,80,2,0.9014489888936129,0.8304054068851658
ipo,737,80,3,0.0003639288832545441,0.8304054068851658
ipo,737,80,4,0.04837777233249063,0.8304054068851658
ipo,867,80,1,0.7737668996614046,0.7056850086080485
ipo,867,80,2,0.09653494620954366,0.7056850086080485
ipo,867,80,3,1.8611268031050666e-07,0.7056850086080485
ipo,867,80,4,0.12969796801637162,0.7056850086080485
ipo,945,80,1,0.042573299019234644,0.7837953669818843
ipo,945,80,2,0.6884284042141015,0.7837953669818843
ipo,945,80,3,0.26701528847772976,0.7837953669818843
ipo,945,80,4,0.0019830082889341853,0.7837953669818843
ipo,54,81,1,5.1547990243852255e-05,0.9367472901592344
ipo,54,81,2,0.8720391320978714,0.9367472901592344
ipo,54,81,3,0.045989335147581134,0.9367472901592344
ipo,54,81,4,0.0819199847643036,0.9367472901592344
ipo,251,81,1,0.03311783538209509,0.5658829464987791
ipo,251,81,2,0.0001519984525743972,0.5658829464987791
ipo,251,81,3,0.8842635910392213,0.5658829464987791
ipo,251,81,4,0.08246657512610929,0.5658829464987791
ipo,612,81,1,0.00015059769351249923,0.2493945489250557
ipo,612,81,2,0.3103749074988004,0.2493945489250557
ipo,612,81,3,0.17467099231692587,0.2493945489250557
ipo,612,81,4,0.5148035024907611,0.2493945489250557
ipo,737,81,1,0.03926099517123603,0.6700117209013059
ipo,737,81,2,0.9356973675071971,0.6700117209013059
ipo,737,81,3,0.00046171942991419845,0.6700117209013059
ipo,737,81,4,0.02457991789165254,0.6700117209013059
ipo,867,81,1,0.8079615231673963,0.6986907697943094
ipo,867,81,2,0.1113733339687394,0.6986907697943094
ipo,867,81,3,3.454556849704276e-06,0.6986907697943094
ipo,867,81,4,0.08066168830701465,0.6986907697943094
ipo,945,81,1,0.12697900368018003,0.899096690929038
ipo,945,81,2,0.5893665391954934,0.899096690929038
ipo,945,81,3,0.2821836353235541,0.899096690929038
ipo,945,81,4,0.001470821800772524,0.899096690929038
ipo,54,82,1,4.8303408358023e-05,1.0080387957027481
ipo,54,82,2,0.8892410410784443,1.0080387957027481
ipo,54,82,3,0.05672412927920885,1.0080387957027481
ipo,54,82,4,0.05398652623398897,1.0080387957027481
ipo,251,82,1,0.008685830662235728,0.6843743358221479
ipo,251,82,2,1.6051778040742513e-05,0.6843743358221479
ipo,251,82,3,0.808471983610482,0.6843743358221479
ipo,251,82,4,0.18282613394924144,0.6843743358221479
ipo,612,82,1,0.00014826897536748061,0.22140200180487302
ipo,612,82,2,0.16725899308453995,0.22140200180487302
ipo,612,82,3,0.23237783594115852,0.22140200180487302
ipo,612,82,4,0.600214901998934,0.22140200180487302
ipo,737,82,1,0.06813608214855997,0.9328485316810422
ipo,737,82,2,0.8547520423155248,0.9328485316810422
ipo,737,82,3,0.0003946065856691203,0.9328485316810422
ipo,737,82,4,0.07671726895024604,0.9328485316810422
ipo,867,82,1,0.5613320680014081,0.6885958729692712
ipo,867,82,2,0.2581815906005383,0.6885958729692712
ipo,867,82,3,2.2840243975141011e-07,0.6885958729692712
ipo,867,82,4,0.18048611299561404,0.6885958729692712
ipo,945,82,1,0.03365343020958892,0.6683385931062026
ipo,945,82,2,0.6255413948120027,0.6683385931062026
ipo,945,82,3,0.33981500470608306,0.6683385931062026
ipo,945,82,4,0.0009901702723252787,0.6683385931062026
ipo,54,83,1,2.7295349749020844e-05,1.0019855355142022
ipo,54,83,2,0.8869286610880436,1.0019855355142022
ipo,54,83,3,0.054788271401071925,1.0019855355142022
ipo,54,83,4,0.05825577216113547,1.0019855355142022
ipo,251,83,1,0.024697497067733474,0.6208846824692396
ipo,251,83,2,0.00016186373716083692,0.6208846824692396
ipo,251,83,3,0.864614680586917,0.6208846824692396
ipo,251,83,4,0.11052595860818862,0.6208846824692396
ipo,612,83,1,0.00010233082473850723,0.1707209501507538
ipo,612,83,2,0.22449365985593442,0.1707209501507538
ipo,612,83,3,0.13525014218821832,0.1707209501507538
ipo,612,83,4,0.6401538671311088,0.1707209501507538
ipo,737,83,1,0.039878648153045856,0.7891052909910306
ipo,737,83,2,0.9137376267056874,0.7891052909910306
ipo,737,83,3,0.00018205804106058294,0.7891052909910306
ipo,737,83,4,0.04620166710020621,0.7891052909910306
ipo,867,83,1,0.7381888217964937,0.7006051835390488
ipo,867,83,2,0.21944321392923197,0.7006051835390488
ipo,867,83,3,3.071896260534701e-06,0.7006051835390488
ipo,867,83,4,0.042364892378013726,0.7006051835390488
ipo,945,83,1,0.1243755289730493,0.8518161276382161
ipo,945,83,2,0.5542309600525663,0.8518161276382161
ipo,945,83,3,0.318858661799732,0.8518161276382161
ipo,945,83,4,0.002534849174652329,0.8518161276382161
ipo,54,84,1,3.693063482083526e-05,0.8050211260944303
ipo,54,84,2,0.7769161185185418,0.8050211260944303
ipo,54,84,3,0.16533360695383617,0.8050211260944303
ipo,54,84,4,0.05771334389280117,0.8050211260944303
ipo,251,84,1,0.005024329591781098,0.6687514689663605
ipo,251,84,2,1.584793014956797e-05,0.6687514689663605
ipo,251,84,3,0.6348992348997256,0.6687514689663605
ipo,251,84,4,0.3600605875783438,0.6687514689663605
ipo,612,84,1,0.00030815684032614967,0.15305731469557865
ipo,612,84,2,0.07088692615064258,0.15305731469557865
ipo,612,84,3,0.19278732740433813,0.15305731469557865
ipo,612,84,4,0.7360175896046932,0.15305731469557865
ipo,737,84,1,0.06299904124743998,0.841856214108055
ipo,737,84,2,0.7299745311512329,0.841856214108055
ipo,737,84,3,0.0001115454174747824,0.841856214108055
ipo,737,84,4,0.20691488218385232,0.841856214108055
ipo,867,84,1,0.6132784091016827,0.6406986469998237
ipo,867,84,2,0.3125253877779725,0.6406986469998237
ipo,867,84,3,4.463422367444748e-07,0.6406986469998237
ipo,867,84,4,0.07419575677810805,0.6406986469998237
ipo,945,84,1,0.051159841514808416,0.6498164920773195
ipo,945,84,2,0.5560823592702205,0.6498164920773195
ipo,945,84,3,0.39188987917317714,0.6498164920773195
ipo,945,84,4,0.0008679200417939574,0.6498164920773195
ipo,54,85,1,8.406060872940867e-06,0.8794612544963873
ipo,54,85,2,0.751812295230684,0.8794612544963873
ipo,54,85,3,0.1362267208705985,0.8794612544963873
ipo,54,85,4,0.11195257783784461,0.8794612544963873
ipo,251,85,1,0.03004024030731956,0.7181091573213172
ipo,251,85,2,0.00023315733187829856,0.7181091573213172
ipo,251,85,3,0.6698838911246486,0.7181091573213172
ipo,251,85,4,0.2998427112361536,0.7181091573213172
ipo,612,85,1,9.624850823298614e-05,0.1330210939635234
ipo,612,85,2,0.10796375136486135,0.1330210939635234
ipo,612,85,3,0.1469098286519043,0.1330210939635234
ipo,612,85,4,0.7450301714750014,0.1330210939635234
ipo,737,85,1,0.058234250776257955,0.894609868703457
ipo,737,85,2,0.7929421828131031,0.894609868703457
ipo,737,85,3,0.00010812093674086203,0.894609868703457
ipo,737,85,4,0.14871544547389795,0.894609868703457
ipo,867,85,1,0.5289059173857528,0.5266848059268794
ipo,867,85,2,0.4426800654618359,0.5266848059268794
ipo,867,85,3,2.365353418729118e-06,0.5266848059268794
ipo,867,85,4,0.028411651798992618,0.5266848059268794
ipo,945,85,1,0.1115967911158952,0.8347093613871653
ipo,945,85,2,0.5606189211238835,0.8347093613871653
ipo,945,85,3,0.32393635157258127,0.8347093613871653
ipo,945,85,4,0.0038479361876400677,0.8347093613871653
ipo,54,86,1,1.947634372455295e-05,0.6549461078961676
ipo,54,86,2,0.6409232853289026,0.6549461078961676
ipo,54,86,3,0.2895012331129064,0.6549461078961676
ipo,54,86,4,0.06955600521446643,0.6549461078961676
ipo,251,86,1,0.003014804791177905,0.611391082280253
ipo,251,86,2,2.1987789820360618e-05,0.611391082280253
ipo,251,86,3,0.5493455431284261,0.611391082280253
ipo,251,86,4,0.4476176642905755,0.611391082280253
ipo,612,86,1,0.0004070103255930449,0.11644117276519786
ipo,612,86,2,0.03864142957267807,0.11644117276519786
ipo,612,86,3,0.15139166379823418,0.11644117276519786
ipo,612,86,4,0.8095598963034947,0.11644117276519786
ipo,737,86,1,0.07227225953029563,0.6625800630114884
ipo,737,86,2,0.5642717956136863,0.6625800630114884
ipo,737,86,3,3.7619585143045454e-05,0.6625800630114884
ipo,737,86,4,0.36341832527087503,0.6625800630114884
ipo,867,86,1,0.3011257175634279,0.31547535798185117
ipo,867,86,2,0.6696215105044704,0.31547535798185117
ipo,867,86,3,9.749783924740153e-07,0.31547535798185117
ipo,867,86,4,0.02925179695370926,0.31547535798185117
ipo,945,86,1,0.07015545232777565,0.5846023865352534
ipo,945,86,2,0.4460298352128255,0.5846023865352534
ipo,945,86,3,0.4826882784706406,0.5846023865352534
ipo,945,86,4,0.0011264339887583302,0.5846023865352534
ipo,54,87,1,5.003788694179571e-06,0.737353825495785
ipo,54,87,2,0.5773462250836224,0.737353825495785
ipo,54,87,3,0.29757580453923604,0.737353825495785
ipo,54,87,4,0.12507296658844738,0.737353825495785
ipo,251,87,1,0.007683268685232435,0.509461440412006
ipo,251,87,2,0.0003429169495159268,0.509461440412006
ipo,251,87,3,0.4151185682007981,0.509461440412006
ipo,251,87,4,0.5768552461644535,0.509461440412006
ipo,612,87,1,0.00016109161342402567,0.11716372767652646
ipo,612,87,2,0.05318511151934883,0.11716372767652646
ipo,612,87,3,0.15135084856249348,0.11716372767652646
ipo,612,87,4,0.7953029483047337,0.11716372767652646
ipo,737,87,1,0.05418473606077379,0.9059983873932164
ipo,737,87,2,0.8290019469905129,0.9059983873932164
ipo,737,87,3,4.241846661453335e-05,0.9059983873932164
ipo,737,87,4,0.11677089848209864,0.9059983873932164
ipo,867,87,1,0.28973712402308516,0.3019329893021219
ipo,867,87,2,0.6870125554252478,0.3019329893021219
ipo,867,87,3,3.733247168534596e-06,0.3019329893021219
ipo,867,87,4,0.023246587304498648,0.3019329893021219
ipo,945,87,1,0.1770932479471081,0.8585484157875758
ipo,945,87,2,0.46641306709190966,0.8585484157875758
ipo,945,87,3,0.35005692739905575,0.8585484157875758
ipo,945,87,4,0.006436757561926296,0.8585484157875758
ipo,54,88,1,1.3966071781806547e-05,0.7410268301194765
ipo,54,88,2,0.38972681661389524,0.7410268301194765
ipo,54,88,3,0.37203671569471175,0.7410268301194765
ipo,54,88,4,0.23822250161961125,0.7410268301194765
ipo,251,88,1,0.0022271642655446815,0.44408213867664026
ipo,251,88,2,3.2184252635271266e-05,0.44408213867664026
ipo,251,88,3,0.35815012066068874,0.44408213867664026
ipo,251,88,4,0.6395905308211314,0.44408213867664026
ipo,612,88,1,0.0002256323635269279,0.0514445972094123
ipo,612,88,2,0.02024668768411108,0.0514445972094123
ipo,612,88,3,0.059239025188340975,0.0514445972094123
ipo,612,88,4,0.9202886547640211,0.0514445972094123
ipo,737,88,1,0.040942049979542275,0.408857861983289
ipo,737,88,2,0.39390580785354995,0.408857861983289
ipo,737,88,3,9.85048991832719e-06,0.408857861983289
ipo,737,88,4,0.5651422916769894,0.408857861983289
ipo,867,88,1,0.14626988081158002,0.1683439092071801
ipo,867,88,2,0.8295878027234065,0.1683439092071801
ipo,867,88,3,9.603609341307286e-07,0.1683439092071801
ipo,867,88,4,0.024141356104079352,0.1683439092071801
ipo,945,88,1,0.09469843273680006,0.5968793465332493
ipo,945,88,2,0.39852194861626516,0.5968793465332493
ipo,945,88,3,0.5050026729632776,0.5968793465332493
ipo,945,88,4,0.0017769456836572183,0.5968793465332493
ipo,54,89,1,8.129035381934514e-06,0.7413310706980991
ipo,54,89,2,0.3202122025881111,0.7413310706980991
ipo,54,89,3,0.3436915630174607,0.7413310706980991
ipo,54,89,4,0.3360881053590463,0.7413310706980991
ipo,251,89,1,0.005619981365362186,0.3270250274332448
ipo,251,89,2,0.0007685322230181449,0.3270250274332448
ipo,251,89,3,0.23244079636905499,0.3270250274332448
ipo,251,89,4,0.7611706900425647,0.3270250274332448
ipo,612,89,1,0.000571267398460159,0.09040881373757412
ipo,612,89,2,0.015864234804799357,0.09040881373757412
ipo,612,89,3,0.11721166015002636,0.09040881373757412
ipo,612,89,4,0.8663528376467141,0.09040881373757412
ipo,737,89,1,0.0628364346399772,0.7314548847418725
ipo,737,89,2,0.6416300336761087,0.7314548847418725
ipo,737,89,3,2.674216764996133e-05,0.7314548847418725
ipo,737,89,4,0.295506789516264,0.7314548847418725
ipo,867,89,1,0.18644103811696996,0.20582513828104565
ipo,867,89,2,0.7912156741676095,0.20582513828104565
ipo,867,89,3,7.5971939666654395e-06,0.20582513828104565
ipo,867,89,4,0.022335690521454017,0.20582513828104565
ipo,945,89,1,0.0867024318756907,0.6756506521065428
ipo,945,89,2,0.4813116876610048,0.6756506521065428
ipo,945,89,3,0.4280042005828532,0.6756506521065428
ipo,945,89,4,0.003981679880451219,0.6756506521065428
ipo,54,90,1,1.1367351925932975e-05,0.6647300677118895
ipo,54,90,2,0.22767263191032594,0.6647300677118895
ipo,54,90,3,0.5381905346019786,0.6647300677118895
ipo,54,90,4,0.23412546613576962,0.6647300677118895
ipo,251,90,1,0.0018640169987636263,0.19054244039601317
ipo,251,90,2,3.7001068924943823e-05,0.19054244039601317
ipo,251,90,3,0.12454044258684928,0.19054244039601317
ipo,251,90,4,0.8735585393454622,0.19054244039601317
ipo,612,90,1,0.0010183073651668522,0.05931589417522565
ipo,612,90,2,0.006114694146568556,0.05931589417522565
ipo,612,90,3,0.059977780577030335,0.05931589417522565
ipo,612,90,4,0.9328892179112342,0.05931589417522565
ipo,737,90,1,0.04659934396874673,0.42543377192444964
ipo,737,90,2,0.39779944016071034,0.42543377192444964
ipo,737,90,3,5.41503937294185e-06,0.42543377192444964
ipo,737,90,4,0.5555958008311699,0.42543377192444964
ipo,867,90,1,0.10193145641149544,0.12203548901544506
ipo,867,90,2,0.8835025460930668,0.12203548901544506
ipo,867,90,3,3.462616223502789e-06,0.12203548901544506
ipo,867,90,4,0.01456253487921425,0.12203548901544506
ipo,945,90,1,0.08385364802026989,0.5512165354922126
ipo,945,90,2,0.3814365772317438,0.5512165354922126
ipo,945,90,3,0.5337186031504563,0.5512165354922126
ipo,945,90,4,0.0009911715975300843,0.5512165354922126
ipo,54,91,1,5.546558916922808e-06,0.71857883781167
ipo,54,91,2,0.1795786736577318,0.71857883781167
ipo,54,91,3,0.4493028438182839,0.71857883781167
ipo,54,91,4,0.3711129359650673,0.71857883781167
ipo,251,91,1,0.005063761427904403,0.14413250135070854
ipo,251,91,2,0.000856631189408961,0.14413250135070854
ipo,251,91,3,0.07949221943625497,0.14413250135070854
ipo,251,91,4,0.9145873879464317,0.14413250135070854
ipo,612,91,1,0.0019563421721722563,0.10297822793359981
ipo,612,91,2,0.008965166629891821,0.10297822793359981
ipo,612,91,3,0.11006377950745679,0.10297822793359981
ipo,612,91,4,0.8790147116904791,0.10297822793359981
ipo,737,91,1,0.038620537136176844,0.3316268950685678
ipo,737,91,2,0.31156383289424877,0.3316268950685678
ipo,737,91,3,9.853280227220303e-06,0.3316268950685678
ipo,737,91,4,0.6498057766893472,0.3316268950685678
ipo,867,91,1,0.2525948189637346,0.2633608491248156
ipo,867,91,2,0.7338282173125775,0.2633608491248156
ipo,867,91,3,2.2590254266614805e-05,0.2633608491248156
ipo,867,91,4,0.013554373469421215,0.2633608491248156
ipo,945,91,1,0.06987125642723944,0.6206091291418966
ipo,945,91,2,0.47533164157292135,0.6206091291418966
ipo,945,91,3,0.45204113856195716,0.6206091291418966
ipo,945,91,4,0.002755963437882151,0.6206091291418966
ipo,54,92,1,6.2468824804375715e-06,0.7071611166781644
ipo,54,92,2,0.19467011312796453,0.7071611166781644
ipo,54,92,3,0.49122424202007114,0.7071611166781644
ipo,54,92,4,0.3140993979694838,0.7071611166781644
ipo,251,92,1,0.0010277711537992587,0.10244894332352672
ipo,251,92,2,0.00014870438225209854,0.10244894332352672
ipo,251,92,3,0.05723742537255687,0.10244894332352672
ipo,251,92,4,0.9415860990913918,0.10244894332352672
ipo,612,92,1,0.0027903382721379015,0.09051677436282943
ipo,612,92,2,0.0018637218661088247,0.09051677436282943
ipo,612,92,3,0.07752340937766605,0.09051677436282943
ipo,612,92,4,0.9178225304840872,0.09051677436282943
ipo,737,92,1,0.14973159664689975,0.4444017176717796
ipo,737,92,2,0.22180913986774686,0.4444017176717796
ipo,737,92,3,6.9492204741333465e-06,0.4444017176717796
ipo,737,92,4,0.6284523142648792,0.4444017176717796
ipo,867,92,1,0.03487554645058706,0.04886251412774651
ipo,867,92,2,0.9593465592869708,0.04886251412774651
ipo,867,92,3,5.66203624975909e-06,0.04886251412774651
ipo,867,92,4,0.005772232226192371,0.04886251412774651
ipo,945,92,1,0.09949256074040891,0.5656246959069118
ipo,945,92,2,0.3604620928142111,0.5656246959069118
ipo,945,92,3,0.5390389166938213,0.5656246959069118
ipo,945,92,4,0.00100642975155868,0.5656246959069118
ipo,54,93,1,4.824937688568575e-06,0.6692236647545975
ipo,54,93,2,0.19293220386143856,0.6692236647545975
ipo,54,93,3,0.2924220321174889,0.6692236647545975
ipo,54,93,4,0.5146409390833839,0.6692236647545975
ipo,251,93,1,0.004821896256319352,0.08124240235387098
ipo,251,93,2,0.0022661065890792857,0.08124240235387098
ipo,251,93,3,0.029013107901328283,0.08124240235387098
ipo,251,93,4,0.963898889253273,0.08124240235387098
ipo,612,93,1,0.005130943583010403,0.12642363214600386
ipo,612,93,2,0.002991323426830231,0.12642363214600386
ipo,612,93,3,0.0939922489912061,0.12642363214600386
ipo,612,93,4,0.8978854839989533,0.12642363214600386
ipo,737,93,1,0.09711073819002984,0.4409874821110526
ipo,737,93,2,0.3071239986970203,0.4409874821110526
ipo,737,93,3,1.1015384546727491e-05,0.4409874821110526
ipo,737,93,4,0.5957542477284031,0.4409874821110526
ipo,867,93,1,0.05694480174971761,0.07653890677458292
ipo,867,93,2,0.9272051779832776,0.07653890677458292
ipo,867,93,3,6.639947859665986e-05,0.07653890677458292
ipo,867,93,4,0.01578362078840791,0.07653890677458292
ipo,945,93,1,0.05079265936887022,0.4511424779453849
ipo,945,93,2,0.35865630974606705,0.4511424779453849
ipo,945,93,3,0.5871166146441135,0.4511424779453849
ipo,945,93,4,0.003434416240949302,0.4511424779453849
ipo,54,94,1,1.2761082501082448e-05,0.6347208516152002
ipo,54,94,2,0.17442833000149657,0.6347208516152002
ipo,54,94,3,0.26334300306547354,0.6347208516152002
ipo,54,94,4,0.5622159058505288,0.6347208516152002
ipo,251,94,1,0.0008769755305171613,0.05133132796856892
ipo,251,94,2,0.00034825506635019233,0.05133132796856892
ipo,251,94,3,0.02292622027501251,0.05133132796856892
ipo,251,94,4,0.97584854912812,0.05133132796856892
ipo,612,94,1,0.002881811526346323,0.09406548084612304
ipo,612,94,2,0.0011757251810083533,0.09406548084612304
ipo,612,94,3,0.08209991005290745,0.09406548084612304
ipo,612,94,4,0.9138425532397378,0.09406548084612304
ipo,737,94,1,0.20578139878324397,0.48494299406046604
ipo,737,94,2,0.1826787457576728,0.48494299406046604
ipo,737,94,3,6.419920159397576e-06,0.48494299406046604
ipo,737,94,4,0.6115334355389239,0.48494299406046604
ipo,867,94,1,0.011375059458364839,0.019968692039983076
ipo,867,94,2,0.9813932451497712,0.019968692039983076
ipo,867,94,3,8.573191478771338e-06,0.019968692039983076
ipo,867,94,4,0.00722312220038512,0.019968692039983076
ipo,945,94,1,0.11002003116711016,0.5744408820195105
ipo,945,94,2,0.34534676110195334,0.5744408820195105
ipo,945,94,3,0.5430249232582776,0.5744408820195105
ipo,945,94,4,0.0016082844726590388,0.5744408820195105
ipo,54,95,1,2.511917651036947e-06,0.5357583683914002
ipo,54,95,2,0.06353961744455389,0.5357583683914002
ipo,54,95,3,0.22151168231489507,0.5357583683914002
ipo,54,95,4,0.7149461883229,0.5357583683914002
ipo,251,95,1,0.0028690402360378293,0.03917196835497346
ipo,251,95,2,0.0019530740721134042,0.03917196835497346
ipo,251,95,3,0.007927432883782453,0.03917196835497346
ipo,251,95,4,0.9872504528080662,0.03917196835497346
ipo,612,95,1,0.004402002455665538,0.12606653655043643
ipo,612,95,2,0.0008756259714103184,0.12606653655043643
ipo,612,95,3,0.10726992742624832,0.12606653655043643
ipo,612,95,4,0.8874524441466758,0.12606653655043643
ipo,737,95,1,0.12971662353902225,0.37492087646116057
ipo,737,95,2,0.1806651573057817,0.37492087646116057
ipo,737,95,3,1.5771995551322104e-05,0.37492087646116057
ipo,737,95,4,0.6896024471596447,0.37492087646116057
ipo,867,95,1,0.020362809304024742,0.034846031759651994
ipo,867,95,2,0.9614959576818295,0.034846031759651994
ipo,867,95,3,8.553401190111604e-05,0.034846031759651994
ipo,867,95,4,0.01805569900224458,0.034846031759651994
ipo,945,95,1,0.07111180781819121,0.4852163757054078
ipo,945,95,2,0.3301002165830517,0.4852163757054078
ipo,945,95,3,0.5912574378391183,0.4852163757054078
ipo,945,95,4,0.007530537759638697,0.4852163757054078
ipo,54,96,1,3.278878729844232e-05,0.3754578166392079
ipo,54,96,2,0.15273790093493483,0.3754578166392079
ipo,54,96,3,0.10428780970440765,0.3754578166392079
ipo,54,96,4,0.7429415005733591,0.3754578166392079
ipo,251,96,1,0.0009048090859421626,0.032057748045647566
ipo,251,96,2,0.0014775343578631167,0.032057748045647566
ipo,251,96,3,0.007124969657070105,0.032057748045647566
ipo,251,96,4,0.9904926868991247,0.032057748045647566
ipo,612,96,1,0.00509005881438365,0.11865679069656859
ipo,612,96,2,0.00038166267053151985,0.11865679069656859
ipo,612,96,3,0.08414451510479348,0.11865679069656859
ipo,612,96,4,0.9103837634102914,0.11865679069656859
ipo,737,96,1,0.39256176932450815,0.6595786651580493
ipo,737,96,2,0.13715053765367105,0.6595786651580493
ipo,737,96,3,3.592829607912932e-06,0.6595786651580493
ipo,737,96,4,0.47028410019221295,0.6595786651580493
ipo,867,96,1,0.003815575397515677,0.008636012146635142
ipo,867,96,2,0.9902222065712618,0.008636012146635142
ipo,867,96,3,2.345425174936889e-05,0.008636012146635142
ipo,867,96,4,0.005938763779473174,0.008636012146635142
ipo,945,96,1,0.06137539445286028,0.4878654277212625
ipo,945,96,2,0.3654807082740096,0.4878654277212625
ipo,945,96,3,0.5688557153495177,0.4878654277212625
ipo,945,96,4,0.004288181923612413,0.4878654277212625
ipo,54,97,1,1.0139729612498147e-05,0.38573403482286944
ipo,54,97,2,0.07672242898793154,0.38573403482286944
ipo,54,97,3,0.12424192601277638,0.38573403482286944
ipo,54,97,4,0.7990255052696796,0.38573403482286944
ipo,251,97,1,0.002420918157889316,0.06725271020453263
ipo,251,97,2,0.006439830887164491,0.06725271020453263
ipo,251,97,3,0.0068317084030379205,0.06725271020453263
ipo,251,97,4,0.9843075425519083,0.06725271020453263
ipo,612,97,1,0.004156422735009277,0.113590543910002
ipo,612,97,2,0.00029370011169473466,0.113590543910002
ipo,612,97,3,0.09168012374663684,0.113590543910002
ipo,612,97,4,0.9038697534066592,0.113590543910002
ipo,737,97,1,0.24252041349681794,0.6687978898083156
ipo,737,97,2,0.30078134890330577,0.6687978898083156
ipo,737,97,3,1.3293177989111188e-05,0.6687978898083156
ipo,737,97,4,0.45668494442188734,0.6687978898083156
ipo,867,97,1,0.007914264681156248,0.017641643212136918
ipo,867,97,2,0.9756190848945238,0.017641643212136918
ipo,867,97,3,9.199506621660477e-05,0.017641643212136918
ipo,867,97,4,0.016374655358103472,0.017641643212136918
ipo,945,97,1,0.019599553306989946,0.36536148344761576
ipo,945,97,2,0.3625342132870999,0.36536148344761576
ipo,945,97,3,0.6120580890941963,0.36536148344761576
ipo,945,97,4,0.005808144311713673,0.36536148344761576
ipo,54,98,1,7.698930761117619e-05,0.1896408994123422
ipo,54,98,2,0.16086362590228903,0.1896408994123422
ipo,54,98,3,0.03596911909790472,0.1896408994123422
ipo,54,98,4,0.8030902656921951,0.1896408994123422
ipo,251,98,1,0.0010822091023265066,0.061136679660891806
ipo,251,98,2,0.0066204387467727905,0.061136679660891806
ipo,251,98,3,0.004064824555537321,0.061136679660891806
ipo,251,98,4,0.9882325275953633,0.061136679660891806
ipo,612,98,1,0.015765968301883863,0.2017229175704381
ipo,612,98,2,0.00016742451966608366,0.2017229175704381
ipo,612,98,3,0.07375002382719702,0.2017229175704381
ipo,612,98,4,0.9103165833512531,0.2017229175704381
ipo,737,98,1,0.44618828869889093,0.7037426916153686
ipo,737,98,2,0.12872840080847334,0.7037426916153686
ipo,737,98,3,6.6271277146251205e-06,0.7037426916153686
ipo,737,98,4,0.42507668336492116,0.7037426916153686
ipo,867,98,1,0.0012459285591624614,0.004577834285496619
ipo,867,98,2,0.9931396630040032,0.004577834285496619
ipo,867,98,3,8.654852239569674e-05,0.004577834285496619
ipo,867,98,4,0.005527859914438408,0.004577834285496619
ipo,945,98,1,0.023495124034433212,0.4354171148356461
ipo,945,98,2,0.4248143396897952,0.4354171148356461
ipo,945,98,3,0.5455452428209747,0.4354171148356461
ipo,945,98,4,0.006145293454796869,0.4354171148356461
ipo,54,99,1,1.8514801797472955e-05,0.20619255874409925
ipo,54,99,2,0.07350338208565285,0.20619255874409925
ipo,54,99,3,0.04949148919053749,0.20619255874409925
ipo,54,99,4,0.8769866139220122,0.20619255874409925
ipo,251,99,1,0.002174708291798935,0.09094122496470625
ipo,251,99,2,0.012607323602410236,0.09094122496470625
ipo,251,99,3,0.0019070405737834776,0.09094122496470625
ipo,251,99,4,0.9833109275320073,0.09094122496470625
ipo,612,99,1,0.009917032485761928,0.17325220731894964
ipo,612,99,2,0.00016760922811893389,0.17325220731894964
ipo,612,99,3,0.10001587691493505,0.17325220731894964
ipo,612,99,4,0.889899481371184,0.17325220731894964
ipo,737,99,1,0.4038988591255591,0.7487349166812513
ipo,737,99,2,0.19886277190020796,0.7487349166812513
ipo,737,99,3,9.208584356860876e-06,0.7487349166812513
ipo,737,99,4,0.397229160389876,0.7487349166812513
ipo,867,99,1,0.0031044937372818686,0.01095722105474631
ipo,867,99,2,0.983426318021882,0.01095722105474631
ipo,867,99,3,0.0003302698277246204,0.01095722105474631
ipo,867,99,4,0.013138918413111426,0.01095722105474631
ipo,945,99,1,0.01237586933926709,0.34176538504709003
ipo,945,99,2,0.3524758759694981,0.34176538504709003
ipo,945,99,3,0.623850500138133,0.34176538504709003
ipo,945,99,4,0.01129775455310167,0.34176538504709003
ipo,54,100,1,0.0001143914600116909,0.1301628567232771
ipo,54,100,2,0.09324858627173047,0.1301628567232771
ipo,54,100,3,0.024534142699903897,0.1301628567232771
ipo,54,100,4,0.8821028795683539,0.1301628567232771
ipo,251,100,1,0.00116448206060231,0.0767514623793932
ipo,251,100,2,0.010457386018096437,0.0767514623793932
ipo,251,100,3,0.0012747250477735464,0.0767514623793932
ipo,251,100,4,0.9871034068735276,0.0767514623793932
ipo,612,100,1,0.017053349483920895,0.2046203476101628
ipo,612,100,2,4.812434921341695e-05,0.2046203476101628
ipo,612,100,3,0.06468614845663263,0.2046203476101628
ipo,612,100,4,0.918212377710233,0.2046203476101628
ipo,737,100,1,0.6899510938706381,0.8112474260558284
ipo,737,100,2,0.10394990259085406,0.8112474260558284
ipo,737,100,3,8.90382962936547e-06,0.8112474260558284
ipo,737,100,4,0.20609009970887834,0.8112474260558284
ipo,867,100,1,0.0013411503781929513,0.006325825367428295
ipo,867,100,2,0.9918941273866574,0.006325825367428295
ipo,867,100,3,0.0003083313398938783,0.006325825367428295
ipo,867,100,4,0.00645639089525554,0.006325825367428295
ipo,945,100,1,0.024206313167144344,0.4825191877415222
ipo,945,100,2,0.46258209555591545,0.4825191877415222
ipo,945,100,3,0.503426561319464,0.4825191877415222
ipo,945,100,4,0.009785029957476396,0.4825191877415222
dpo,54,0,1,0.3712115726937563,1.3862943611198906
dpo,54,0,2,0.6029922801684683,1.3862943611198906
dpo,54,0,3,0.013535056151053623,1.3862943611198906
dpo,54,0,4,0.012261090986721752,1.3862943611198906
dpo,251,0,1,0.694191099475356,1.3862943611198906
dpo,251,0,2,0.05016718807243481,1.3862943611198906
dpo,251,0,3,0.19044195905865974,1.3862943611198906
dpo,251,0,4,0.06519975339354969,1.3862943611198906
dpo,612,0,1,0.011528466077837621,1.3862943611198906
dpo,612,0,2,0.7315963931614523,1.3862943611198906
dpo,612,0,3,0.23203468246272563,1.3862943611198906
dpo,612,0,4,0.024840458297984383,1.3862943611198906
dpo,737,0,1,0.031227199123304968,1.3862943611198906
dpo,737,0,2,0.07528141785186789,1.3862943611198906
dpo,737,0,3,0.8825096617860657,1.3862943611198906
dpo,737,0,4,0.010981721238761349,1.3862943611198906
dpo,867,0,1,0.09175021384384172,1.3862943611198906
dpo,867,0,2,0.020779009578621742,1.3862943611198906
dpo,867,0,3,0.03044524853192668,1.3862943611198906
dpo,867,0,4,0.8570255280456098,1.3862943611198906
dpo,945,0,1,0.12281756762231946,1.3862943611198906
dpo,945,0,2,0.4665705454925932,1.3862943611198906
dpo,945,0,3,0.06747558918123138,1.3862943611198906
dpo,945,0,4,0.3431362977038559,1.3862943611198906
dpo,54,1,1,0.4086111703785734,1.3740423193993196
dpo,54,1,2,0.565455312090308,1.3740423193993196
dpo,54,1,3,0.01624539388042597,1.3740423193993196
dpo,54,1,4,0.009688123650692819,1.3740423193993196
dpo,251,1,1,0.7240733386669618,1.286417051878392
dpo,251,1,2,0.015053739975283306,1.286417051878392
dpo,251,1,3,0.17678441278168666,1.286417051878392
dpo,251,1,4,0.0840885085760683,1.286417051878392
dpo,612,1,1,0.0022081800189553947,1.096546763424839
dpo,612,1,2,0.8246296588837649,1.096546763424839
dpo,612,1,3,0.1190470888285322,1.096546763424839
dpo,612,1,4,0.05411507226874749,1.096546763424839
dpo,737,1,1,0.015857266470345285,1.2911127494281154
dpo,737,1,2,0.1250030909653338,1.2911127494281154
dpo,737,1,3,0.8402597618652086,1.2911127494281154
dpo,737,1,4,0.018879880699112332,1.2911127494281154
dpo,867,1,1,0.1472459265313358,1.2519543307187477
dpo,867,1,2,0.022016196419425652,1.2519543307187477
dpo,867,1,3,0.008411141850761287,1.2519543307187477
dpo,867,1,4,0.8223267351984773,1.2519543307187477
dpo,945,1,1,0.15914949074445978,1.344912136766217
dpo,945,1,2,0.5294828834483025,1.344912136766217
dpo,945,1,3,0.09717671432254193,1.344912136766217
dpo,945,1,4,0.21419091148469582,1.344912136766217
dpo,54,2,1,0.3896252985951439,1.333780265528732
dpo,54,2,2,0.5725258807610389,1.333780265528732
dpo,54,2,3,0.02622413324028322,1.333780265528732
dpo,54,2,4,0.011624687403534,1.333780265528732
dpo,251,2,1,0.642756333274939,1.3750638753294078
dpo,251,2,2,0.04680713758398959,1.3750638753294078
dpo,251,2,3,0.22530143285689266,1.3750638753294078
dpo,251,2,4,0.0851350962841787,1.3750638753294078
dpo,612,2,1,0.009791193231776317,0.918099004337665
dpo,612,2,2,0.8000390933668111,0.918099004337665
dpo,612,2,3,0.06564816447038788,0.918099004337665
dpo,612,2,4,0.12452154893102464,0.918099004337665
dpo,737,2,1,0.010413367819808787,1.0806412244138608
dpo,737,2,2,0.2302336894392963,1.0806412244138608
dpo,737,2,3,0.7501548131931484,1.0806412244138608
dpo,737,2,4,0.009198129547746459,1.0806412244138608
dpo,867,2,1,0.11496957300674329,1.303296763830991
dpo,867,2,2,0.020662742807023068,1.303296763830991
dpo,867,2,3,0.010437211258793823,1.303296763830991
dpo,867,2,4,0.8539304729274398,1.303296763830991
dpo,945,2,1,0.1069958534600209,1.3056238018671695
dpo,945,2,2,0.6505480631590358,1.3056238018671695
dpo,945,2,3,0.09052985066168417,1.3056238018671695
dpo,945,2,4,0.15192623271925904,1.3056238018671695
dpo,54,3,1,0.1894406373013337,1.270382471947096
dpo,54,3,2,0.7798602822535864,1.270382471947096
dpo,54,3,3,0.023171858682133256,1.270382471947096
dpo,54,3,4,0.007527221762946631,1.270382471947096
dpo,251,3,1,0.540651025559652,1.1883666257272854
dpo,251,3,2,0.01084461578048146,1.1883666257272854
dpo,251,3,3,0.34697095475429957,1.1883666257272854
dpo,251,3,4,0.10153340390556684,1.1883666257272854
dpo,612,3,1,0.0019975555475716714,0.63034483940303
dpo,612,3,2,0.7901638815343608,0.63034483940303
dpo,612,3,3,0.05124870975399089,0.63034483940303
dpo,612,3,4,0.15658985316407661,0.63034483940303
dpo,737,3,1,0.006957797913820777,0.9511914876672828
dpo,737,3,2,0.4052024138307492,0.9511914876672828
dpo,737,3,3,0.5358045425685631,0.9511914876672828
dpo,737,3,4,0.05203524568686707,0.9511914876672828
dpo,867,3,1,0.24801856278820325,1.077099327241681
dpo,867,3,2,0.027971278899959984,1.077099327241681
dpo,867,3,3,0.0037817266340078705,1.077099327241681
dpo,867,3,4,0.7202284316778288,1.077099327241681
dpo,945,3,1,0.1523258196328895,1.3031546631361288
dpo,945,3,2,0.6381370892836992,1.3031546631361288
dpo,945,3,3,0.07783900752324523,1.3031546631361288
dpo,945,3,4,0.1316980835601662,1.3031546631361288
dpo,54,4,1,0.25278477971767754,1.2261112316361626
dpo,54,4,2,0.69605209105979,1.2261112316361626
dpo,54,4,3,0.038995694180603044,1.2261112316361626
dpo,54,4,4,0.012167435041929275,1.2261112316361626
dpo,251,4,1,0.46223871431960106,1.244245646984727
dpo,251,4,2,0.029798116268765197,1.244245646984727
dpo,251,4,3,0.422583254093591,1.244245646984727
dpo,251,4,4,0.0853799153180428,1.244245646984727
dpo,612,4,1,0.00617907807077873,0.4149824949495273
dpo,612,4,2,0.652305362929954,0.4149824949495273
dpo,612,4,3,0.01625698888678826,0.4149824949495273
dpo,612,4,4,0.325258570112479,0.4149824949495273
dpo,737,4,1,0.010080700305187056,0.9665118225436504
dpo,737,4,2,0.39810008307551037,0.9665118225436504
dpo,737,4,3,0.5671205680484126,0.9665118225436504
dpo,737,4,4,0.024698648570890106,0.9665118225436504
dpo,867,4,1,0.33102577684428486,0.9606574134419243
dpo,867,4,2,0.02218876838253019,0.9606574134419243
dpo,867,4,3,0.004276105773161916,0.9606574134419243
dpo,867,4,4,0.6425093490000231,0.9606574134419243
dpo,945,4,1,0.19194542857361677,1.2952469793405448
dpo,945,4,2,0.5999339036876801,1.2952469793405448
dpo,945,4,3,0.06566273635360442,1.2952469793405448
dpo,945,4,4,0.1424579313850987,1.2952469793405448
dpo,54,5,1,0.19196450664003753,1.0746319565417266
dpo,54,5,2,0.7516423960981887,1.0746319565417266
dpo,54,5,3,0.04895778579422299,1.0746319565417266
dpo,54,5,4,0.0074353114675505035,1.0746319565417266
dpo,251,5,1,0.46725163720000745,1.093153033495791
dpo,251,5,2,0.005886768372227649,1.093153033495791
dpo,251,5,3,0.39980636662953684,1.093153033495791
dpo,251,5,4,0.12705522779822806,1.093153033495791
dpo,612,5,1,0.003335190641366455,0.5518664075147476
dpo,612,5,2,0.7881589227797916,0.5518664075147476
dpo,612,5,3,0.019141989954939414,0.5518664075147476
dpo,612,5,4,0.18936389662390257,0.5518664075147476
dpo,737,5,1,0.004039710870585909,0.7959314807624
dpo,737,5,2,0.6712576293489083,0.7959314807624
dpo,737,5,3,0.2623213258730279,0.7959314807624
dpo,737,5,4,0.06238133390747781,0.7959314807624
dpo,867,5,1,0.4348628955419391,0.7877163603715697
dpo,867,5,2,0.021432214661177427,0.7877163603715697
dpo,867,5,3,0.001651827203610028,0.7877163603715697
dpo,867,5,4,0.5420530625932735,0.7877163603715697
dpo,945,5,1,0.18467319584795241,1.1994925748108634
dpo,945,5,2,0.6339420720788428,1.1994925748108634
dpo,945,5,3,0.12557279381941525,1.1994925748108634
dpo,945,5,4,0.05581193825378954,1.1994925748108634
dpo,54,6,1,0.08964446191194256,0.9801803996977597
dpo,54,6,2,0.8378832213965389,0.9801803996977597
dpo,54,6,3,0.06153651389331555,0.9801803996977597
dpo,54,6,4,0.010935802798202946,0.9801803996977597
dpo,251,6,1,0.44651302058772924,1.1471166040591645
dpo,251,6,2,0.014656173679525677,1.1471166040591645
dpo,251,6,3,0.4542501558993126,1.1471166040591645
dpo,251,6,4,0.08458064983343233,1.1471166040591645
dpo,612,6,1,0.007106675131343096,0.4504033708609597
dpo,612,6,2,0.6884460156850549,0.4504033708609597
dpo,612,6,3,0.007456700608534301,0.4504033708609597
dpo,612,6,4,0.29699060857506776,0.4504033708609597
dpo,737,6,1,0.010987721396895975,0.7084776291328737
dpo,737,6,2,0.725163739562605,0.7084776291328737
dpo,737,6,3,0.23688016927945219,0.7084776291328737
dpo,737,6,4,0.02696836976104691,0.7084776291328737
dpo,867,6,1,0.6996137902940087,0.4861620074545908
dpo,867,6,2,0.017691460920084154,0.4861620074545908
dpo,867,6,3,0.0005025079582626441,0.4861620074545908
dpo,867,6,4,0.28219224082764466,0.4861620074545908
dpo,945,6,1,0.3074006028675133,1.0844823145505955
dpo,945,6,2,0.598585796843928,1.0844823145505955
dpo,945,6,3,0.05719253765213448,1.0844823145505955
dpo,945,6,4,0.03682106263642406,1.0844823145505955
dpo,54,7,1,0.0463304338135555,0.8440700817259883
dpo,54,7,2,0.8711783860546106,0.8440700817259883
dpo,54,7,3,0.07386289862555631,0.8440700817259883
dpo,54,7,4,0.008628281506277544,0.8440700817259883
dpo,251,7,1,0.24869453716323506,0.9050140406342924
dpo,251,7,2,0.004314125156250766,0.9050140406342924
dpo,251,7,3,0.639074823906029,0.9050140406342924
dpo,251,7,4,0.10791651377448516,0.9050140406342924
dpo,612,7,1,0.002156163904255318,0.20022441070650246
dpo,612,7,2,0.4863390232475868,0.20022441070650246
dpo,612,7,3,0.006881035918338373,0.20022441070650246
dpo,612,7,4,0.5046237769298194,0.20022441070650246
dpo,737,7,1,0.0036216072656123114,0.7342010204040685
dpo,737,7,2,0.7342121613584722,0.7342010204040685
dpo,737,7,3,0.10966025315325217,0.7342010204040685
dpo,737,7,4,0.1525059782226633,0.7342010204040685
dpo,867,7,1,0.618522698641712,0.6636082741488083
dpo,867,7,2,0.030664665192455528,0.6636082741488083
dpo,867,7,3,0.0011129325878360347,0.6636082741488083
dpo,867,7,4,0.34969970357799646,0.6636082741488083
dpo,945,7,1,0.31432294285157225,1.1234493372354295
dpo,945,7,2,0.5392481234607651,1.1234493372354295
dpo,945,7,3,0.1084776143230802,1.1234493372354295
dpo,945,7,4,0.03795131936458237,1.1234493372354295
dpo,54,8,1,0.02918368579203085,0.9205250918917689
dpo,54,8,2,0.8981020798860666,0.9205250918917689
dpo,54,8,3,0.06182170591686042,0.9205250918917689
dpo,54,8,4,0.010892528405041856,0.9205250918917689
dpo,251,8,1,0.23012652014080306,1.0097593551057025
dpo,251,8,2,0.021863320109935254,1.0097593551057025
dpo,251,8,3,0.6576408751518525,1.0097593551057025
dpo,251,8,4,0.09036928459740923,1.0097593551057025
dpo,612,8,1,0.011104486644135124,0.2788485314127556
dpo,612,8,2,0.40813703893254877,0.2788485314127556
dpo,612,8,3,0.005192996303147495,0.2788485314127556
dpo,612,8,4,0.5755654781201687,0.2788485314127556
dpo,737,8,1,0.00723008131910323,0.4938332856189554
dpo,737,8,2,0.8975022613849498,0.4938332856189554
dpo,737,8,3,0.07622259937200666,0.4938332856189554
dpo,737,8,4,0.019045057923940265,0.4938332856189554
dpo,867,8,1,0.8535989537182165,0.3903485810252608
dpo,867,8,2,0.019680135754366713,0.3903485810252608
dpo,867,8,3,0.0005621741247324334,0.3903485810252608
dpo,867,8,4,0.1261587364026843,0.3903485810252608
dpo,945,8,1,0.4063097301223873,0.985463766106582
dpo,945,8,2,0.5048954186342418,0.985463766106582
dpo,945,8,3,0.06364032220143626,0.985463766106582
dpo,945,8,4,0.025154529041934593,0.985463766106582
dpo,54,9,1,0.01062716930035597,0.5800464044147003
dpo,54,9,2,0.7700892076247633,0.5800464044147003
dpo,54,9,3,0.19847095976833792,0.5800464044147003
dpo,54,9,4,0.02081266330654285,0.5800464044147003
dpo,251,9,1,0.10875449141083797,0.8528620540984069
dpo,251,9,2,0.005885365820141129,0.8528620540984069
dpo,251,9,3,0.7041181255932182,0.8528620540984069
dpo,251,9,4,0.18124201717580268,0.8528620540984069
dpo,612,9,1,0.0030666355259592612,0.09596862649894547
dpo,612,9,2,0.16340407257328887,0.09596862649894547
dpo,612,9,3,0.01029409097814968,0.09596862649894547
dpo,612,9,4,0.8232352009226022,0.09596862649894547
dpo,737,9,1,0.0024369603213764495,0.7237270200257393
dpo,737,9,2,0.8571730546357288,0.7237270200257393
dpo,737,9,3,0.03483602867748503,0.7237270200257393
dpo,737,9,4,0.10555395636540986,0.7237270200257393
dpo,867,9,1,0.7444555480384124,0.6763585842270409
dpo,867,9,2,0.05756347667876465,0.6763585842270409
dpo,867,9,3,0.0011355818674546232,0.6763585842270409
dpo,867,9,4,0.1968453934153683,0.6763585842270409
dpo,945,9,1,0.5996999538307906,0.7924506604462548
dpo,945,9,2,0.30496008609217456,0.7924506604462548
dpo,945,9,3,0.06739222928001727,0.7924506604462548
dpo,945,9,4,0.027947730797017678,0.7924506604462548
dpo,54,10,1,0.014969597335167695,0.6472739109457306
dpo,54,10,2,0.8440853241893542,0.6472739109457306
dpo,54,10,3,0.12950246349387257,0.6472739109457306
dpo,54,10,4,0.011442614981605684,0.6472739109457306
dpo,251,10,1,0.1309168959125917,0.9479071153983506
dpo,251,10,2,0.023413173968496143,0.9479071153983506
dpo,251,10,3,0.7372378134863757,0.9479071153983506
dpo,251,10,4,0.10843211663253641,0.9479071153983506
dpo,612,10,1,0.06308045362898901,0.43616649145413233
dpo,612,10,2,0.1027998358398995,0.43616649145413233
dpo,612,10,3,0.0076912459913764325,0.43616649145413233
dpo,612,10,4,0.826428464539735,0.43616649145413233
dpo,737,10,1,0.005993324694282208,0.7490141996516768
dpo,737,10,2,0.8500841331900861,0.7490141996516768
dpo,737,10,3,0.04416278873875433,0.7490141996516768
dpo,737,10,4,0.09975975337687744,0.7490141996516768
dpo,867,10,1,0.8286127350084755,0.5606753457213188
dpo,867,10,2,0.044338042147148836,0.5606753457213188
dpo,867,10,3,0.0004696120749857809,0.5606753457213188
dpo,867,10,4,0.1265796107693897,0.5606753457213188
dpo,945,10,1,0.38780346658565684,1.047525490970119
dpo,945,10,2,0.44851991703327226,1.047525490970119
dpo,945,10,3,0.14072635642416872,1.047525490970119
dpo,945,10,4,0.022950259956902235,1.047525490970119
dpo,54,11,1,0.004086642752891226,0.45469772082999493
dpo,54,11,2,0.7228100469203314,0.45469772082999493
dpo,54,11,3,0.2560823855617051,0.45469772082999493
dpo,54,11,4,0.017020924765072342,0.45469772082999493
dpo,251,11,1,0.035953062183941016,0.7531414409690422
dpo,251,11,2,0.007830386832729222,0.7531414409690422
dpo,251,11,3,0.8326926380556628,0.7531414409690422
dpo,251,11,4,0.12352391292766711,0.7531414409690422
dpo,612,11,1,0.011039698873239183,0.13321150501721896
dpo,612,11,2,0.04799498540128353,0.13321150501721896
dpo,612,11,3,0.005137463165221364,0.13321150501721896
dpo,612,11,4,0.935827852560256,0.13321150501721896
dpo,737,11,1,0.002678743469162437,0.711065987540866
dpo,737,11,2,0.8881280985789225,0.711065987540866
dpo,737,11,3,0.014870580102537277,0.711065987540866
dpo,737,11,4,0.09432257784937781,0.711065987540866
dpo,867,11,1,0.7175022847357955,0.745128966666768
dpo,867,11,2,0.17259479968313218,0.745128966666768
dpo,867,11,3,0.0009151564832325567,0.745128966666768
dpo,867,11,4,0.10898775909783989,0.745128966666768
dpo,945,11,1,0.8729949803947445,0.3210222732211708
dpo,945,11,2,0.09841079406800138,0.3210222732211708
dpo,945,11,3,0.022902840380929334,0.3210222732211708
dpo,945,11,4,0.0056913851563246375,0.3210222732211708
dpo,54,12,1,0.005139176939049005,0.6948722556128424
dpo,54,12,2,0.8405633744489405,0.6948722556128424
dpo,54,12,3,0.13584582780218327,0.6948722556128424
dpo,54,12,4,0.01845162080982727,0.6948722556128424
dpo,251,12,1,0.08582393838461229,0.9380364592111299
dpo,251,12,2,0.03255596167796465,0.9380364592111299
dpo,251,12,3,0.7801168066986699,0.9380364592111299
dpo,251,12,4,0.10150329323875322,0.9380364592111299
dpo,612,12,1,0.025337052626124686,0.2263802931277235
dpo,612,12,2,0.030525558552998915,0.2263802931277235
dpo,612,12,3,0.00620130035621748,0.2263802931277235
dpo,612,12,4,0.9379360884646589,0.2263802931277235
dpo,737,12,1,0.005983426299044155,0.6734000083479937
dpo,737,12,2,0.9245252674713633,0.6734000083479937
dpo,737,12,3,0.010024616341996707,0.6734000083479937
dpo,737,12,4,0.05946668988759597,0.6734000083479937
dpo,867,12,1,0.8280329991820081,0.5729616242158699
dpo,867,12,2,0.046710861303735564,0.5729616242158699
dpo,867,12,3,0.0005864103162648274,0.5729616242158699
dpo,867,12,4,0.12466972919799135,0.5729616242158699
dpo,945,12,1,0.34092087575698377,1.0503121897431504
dpo,945,12,2,0.45037793021868155,1.0503121897431504
dpo,945,12,3,0.1890704070249819,1.0503121897431504
dpo,945,12,4,0.019630786999352747,1.0503121897431504
dpo,54,13,1,0.0037919241720522166,0.38882137058062094
dpo,54,13,2,0.655705228177576,0.38882137058062094
dpo,54,13,3,0.3223444529533192,0.38882137058062094
dpo,54,13,4,0.018158394697052497,0.38882137058062094
dpo,251,13,1,0.010955980412853212,0.7185210475740215
dpo,251,13,2,0.016226392198512643,0.7185210475740215
dpo,251,13,3,0.8869792786051177,0.7185210475740215
dpo,251,13,4,0.08583834878351655,0.7185210475740215
dpo,612,13,1,0.04142608966527998,0.3082460651858605
dpo,612,13,2,0.009226957881426662,0.3082460651858605
dpo,612,13,3,0.013052538815577623,0.3082460651858605
dpo,612,13,4,0.9362944136377158,0.3082460651858605
dpo,737,13,1,0.002456796058082895,0.7161702157882951
dpo,737,13,2,0.8681049473694274,0.7161702157882951
dpo,737,13,3,0.006067965364614843,0.7161702157882951
dpo,737,13,4,0.12337029120787461,0.7161702157882951
dpo,867,13,1,0.6912376928182892,0.7103581233431633
dpo,867,13,2,0.23133742266316365,0.7103581233431633
dpo,867,13,3,0.0007285153499210521,0.7103581233431633
dpo,867,13,4,0.07669636916862627,0.7103581233431633
dpo,945,13,1,0.7226071780303868,0.6501217853888782
dpo,945,13,2,0.1943958500882446,0.6501217853888782
dpo,945,13,3,0.07875033253207388,0.6501217853888782
dpo,945,13,4,0.004246639349295015,0.6501217853888782
dpo,54,14,1,0.0011332360563607328,0.5484684343639827
dpo,54,14,2,0.7514871869374813,0.5484684343639827
dpo,54,14,3,0.22400830825878937,0.5484684343639827
dpo,54,14,4,0.02337126874736856,0.5484684343639827
dpo,251,14,1,0.016343039807253306,0.8933751134474671
dpo,251,14,2,0.03811644538202642,0.8933751134474671
dpo,251,14,3,0.8359548448597302,0.8933751134474671
dpo,251,14,4,0.10958566995099017,0.8933751134474671
dpo,612,14,1,0.024607242077492843,0.21108923392960754
dpo,612,14,2,0.006915881550773682,0.21108923392960754
dpo,612,14,3,0.004734002975769656,0.21108923392960754
dpo,612,14,4,0.9637428733959638,0.21108923392960754
dpo,737,14,1,0.004748844409400779,0.7121068890580136
dpo,737,14,2,0.9057069002851583,0.7121068890580136
dpo,737,14,3,0.0032596615880160764,0.7121068890580136
dpo,737,14,4,0.08628459371742485,0.7121068890580136
dpo,867,14,1,0.7314348005422009,0.7524127845723627
dpo,867,14,2,0.1456816216395789,0.7524127845723627
dpo,867,14,3,0.0010642459696410338,0.7524127845723627
dpo,867,14,4,0.12181933184857922,0.7524127845723627
dpo,945,14,1,0.3937460227256891,0.9768334048128395
dpo,945,14,2,0.33819404593171803,0.9768334048128395
dpo,945,14,3,0.24820464936896877,0.9768334048128395
dpo,945,14,4,0.019855281973624014,0.9768334048128395
dpo,54,15,1,0.003529287111771762,0.36361589619669654
dpo,54,15,2,0.4751526430115023,0.36361589619669654
dpo,54,15,3,0.48512063695047913,0.36361589619669654
dpo,54,15,4,0.036197432926246706,0.36361589619669654
dpo,251,15,1,0.006355720681848697,0.7504795226330301
dpo,251,15,2,0.016143609305104473,0.7504795226330301
dpo,251,15,3,0.8728738665320727,0.7504795226330301
dpo,251,15,4,0.10462680348097425,0.7504795226330301
dpo,612,15,1,0.10882847187381293,0.5242838657994495
dpo,612,15,2,0.008426370725300263,0.5242838657994495
dpo,612,15,3,0.008360094551576294,0.5242838657994495
dpo,612,15,4,0.8743850628493104,0.5242838657994495
dpo,737,15,1,0.00191191992768557,0.5977429838273092
dpo,737,15,2,0.716960137389734,0.5977429838273092
dpo,737,15,3,0.0014825236856673325,0.5977429838273092
dpo,737,15,4,0.27964541899691314,0.5977429838273092
dpo,867,15,1,0.5656688613647664,0.5872771748156963
dpo,867,15,2,0.3819237277337971,0.5872771748156963
dpo,867,15,3,0.0008152940030219636,0.5872771748156963
dpo,867,15,4,0.05159211689841448,0.5872771748156963
dpo,945,15,1,0.49862163612893096,0.9105883077242769
dpo,945,15,2,0.2832257570396931,0.9105883077242769
dpo,945,15,3,0.2160561075059097,0.9105883077242769
dpo,945,15,4,0.0020964993254663816,0.9105883077242769
dpo,54,16,1,0.0008930942489256083,0.4160617807208109
dpo,54,16,2,0.6274741905290953,0.4160617807208109
dpo,54,16,3,0.34583350259197615,0.4160617807208109
dpo,54,16,4,0.025799212630003107,0.4160617807208109
dpo,251,16,1,0.01819932123148052,0.9383252734150537
dpo,251,16,2,0.03363687843097174,0.9383252734150537
dpo,251,16,3,0.6977341496857246,0.9383252734150537
dpo,251,16,4,0.25042965065182327,0.9383252734150537
dpo,612,16,1,0.05281938867908414,0.34572443079778453
dpo,612,16,2,0.0016752685603245094,0.34572443079778453
dpo,612,16,3,0.003734005196448949,0.34572443079778453
dpo,612,16,4,0.9417713375641424,0.34572443079778453
dpo,737,16,1,0.005152220109297833,0.7197467329724203
dpo,737,16,2,0.9010259693365189,0.7197467329724203
dpo,737,16,3,0.001987873849868786,0.7197467329724203
dpo,737,16,4,0.09183393670431464,0.7197467329724203
dpo,867,16,1,0.3734350900497734,0.5297502534937263
dpo,867,16,2,0.4154178499576391,0.5297502534937263
dpo,867,16,3,0.002930513303232171,0.5297502534937263
dpo,867,16,4,0.20821654668935535,0.5297502534937263
dpo,945,16,1,0.32027277527942266,0.9436485963830965
dpo,945,16,2,0.3646192611368342,0.9436485963830965
dpo,945,16,3,0.30147446164270236,0.9436485963830965
dpo,945,16,4,0.013633501941040687,0.9436485963830965
dpo,54,17,1,0.00045627223082611357,0.1936888817288491
dpo,54,17,2,0.2462736792718767,0.1936888817288491
dpo,54,17,3,0.7293446061082393,0.1936888817288491
dpo,54,17,4,0.023925442389057923,0.1936888817288491
dpo,251,17,1,0.011157949491519825,0.828047435751978
dpo,251,17,2,0.02116821231246438,0.828047435751978
dpo,251,17,3,0.6119739921667974,0.828047435751978
dpo,251,17,4,0.35569984602921834,0.828047435751978
dpo,612,17,1,0.11999214041473384,0.5451045517196965
dpo,612,17,2,0.0032727389472370578,0.5451045517196965
dpo,612,17,3,0.007832346302118895,0.5451045517196965
dpo,612,17,4,0.8689027743359102,0.5451045517196965
dpo,737,17,1,0.003120967563679852,0.4778047808936132
dpo,737,17,2,0.5896951909113295,0.4778047808936132
dpo,737,17,3,0.0002598281259978652,0.4778047808936132
dpo,737,17,4,0.4069240133989928,0.4778047808936132
dpo,867,17,1,0.41184168208587035,0.4267106069224532
dpo,867,17,2,0.5566226596703383,0.4267106069224532
dpo,867,17,3,0.0008832290482872868,0.4267106069224532
dpo,867,17,4,0.030652429195504042,0.4267106069224532
dpo,945,17,1,0.4816169580358714,0.9069486849277353
dpo,945,17,2,0.2642836184413515,0.9069486849277353
dpo,945,17,3,0.2495252584906438,0.9069486849277353
dpo,945,17,4,0.004574165032133437,0.9069486849277353
dpo,54,18,1,0.0010993741529980346,0.4009013658530995
dpo,54,18,2,0.41122065814886105,0.4009013658530995
dpo,54,18,3,0.5337112556330335,0.4009013658530995
dpo,54,18,4,0.05396871206510752,0.4009013658530995
dpo,251,18,1,0.002926160207532428,0.9631532761630414
dpo,251,18,2,0.05792369494750252,0.9631532761630414
dpo,251,18,3,0.6122295342590472,0.9631532761630414
dpo,251,18,4,0.3269206105859177,0.9631532761630414
dpo,612,18,1,0.12513621755349771,0.5535056695691781
dpo,612,18,2,0.0004281115249941958,0.5535056695691781
dpo,612,18,3,0.007551049156747175,0.5535056695691781
dpo,612,18,4,0.8668846217647609,0.5535056695691781
dpo,737,18,1,0.03997681149620817,0.7000471441421332
dpo,737,18,2,0.6711685153339333,0.7000471441421332
dpo,737,18,3,0.0017432018826622833,0.7000471441421332
dpo,737,18,4,0.28711147128719633,0.7000471441421332
dpo,867,18,1,0.38619878277904074,0.49482143253975697
dpo,867,18,2,0.4796851828743504,0.49482143253975697
dpo,867,18,3,0.004908531394387448,0.49482143253975697
dpo,867,18,4,0.12920750295222144,0.49482143253975697
dpo,945,18,1,0.302720941479995,0.9207451844133232
dpo,945,18,2,0.36767900037939744,0.9207451844133232
dpo,945,18,3,0.32011231395911816,0.9207451844133232
dpo,945,18,4,0.009487744181489524,0.9207451844133232
dpo,54,19,1,0.00035980387864885995,0.4445568576798597
dpo,54,19,2,0.34839733724974953,0.4445568576798597
dpo,54,19,3,0.5740180095455372,0.4445568576798597
dpo,54,19,4,0.0772248493260645,0.4445568576798597
dpo,251,19,1,0.0010246093260427647,0.3850414103335049
dpo,251,19,2,0.009202516955586283,0.3850414103335049
dpo,251,19,3,0.232597321449472,0.3850414103335049
dpo,251,19,4,0.757175552268899,0.3850414103335049
dpo,612,19,1,0.14206464281859157,0.5791476605197197
dpo,612,19,2,0.0008141957693460496,0.5791476605197197
dpo,612,19,3,0.002441081842322094,0.5791476605197197
dpo,612,19,4,0.8546800795697403,0.5791476605197197
dpo,737,19,1,0.007053882618387234,0.599264164858589
dpo,737,19,2,0.6935197472185246,0.599264164858589
dpo,737,19,3,0.00014425795003063357,0.599264164858589
dpo,737,19,4,0.2992821122130576,0.599264164858589
dpo,867,19,1,0.24485188075319567,0.2809170294021683
dpo,867,19,2,0.7111248368652641,0.2809170294021683
dpo,867,19,3,0.0018004501727921312,0.2809170294021683
dpo,867,19,4,0.042222832208748146,0.2809170294021683
dpo,945,19,1,0.5977864842039776,0.8485396487314857
dpo,945,19,2,0.18400927953353857,0.8485396487314857
dpo,945,19,3,0.20702574716185396,0.8485396487314857
dpo,945,19,4,0.011178489100629808,0.8485396487314857
dpo,54,20,1,0.00016104428248809845,0.44009393822911225
dpo,54,20,2,0.14647170462354667,0.44009393822911225
dpo,54,20,3,0.7384827133689392,0.44009393822911225
dpo,54,20,4,0.11488453772502595,0.44009393822911225
dpo,251,20,1,0.0014454060195250292,0.6921692164266235
dpo,251,20,2,0.0954490862908688,0.6921692164266235
dpo,251,20,3,0.22570928201044355,0.6921692164266235
dpo,251,20,4,0.6773962256791627,0.6921692164266235
dpo,612,20,1,0.18799851164864553,0.6436747130195772
dpo,612,20,2,0.00013803678979935522,0.6436747130195772
dpo,612,20,3,0.008674403927580293,0.6436747130195772
dpo,612,20,4,0.8031890476339749,0.6436747130195772
dpo,737,20,1,0.022143124378788955,0.27986625894385664
dpo,737,20,2,0.29274522801364794,0.27986625894385664
dpo,737,20,3,0.0005017836876820755,0.27986625894385664
dpo,737,20,4,0.6846098639198811,0.27986625894385664
dpo,867,20,1,0.14546104523609765,0.19326105800382343
dpo,867,20,2,0.8037233288971204,0.19326105800382343
dpo,867,20,3,0.003082768695287612,0.19326105800382343
dpo,867,20,4,0.04773285717149431,0.19326105800382343
dpo,945,20,1,0.47583731610171515,0.8410106680072635
dpo,945,20,2,0.16906804087821603,0.8410106680072635
dpo,945,20,3,0.344324966012554,0.8410106680072635
dpo,945,20,4,0.010769677007514888,0.8410106680072635
dpo,54,21,1,0.0003399030161430896,0.6539079078132268
dpo,54,21,2,0.17007328853094061,0.6539079078132268
dpo,54,21,3,0.580395279531598,0.6539079078132268
dpo,54,21,4,0.24919152892131843,0.6539079078132268
dpo,251,21,1,0.00038827043698945647,0.38526465498239426
dpo,251,21,2,0.03891249042240417,0.38526465498239426
dpo,251,21,3,0.11686796901045574,0.38526465498239426
dpo,251,21,4,0.8438312701301506,0.38526465498239426
dpo,612,21,1,0.14894568861889967,0.5923907746592324
dpo,612,21,2,0.0004992153693823207,0.5923907746592324
dpo,612,21,3,0.005244723274835916,0.5923907746592324
dpo,612,21,4,0.845310372736882,0.5923907746592324
dpo,737,21,1,0.04662544101965394,0.49965983579622303
dpo,737,21,2,0.4743184837922165,0.49965983579622303
dpo,737,21,3,0.0001988930750355348,0.49965983579622303
dpo,737,21,4,0.4788571821130939,0.49965983579622303
dpo,867,21,1,0.06619267094633383,0.1255203442305238
dpo,867,21,2,0.8780506257314378,0.1255203442305238
dpo,867,21,3,0.006376693495299882,0.1255203442305238
dpo,867,21,4,0.04938000982692866,0.1255203442305238
dpo,945,21,1,0.5576003633951526,0.8471289827405887
dpo,945,21,2,0.16940423121664436,0.8471289827405887
dpo,945,21,3,0.26644215745611327,0.8471289827405887
dpo,945,21,4,0.006553247932089801,0.8471289827405887
dpo,54,22,1,0.00011309878546633295,0.6906482746157789
dpo,54,22,2,0.09037421294762829,0.6906482746157789
dpo,54,22,3,0.558416434850333,0.6906482746157789
dpo,54,22,4,0.3510962534165724,0.6906482746157789
dpo,251,22,1,0.0009687650310614129,0.7280508938657645
dpo,251,22,2,0.32297097929307766,0.7280508938657645
dpo,251,22,3,0.03657708061456704,0.7280508938657645
dpo,251,22,4,0.6394831750612938,0.7280508938657645
dpo,612,22,1,0.4872085517375558,0.6343150000868023
dpo,612,22,2,5.6303921321063684e-05,0.6343150000868023
dpo,612,22,3,0.00569499637278707,0.6343150000868023
dpo,612,22,4,0.5070401479683361,0.6343150000868023
dpo,737,22,1,0.0313077449821481,0.38408062334981163
dpo,737,22,2,0.39161396326319076,0.38408062334981163
dpo,737,22,3,0.0002224945425623615,0.38408062334981163
dpo,737,22,4,0.5768557972120988,0.38408062334981163
dpo,867,22,1,0.05545969115987248,0.120308666074707
dpo,867,22,2,0.8843154838376488,0.120308666074707
dpo,867,22,3,0.00791147749457921,0.120308666074707
dpo,867,22,4,0.05231334750789959,0.120308666074707
dpo,945,22,1,0.4221246959366277,0.7715336625331797
dpo,945,22,2,0.13098030975988018,0.7715336625331797
dpo,945,22,3,0.4366872360074292,0.7715336625331797
dpo,945,22,4,0.010207758296062868,0.7715336625331797
dpo,54,23,1,0.00019891204516553395,0.6321490469300524
dpo,54,23,2,0.08611726215453055,0.6321490469300524
dpo,54,23,3,0.649952066874103,0.6321490469300524
dpo,54,23,4,0.2637317589262009,0.6321490469300524
dpo,251,23,1,0.0011367479896930092,0.5704917988806562
dpo,251,23,2,0.13796284523289176,0.5704917988806562
dpo,251,23,3,0.06227695298726068,0.5704917988806562
dpo,251,23,4,0.7986234537901545,0.5704917988806562
dpo,612,23,1,0.31820323908405224,0.6974619754093401
dpo,612,23,2,0.00031785396360295377,0.6974619754093401
dpo,612,23,3,0.006909190598930101,0.6974619754093401
dpo,612,23,4,0.6745697163534147,0.6974619754093401
dpo,737,23,1,0.043329313884509287,0.3435732759040598
dpo,737,23,2,0.31377924798173373,0.3435732759040598
dpo,737,23,3,0.00013429337300425873,0.3435732759040598
dpo,737,23,4,0.6427571447607529,0.3435732759040598
dpo,867,23,1,0.0467131780682244,0.15459966592256152
dpo,867,23,2,0.8778276767686054,0.15459966592256152
dpo,867,23,3,0.020550632996604402,0.15459966592256152
dpo,867,23,4,0.05490851216656581,0.15459966592256152
dpo,945,23,1,0.531989673618465,0.7766497474283914
dpo,945,23,2,0.08450420610345821,0.7766497474283914
dpo,945,23,3,0.3760539719329005,0.7766497474283914
dpo,945,23,4,0.007452148345176225,0.7766497474283914
dpo,54,24,1,9.209603715995531e-05,0.6590941381954855
dpo,54,24,2,0.06686753570804435,0.6590941381954855
dpo,54,24,3,0.34983664421949207,0.6590941381954855
dpo,54,24,4,0.5832037240353036,0.6590941381954855
dpo,251,24,1,0.0013281436512977396,0.46354171520817516
dpo,251,24,2,0.12771817390765394,0.46354171520817516
dpo,251,24,3,0.009607498519281374,0.46354171520817516
dpo,251,24,4,0.8613461839217669,0.46354171520817516
dpo,612,24,1,0.2584493986583149,0.6894841077281013
dpo,612,24,2,2.5701688499278904e-05,0.6894841077281013
dpo,612,24,3,0.009034760319960283,0.6894841077281013
dpo,612,24,4,0.7324901393332256,0.6894841077281013
dpo,737,24,1,0.012969938445348345,0.15807779840300157
dpo,737,24,2,0.15961918488876242,0.15807779840300157
dpo,737,24,3,9.534264217713614e-05,0.15807779840300157
dpo,737,24,4,0.827315534023712,0.15807779840300157
dpo,867,24,1,0.012422891683436622,0.10664986369991378
dpo,867,24,2,0.9175708039328209,0.10664986369991378
dpo,867,24,3,0.02005269547332727,0.10664986369991378
dpo,867,24,4,0.04995360891041522,0.10664986369991378
dpo,945,24,1,0.3173350434656486,0.6270543888107063
dpo,945,24,2,0.08850970465975254,0.6270543888107063
dpo,945,24,3,0.586193221726767,0.6270543888107063
dpo,945,24,4,0.007962030147831879,0.6270543888107063
dpo,54,25,1,0.0002924338953991188,0.697765543081421
dpo,54,25,2,0.06743324315114374,0.697765543081421
dpo,54,25,3,0.43824300180018033,0.697765543081421
dpo,54,25,4,0.49403132115327686,0.697765543081421
dpo,251,25,1,0.0013713790136343738,0.37635346737472714
dpo,251,25,2,0.08528227647466437,0.37635346737472714
dpo,251,25,3,0.01443570094803047,0.37635346737472714
dpo,251,25,4,0.8989106435636709,0.37635346737472714
dpo,612,25,1,0.14176894440607596,0.5857824387160435
dpo,612,25,2,6.966302114044336e-05,0.5857824387160435
dpo,612,25,3,0.011064307794240337,0.5857824387160435
dpo,612,25,4,0.8470970847785434,0.5857824387160435
dpo,737,25,1,0.13540728923698467,0.32681745997562284
dpo,737,25,2,0.12010455421739709,0.32681745997562284
dpo,737,25,3,0.0001825597565912645,0.32681745997562284
dpo,737,25,4,0.7443055967890269,0.32681745997562284
dpo,867,25,1,0.012349826804363822,0.09583970727552908
dpo,867,25,2,0.9243129878296658,0.09583970727552908
dpo,867,25,3,0.016950255253546157,0.09583970727552908
dpo,867,25,4,0.046386930112424375,0.09583970727552908
dpo,945,25,1,0.6423669465119209,0.7669648482557516
dpo,945,25,2,0.04678127978082088,0.7669648482557516
dpo,945,25,3,0.29437144894448847,0.7669648482557516
dpo,945,25,4,0.01648032476276972,0.7669648482557516
dpo,54,26,1,3.578678205223831e-05,0.3633093826344571
dpo,54,26,2,0.010272459744943186,0.3633093826344571
dpo,54,26,3,0.12652542731726035,0.3633093826344571
dpo,54,26,4,0.8631663261557442,0.3633093826344571
dpo,251,26,1,0.0017407820192374712,0.5624527769917959
dpo,251,26,2,0.1985888655908216,0.5624527769917959
dpo,251,26,3,0.0019236642547487202,0.5624527769917959
dpo,251,26,4,0.7977466881351922,0.5624527769917959
dpo,612,26,1,0.4925256647201097,0.6308723023672151
dpo,612,26,2,1.2886289608792599e-05,0.6308723023672151
dpo,612,26,3,0.005828556992023748,0.6308723023672151
dpo,612,26,4,0.5016328919982577,0.6308723023672151
dpo,737,26,1,0.011853860395353789,0.08522155477030598
dpo,737,26,2,0.06517050040742642,0.08522155477030598
dpo,737,26,3,0.00014898232477748117,0.08522155477030598
dpo,737,26,4,0.9228266568724423,0.08522155477030598
dpo,867,26,1,0.013019335062013734,0.2578784975231096
dpo,867,26,2,0.8622465603064933,0.2578784975231096
dpo,867,26,3,0.08140740713833795,0.2578784975231096
dpo,867,26,4,0.04332669749315525,0.2578784975231096
dpo,945,26,1,0.211662648979528,0.4719022830862405
dpo,945,26,2,0.06496799674360677,0.4719022830862405
dpo,945,26,3,0.716675398666426,0.4719022830862405
dpo,945,26,4,0.006693955610439205,0.4719022830862405
dpo,54,27,1,0.0004913087382624892,0.6277187594434976
dpo,54,27,2,0.05539331791933884,0.6277187594434976
dpo,54,27,3,0.3126475427320749,0.6277187594434976
dpo,54,27,4,0.6314678306103239,0.6277187594434976
dpo,251,27,1,0.0017700058319100771,0.33881395146657955
dpo,251,27,2,0.08012299969204524,0.33881395146657955
dpo,251,27,3,0.002937008460435792,0.33881395146657955
dpo,251,27,4,0.9151699860156088,0.33881395146657955
dpo,612,27,1,0.15182496613225935,0.612274306154664
dpo,612,27,2,3.370498049194621e-05,0.612274306154664
dpo,612,27,3,0.025251511189986982,0.612274306154664
dpo,612,27,4,0.8228898176972618,0.612274306154664
dpo,737,27,1,0.22330316545838605,0.3676362241204847
dpo,737,27,2,0.04960586637491165,0.3676362241204847
dpo,737,27,3,0.00015826298350767628,0.3676362241204847
dpo,737,27,4,0.7269327051831946,0.3676362241204847
dpo,867,27,1,0.0104649233257166,0.17494943864771845
dpo,867,27,2,0.8891864445793247,0.17494943864771845
dpo,867,27,3,0.04518034567488852,0.17494943864771845
dpo,867,27,4,0.05516828642007021,0.17494943864771845
dpo,945,27,1,0.5318784368261119,0.7543363278936931
dpo,945,27,2,0.05485933019522549,0.7543363278936931
dpo,945,27,3,0.4016399206692687,0.7543363278936931
dpo,945,27,4,0.011622312309393947,0.7543363278936931
dpo,54,28,1,3.3865280216301275e-05,0.24365358873686072
dpo,54,28,2,0.007708573596629227,0.24365358873686072
dpo,54,28,3,0.07137704517428183,0.24365358873686072
dpo,54,28,4,0.9208805159488727,0.24365358873686072
dpo,251,28,1,0.0010237571739303375,0.6897618646204305
dpo,251,28,2,0.38137774390651213,0.6897618646204305
dpo,251,28,3,0.0006370769119031501,0.6897618646204305
dpo,251,28,4,0.6169614220076545,0.6897618646204305
dpo,612,28,1,0.4863505986947606,0.6352156375195995
dpo,612,28,2,5.008669212307481e-06,0.6352156375195995
dpo,612,28,3,0.007707533588786153,0.6352156375195995
dpo,612,28,4,0.505936859047241,0.6352156375195995
dpo,737,28,1,0.0497289478743471,0.18865392805105924
dpo,737,28,2,0.10911927558175774,0.18865392805105924
dpo,737,28,3,0.0001241763773699048,0.18865392805105924
dpo,737,28,4,0.8410276001665252,0.18865392805105924
dpo,867,28,1,0.0022880395120373057,0.48778186894186865
dpo,867,28,2,0.7254273798826253,0.48778186894186865
dpo,867,28,3,0.23838157222404283,0.48778186894186865
dpo,867,28,4,0.033903008381294626,0.48778186894186865
dpo,945,28,1,0.1705612151153775,0.3875672246650786
dpo,945,28,2,0.0454984113682132,0.3875672246650786
dpo,945,28,3,0.7807688868230394,0.3875672246650786
dpo,945,28,4,0.003171486693370109,0.3875672246650786
dpo,54,29,1,0.0015889422603763085,0.31040906961990367
dpo,54,29,2,0.04194243776361422,0.31040906961990367
dpo,54,29,3,0.09430607127058441,0.31040906961990367
dpo,54,29,4,0.8621625487054251,0.31040906961990367
dpo,251,29,1,0.0033718047595248206,0.5807020080967065
dpo,251,29,2,0.2119684497271963,0.5807020080967065
dpo,251,29,3,0.0018802103414323327,0.5807020080967065
dpo,251,29,4,0.7827795351718465,0.5807020080967065
dpo,612,29,1,0.44229143671754634,0.6654931092889249
dpo,612,29,2,3.627089867963697e-05,0.6654931092889249
dpo,612,29,3,0.031018747533695094,0.6654931092889249
dpo,612,29,4,0.5266535448500789,0.6654931092889249
dpo,737,29,1,0.23692063370966351,0.35570407498134715
dpo,737,29,2,0.025348531038010744,0.35570407498134715
dpo,737,29,3,0.0002863374707048486,0.35570407498134715
dpo,737,29,4,0.7374444977816209,0.35570407498134715
dpo,867,29,1,0.008045639612186753,0.3416796460402202
dpo,867,29,2,0.8014968692251166,0.3416796460402202
dpo,867,29,3,0.12387802109346503,0.3416796460402202
dpo,867,29,4,0.06657947006923154,0.3416796460402202
dpo,945,29,1,0.5398864385505501,0.761670995905692
dpo,945,29,2,0.04182800766085599,0.761670995905692
dpo,945,29,3,0.3948469926864685,0.761670995905692
dpo,945,29,4,0.023438561102125527,0.761670995905692
dpo,54,30,1,0.00012966090802962532,0.1094975249017627
dpo,54,30,2,0.0076305398019128326,0.1094975249017627
dpo,54,30,3,0.024677862987551473,0.1094975249017627
dpo,54,30,4,0.967561936302506,0.1094975249017627
dpo,251,30,1,0.0009051741008499908,0.6406593401882077
dpo,251,30,2,0.6009916389126144,0.6406593401882077
dpo,251,30,3,0.00019859892143364927,0.6406593401882077
dpo,251,30,4,0.39790458806510176,0.6406593401882077
dpo,612,30,1,0.6267372057919999,0.5209716802334972
dpo,612,30,2,1.1878088956671082e-06,0.5209716802334972
dpo,612,30,3,0.01273285931145899,0.5209716802334972
dpo,612,30,4,0.3605287470876456,0.5209716802334972
dpo,737,30,1,0.12310798715966029,0.29862752223401207
dpo,737,30,2,0.1080272745869248,0.29862752223401207
dpo,737,30,3,0.0004216806224178417,0.29862752223401207
dpo,737,30,4,0.7684430576309971,0.29862752223401207
dpo,867,30,1,0.001146618735379363,0.547926859901506
dpo,867,30,2,0.6666183515904173,0.547926859901506
dpo,867,30,3,0.2879497347939502,0.547926859901506
dpo,867,30,4,0.04428529488025312,0.547926859901506
dpo,945,30,1,0.09495173355646233,0.2570399980601824
dpo,945,30,2,0.035785419141306375,0.2570399980601824
dpo,945,30,3,0.8660394371701324,0.2570399980601824
dpo,945,30,4,0.0032234101320986995,0.2570399980601824
dpo,54,31,1,0.003424096089494579,0.11762621426824707
dpo,54,31,2,0.03874228257393293,0.11762621426824707
dpo,54,31,3,0.02436627029116953,0.11762621426824707
dpo,54,31,4,0.9334673510454029,0.11762621426824707
dpo,251,31,1,0.007428245065833493,0.6812042377617269
dpo,251,31,2,0.5338789301461142,0.6812042377617269
dpo,251,31,3,0.0020890077056539983,0.6812042377617269
dpo,251,31,4,0.4566038170823983,0.6812042377617269
dpo,612,31,1,0.7267666340459111,0.379459115430668
dpo,612,31,2,1.0046862944183025e-05,0.379459115430668
dpo,612,31,3,0.07408375731812106,0.379459115430668
dpo,612,31,4,0.1991395617730236,0.379459115430668
dpo,737,31,1,0.4005542369582822,0.5144752811165234
dpo,737,31,2,0.01699883771617799,0.5144752811165234
dpo,737,31,3,0.0005059195672124959,0.5144752811165234
dpo,737,31,4,0.5819410057583273,0.5144752811165234
dpo,867,31,1,0.0026455371074434863,0.4998565075874487
dpo,867,31,2,0.680331116212729,0.4998565075874487
dpo,867,31,3,0.22435752089096175,0.4998565075874487
dpo,867,31,4,0.09266582578886566,0.4998565075874487
dpo,945,31,1,0.25436204555140396,0.6064260009284618
dpo,945,31,2,0.07072626968748114,0.6064260009284618
dpo,945,31,3,0.6204210359436929,0.6064260009284618
dpo,945,31,4,0.05449064881742202,0.6064260009284618
dpo,54,32,1,0.0006712351798635219,0.0675262259795462
dpo,54,32,2,0.014221091519415292,0.0675262259795462
dpo,54,32,3,0.012934529441213004,0.0675262259795462
dpo,54,32,4,0.9721731438595081,0.0675262259795462
dpo,251,32,1,0.0007534307450426947,0.4090648194764721
dpo,251,32,2,0.8226534053408425,0.4090648194764721
dpo,251,32,3,0.00021045246944349365,0.4090648194764721
dpo,251,32,4,0.17638271144467138,0.4090648194764721
dpo,612,32,1,0.7990827017493906,0.31031835363388227
dpo,612,32,2,1.4806732553553125e-06,0.31031835363388227
dpo,612,32,3,0.036311167393450895,0.31031835363388227
dpo,612,32,4,0.16460465018390327,0.31031835363388227
dpo,737,32,1,0.20896207964940533,0.32578745863248826
dpo,737,32,2,0.02681523500917343,0.32578745863248826
dpo,737,32,3,0.0007308256839618166,0.32578745863248826
dpo,737,32,4,0.7634918596574594,0.32578745863248826
dpo,867,32,1,0.0016064444106411889,0.7006204998274099
dpo,867,32,2,0.35374674555848745,0.7006204998274099
dpo,867,32,3,0.6127767347115508,0.7006204998274099
dpo,867,32,4,0.031870075319320505,0.7006204998274099
dpo,945,32,1,0.18992706514983096,0.4201318085288159
dpo,945,32,2,0.028091452727248396,0.4201318085288159
dpo,945,32,3,0.7638281144816415,0.4201318085288159
dpo,945,32,4,0.018153367641279172,0.4201318085288159
dpo,54,33,1,0.006128343929906419,0.04449333868671688
dpo,54,33,2,0.03268407976297531,0.04449333868671688
dpo,54,33,3,0.006390337238585653,0.04449333868671688
dpo,54,33,4,0.9547972390685326,0.04449333868671688
dpo,251,33,1,0.01873059887965766,0.46159622374065445
dpo,251,33,2,0.7791153669887027,0.46159622374065445
dpo,251,33,3,0.0008440992327271965,0.46159622374065445
dpo,251,33,4,0.2013099348989125,0.46159622374065445
dpo,612,33,1,0.7168528726384202,0.33927926952439547
dpo,612,33,2,7.1950986750485345e-06,0.33927926952439547
dpo,612,33,3,0.13892930973940315,0.33927926952439547
dpo,612,33,4,0.1442106225235017,0.33927926952439547
dpo,737,33,1,0.6809325499841643,0.7172891330479736
dpo,737,33,2,0.020192687935904917,0.7172891330479736
dpo,737,33,3,0.00036518963317444926,0.7172891330479736
dpo,737,33,4,0.29850957244675647,0.7172891330479736
dpo,867,33,1,0.000874291374926861,0.7343636337168962
dpo,867,33,2,0.32632627539530273,0.7343636337168962
dpo,867,33,3,0.4723594559314218,0.7343636337168962
dpo,867,33,4,0.20043997729834853,0.7343636337168962
dpo,945,33,1,0.1356113442947783,0.43878643560199715
dpo,945,33,2,0.058511680259657785,0.43878643560199715
dpo,945,33,3,0.7365305959183008,0.43878643560199715
dpo,945,33,4,0.06934637952726286,0.43878643560199715
dpo,54,34,1,0.0008388233214783385,0.021717960585115617
dpo,54,34,2,0.012440144546161935,0.021717960585115617
dpo,54,34,3,0.003006435211203061,0.021717960585115617
dpo,54,34,4,0.9837145969211566,0.021717960585115617
dpo,251,34,1,0.0022092729267849027,0.22197225583154945
dpo,251,34,2,0.9243757302090693,0.22197225583154945
dpo,251,34,3,0.0001698718575311377,0.22197225583154945
dpo,251,34,4,0.07324512500661472,0.22197225583154945
dpo,612,34,1,0.6268460492733566,0.4701341425080642
dpo,612,34,2,2.440514613660433e-06,0.4701341425080642
dpo,612,34,3,0.13500193886768758,0.4701341425080642
dpo,612,34,4,0.2381495713443422,0.4701341425080642
dpo,737,34,1,0.5811905234776811,0.6469248575512778
dpo,737,34,2,0.006884866608777703,0.6469248575512778
dpo,737,34,3,0.0009025469267314331,0.6469248575512778
dpo,737,34,4,0.4110220629868099,0.6469248575512778
dpo,867,34,1,0.0013139034791190345,0.5173045801401162
dpo,867,34,2,0.14662504832000545,0.5173045801401162
dpo,867,34,3,0.8299858737582648,0.5173045801401162
dpo,867,34,4,0.022075174442610684,0.5173045801401162
dpo,945,34,1,0.15592303532626547,0.42382748874414006
dpo,945,34,2,0.04924458572809209,0.42382748874414006
dpo,945,34,3,0.7548539683620602,0.42382748874414006
dpo,945,34,4,0.03997841058358222,0.42382748874414006
dpo,54,35,1,0.012011836935234273,0.01985336493317757
dpo,54,35,2,0.03768831078390136,0.01985336493317757
dpo,54,35,3,0.00131962153913333,0.01985336493317757
dpo,54,35,4,0.9489802307417311,0.01985336493317757
dpo,251,35,1,0.01580336729288526,0.24482105112641842
dpo,251,35,2,0.904926158168986,0.24482105112641842
dpo,251,35,3,0.0009275955931515944,0.24482105112641842
dpo,251,35,4,0.07834287894497713,0.24482105112641842
dpo,612,35,1,0.6488646763579553,0.4156765657247752
dpo,612,35,2,1.2240922647979195e-05,0.4156765657247752
dpo,612,35,3,0.16853614288205024,0.4156765657247752
dpo,612,35,4,0.18258693983734656,0.4156765657247752
dpo,737,35,1,0.8960755812743131,0.5525549560140159
dpo,737,35,2,0.019713727984994867,0.5525549560140159
dpo,737,35,3,0.0006117587345062266,0.5525549560140159
dpo,737,35,4,0.08359893200618594,0.5525549560140159
dpo,867,35,1,0.0005220958414412082,0.5360000232120267
dpo,867,35,2,0.11697421212561065,0.5360000232120267
dpo,867,35,3,0.7028164905056565,0.5360000232120267
dpo,867,35,4,0.17968720152729173,0.5360000232120267
dpo,945,35,1,0.04548854501539924,0.24554726677554065
dpo,945,35,2,0.06626047075070514,0.24554726677554065
dpo,945,35,3,0.8413131064910694,0.24554726677554065
dpo,945,35,4,0.04693787774282625,0.24554726677554065
dpo,54,36,1,0.003690543771170647,0.00871394684048914
dpo,54,36,2,0.013817074535478873,0.00871394684048914
dpo,54,36,3,0.0006225631212932054,0.00871394684048914
dpo,54,36,4,0.9818698185720572,0.00871394684048914
dpo,251,36,1,0.005029334848025949,0.08267607825437104
dpo,251,36,2,0.9751759420203755,0.08267607825437104
dpo,251,36,3,0.00012504536135315715,0.08267607825437104
dpo,251,36,4,0.01966967777024523,0.08267607825437104
dpo,612,36,1,0.7026203731491318,0.35244706149051286
dpo,612,36,2,3.827780279377094e-06,0.35244706149051286
dpo,612,36,3,0.14819330354919127,0.35244706149051286
dpo,612,36,4,0.1491824955213976,0.35244706149051286
dpo,737,36,1,0.8074222043956598,0.6856479946173131
dpo,737,36,2,0.008409332371336134,0.6856479946173131
dpo,737,36,3,0.0034789410447564556,0.6856479946173131
dpo,737,36,4,0.18068952218824771,0.6856479946173131
dpo,867,36,1,0.001173231671723709,0.6230232798183782
dpo,867,36,2,0.19172173286210892,0.6230232798183782
dpo,867,36,3,0.704530752385458,0.6230232798183782
dpo,867,36,4,0.10257428308070926,0.6230232798183782
dpo,945,36,1,0.04799640171000059,0.29141725847406963
dpo,945,36,2,0.06463132066599862,0.29141725847406963
dpo,945,36,3,0.8038394723875169,0.29141725847406963
dpo,945,36,4,0.08353280523648403,0.29141725847406963
dpo,54,37,1,0.04261316425617517,0.02278144084659622
dpo,54,37,2,0.028339854243572927,0.02278144084659622
dpo,54,37,3,0.0007874388905699382,0.02278144084659622
dpo,54,37,4,0.9282595426096819,0.02278144084659622
dpo,251,37,1,0.00724757863034077,0.08465558213739005
dpo,251,37,2,0.9726722311823239,0.08465558213739005
dpo,251,37,3,0.0005921439155268409,0.08465558213739005
dpo,251,37,4,0.01948804627180838,0.08465558213739005
dpo,612,37,1,0.7715188758449087,0.2600836590004663
dpo,612,37,2,1.7170968328650733e-05,0.2600836590004663
dpo,612,37,3,0.1297057779815554,0.2600836590004663
dpo,612,37,4,0.09875817520520708,0.2600836590004663
dpo,737,37,1,0.902930224356858,0.5364471787708198
dpo,737,37,2,0.009137522457524486,0.5364471787708198
dpo,737,37,3,0.0030998202689363537,0.5364471787708198
dpo,737,37,4,0.08483243291668108,0.5364471787708198
dpo,867,37,1,0.0004756305955322822,0.584654853380607
dpo,867,37,2,0.12051353664253872,0.584654853380607
dpo,867,37,3,0.6243523409363635,0.584654853380607
dpo,867,37,4,0.25465849182556544,0.584654853380607
dpo,945,37,1,0.009803922331284099,0.19640688785142718
dpo,945,37,2,0.06949294464213301,0.19640688785142718
dpo,945,37,3,0.8349168207626191,0.19640688785142718
dpo,945,37,4,0.08578631226396385,0.19640688785142718
dpo,54,38,1,0.022078022711894442,0.010331080761295327
dpo,54,38,2,0.014862201481097244,0.010331080761295327
dpo,54,38,3,0.00013876537676883182,0.010331080761295327
dpo,54,38,4,0.9629210104302396,0.010331080761295327
dpo,251,38,1,0.014006904110684714,0.04796358505417608
dpo,251,38,2,0.9774619552682356,0.04796358505417608
dpo,251,38,3,0.00016945331702906025,0.04796358505417608
dpo,251,38,4,0.008361687304050645,0.04796358505417608
dpo,612,38,1,0.5793580896779048,0.462915049048399
dpo,612,38,2,4.030560543029196e-06,0.462915049048399
dpo,612,38,3,0.23845295339054398,0.462915049048399
dpo,612,38,4,0.18218492637100822,0.462915049048399
dpo,737,38,1,0.9244865124947141,0.43235134681643284
dpo,737,38,2,0.01062194600429743,0.43235134681643284
dpo,737,38,3,0.012172292278327033,0.43235134681643284
dpo,737,38,4,0.05271924922266123,0.43235134681643284
dpo,867,38,1,0.0007972284728158911,0.5312571006882696
dpo,867,38,2,0.08165897013240096,0.5312571006882696
dpo,867,38,3,0.5911560941811671,0.5312571006882696
dpo,867,38,4,0.326387707213616,0.5312571006882696
dpo,945,38,1,0.026321348022835176,0.27429339689083837
dpo,945,38,2,0.07611367972637063,0.27429339689083837
dpo,945,38,3,0.789953816642457,0.27429339689083837
dpo,945,38,4,0.10761115560833713,0.27429339689083837
dpo,54,39,1,0.09185255369713013,0.028528786411744583
dpo,54,39,2,0.02252077359669307,0.028528786411744583
dpo,54,39,3,0.000131314778914785,0.028528786411744583
dpo,54,39,4,0.8854953579272621,0.028528786411744583
dpo,251,39,1,0.025170933893846212,0.07092933626514501
dpo,251,39,2,0.9616636616080758,0.07092933626514501
dpo,251,39,3,0.0005458586098074556,0.07092933626514501
dpo,251,39,4,0.012619545888270623,0.07092933626514501
dpo,612,39,1,0.6123505564676804,0.4038265088872566
dpo,612,39,2,3.543945079373298e-05,0.4038265088872566
dpo,612,39,3,0.24388908904002768,0.4038265088872566
dpo,612,39,4,0.14372491504149812,0.4038265088872566
dpo,737,39,1,0.9521574758484435,0.3114225805856057
dpo,737,39,2,0.009703862486753779,0.3114225805856057
dpo,737,39,3,0.008040305298827011,0.3114225805856057
dpo,737,39,4,0.03009835636597577,0.3114225805856057
dpo,867,39,1,0.0008908991146455267,0.4647609525338638
dpo,867,39,2,0.060392135850625604,0.4647609525338638
dpo,867,39,3,0.6040967783248135,0.4647609525338638
dpo,867,39,4,0.3346201867099153,0.4647609525338638
dpo,945,39,1,0.01472635883406386,0.3662047055413583
dpo,945,39,2,0.0749937413621023,0.3662047055413583
dpo,945,39,3,0.6773934610200886,0.3662047055413583
dpo,945,39,4,0.23288643878374538,0.3662047055413583
dpo,54,40,1,0.10094800371780718,0.028406964686727796
dpo,54,40,2,0.01562588274521958,0.028406964686727796
dpo,54,40,3,4.149225691307815e-05,0.028406964686727796
dpo,54,40,4,0.8833846212800601,0.028406964686727796
dpo,251,40,1,0.030744118681389425,0.03751115921238081
dpo,251,40,2,0.9652124812811428,0.03751115921238081
dpo,251,40,3,0.00018512884280532033,0.03751115921238081
dpo,251,40,4,0.0038582711946624575,0.03751115921238081
dpo,612,40,1,0.3634998416079157,0.6343254655030317
dpo,612,40,2,7.225923676965408e-06,0.6343254655030317
dpo,612,40,3,0.4764500866581439,0.6343254655030317
dpo,612,40,4,0.16004284581026335,0.6343254655030317
dpo,737,40,1,0.9394297468414949,0.22754866579915578
dpo,737,40,2,0.01771107856665524,0.22754866579915578
dpo,737,40,3,0.028016436321308968,0.22754866579915578
dpo,737,40,4,0.014842738270540974,0.22754866579915578
dpo,867,40,1,0.0009564662750348299,0.3740800476631401
dpo,867,40,2,0.03884829900908321,0.3740800476631401
dpo,867,40,3,0.6228129304119917,0.3740800476631401
dpo,867,40,4,0.3373823043038902,0.3740800476631401
dpo,945,40,1,0.009531165013744956,0.24519154271230226
dpo,945,40,2,0.11573504498972674,0.24519154271230226
dpo,945,40,3,0.7805707692224819,0.24519154271230226
dpo,945,40,4,0.09416302077404631,0.24519154271230226
dpo,54,41,1,0.07783689657004388,0.026330769617186126
dpo,54,41,2,0.03255206782459844,0.026330769617186126
dpo,54,41,3,4.758929016643812e-05,0.026330769617186126
dpo,54,41,4,0.8895634463151911,0.026330769617186126
dpo,251,41,1,0.05965664960666841,0.07372144437629388
dpo,251,41,2,0.9308546829015428,0.07372144437629388
dpo,251,41,3,0.0006460721246180607,0.07372144437629388
dpo,251,41,4,0.008842595367170686,0.07372144437629388
dpo,612,41,1,0.43403667679756,0.6006933085410737
dpo,612,41,2,3.3840479693779586e-05,0.6006933085410737
dpo,612,41,3,0.35984139738531357,0.6006933085410737
dpo,612,41,4,0.20608808533743272,0.6006933085410737
dpo,737,41,1,0.9356445156614015,0.15103925164977788
dpo,737,41,2,0.015207777562560169,0.15103925164977788
dpo,737,41,3,0.04218533116794285,0.15103925164977788
dpo,737,41,4,0.006962375608095567,0.15103925164977788
dpo,867,41,1,0.0009430538201673067,0.4028241176289278
dpo,867,41,2,0.042693854857637145,0.4028241176289278
dpo,867,41,3,0.6014970699943537,0.4028241176289278
dpo,867,41,4,0.3548660213278419,0.4028241176289278
dpo,945,41,1,0.006959507096880749,0.28981432307852506
dpo,945,41,2,0.07642011065279387,0.28981432307852506
dpo,945,41,3,0.7338664297326979,0.28981432307852506
dpo,945,41,4,0.1827539525176274,0.28981432307852506
dpo,54,42,1,0.07987928073485477,0.02486770971447357
dpo,54,42,2,0.023625650011845578,0.02486770971447357
dpo,54,42,3,2.3857508572759967e-05,0.02486770971447357
dpo,54,42,4,0.8964712117447269,0.02486770971447357
dpo,251,42,1,0.054112680681993645,0.03759562959324811
dpo,251,42,2,0.9439935207423253,0.03759562959324811
dpo,251,42,3,0.00025818434282452285,0.03759562959324811
dpo,251,42,4,0.001635614232856685,0.03759562959324811
dpo,612,42,1,0.12972490459258462,0.9692835790721311
dpo,612,42,2,7.214151613006913e-06,0.9692835790721311
dpo,612,42,3,0.6351745863383453,0.9692835790721311
dpo,612,42,4,0.23509329491745712,0.9692835790721311
dpo,737,42,1,0.8677734484244382,0.15574474321886028
dpo,737,42,2,0.016432947225729407,0.15574474321886028
dpo,737,42,3,0.11069767855033404,0.15574474321886028
dpo,737,42,4,0.00509592579949847,0.15574474321886028
dpo,867,42,1,0.0007991966678463649,0.2345488986362593
dpo,867,42,2,0.014235032178575815,0.2345488986362593
dpo,867,42,3,0.6344535560250942,0.2345488986362593
dpo,867,42,4,0.35051221512848363,0.2345488986362593
dpo,945,42,1,0.0113674361376649,0.3344637602414241
dpo,945,42,2,0.14879396405096612,0.3344637602414241
dpo,945,42,3,0.6978573242309221,0.3344637602414241
dpo,945,42,4,0.1419812755804469,0.3344637602414241
dpo,54,43,1,0.20115109810173884,0.0568846972980649
dpo,54,43,2,0.03412822840154305,0.0568846972980649
dpo,54,43,3,1.4078115031917334e-05,0.0568846972980649
dpo,54,43,4,0.7647065953816862,0.0568846972980649
dpo,251,43,1,0.16992249361203915,0.08993311489579725
dpo,251,43,2,0.8276233227484243,0.08993311489579725
dpo,251,43,3,0.0007645235724954036,0.08993311489579725
dpo,251,43,4,0.001689660067041127,0.08993311489579725
dpo,612,43,1,0.16950973567943706,0.9142044342197078
dpo,612,43,2,4.468226981959066e-05,0.9142044342197078
dpo,612,43,3,0.547761584008612,0.9142044342197078
dpo,612,43,4,0.2826839980421313,0.9142044342197078
dpo,737,43,1,0.8037303280193979,0.16633113150207912
dpo,737,43,2,0.016379389800735795,0.16633113150207912
dpo,737,43,3,0.1757276368109767,0.16633113150207912
dpo,737,43,4,0.0041626453688895105,0.16633113150207912
dpo,867,43,1,0.0013280132985376803,0.39759159426697244
dpo,867,43,2,0.020854292396352392,0.39759159426697244
dpo,867,43,3,0.4462809211777569,0.39759159426697244
dpo,867,43,4,0.531536773127353,0.39759159426697244
dpo,945,43,1,0.003262530420787978,0.4445433082489724
dpo,945,43,2,0.09031123908898908,0.4445433082489724
dpo,945,43,3,0.5688565424409402,0.4445433082489724
dpo,945,43,4,0.33756968804928267,0.4445433082489724
dpo,54,44,1,0.12080000737757073,0.03909184970004141
dpo,54,44,2,0.046473345389060866,0.03909184970004141
dpo,54,44,3,6.679676194646507e-06,0.03909184970004141
dpo,54,44,4,0.8327199675571738,0.03909184970004141
dpo,251,44,1,0.1242518459164178,0.06656686647263042
dpo,251,44,2,0.8741563383997042,0.06656686647263042
dpo,251,44,3,0.00023882985095643292,0.06656686647263042
dpo,251,44,4,0.0013529858329214244,0.06656686647263042
dpo,612,44,1,0.1387018281319012,0.963023062833255
dpo,612,44,2,6.894268287975977e-06,0.963023062833255
dpo,612,44,3,0.644140991599351,0.963023062833255
dpo,612,44,4,0.21715028600045985,0.963023062833255
dpo,737,44,1,0.5892982513695618,0.20768346929726914
dpo,737,44,2,0.013588395571771005,0.20768346929726914
dpo,737,44,3,0.39535626622018233,0.20768346929726914
dpo,737,44,4,0.0017570868384848616,0.20768346929726914
dpo,867,44,1,0.0011360463814160235,0.28068974673207747
dpo,867,44,2,0.00736054524853903,0.28068974673207747
dpo,867,44,3,0.45034767348240906,0.28068974673207747
dpo,867,44,4,0.5411557348876359,0.28068974673207747
dpo,945,44,1,0.00874663111939936,0.5812531156503734
dpo,945,44,2,0.17209888872886284,0.5812531156503734
dpo,945,44,3,0.4769654676882615,0.5812531156503734
dpo,945,44,4,0.34218901246347627,0.5812531156503734
dpo,54,45,1,0.5390366590834658,0.17907810661381843
dpo,54,45,2,0.032436996843680226,0.17907810661381843
dpo,54,45,3,2.9332076189836785e-05,0.17907810661381843
dpo,54,45,4,0.42849701199666407,0.17907810661381843
dpo,251,45,1,0.34162575453978145,0.1686535840844304
dpo,251,45,2,0.6564267416700318,0.1686535840844304
dpo,251,45,3,0.0007114474747194112,0.1686535840844304
dpo,251,45,4,0.0012360563154672048,0.1686535840844304
dpo,612,45,1,0.09333528376597953,1.028500529978172
dpo,612,45,2,1.665112933658179e-05,1.028500529978172
dpo,612,45,3,0.7240458183509836,1.028500529978172
dpo,612,45,4,0.1826022467537002,1.028500529978172
dpo,737,45,1,0.8947927583585263,0.10640536654648697
dpo,737,45,2,0.022022554718424694,0.10640536654648697
dpo,737,45,3,0.08173558718455178,0.10640536654648697
dpo,737,45,4,0.0014490997384970707,0.10640536654648697
dpo,867,45,1,0.00023757541099538078,0.540864871655833
dpo,867,45,2,0.0020151162712627783,0.540864871655833
dpo,867,45,3,0.1449053648345484,0.540864871655833
dpo,867,45,4,0.8528419434831933,0.540864871655833
dpo,945,45,1,0.0021387416452996024,0.5768930540890482
dpo,945,45,2,0.14416915435399538,0.5768930540890482
dpo,945,45,3,0.4542235031039433,0.5768930540890482
dpo,945,45,4,0.3994686008967618,0.5768930540890482
dpo,54,46,1,0.18877118395277956,0.07263106505495479
dpo,54,46,2,0.11376777942044654,0.07263106505495479
dpo,54,46,3,5.019513456215388e-06,0.07263106505495479
dpo,54,46,4,0.6974560171133176,0.07263106505495479
dpo,251,46,1,0.3321042302924891,0.15898651945532577
dpo,251,46,2,0.6668071463913844,0.15898651945532577
dpo,251,46,3,0.0002828782043455463,0.15898651945532577
dpo,251,46,4,0.0008057451117810365,0.15898651945532577
dpo,612,46,1,0.07047963847236233,1.0347094518120805
dpo,612,46,2,1.9236121500593468e-05,1.0347094518120805
dpo,612,46,3,0.7310995407609141,1.0347094518120805
dpo,612,46,4,0.19840158464522292,1.0347094518120805
dpo,737,46,1,0.5128632515059408,0.2213251076760414
dpo,737,46,2,0.01365118986212112,0.2213251076760414
dpo,737,46,3,0.47277736215226157,0.2213251076760414
dpo,737,46,4,0.0007081964796765521,0.2213251076760414
dpo,867,46,1,0.0030527120918398976,0.4301345447267286
dpo,867,46,2,0.0051932740128771155,0.4301345447267286
dpo,867,46,3,0.2664779698280964,0.4301345447267286
dpo,867,46,4,0.7252760440671866,0.4301345447267286
dpo,945,46,1,0.005026984170888506,0.5908405965975758
dpo,945,46,2,0.19885303911238017,0.5908405965975758
dpo,945,46,3,0.45990823351344223,0.5908405965975758
dpo,945,46,4,0.3362117432032891,0.5908405965975758
dpo,54,47,1,0.7176137131003373,0.30461992197395177
dpo,54,47,2,0.02701227041219424,0.30461992197395177
dpo,54,47,3,8.99894696980375e-06,0.30461992197395177
dpo,54,47,4,0.2553650175404987,0.30461992197395177
dpo,251,47,1,0.6223690967501018,0.3500808489652652
dpo,251,47,2,0.3765834228558306,0.3500808489652652
dpo,251,47,3,0.0004630537621464667,0.3500808489652652
dpo,251,47,4,0.0005844266319211899,0.3500808489652652
dpo,612,47,1,0.03505340244285842,1.0199791190876337
dpo,612,47,2,1.886494037058427e-05,1.0199791190876337
dpo,612,47,3,0.7878134266278288,1.0199791190876337
dpo,612,47,4,0.17711430598894212,1.0199791190876337
dpo,737,47,1,0.6687108285669116,0.2112482830302679
dpo,737,47,2,0.03810030363654179,0.2112482830302679
dpo,737,47,3,0.29219162231986406,0.2112482830302679
dpo,737,47,4,0.0009972454766827468,0.2112482830302679
dpo,867,47,1,0.000610120369332443,0.7595829789638308
dpo,867,47,2,0.0007305416675697011,0.7595829789638308
dpo,867,47,3,0.0455265686229882,0.7595829789638308
dpo,867,47,4,0.9531327693401097,0.7595829789638308
dpo,945,47,1,0.0012963100391448666,0.5751862277491724
dpo,945,47,2,0.2262439871099424,0.5751862277491724
dpo,945,47,3,0.45954459336763664,0.5751862277491724
dpo,945,47,4,0.3129151094832761,0.5751862277491724
dpo,54,48,1,0.40319178950546064,0.18512702455180785
dpo,54,48,2,0.17890230486537478,0.18512702455180785
dpo,54,48,3,5.2222859400524265e-06,0.18512702455180785
dpo,54,48,4,0.4179006833432246,0.18512702455180785
dpo,251,48,1,0.6011167527192294,0.33363752173214484
dpo,251,48,2,0.39761032910357724,0.33363752173214484
dpo,251,48,3,0.0005865126872802861,0.33363752173214484
dpo,251,48,4,0.0006864054899130423,0.33363752173214484
dpo,612,48,1,0.03438732761454229,1.0451644990586038
dpo,612,48,2,3.72090361129078e-05,1.0451644990586038
dpo,612,48,3,0.8112009061865091,1.0451644990586038
dpo,612,48,4,0.15437455716283557,1.0451644990586038
dpo,737,48,1,0.2988292821509418,0.343438251247618
dpo,737,48,2,0.01057139603706134,0.343438251247618
dpo,737,48,3,0.6904736340028113,0.343438251247618
dpo,737,48,4,0.00012568780918555984,0.343438251247618
dpo,867,48,1,0.004214478182018969,0.857428858096854
dpo,867,48,2,0.005463372873427508,0.857428858096854
dpo,867,48,3,0.08023958928126425,0.857428858096854
dpo,867,48,4,0.9100825596632892,0.857428858096854
dpo,945,48,1,0.004613751515209822,0.7029682786075988
dpo,945,48,2,0.18639944699604194,0.7029682786075988
dpo,945,48,3,0.36946569340289004,0.7029682786075988
dpo,945,48,4,0.4395211080858582,0.7029682786075988
dpo,54,49,1,0.7698085789857179,0.3816079504029231
dpo,54,49,2,0.03703053537264198,0.3816079504029231
dpo,54,49,3,8.747593900083132e-06,0.3816079504029231
dpo,54,49,4,0.1931521380477402,0.3816079504029231
dpo,251,49,1,0.8729675119587321,0.6539207789992593
dpo,251,49,2,0.12580631868158873,0.6539207789992593
dpo,251,49,3,0.0009684294674131539,0.6539207789992593
dpo,251,49,4,0.0002577398922660339,0.6539207789992593
dpo,612,49,1,0.01951083399716748,0.9356372829014601
dpo,612,49,2,4.5443218358054794e-05,0.9356372829014601
dpo,612,49,3,0.7962356208033965,0.9356372829014601
dpo,612,49,4,0.18420810198107798,0.9356372829014601
dpo,737,49,1,0.32114019336556976,0.5696186536909047
dpo,737,49,2,0.09103971109875066,0.5696186536909047
dpo,737,49,3,0.586832348472697,0.5696186536909047
dpo,737,49,4,0.0009877470629825662,0.5696186536909047
dpo,867,49,1,0.001994687315546327,0.7586463886398056
dpo,867,49,2,0.0010098639432254554,0.7586463886398056
dpo,867,49,3,0.012696143788223813,0.7586463886398056
dpo,867,49,4,0.9842993049530044,0.7586463886398056
dpo,945,49,1,0.0012244805453394893,0.7516334986104481
dpo,945,49,2,0.28252324624945074,0.7516334986104481
dpo,945,49,3,0.3315876865996508,0.7516334986104481
dpo,945,49,4,0.38466458660555897,0.7516334986104481
dpo,54,50,1,0.4884333966032997,0.5624486151331525
dpo,54,50,2,0.3931183082909145,0.5624486151331525
dpo,54,50,3,4.575644521430017e-06,0.5624486151331525
dpo,54,50,4,0.1184437194612643,0.5624486151331525
dpo,251,50,1,0.8443340816589051,0.6316371512713663
dpo,251,50,2,0.15292611237528206,0.6316371512713663
dpo,251,50,3,0.0018873824698276125,0.6316371512713663
dpo,251,50,4,0.0008524234959853567,0.6316371512713663
dpo,612,50,1,0.013812215862272787,0.9261839579060356
dpo,612,50,2,4.732565356685134e-05,0.9261839579060356
dpo,612,50,3,0.8293738155641591,0.9261839579060356
dpo,612,50,4,0.15676664292000125,0.9261839579060356
dpo,737,50,1,0.21603397813113578,0.4480458395441817
dpo,737,50,2,0.011770945134212335,0.4480458395441817
dpo,737,50,3,0.7721143037287997,0.4480458395441817
dpo,737,50,4,8.077300585212728e-05,0.4480458395441817
dpo,867,50,1,0.011657250842726738,1.103451172913433
dpo,867,50,2,0.0046297580478608,1.103451172913433
dpo,867,50,3,0.019455423431230995,1.103451172913433
dpo,867,50,4,0.9642575676781815,1.103451172913433
dpo,945,50,1,0.001679486660086955,0.8606387653659076
dpo,945,50,2,0.2550516353503568,0.8606387653659076
dpo,945,50,3,0.2544117552342913,0.8606387653659076
dpo,945,50,4,0.4888571227552649,0.8606387653659076
dpo,54,51,1,0.7286210178942,0.6342320338177152
dpo,54,51,2,0.1800191742032509,0.6342320338177152
dpo,54,51,3,8.993505439974776e-06,0.6342320338177152
dpo,54,51,4,0.09135081439710922,0.6342320338177152
dpo,251,51,1,0.9350735435555364,0.7252838568939544
dpo,251,51,2,0.06288005664615115,0.7252838568939544
dpo,251,51,3,0.0017383061774817732,0.7252838568939544
dpo,251,51,4,0.00030809362083084247,0.7252838568939544
dpo,612,51,1,0.04037686603373346,0.9706141580575358
dpo,612,51,2,8.746853047311007e-05,0.9706141580575358
dpo,612,51,3,0.7310389304969426,0.9706141580575358
dpo,612,51,4,0.22849673493885087,0.9706141580575358
dpo,737,51,1,0.17001136486209995,0.769568041181062
dpo,737,51,2,0.06479753645199367,0.769568041181062
dpo,737,51,3,0.7643572620676291,0.769568041181062
dpo,737,51,4,0.0008338366182773339,0.769568041181062
dpo,867,51,1,0.006305770774336964,0.67377136836985
dpo,867,51,2,0.0012303380337121096,0.67377136836985
dpo,867,51,3,0.00418415656233417,0.67377136836985
dpo,867,51,4,0.9882797346296168,0.67377136836985
dpo,945,51,1,0.0011604816865832509,0.6867170052490965
dpo,945,51,2,0.375256363146675,0.6867170052490965
dpo,945,51,3,0.37068505923206174,0.6867170052490965
dpo,945,51,4,0.25289809593468,0.6867170052490965
dpo,54,52,1,0.27252060633091063,0.8061885859355008
dpo,54,52,2,0.6734228928379598,0.8061885859355008
dpo,54,52,3,3.3478095666120327e-06,0.8061885859355008
dpo,54,52,4,0.054053153021563105,0.8061885859355008
dpo,251,52,1,0.9445921157549713,0.7599559263919501
dpo,251,52,2,0.04990529285487982,0.7599559263919501
dpo,251,52,3,0.004708939383464604,0.7599559263919501
dpo,251,52,4,0.0007936520066841425,0.7599559263919501
dpo,612,52,1,0.005801814850894953,0.7916169077393043
dpo,612,52,2,9.829026911830582e-05,0.7916169077393043
dpo,612,52,3,0.8181800650528811,0.7916169077393043
dpo,612,52,4,0.1759198298271056,0.7916169077393043
dpo,737,52,1,0.09092230433322407,0.9538684153672693
dpo,737,52,2,0.06903849926459706,0.9538684153672693
dpo,737,52,3,0.8399212895025495,0.9538684153672693
dpo,737,52,4,0.00011790689962922794,0.9538684153672693
dpo,867,52,1,0.02464333180907743,1.0280506990076657
dpo,867,52,2,0.004347226969823278,1.0280506990076657
dpo,867,52,3,0.004307370293029508,1.0280506990076657
dpo,867,52,4,0.9667020709280698,1.0280506990076657
dpo,945,52,1,0.0010514458898549966,0.8780510542475053
dpo,945,52,2,0.26555970321690286,0.8780510542475053
dpo,945,52,3,0.240748852144093,0.8780510542475053
dpo,945,52,4,0.49263999874914927,0.8780510542475053
dpo,54,53,1,0.6509234104179826,0.8918699541799987
dpo,54,53,2,0.30776194767944404,0.8918699541799987
dpo,54,53,3,3.349445697391425e-05,0.8918699541799987
dpo,54,53,4,0.04128114744559936,0.8918699541799987
dpo,251,53,1,0.951203824272321,0.7295928169771815
dpo,251,53,2,0.044555055847583784,0.7295928169771815
dpo,251,53,3,0.003916115694592943,0.7295928169771815
dpo,251,53,4,0.00032500418550232503,0.7295928169771815
dpo,612,53,1,0.023430413932110514,0.9403397930612931
dpo,612,53,2,0.0002298005415785081,0.9403397930612931
dpo,612,53,3,0.77729519723712,0.9403397930612931
dpo,612,53,4,0.19904458828919103,0.9403397930612931
dpo,737,53,1,0.03368198689141923,0.9053896212475833
dpo,737,53,2,0.27983076595071665,0.9053896212475833
dpo,737,53,3,0.6859461237469463,0.9053896212475833
dpo,737,53,4,0.0005411234109178861,0.9053896212475833
dpo,867,53,1,0.013982359476288638,0.6256263235880317
dpo,867,53,2,0.0011604718560158352,0.6256263235880317
dpo,867,53,3,0.0011080842444126644,0.6256263235880317
dpo,867,53,4,0.9837490844232828,0.6256263235880317
dpo,945,53,1,0.0017953065053202895,0.9041065946645541
dpo,945,53,2,0.37103742337998247,0.9041065946645541
dpo,945,53,3,0.238779243005659,0.9041065946645541
dpo,945,53,4,0.3883880271090382,0.9041065946645541
dpo,54,54,1,0.1673761285333048,0.835292675903964
dpo,54,54,2,0.7907106872434441,0.835292675903964
dpo,54,54,3,4.894885740709365e-06,0.835292675903964
dpo,54,54,4,0.04190828933751043,0.835292675903964
dpo,251,54,1,0.9765954532914127,0.6008588267627823
dpo,251,54,2,0.013054028160478024,0.6008588267627823
dpo,251,54,3,0.009185496843936554,0.6008588267627823
dpo,251,54,4,0.0011650217041726523,0.6008588267627823
dpo,612,54,1,0.0027923999146654294,0.7319766425961924
dpo,612,54,2,0.0002140985773939875,0.7319766425961924
dpo,612,54,3,0.8231314081176578,0.7319766425961924
dpo,612,54,4,0.1738620933902827,0.7319766425961924
dpo,737,54,1,0.06482225698943252,1.01715036818015
dpo,737,54,2,0.20190465113013323,1.01715036818015
dpo,737,54,3,0.7331358979164574,1.01715036818015
dpo,737,54,4,0.0001371939639769673,1.01715036818015
dpo,867,54,1,0.05292754450340688,0.9976058078417941
dpo,867,54,2,0.004266926277825515,0.9976058078417941
dpo,867,54,3,0.0011608883202140806,0.9976058078417941
dpo,867,54,4,0.9416446408985535,0.9976058078417941
dpo,945,54,1,0.0011143762197515664,0.7663964577971482
dpo,945,54,2,0.43691469953279966,0.7663964577971482
dpo,945,54,3,0.31360731244615525,0.7663964577971482
dpo,945,54,4,0.2483636118012935,0.7663964577971482
dpo,54,55,1,0.30591590710991085,0.714552594508571
dpo,54,55,2,0.6193618890958527,0.714552594508571
dpo,54,55,3,0.00017278965280744053,0.714552594508571
dpo,54,55,4,0.07454941414142892,0.714552594508571
dpo,251,55,1,0.9620237964747314,0.7155027105955616
dpo,251,55,2,0.029441687379108274,0.7155027105955616
dpo,251,55,3,0.008182431840043141,0.7155027105955616
dpo,251,55,4,0.0003520843061172099,0.7155027105955616
dpo,612,55,1,0.014615391366703171,0.8654816899680913
dpo,612,55,2,0.00030649243731586967,0.8654816899680913
dpo,612,55,3,0.7808334850888997,0.8654816899680913
dpo,612,55,4,0.2042446311070811,0.8654816899680913
dpo,737,55,1,0.0068982943296444,0.34084800205121596
dpo,737,55,2,0.5994857210437992,0.34084800205121596
dpo,737,55,3,0.39332484429612075,0.34084800205121596
dpo,737,55,4,0.00029114033043552265,0.34084800205121596
dpo,867,55,1,0.02878569003309191,0.7239844907660654
dpo,867,55,2,0.0014379028995080657,0.7239844907660654
dpo,867,55,3,0.0003477091219446636,0.7239844907660654
dpo,867,55,4,0.9694286979454553,0.7239844907660654
dpo,945,55,1,0.0036105616005461865,0.8625417191130694
dpo,945,55,2,0.4708858287644657,0.8625417191130694
dpo,945,55,3,0.26334768219851734,0.8625417191130694
dpo,945,55,4,0.2621559274364708,0.8625417191130694
dpo,54,56,1,0.16768013320567718,0.9239951450052013
dpo,54,56,2,0.8027971359149807,0.9239951450052013
dpo,54,56,3,7.2284123667381616e-06,0.9239951450052013
dpo,54,56,4,0.029515502466975384,0.9239951450052013
dpo,251,56,1,0.9864619254762418,0.3892286629860342
dpo,251,56,2,0.0047833604839945774,0.3892286629860342
dpo,251,56,3,0.008122830061535385,0.3892286629860342
dpo,251,56,4,0.0006318839782282092,0.3892286629860342
dpo,612,56,1,0.0039453360826887714,0.7086506658848123
dpo,612,56,2,0.00043508244679078215,0.7086506658848123
dpo,612,56,3,0.7844375214510513,0.7086506658848123
dpo,612,56,4,0.2111820600194692,0.7086506658848123
dpo,737,56,1,0.028150533231572447,0.7512853957333804
dpo,737,56,2,0.35661862872030226,0.7512853957333804
dpo,737,56,3,0.6150826601764132,0.7512853957333804
dpo,737,56,4,0.00014817787171197844,0.7512853957333804
dpo,867,56,1,0.06400789760210318,0.9360470899168704
dpo,867,56,2,0.0037331967863891797,0.9360470899168704
dpo,867,56,3,0.00023821278828438074,0.9360470899168704
dpo,867,56,4,0.9320206928232232,0.9360470899168704
dpo,945,56,1,0.0008877621493555797,0.5996950686173899
dpo,945,56,2,0.5151483386720865,0.5996950686173899
dpo,945,56,3,0.38652950008766135,0.5996950686173899
dpo,945,56,4,0.09743439909089659,0.5996950686173899
dpo,54,57,1,0.12567523020293436,0.6259459567457906
dpo,54,57,2,0.7962608075332697,0.6259459567457906
dpo,54,57,3,0.00017705282897728016,0.6259459567457906
dpo,54,57,4,0.07788690943481871,0.6259459567457906
dpo,251,57,1,0.9825393917136006,0.43097660013011524
dpo,251,57,2,0.005406247427987497,0.43097660013011524
dpo,251,57,3,0.011703281676022461,0.43097660013011524
dpo,251,57,4,0.0003510791823895209,0.43097660013011524
dpo,612,57,1,0.01308554366388211,0.8608612084327425
dpo,612,57,2,0.0004376422877314955,0.8608612084327425
dpo,612,57,3,0.7894924018192917,0.8608612084327425
dpo,612,57,4,0.19698441222909457,0.8608612084327425
dpo,737,57,1,0.007573770813722553,0.2908279972500285
dpo,737,57,2,0.6821255166634402,0.2908279972500285
dpo,737,57,3,0.3100095875446361,0.2908279972500285
dpo,737,57,4,0.0002911249782011991,0.2908279972500285
dpo,867,57,1,0.04042803944176794,0.7835734709334409
dpo,867,57,2,0.001776934699261335,0.7835734709334409
dpo,867,57,3,0.00011563081604627363,0.7835734709334409
dpo,867,57,4,0.9576793950429243,0.7835734709334409
dpo,945,57,1,0.008023474884793625,0.8182400519339486
dpo,945,57,2,0.5761510500254502,0.8182400519339486
dpo,945,57,3,0.2733635363063053,0.8182400519339486
dpo,945,57,4,0.14246193878345095,0.8182400519339486
dpo,54,58,1,0.05286542189124525,0.7890600018356335
dpo,54,58,2,0.9158404951806272,0.7890600018356335
dpo,54,58,3,2.1008495495752196e-05,0.7890600018356335
dpo,54,58,4,0.03127307443263173,0.7890600018356335
dpo,251,58,1,0.9702585122933747,0.4243786338840179
dpo,251,58,2,0.0013240964047494424,0.4243786338840179
dpo,251,58,3,0.027875185240981815,0.4243786338840179
dpo,251,58,4,0.0005422060608939309,0.4243786338840179
dpo,612,58,1,0.0020392058404395314,0.6714163695188934
dpo,612,58,2,0.0008729109841558204,0.6714163695188934
dpo,612,58,3,0.7900423093538568,0.6714163695188934
dpo,612,58,4,0.20704557382154792,0.6714163695188934
dpo,737,58,1,0.010969124955982101,0.3202645949205203
dpo,737,58,2,0.690256813368562,0.3202645949205203
dpo,737,58,3,0.2984717470603955,0.3202645949205203
dpo,737,58,4,0.0003023146150603475,0.3202645949205203
dpo,867,58,1,0.15420494155715553,0.8457638276512697
dpo,867,58,2,0.003364129410223759,0.8457638276512697
dpo,867,58,3,6.560497057180036e-05,0.8457638276512697
dpo,867,58,4,0.8423653240620489,0.8457638276512697
dpo,945,58,1,0.0012131076494618037,0.6674327467568639
dpo,945,58,2,0.583541397266593,0.6674327467568639
dpo,945,58,3,0.3267550603849339,0.6674327467568639
dpo,945,58,4,0.08849043469901136,0.6674327467568639
dpo,54,59,1,0.046605993175589125,0.6165101900864208
dpo,54,59,2,0.8853787222501929,0.6165101900864208
dpo,54,59,3,0.00036531780921877563,0.6165101900864208
dpo,54,59,4,0.06764996676499897,0.6165101900864208
dpo,251,59,1,0.9652469630652671,0.47387959278756664
dpo,251,59,2,0.0020000675508700656,0.47387959278756664
dpo,251,59,3,0.032390962274859554,0.47387959278756664
dpo,251,59,4,0.00036200710900314615,0.47387959278756664
dpo,612,59,1,0.006626696655577587,0.8154481833268095
dpo,612,59,2,0.001549522944419941,0.8154481833268095
dpo,612,59,3,0.8218549310188115,0.8154481833268095
dpo,612,59,4,0.169968849381191,0.8154481833268095
dpo,737,59,1,0.005127437529184704,0.2724980958176303
dpo,737,59,2,0.7154016772586602,0.2724980958176303
dpo,737,59,3,0.27848724593621693,0.2724980958176303
dpo,737,59,4,0.000983639275938068,0.2724980958176303
dpo,867,59,1,0.16753841757089205,0.7717369514519078
dpo,867,59,2,0.001973815671001245,0.7717369514519078
dpo,867,59,3,3.247293153284467e-05,0.7717369514519078
dpo,867,59,4,0.8304552938265739,0.7717369514519078
dpo,945,59,1,0.0037536437721823555,0.7230908135279922
dpo,945,59,2,0.665765997006429,0.7230908135279922
dpo,945,59,3,0.2718455253730901,0.7230908135279922
dpo,945,59,4,0.058634833848298484,0.7230908135279922
dpo,54,60,1,0.017939900018998343,0.7518242643910091
dpo,54,60,2,0.9548940757785993,0.7518242643910091
dpo,54,60,3,0.00010678549124429129,0.7518242643910091
dpo,54,60,4,0.027059238711157965,0.7518242643910091
dpo,251,60,1,0.9375373867402965,0.5439848069589104
dpo,251,60,2,0.00023022024463381424,0.5439848069589104
dpo,251,60,3,0.06151696103101963,0.5439848069589104
dpo,251,60,4,0.0007154319840502063,0.5439848069589104
dpo,612,60,1,0.0012122945270050573,0.6386439125849646
dpo,612,60,2,0.0011775448263279548,0.6386439125849646
dpo,612,60,3,0.7821457921155373,0.6386439125849646
dpo,612,60,4,0.21546436853112966,0.6386439125849646
dpo,737,60,1,0.011343674499137663,0.24051056882197355
dpo,737,60,2,0.8661152143911109,0.24051056882197355
dpo,737,60,3,0.12154797783925655,0.24051056882197355
dpo,737,60,4,0.0009931332704948713,0.24051056882197355
dpo,867,60,1,0.44737760462495396,0.48720802284717446
dpo,867,60,2,0.0036357494036413215,0.48720802284717446
dpo,867,60,3,3.519767832336742e-05,0.48720802284717446
dpo,867,60,4,0.5489514482930814,0.48720802284717446
dpo,945,60,1,0.001993804384114436,0.5545703553816455
dpo,945,60,2,0.5561624022986505,0.5545703553816455
dpo,945,60,3,0.39514093006007023,0.5545703553816455
dpo,945,60,4,0.04670286325716476,0.5545703553816455
dpo,54,61,1,0.012041038499222435,0.6311035576406421
dpo,54,61,2,0.9255926037847114,0.6311035576406421
dpo,54,61,3,0.0010651071508370892,0.6311035576406421
dpo,54,61,4,0.06130125056522897,0.6311035576406421
dpo,251,61,1,0.8906752859492402,0.6830499497435846
dpo,251,61,2,0.000732707081080525,0.6830499497435846
dpo,251,61,3,0.10804519482260139,0.6830499497435846
dpo,251,61,4,0.0005468121470780164,0.6830499497435846
dpo,612,61,1,0.0031980318047664874,0.7339516853115184
dpo,612,61,2,0.003624294096082562,0.7339516853115184
dpo,612,61,3,0.81126437341076,0.7339516853115184
dpo,612,61,4,0.18191330068839098,0.7339516853115184
dpo,737,61,1,0.004667446313382729,0.22840865161533386
dpo,737,61,2,0.8837218533405002,0.22840865161533386
dpo,737,61,3,0.10858810403341716,0.22840865161533386
dpo,737,61,4,0.0030225963126999395,0.22840865161533386
dpo,867,61,1,0.2651724718681208,0.7332284322554093
dpo,867,61,2,0.004983989862838724,0.7332284322554093
dpo,867,61,3,2.1219318275008858e-05,0.7332284322554093
dpo,867,61,4,0.7298223189507654,0.7332284322554093
dpo,945,61,1,0.003446232991532363,0.7168341949085469
dpo,945,61,2,0.6933562311946553,0.7168341949085469
dpo,945,61,3,0.25964334892171786,0.7168341949085469
dpo,945,61,4,0.04355418689209442,0.7168341949085469
dpo,54,62,1,0.006632077334555286,0.7447689446057834
dpo,54,62,2,0.9658795546553789,0.7447689446057834
dpo,54,62,3,0.00037994103512975583,0.7447689446057834
dpo,54,62,4,0.027108426974935852,0.7447689446057834
dpo,251,62,1,0.9133335720287048,0.6271726669329447
dpo,251,62,2,0.00014937661803047264,0.6271726669329447
dpo,251,62,3,0.0853946487901701,0.6271726669329447
dpo,251,62,4,0.0011224025630945554,0.6271726669329447
dpo,612,62,1,0.0005290128868266423,0.6505454743861416
dpo,612,62,2,0.001876329338595472,0.6505454743861416
dpo,612,62,3,0.8103119295403673,0.6505454743861416
dpo,612,62,4,0.1872827282342107,0.6505454743861416
dpo,737,62,1,0.0077013217906028615,0.21631175881038595
dpo,737,62,2,0.9314309158249838,0.21631175881038595
dpo,737,62,3,0.058309110709013436,0.21631175881038595
dpo,737,62,4,0.0025586516753998384,0.21631175881038595
dpo,867,62,1,0.4140803120331133,0.5372989893511405
dpo,867,62,2,0.0043447376252678215,0.5372989893511405
dpo,867,62,3,1.23132232380554e-05,0.5372989893511405
dpo,867,62,4,0.5815626371183807,0.5372989893511405
dpo,945,62,1,0.0021644990465937383,0.5679585200182637
dpo,945,62,2,0.6035500544316169,0.5679585200182637
dpo,945,62,3,0.3652089249956779,0.5679585200182637
dpo,945,62,4,0.029076521526111444,0.5679585200182637
dpo,54,63,1,0.0032405834412079395,0.66833422029896
dpo,54,63,2,0.9453972503836869,0.66833422029896
dpo,54,63,3,0.0011454354809885027,0.66833422029896
dpo,54,63,4,0.05021673069411633,0.66833422029896
dpo,251,63,1,0.9102079185425405,0.6216722956346091
dpo,251,63,2,0.0001765943412157032,0.6216722956346091
dpo,251,63,3,0.08892395449200186,0.6216722956346091
dpo,251,63,4,0.0006915326242417673,0.6216722956346091
dpo,612,63,1,0.0038181717459213086,0.7158880477585223
dpo,612,63,2,0.007417880246619833,0.7158880477585223
dpo,612,63,3,0.7817028371349284,0.7158880477585223
dpo,612,63,4,0.2070611108725305,0.7158880477585223
dpo,737,63,1,0.0048220300549483616,0.19071808400839474
dpo,737,63,2,0.9584568365879994,0.19071808400839474
dpo,737,63,3,0.03344446482505342,0.19071808400839474
dpo,737,63,4,0.003276668531998936,0.19071808400839474
dpo,867,63,1,0.38756354612032884,0.6240731298251778
dpo,867,63,2,0.00700432898899042,0.6240731298251778
dpo,867,63,3,3.0353671075892483e-05,0.6240731298251778
dpo,867,63,4,0.6054017712196049,0.6240731298251778
dpo,945,63,1,0.003520163631577032,0.6989764223874687
dpo,945,63,2,0.6834253790101068,0.6989764223874687
dpo,945,63,3,0.27200343094184404,0.6989764223874687
dpo,945,63,4,0.041051026416472194,0.6989764223874687
dpo,54,64,1,0.002909964017813573,0.7689744777866692
dpo,54,64,2,0.96360962914784,0.7689744777866692
dpo,54,64,3,0.0013337329226123847,0.7689744777866692
dpo,54,64,4,0.03214667391173394,0.7689744777866692
dpo,251,64,1,0.8282840386789866,0.7220906285152675
dpo,251,64,2,5.944585053638187e-05,0.7220906285152675
dpo,251,64,3,0.17076835358110942,0.7220906285152675
dpo,251,64,4,0.0008881618893677401,0.7220906285152675
dpo,612,64,1,0.0002833098145621758,0.6342094150470536
dpo,612,64,2,0.0015590424161131032,0.6342094150470536
dpo,612,64,3,0.8053658165566343,0.6342094150470536
dpo,612,64,4,0.1927918312126905,0.6342094150470536
dpo,737,64,1,0.008306761753652062,0.3434189021965259
dpo,737,64,2,0.9691724503909129,0.3434189021965259
dpo,737,64,3,0.012305128116606006,0.3434189021965259
dpo,737,64,4,0.010215659738828918,0.3434189021965259
dpo,867,64,1,0.6603189769867354,0.30673073829465003
dpo,867,64,2,0.0036372393919924385,0.30673073829465003
dpo,867,64,3,2.6442494058262772e-06,0.30673073829465003
dpo,867,64,4,0.3360411393718663,0.30673073829465003
dpo,945,64,1,0.001388075002631299,0.5702545760178142
dpo,945,64,2,0.6320543627635591,0.5702545760178142
dpo,945,64,3,0.34657114037865117,0.5702545760178142
dpo,945,64,4,0.01998642185515854,0.5702545760178142
dpo,54,65,1,0.0009566778964774077,0.7614280589684381
dpo,54,65,2,0.9481396855336092,0.7614280589684381
dpo,54,65,3,0.0034737264703307517,0.7614280589684381
dpo,54,65,4,0.04742991009958262,0.7614280589684381
dpo,251,65,1,0.8496627641479535,0.7236639635598202
dpo,251,65,2,0.00012622684451146847,0.7236639635598202
dpo,251,65,3,0.1489915945533343,0.7236639635598202
dpo,251,65,4,0.0012194144542008942,0.7236639635598202
dpo,612,65,1,0.0026781854985589537,0.705370248940853
dpo,612,65,2,0.010387988888086353,0.705370248940853
dpo,612,65,3,0.7895857609431071,0.705370248940853
dpo,612,65,4,0.19734806467024765,0.705370248940853
dpo,737,65,1,0.003141423943672373,0.362347883243396
dpo,737,65,2,0.9730838446575041,0.362347883243396
dpo,737,65,3,0.008593406544981277,0.362347883243396
dpo,737,65,4,0.01518132485384232,0.362347883243396
dpo,867,65,1,0.46285671884595825,0.6995392131527475
dpo,867,65,2,0.019264905679390473,0.6995392131527475
dpo,867,65,3,1.2381908762749374e-05,0.6995392131527475
dpo,867,65,4,0.5178659935658886,0.6995392131527475
dpo,945,65,1,0.003131299310219208,0.662881094893576
dpo,945,65,2,0.7002947281712449,0.662881094893576
dpo,945,65,3,0.2750707256977344,0.662881094893576
dpo,945,65,4,0.02150324682080141,0.662881094893576
dpo,54,66,1,0.0012124821953582944,0.7791671198229388
dpo,54,66,2,0.9641759372296039,0.7791671198229388
dpo,54,66,3,0.0017454116222015942,0.7791671198229388
dpo,54,66,4,0.03286616895283607,0.7791671198229388
dpo,251,66,1,0.6807670574495527,0.7118556836232921
dpo,251,66,2,1.755890165903031e-05,0.7118556836232921
dpo,251,66,3,0.31737991834084833,0.7118556836232921
dpo,251,66,4,0.001835465307939949,0.7118556836232921
dpo,612,66,1,0.0002807361189418141,0.6573826350738423
dpo,612,66,2,0.0033588133513206917,0.6573826350738423
dpo,612,66,3,0.8230149656712371,0.6573826350738423
dpo,612,66,4,0.17334548485850035,0.6573826350738423
dpo,737,66,1,0.007689272629010883,0.39540481020235335
dpo,737,66,2,0.9729658253049406,0.39540481020235335
dpo,737,66,3,0.004625200350917744,0.39540481020235335
dpo,737,66,4,0.014719701715130842,0.39540481020235335
dpo,867,66,1,0.8295601509931055,0.2692823394083034
dpo,867,66,2,0.008350854748708395,0.2692823394083034
dpo,867,66,3,3.3144004754650373e-06,0.2692823394083034
dpo,867,66,4,0.1620856798577106,0.2692823394083034
dpo,945,66,1,0.0010341408777781937,0.5666281645197218
dpo,945,66,2,0.6560170307748797,0.5666281645197218
dpo,945,66,3,0.33247734731602663,0.5666281645197218
dpo,945,66,4,0.010471481031315464,0.5666281645197218
dpo,54,67,1,0.00031933932511529073,0.9240296647371229
dpo,54,67,2,0.9432166638286928,0.9240296647371229
dpo,54,67,3,0.011150551217936715,0.9240296647371229
dpo,54,67,4,0.04531344562825523,0.9240296647371229
dpo,251,67,1,0.673669398225907,0.7233828594129957
dpo,251,67,2,5.117962810185242e-05,0.7233828594129957
dpo,251,67,3,0.3237829771878739,0.7233828594129957
dpo,251,67,4,0.002496444958117041,0.7233828594129957
dpo,612,67,1,0.0009609888196094164,0.6505788120933134
dpo,612,67,2,0.010309949628290066,0.6505788120933134
dpo,612,67,3,0.7849764670755122,0.6505788120933134
dpo,612,67,4,0.2037525944765884,0.6505788120933134
dpo,737,67,1,0.0043082468623164005,0.6552994651874707
dpo,737,67,2,0.9331550529969503,0.6552994651874707
dpo,737,67,3,0.0035206104342730433,0.6552994651874707
dpo,737,67,4,0.059016089706460266,0.6552994651874707
dpo,867,67,1,0.6743388507422664,0.5619338099594992
dpo,867,67,2,0.025713465901535868,0.5619338099594992
dpo,867,67,3,1.2221246295456371e-05,0.5619338099594992
dpo,867,67,4,0.29993546210990224,0.5619338099594992
dpo,945,67,1,0.0029516247819764904,0.6656567263934448
dpo,945,67,2,0.6998723010163276,0.6656567263934448
dpo,945,67,3,0.274034727247049,0.6656567263934448
dpo,945,67,4,0.023141346954646952,0.6656567263934448
dpo,54,68,1,0.00030664254620846093,0.9760854120712785
dpo,54,68,2,0.9652268733383442,0.9760854120712785
dpo,54,68,3,0.007468552943136402,0.9760854120712785
dpo,54,68,4,0.026997931172310755,0.9760854120712785
dpo,251,68,1,0.38893081912985056,0.4693609495440618
dpo,251,68,2,5.06093670178998e-06,0.4693609495440618
dpo,251,68,3,0.6088205186940165,0.4693609495440618
dpo,251,68,4,0.0022436012394310427,0.4693609495440618
dpo,612,68,1,0.00020240148950148218,0.6322929428403342
dpo,612,68,2,0.00663670791319067,0.6322929428403342
dpo,612,68,3,0.7989038997414569,0.6322929428403342
dpo,612,68,4,0.1942569908558508,0.6322929428403342
dpo,737,68,1,0.0091351428169677,0.5806189543393301
dpo,737,68,2,0.9554312168663783,0.5806189543393301
dpo,737,68,3,0.0009186263009348429,0.5806189543393301
dpo,737,68,4,0.03451501401571906,0.5806189543393301
dpo,867,68,1,0.8856108994841649,0.4321049094328169
dpo,867,68,2,0.02976409601064353,0.4321049094328169
dpo,867,68,3,1.2364428780846982e-06,0.4321049094328169
dpo,867,68,4,0.08462376806231327,0.4321049094328169
dpo,945,68,1,0.0016435413026171352,0.5604683276855276
dpo,945,68,2,0.6587156573220474,0.5604683276855276
dpo,945,68,3,0.33377882745765636,0.5604683276855276
dpo,945,68,4,0.005861973917679138,0.5604683276855276
dpo,54,69,1,0.00020427323812387054,1.0367375252378075
dpo,54,69,2,0.9168185797370972,1.0367375252378075
dpo,54,69,3,0.03652321865320614,1.0367375252378075
dpo,54,69,4,0.04645392837157282,1.0367375252378075
dpo,251,69,1,0.2803572772796322,0.49521699337187863
dpo,251,69,2,1.2594389541102344e-05,0.49521699337187863
dpo,251,69,3,0.7065045822199973,0.49521699337187863
dpo,251,69,4,0.013125546110829271,0.49521699337187863
dpo,612,69,1,0.0007898787731363365,0.6454822270073215
dpo,612,69,2,0.006269589060235,0.6454822270073215
dpo,612,69,3,0.7912823383899215,0.6454822270073215
dpo,612,69,4,0.2016581937767073,0.6454822270073215
dpo,737,69,1,0.004929566080991823,0.7036863064733605
dpo,737,69,2,0.9142374443199829,0.7036863064733605
dpo,737,69,3,0.0006944788150932271,0.7036863064733605
dpo,737,69,4,0.080138510783932,0.7036863064733605
dpo,867,69,1,0.7732812854671102,0.7169468115143551
dpo,867,69,2,0.11246815072238757,0.7169468115143551
dpo,867,69,3,9.118463389525761e-06,0.7169468115143551
dpo,867,69,4,0.11424144534711282,0.7169468115143551
dpo,945,69,1,0.00804359784094856,0.7335526499900478
dpo,945,69,2,0.7518315370503966,0.7335526499900478
dpo,945,69,3,0.22592641439581856,0.7335526499900478
dpo,945,69,4,0.014198450712836236,0.7335526499900478
dpo,54,70,1,0.00011014977093629187,1.05891015632641
dpo,54,70,2,0.9389964058753206,1.05891015632641
dpo,54,70,3,0.0394842784484871,1.05891015632641
dpo,54,70,4,0.021409165905255906,1.05891015632641
dpo,251,70,1,0.30217387030921755,0.4474271897469365
dpo,251,70,2,2.223754215238872e-06,0.4474271897469365
dpo,251,70,3,0.6911540484194022,0.4474271897469365
dpo,251,70,4,0.006669857517165017,0.4474271897469365
dpo,612,70,1,6.589191323042009e-05,0.6571622125637795
dpo,612,70,2,0.00477433962650892,0.6571622125637795
dpo,612,70,3,0.8305183877045447,0.6571622125637795
dpo,612,70,4,0.164641380755716,0.6571622125637795
dpo,737,70,1,0.014173164329029372,0.7658598173135168
dpo,737,70,2,0.8973469804694318,0.7658598173135168
dpo,737,70,3,0.00028675363769589354,0.7658598173135168
dpo,737,70,4,0.08819310156384284,0.7658598173135168
dpo,867,70,1,0.879754226434435,0.6138956178317299
dpo,867,70,2,0.07673129307219556,0.6138956178317299
dpo,867,70,3,1.2064383632071524e-06,0.6138956178317299
dpo,867,70,4,0.04351327405500606,0.6138956178317299
dpo,945,70,1,0.0036442726487330612,0.5785426246957666
dpo,945,70,2,0.6653796645686019,0.5785426246957666
dpo,945,70,3,0.32618891704100544,0.5785426246957666
dpo,945,70,4,0.004787145741659591,0.5785426246957666
dpo,54,71,1,3.9179400959039434e-05,0.9741627140607199
dpo,54,71,2,0.8715057860433526,0.9741627140607199
dpo,54,71,3,0.07813494362702701,0.9741627140607199
dpo,54,71,4,0.05032009092866129,0.9741627140607199
dpo,251,71,1,0.08011393607906975,0.4253592925059383
dpo,251,71,2,1.6126945783748645e-05,0.4253592925059383
dpo,251,71,3,0.885874759271436,0.4253592925059383
dpo,251,71,4,0.033995177703710376,0.4253592925059383
dpo,612,71,1,0.0009069521871006775,0.650470099622488
dpo,612,71,2,0.005336878313611993,0.650470099622488
dpo,612,71,3,0.7934767726704829,0.650470099622488
dpo,612,71,4,0.20027939682880438,0.650470099622488
dpo,737,71,1,0.007866599141241491,0.7331744648179497
dpo,737,71,2,0.8334108720075909,0.7331744648179497
dpo,737,71,3,0.0005542341408035008,0.7331744648179497
dpo,737,71,4,0.1581682947103642,0.7331744648179497
dpo,867,71,1,0.6694189900611451,0.6826344860277537
dpo,867,71,2,0.25961700171645413,0.6826344860277537
dpo,867,71,3,7.3487598476690895e-06,0.6826344860277537
dpo,867,71,4,0.07095665946255295,0.6826344860277537
dpo,945,71,1,0.01379026033575123,0.7829027734107369
dpo,945,71,2,0.7502520222215131,0.7829027734107369
dpo,945,71,3,0.2171401338008745,0.7829027734107369
dpo,945,71,4,0.018817583641861407,0.7829027734107369
dpo,54,72,1,3.569041161569861e-05,0.8700334039383932
dpo,54,72,2,0.8882255551313007,0.8700334039383932
dpo,54,72,3,0.08891336345712096,0.8700334039383932
dpo,54,72,4,0.022825390999962395,0.8700334039383932
dpo,251,72,1,0.1789132304794503,0.4856384622794474
dpo,251,72,2,2.724542415837437e-06,0.4856384622794474
dpo,251,72,3,0.7955176819175036,0.4856384622794474
dpo,251,72,4,0.025566363060630266,0.4856384622794474
dpo,612,72,1,5.8106741260123794e-05,0.6418440559913543
dpo,612,72,2,0.008568469298810904,0.6418440559913543
dpo,612,72,3,0.8107583842852734,0.6418440559913543
dpo,612,72,4,0.1806150396746555,0.6418440559913543
dpo,737,72,1,0.01963686466999138,0.7930728886051198
dpo,737,72,2,0.8414027753315786,0.7930728886051198
dpo,737,72,3,0.00011479834670070952,0.7930728886051198
dpo,737,72,4,0.1388455616517294,0.7930728886051198
dpo,867,72,1,0.6870259030966134,0.6558463064253081
dpo,867,72,2,0.2898792875499001,0.6558463064253081
dpo,867,72,3,9.466896877915883e-07,0.6558463064253081
dpo,867,72,4,0.023093862663798606,0.6558463064253081
dpo,945,72,1,0.0046921131738817245,0.6006650130004996
dpo,945,72,2,0.6836190669722738,0.6006650130004996
dpo,945,72,3,0.30813184211660016,0.6006650130004996
dpo,945,72,4,0.0035569777372444138,0.6006650130004996
dpo,54,73,1,2.4201033893609918e-05,0.9159486692533239
dpo,54,73,2,0.8263980716124215,0.9159486692533239
dpo,54,73,3,0.11018503820255074,0.9159486692533239
dpo,54,73,4,0.06339268915113412,0.9159486692533239
dpo,251,73,1,0.03046995575334323,0.2814705085973677
dpo,251,73,2,1.2223961614003974e-05,0.2814705085973677
dpo,251,73,3,0.94767199384015,0.2814705085973677
dpo,251,73,4,0.0218458264448929,0.2814705085973677
dpo,612,73,1,0.00026779176115375984,0.6159657516570425
dpo,612,73,2,0.006834198340411203,0.6159657516570425
dpo,612,73,3,0.7821941465421542,0.6159657516570425
dpo,612,73,4,0.21070386335628075,0.6159657516570425
dpo,737,73,1,0.011950747539305556,0.5875554108855676
dpo,737,73,2,0.6615666044644608,0.5875554108855676
dpo,737,73,3,0.0005059133195606179,0.5875554108855676
dpo,737,73,4,0.325976734676673,0.5875554108855676
dpo,867,73,1,0.5192101575651504,0.5216263907428556
dpo,867,73,2,0.44742837195369917,0.5216263907428556
dpo,867,73,3,8.344943016573282e-06,0.5216263907428556
dpo,867,73,4,0.03335312553813388,0.5216263907428556
dpo,945,73,1,0.029684963797897805,0.7755185685102487
dpo,945,73,2,0.7179851094766136,0.7755185685102487
dpo,945,73,3,0.24805661480152624,0.7755185685102487
dpo,945,73,4,0.004273311923962275,0.7755185685102487
dpo,54,74,1,2.515523266750958e-05,0.7521008682330317
dpo,54,74,2,0.8282814757618279,0.7521008682330317
dpo,54,74,3,0.14208954523206926,0.7521008682330317
dpo,54,74,4,0.029603823773435425,0.7521008682330317
dpo,251,74,1,0.07644082816300365,0.5741496553338589
dpo,251,74,2,2.885268596346914e-06,0.5741496553338589
dpo,251,74,3,0.8545211952318461,0.5741496553338589
dpo,251,74,4,0.06903509133655374,0.5741496553338589
dpo,612,74,1,3.4396398686055104e-05,0.6489960456309387
dpo,612,74,2,0.005149461741372184,0.6489960456309387
dpo,612,74,3,0.8239944540956219,0.6489960456309387
dpo,612,74,4,0.17082168776431975,0.6489960456309387
dpo,737,74,1,0.03481320232221675,0.7114561090092018
dpo,737,74,2,0.6972681111149466,0.7114561090092018
dpo,737,74,3,0.00010914010439486997,0.7114561090092018
dpo,737,74,4,0.2678095464584419,0.7114561090092018
dpo,867,74,1,0.45124827787417565,0.4511634021500404
dpo,867,74,2,0.5254257337514757,0.4511634021500404
dpo,867,74,3,1.0783450427476006e-06,0.4511634021500404
dpo,867,74,4,0.023324910029305895,0.4511634021500404
dpo,945,74,1,0.00935540965294242,0.6175612424149363
dpo,945,74,2,0.6812322951694855,0.6175612424149363
dpo,945,74,3,0.30839778616834346,0.6175612424149363
dpo,945,74,4,0.0010145090092286925,0.6175612424149363
dpo,54,75,1,8.12458223529031e-06,0.7032650886530982
dpo,54,75,2,0.6841092678297364,0.7032650886530982
dpo,54,75,3,0.2476318919276207,0.7032650886530982
dpo,54,75,4,0.0682507156604077,0.7032650886530982
dpo,251,75,1,0.010956736228584195,0.37188068444188915
dpo,251,75,2,1.0634514778178606e-05,0.37188068444188915
dpo,251,75,3,0.9476145343540056,0.37188068444188915
dpo,251,75,4,0.04141809490263208,0.37188068444188915
dpo,612,75,1,0.0001766071382423822,0.6317491996837459
dpo,612,75,2,0.026779324098080457,0.6317491996837459
dpo,612,75,3,0.7715527901364597,0.6317491996837459
dpo,612,75,4,0.2014912786272174,0.6317491996837459
dpo,737,75,1,0.010025962826339888,0.3199223338734026
dpo,737,75,2,0.382100917438648,0.3199223338734026
dpo,737,75,3,8.367830700717568e-05,0.3199223338734026
dpo,737,75,4,0.607789441428005,0.3199223338734026
dpo,867,75,1,0.3404550808934265,0.3478286614272513
dpo,867,75,2,0.6378506496588593,0.3478286614272513
dpo,867,75,3,4.547090956823595e-06,0.3478286614272513
dpo,867,75,4,0.02168972235675747,0.3478286614272513
dpo,945,75,1,0.0487664640424044,0.8576973077513448
dpo,945,75,2,0.7265132355224827,0.8576973077513448
dpo,945,75,3,0.22218342580257064,0.8576973077513448
dpo,945,75,4,0.002536874632542159,0.8576973077513448
dpo,54,76,1,2.0263008233855105e-05,0.7457157469780464
dpo,54,76,2,0.785242536096524,0.7457157469780464
dpo,54,76,3,0.17222925987768556,0.7457157469780464
dpo,54,76,4,0.04250794101755664,0.7457157469780464
dpo,251,76,1,0.027239158040559895,0.6996391034938205
dpo,251,76,2,2.4158343553754626e-06,0.6996391034938205
dpo,251,76,3,0.7986759427820582,0.6996391034938205
dpo,251,76,4,0.17408248334302642,0.6996391034938205
dpo,612,76,1,1.3151076767222235e-05,0.6491634240626152
dpo,612,76,2,0.018724555247725847,0.6491634240626152
dpo,612,76,3,0.8047135793823347,0.6491634240626152
dpo,612,76,4,0.1765487142931724,0.6491634240626152
dpo,737,76,1,0.05045089732942735,0.5805940109479829
dpo,737,76,2,0.5419959746316722,0.5805940109479829
dpo,737,76,3,0.0001400248104473753,0.5805940109479829
dpo,737,76,4,0.40741310322845325,0.5805940109479829
dpo,867,76,1,0.39032499149186406,0.3889910908754
dpo,867,76,2,0.5957344573992938,0.3889910908754
dpo,867,76,3,3.1952674360695174e-06,0.3889910908754
dpo,867,76,4,0.013937355841406164,0.3889910908754
dpo,945,76,1,0.04054285680500949,0.7365877860081427
dpo,945,76,2,0.6553052476129123,0.7365877860081427
dpo,945,76,3,0.3017077274758459,0.7365877860081427
dpo,945,76,4,0.002444168106232179,0.7365877860081427
dpo,54,77,1,1.7626684372149628e-06,0.43196711465387827
dpo,54,77,2,0.43772353005611464,0.43196711465387827
dpo,54,77,3,0.5043262579984357,0.43196711465387827
dpo,54,77,4,0.05794844927701255,0.43196711465387827
dpo,251,77,1,0.014729322552105396,0.6170120863447628
dpo,251,77,2,8.39815472410277e-06,0.6170120863447628
dpo,251,77,3,0.8676157213332234,0.6170120863447628
dpo,251,77,4,0.11764655795994709,0.6170120863447628
dpo,612,77,1,3.333202838142905e-05,0.6515080193287459
dpo,612,77,2,0.01653743952071399,0.6515080193287459
dpo,612,77,3,0.8087862841158782,0.6515080193287459
dpo,612,77,4,0.17464294433502636,0.6515080193287459
dpo,737,77,1,0.013134685159739463,0.2709241068556979
dpo,737,77,2,0.3096980269452468,0.2709241068556979
dpo,737,77,3,5.078026968182705e-05,0.2709241068556979
dpo,737,77,4,0.6771165076253318,0.2709241068556979
dpo,867,77,1,0.22932912707234854,0.24469023704353884
dpo,867,77,2,0.7508635030658583,0.24469023704353884
dpo,867,77,3,1.0050475107073011e-05,0.24469023704353884
dpo,867,77,4,0.01979731938668612,0.24469023704353884
dpo,945,77,1,0.06022076167177899,0.872752582998774
dpo,945,77,2,0.7103191063876751,0.872752582998774
dpo,945,77,3,0.22820599153929183,0.872752582998774
dpo,945,77,4,0.0012541404012538651,0.872752582998774
dpo,54,78,1,6.023640192860781e-06,0.7335531777997304
dpo,54,78,2,0.7227007986805939,0.7335531777997304
dpo,54,78,3,0.21515070433845976,0.7335531777997304
dpo,54,78,4,0.06214247334075357,0.7335531777997304
dpo,251,78,1,0.009070395308225832,0.6940580101050096
dpo,251,78,2,3.269890084556603e-06,0.6940580101050096
dpo,251,78,3,0.7905540049041591,0.6940580101050096
dpo,251,78,4,0.20037232989753068,0.6940580101050096
dpo,612,78,1,5.9618986450824185e-06,0.5770081747838884
dpo,612,78,2,0.04357411672940027,0.5770081747838884
dpo,612,78,3,0.7131177134858784,0.5770081747838884
dpo,612,78,4,0.24330220788607634,0.5770081747838884
dpo,737,78,1,0.1361606049209118,0.4084722327358624
dpo,737,78,2,0.20587793431174134,0.4084722327358624
dpo,737,78,3,0.0001026297933479399,0.4084722327358624
dpo,737,78,4,0.657858830973999,0.4084722327358624
dpo,867,78,1,0.23157327240588074,0.24202225359526244
dpo,867,78,2,0.7591851252022812,0.24202225359526244
dpo,867,78,3,5.94598837174688e-06,0.24202225359526244
dpo,867,78,4,0.009235656403466344,0.24202225359526244
dpo,945,78,1,0.08712295121064877,0.8544405010793227
dpo,945,78,2,0.6334761371796535,0.8544405010793227
dpo,945,78,3,0.2785659387972527,0.8544405010793227
dpo,945,78,4,0.0008349728124449461,0.8544405010793227
dpo,54,79,1,1.8660777172888617e-06,0.31045018923977385
dpo,54,79,2,0.2925943493517339,0.31045018923977385
dpo,54,79,3,0.6604262994047531,0.31045018923977385
dpo,54,79,4,0.046977485165795696,0.31045018923977385
dpo,251,79,1,0.012128404939219435,0.6981636952415973
dpo,251,79,2,7.495248732966456e-06,0.6981636952415973
dpo,251,79,3,0.7866923085503658,0.6981636952415973
dpo,251,79,4,0.20117179126168178,0.6981636952415973
dpo,612,79,1,8.181300905400945e-06,0.6270181669313892
dpo,612,79,2,0.029983820997799945,0.6270181669313892
dpo,612,79,3,0.7707881294242419,0.6270181669313892
dpo,612,79,4,0.19921986827705265,0.6270181669313892
dpo,737,79,1,0.03516659425100586,0.31856738220056474
dpo,737,79,2,0.3048116368981408,0.31856738220056474
dpo,737,79,3,5.1363455751444175e-05,0.31856738220056474
dpo,737,79,4,0.659970405395102,0.31856738220056474
dpo,867,79,1,0.11500710560995583,0.13687544378558328
dpo,867,79,2,0.8653967852048359,0.13687544378558328
dpo,867,79,3,4.6403673838739326e-05,0.13687544378558328
dpo,867,79,4,0.019549705511369555,0.13687544378558328
dpo,945,79,1,0.1857978704636955,1.0201279853539051
dpo,945,79,2,0.6027365002470809,1.0201279853539051
dpo,945,79,3,0.21093851934442517,1.0201279853539051
dpo,945,79,4,0.0005271099447982819,1.0201279853539051
dpo,54,80,1,9.028906413709322e-06,0.4589158348642226
dpo,54,80,2,0.409237072530277,0.4589158348642226
dpo,54,80,3,0.520336437102846,0.4589158348642226
dpo,54,80,4,0.07041746146046322,0.4589158348642226
dpo,251,80,1,0.0027110625304829134,0.6933448181529445
dpo,251,80,2,3.7336506733865927e-06,0.6933448181529445
dpo,251,80,3,0.7754990149308857,0.6933448181529445
dpo,251,80,4,0.22178618888795804,0.6933448181529445
dpo,612,80,1,1.2942216246999165e-05,0.5402391707671725
dpo,612,80,2,0.07770201368453923,0.5402391707671725
dpo,612,80,3,0.6443692625107924,0.5402391707671725
dpo,612,80,4,0.2779157815884213,0.5402391707671725
dpo,737,80,1,0.3105512730941763,0.613008781114774
dpo,737,80,2,0.1762848369148752,0.613008781114774
dpo,737,80,3,6.0369289168924744e-05,0.613008781114774
dpo,737,80,4,0.5131035207017794,0.613008781114774
dpo,867,80,1,0.06505577548417492,0.08259635039276148
dpo,867,80,2,0.9267835595517252,0.08259635039276148
dpo,867,80,3,4.301195057630236e-06,0.08259635039276148
dpo,867,80,4,0.008156363769042158,0.08259635039276148
dpo,945,80,1,0.07328497738780834,0.7809882917460423
dpo,945,80,2,0.6093773434684753,0.7809882917460423
dpo,945,80,3,0.31705142007926596,0.7809882917460423
dpo,945,80,4,0.00028625906445032704,0.7809882917460423
dpo,54,81,1,7.989084419723905e-07,0.2032422263528808
dpo,54,81,2,0.13723760364327323,0.2032422263528808
dpo,54,81,3,0.8282566631450076,0.2032422263528808
dpo,54,81,4,0.034504934303277245,0.2032422263528808
dpo,251,81,1,0.0031075285352458928,0.6817864771076103
dpo,251,81,2,6.802502997944246e-06,0.6817864771076103
dpo,251,81,3,0.6694209089793254,0.6817864771076103
dpo,251,81,4,0.3274647599824307,0.6817864771076103
dpo,612,81,1,3.8817838066953325e-06,0.578863894934941
dpo,612,81,2,0.0295340431285519,0.578863894934941
dpo,612,81,3,0.7316863598281714,0.578863894934941
dpo,612,81,4,0.23877571525946997,0.578863894934941
dpo,737,81,1,0.07781837192805852,0.43905698636981205
dpo,737,81,2,0.34272067939110235,0.43905698636981205
dpo,737,81,3,6.728727932040454e-05,0.43905698636981205
dpo,737,81,4,0.5793936614015187,0.43905698636981205
dpo,867,81,1,0.026279730995543725,0.04283373561522337
dpo,867,81,2,0.9549883938134863,0.04283373561522337
dpo,867,81,3,0.00015807382616492958,0.04283373561522337
dpo,867,81,4,0.018573801364804854,0.04283373561522337
dpo,945,81,1,0.3563268059656374,1.0077261914352167
dpo,945,81,2,0.45321684101106646,1.0077261914352167
dpo,945,81,3,0.19018926463605362,1.0077261914352167
dpo,945,81,4,0.00026708838724250007,1.0077261914352167
dpo,54,82,1,8.882531799739218e-06,0.5525426601586135
dpo,54,82,2,0.11089547029555215,0.5525426601586135
dpo,54,82,3,0.7026075800278626,0.5525426601586135
dpo,54,82,4,0.18648806714478547,0.5525426601586135
dpo,251,82,1,0.002129174597460342,0.6906438356911053
dpo,251,82,2,3.5450960263804643e-06,0.6906438356911053
dpo,251,82,3,0.7008411999131496,0.6906438356911053
dpo,251,82,4,0.2970260803933637,0.6906438356911053
dpo,612,82,1,7.381265186686909e-06,0.5310467824202296
dpo,612,82,2,0.12129074466812774,0.5310467824202296
dpo,612,82,3,0.591813471725494,0.5310467824202296
dpo,612,82,4,0.2868884023411915,0.5310467824202296
dpo,737,82,1,0.32531226085389364,0.51763068535197
dpo,737,82,2,0.08004024028070272,0.51763068535197
dpo,737,82,3,5.075205157803913e-05,0.51763068535197
dpo,737,82,4,0.5945967468138257,0.51763068535197
dpo,867,82,1,0.015625500616924578,0.026255407256549842
dpo,867,82,2,0.9747510720268229,0.026255407256549842
dpo,867,82,3,9.863364422536232e-06,0.026255407256549842
dpo,867,82,4,0.009613563991830026,0.026255407256549842
dpo,945,82,1,0.05545572970531168,0.6365574398829225
dpo,945,82,2,0.5349336566602618,0.6365574398829225
dpo,945,82,3,0.40946470547362634,0.6365574398829225
dpo,945,82,4,0.00014590816080013816,0.6365574398829225
dpo,54,83,1,1.8480348584793672e-06,0.42045875162844193
dpo,54,83,2,0.14170329726459605,0.42045875162844193
dpo,54,83,3,0.7511095985012447,0.42045875162844193
dpo,54,83,4,0.1071852561993009,0.42045875162844193
dpo,251,83,1,0.0032267072785085445,0.63090626326837
dpo,251,83,2,1.1766149166813952e-05,0.63090626326837
dpo,251,83,3,0.5767603159307239,0.63090626326837
dpo,251,83,4,0.4200012106416008,0.63090626326837
dpo,612,83,1,1.8949909173782418e-06,0.5843487199674594
dpo,612,83,2,0.03530289409985189,0.5843487199674594
dpo,612,83,3,0.7293054309043608,0.5843487199674594
dpo,612,83,4,0.23538978000486993,0.5843487199674594
dpo,737,83,1,0.20337854590945267,0.5304799948763034
dpo,737,83,2,0.22882956721540043,0.5304799948763034
dpo,737,83,3,6.511104768971506e-05,0.5304799948763034
dpo,737,83,4,0.5677267758274572,0.5304799948763034
dpo,867,83,1,0.006048541447713083,0.014386276656087162
dpo,867,83,2,0.9847355812579791,0.014386276656087162
dpo,867,83,3,0.00027017993710401104,0.014386276656087162
dpo,867,83,4,0.008945697357203717,0.014386276656087162
dpo,945,83,1,0.21730552039922607,0.9777280554186932
dpo,945,83,2,0.5276590241704936,0.9777280554186932
dpo,945,83,3,0.25438076390598463,0.9777280554186932
dpo,945,83,4,0.0006546915242956627,0.9777280554186932
dpo,54,84,1,8.312506582093969e-06,0.5361638760089316
dpo,54,84,2,0.051907141068161015,0.5361638760089316
dpo,54,84,3,0.7547163463072378,0.5361638760089316
dpo,54,84,4,0.19336820011801914,0.5361638760089316
dpo,251,84,1,0.002045907475341316,0.5374989025614403
dpo,251,84,2,3.843262586706273e-06,0.5374989025614403
dpo,251,84,3,0.4600689720272648,0.5374989025614403
dpo,251,84,4,0.5378812772348073,0.5374989025614403
dpo,612,84,1,3.6041932366369457e-06,0.5716225876805937
dpo,612,84,2,0.1142170703536169,0.5716225876805937
dpo,612,84,3,0.6306706504277528,0.5716225876805937
dpo,612,84,4,0.2551086750253936,0.5716225876805937
dpo,737,84,1,0.44573235775253556,0.5918002176334112
dpo,737,84,2,0.04244024342009266,0.5918002176334112
dpo,737,84,3,2.5051290461824258e-05,0.5918002176334112
dpo,737,84,4,0.51180234753691,0.5918002176334112
dpo,867,84,1,0.0031751069605456136,0.008555923863595239
dpo,867,84,2,0.9875137401102857,0.008555923863595239
dpo,867,84,3,5.735613230732663e-05,0.008555923863595239
dpo,867,84,4,0.009253796796861419,0.008555923863595239
dpo,945,84,1,0.09739313262464598,0.6920686712685407
dpo,945,84,2,0.48291626364077084,0.6920686712685407
dpo,945,84,3,0.4195033055334898,0.6920686712685407
dpo,945,84,4,0.00018729820109352556,0.6920686712685407
dpo,54,85,1,1.3220234472354189e-06,0.6901697108323648
dpo,54,85,2,0.027982596378605958,0.6901697108323648
dpo,54,85,3,0.5699117980023862,0.6901697108323648
dpo,54,85,4,0.40210428359556066,0.6901697108323648
dpo,251,85,1,0.0026923716567492303,0.4226198699094271
dpo,251,85,2,1.949874112641309e-05,0.4226198699094271
dpo,251,85,3,0.335925690408352,0.4226198699094271
dpo,251,85,4,0.6613624391937724,0.4226198699094271
dpo,612,85,1,9.476844979638906e-07,0.5358795092219022
dpo,612,85,2,0.060197985509653607,0.5358795092219022
dpo,612,85,3,0.6603770815820303,0.5358795092219022
dpo,612,85,4,0.279423985223818,0.5358795092219022
dpo,737,85,1,0.46495194154719294,0.7351416792122704
dpo,737,85,2,0.13936125893898146,0.7351416792122704
dpo,737,85,3,8.191300775202442e-05,0.7351416792122704
dpo,737,85,4,0.39560488650607356,0.7351416792122704
dpo,867,85,1,0.0018836629819602073,0.009213065356019002
dpo,867,85,2,0.987915303103575,0.009213065356019002
dpo,867,85,3,0.0005229994977174999,0.009213065356019002
dpo,867,85,4,0.009678034416747272,0.009213065356019002
dpo,945,85,1,0.27712648748346125,0.988227205019239
dpo,945,85,2,0.47766676798556645,0.988227205019239
dpo,945,85,3,0.24477606849727332,0.988227205019239
dpo,945,85,4,0.0004306760336990526,0.988227205019239
dpo,54,86,1,1.3323821396998756e-05,0.6966679594684488
dpo,54,86,2,0.021891427277075992,0.6966679594684488
dpo,54,86,3,0.5014910792201157,0.6966679594684488
dpo,54,86,4,0.47660416968141134,0.6966679594684488
dpo,251,86,1,0.0010075864548597599,0.3816168839430059
dpo,251,86,2,1.0786848968843267e-05,0.3816168839430059
dpo,251,86,3,0.29754264158524113,0.3816168839430059
dpo,251,86,4,0.7014389851109303,0.3816168839430059
dpo,612,86,1,1.714980313253434e-06,0.5487643855003523
dpo,612,86,2,0.12072801034706689,0.5487643855003523
dpo,612,86,3,0.6065311078599843,0.5487643855003523
dpo,612,86,4,0.27273916681263555,0.5487643855003523
dpo,737,86,1,0.5542961477815725,0.6572101186597596
dpo,737,86,2,0.025296567028043764,0.6572101186597596
dpo,737,86,3,4.1215756688551476e-05,0.6572101186597596
dpo,737,86,4,0.4203660694336952,0.6572101186597596
dpo,867,86,1,0.0006170968785872088,0.005505486279956552
dpo,867,86,2,0.988028560846699,0.005505486279956552
dpo,867,86,3,0.0002388463906986692,0.005505486279956552
dpo,867,86,4,0.011115495884015184,0.005505486279956552
dpo,945,86,1,0.12312864402039703,0.5753167655569468
dpo,945,86,2,0.32437787700475146,0.5753167655569468
dpo,945,86,3,0.552365559387299,0.5753167655569468
dpo,945,86,4,0.00012791958755238808,0.5753167655569468
dpo,54,87,1,3.2937306601903094e-06,0.6932248898294248
dpo,54,87,2,0.01879731381440137,0.6932248898294248
dpo,54,87,3,0.5541547124480733,0.6932248898294248
dpo,54,87,4,0.427044680006865,0.6932248898294248
dpo,251,87,1,0.00257130470553604,0.24057925400200647
dpo,251,87,2,4.4195101307722356e-05,0.24057925400200647
dpo,251,87,3,0.1657209061165132,0.24057925400200647
dpo,251,87,4,0.831663594076643,0.24057925400200647
dpo,612,87,1,2.817592417943434e-07,0.5021595839334245
dpo,612,87,2,0.08355432348000177,0.5021595839334245
dpo,612,87,3,0.6068879724676374,0.5021595839334245
dpo,612,87,4,0.30955742229311906,0.5021595839334245
dpo,737,87,1,0.4237962385636906,0.6262377373121762
dpo,737,87,2,0.08475164722929829,0.6262377373121762
dpo,737,87,3,0.00016607980186116993,0.6262377373121762
dpo,737,87,4,0.49128603440514984,0.6262377373121762
dpo,867,87,1,0.0005617034688140888,0.012531052945614542
dpo,867,87,2,0.9870522808924941,0.012531052945614542
dpo,867,87,3,0.0016404856485332596,0.012531052945614542
dpo,867,87,4,0.010745529990158433,0.012531052945614542
dpo,945,87,1,0.2557336390571361,0.9220407173766896
dpo,945,87,2,0.4371885691219773,0.9220407173766896
dpo,945,87,3,0.30646740096242436,0.9220407173766896
dpo,945,87,4,0.0006103908584620779,0.9220407173766896
dpo,54,88,1,1.7871218805889618e-05,0.6597318294522467
dpo,54,88,2,0.005426336311428526,0.6597318294522467
dpo,54,88,3,0.3905772055586457,0.6597318294522467
dpo,54,88,4,0.6039785869111199,0.6597318294522467
dpo,251,88,1,0.0006983276524004613,0.18768294435262758
dpo,251,88,2,3.79847082090512e-05,0.18768294435262758
dpo,251,88,3,0.1232045185959167,0.18768294435262758
dpo,251,88,4,0.8760591690434737,0.18768294435262758
dpo,612,88,1,6.571577829297649e-07,0.42069321063218956
dpo,612,88,2,0.06247677897269342,0.42069321063218956
dpo,612,88,3,0.5524907410116336,0.42069321063218956
dpo,612,88,4,0.38503182285788995,0.42069321063218956
dpo,737,88,1,0.6583941930687988,0.7060946408996926
dpo,737,88,2,0.01799447479343158,0.7060946408996926
dpo,737,88,3,7.953815615678826e-05,0.7060946408996926
dpo,737,88,4,0.32353179398161297,0.7060946408996926
dpo,867,88,1,0.00026864073199450283,0.007445717619455806
dpo,867,88,2,0.9882816899843895,0.007445717619455806
dpo,867,88,3,0.0007360317444388042,0.007445717619455806
dpo,867,88,4,0.010713637539177305,0.007445717619455806
dpo,945,88,1,0.2797862620615486,0.798579055811279
dpo,945,88,2,0.30323510987332747,0.798579055811279
dpo,945,88,3,0.41687872015969535,0.798579055811279
dpo,945,88,4,9.990790542876033e-05,0.798579055811279
dpo,54,89,1,1.2980706720184147e-05,0.4761047173941481
dpo,54,89,2,0.0033965939936511378,0.4761047173941481
dpo,54,89,3,0.1971966063838853,0.4761047173941481
dpo,54,89,4,0.7993938189157432,0.4761047173941481
dpo,251,89,1,0.002045427762537261,0.1388858408497117
dpo,251,89,2,0.0001929083671507073,0.1388858408497117
dpo,251,89,3,0.08253288473129221,0.1388858408497117
dpo,251,89,4,0.9152287791390198,0.1388858408497117
dpo,612,89,1,4.3448879041052534e-07,0.43677270304486365
dpo,612,89,2,0.11279982329396553,0.43677270304486365
dpo,612,89,3,0.5195308005374937,0.43677270304486365
dpo,612,89,4,0.3676689416797504,0.43677270304486365
dpo,737,89,1,0.5888101034947553,0.6933965655244786
dpo,737,89,2,0.033938302123062966,0.6933965655244786
dpo,737,89,3,0.00033407579097885037,0.6933965655244786
dpo,737,89,4,0.3769175185912029,0.6933965655244786
dpo,867,89,1,0.0002206141535968198,0.023948480857200492
dpo,867,89,2,0.9843863428099793,0.023948480857200492
dpo,867,89,3,0.004467151504715567,0.023948480857200492
dpo,867,89,4,0.01092589153170837,0.023948480857200492
dpo,945,89,1,0.11236781798461519,0.6745364454155228
dpo,945,89,2,0.43701859491962236,0.6745364454155228
dpo,945,89,3,0.45039166727741825,0.6745364454155228
dpo,945,89,4,0.0002219198183440849,0.6745364454155228
dpo,54,90,1,5.65024401024867e-05,0.6091507201992095
dpo,54,90,2,0.004354963127434212,0.6091507201992095
dpo,54,90,3,0.3165639421198635,0.6091507201992095
dpo,54,90,4,0.6790245923125998,0.6091507201992095
dpo,251,90,1,0.0008123415664873545,0.06259567985146974
dpo,251,90,2,6.975131232225022e-05,0.06259567985146974
dpo,251,90,3,0.03161767004550117,0.06259567985146974
dpo,251,90,4,0.9675002370756892,0.06259567985146974
dpo,612,90,1,1.5598357496376551e-06,0.3865738378599175
dpo,612,90,2,0.04149696689772745,0.3865738378599175
dpo,612,90,3,0.537614557709641,0.3865738378599175
dpo,612,90,4,0.420886915556882,0.3865738378599175
dpo,737,90,1,0.8346774028760513,0.6699460694584338
dpo,737,90,2,0.018802660110126178,0.6699460694584338
dpo,737,90,3,6.001758155174511e-05,0.6699460694584338
dpo,737,90,4,0.14645991943227085,0.6699460694584338
dpo,867,90,1,0.00020297392708362917,0.019905090687785586
dpo,867,90,2,0.9853669728639499,0.019905090687785586
dpo,867,90,3,0.0034849719482169593,0.019905090687785586
dpo,867,90,4,0.010945081260749358,0.019905090687785586
dpo,945,90,1,0.1610895775222416,0.6745994293295983
dpo,945,90,2,0.35032452184149315,0.6745994293295983
dpo,945,90,3,0.488540034993467,0.6745994293295983
dpo,945,90,4,4.5865642798463466e-05,0.6745994293295983
dpo,54,91,1,1.7947480346674426e-05,0.40111124280161875
dpo,54,91,2,0.0027195163118250714,0.40111124280161875
dpo,54,91,3,0.14930839905988982,0.40111124280161875
dpo,54,91,4,0.8479541371479383,0.40111124280161875
dpo,251,91,1,0.0015482915558588397,0.04505053090345733
dpo,251,91,2,0.00027195489247452243,0.04505053090345733
dpo,251,91,3,0.019402498406387397,0.04505053090345733
dpo,251,91,4,0.9787772551452792,0.04505053090345733
dpo,612,91,1,3.9258621643838697e-07,0.4346627489727439
dpo,612,91,2,0.06305832638689414,0.4346627489727439
dpo,612,91,3,0.5657853993040632,0.4346627489727439
dpo,612,91,4,0.3711558817228262,0.4346627489727439
dpo,737,91,1,0.8063927862496081,0.7087046476820162
dpo,737,91,2,0.03852558746891807,0.7087046476820162
dpo,737,91,3,0.0011054657306971132,0.7087046476820162
dpo,737,91,4,0.15397616055077673,0.7087046476820162
dpo,867,91,1,0.0001242649496559696,0.07329797071754161
dpo,867,91,2,0.970871478321413,0.07329797071754161
dpo,867,91,3,0.019197825841496503,0.07329797071754161
dpo,867,91,4,0.009806430887434502,0.07329797071754161
dpo,945,91,1,0.098685820959163,0.5827850882016864
dpo,945,91,2,0.3808701681746481,0.5827850882016864
dpo,945,91,3,0.5201729119998028,0.5827850882016864
dpo,945,91,4,0.0002710988663862123,0.5827850882016864
dpo,54,92,1,0.0002579111426374988,0.2830251092975942
dpo,54,92,2,0.0038977660650354566,0.2830251092975942
dpo,54,92,3,0.08870191820753286,0.2830251092975942
dpo,54,92,4,0.9071424045847942,0.2830251092975942
dpo,251,92,1,0.0005459657775006164,0.025777134133393984
dpo,251,92,2,0.0002370055690499765,0.025777134133393984
dpo,251,92,3,0.009701241495729556,0.025777134133393984
dpo,251,92,4,0.9895157871577197,0.025777134133393984
dpo,612,92,1,1.1735874493779177e-06,0.38566026994406727
dpo,612,92,2,0.030568373218132605,0.38566026994406727
dpo,612,92,3,0.5476892735207198,0.38566026994406727
dpo,612,92,4,0.42174117967369823,0.38566026994406727
dpo,737,92,1,0.8993624513694107,0.5472955559412267
dpo,737,92,2,0.01663493755604315,0.5472955559412267
dpo,737,92,3,8.790951860713503e-05,0.5472955559412267
dpo,737,92,4,0.08391470155593891,0.5472955559412267
dpo,867,92,1,4.624865600976037e-05,0.051587508694687055
dpo,867,92,2,0.978889984590921,0.051587508694687055
dpo,867,92,3,0.012441480764364384,0.051587508694687055
dpo,867,92,4,0.008622285988704969,0.051587508694687055
dpo,945,92,1,0.12844368040633283,0.6318773529423938
dpo,945,92,2,0.36809717609941195,0.6318773529423938
dpo,945,92,3,0.5033912370264254,0.6318773529423938
dpo,945,92,4,6.790646782990465e-05,0.6318773529423938
dpo,54,93,1,0.00011800419782521136,0.14490860204988565
dpo,54,93,2,0.002537606459103918,0.14490860204988565
dpo,54,93,3,0.035974820907026174,0.14490860204988565
dpo,54,93,4,0.9613695684360447,0.14490860204988565
dpo,251,93,1,0.001595179885379855,0.02332557719664019
dpo,251,93,2,0.0012726472910502451,0.02332557719664019
dpo,251,93,3,0.0036241764440409336,0.02332557719664019
dpo,251,93,4,0.9935079963795289,0.02332557719664019
dpo,612,93,1,1.4196647483738706e-07,0.3968096142655918
dpo,612,93,2,0.04174022394048078,0.3968096142655918
dpo,612,93,3,0.5484883428182634,0.3968096142655918
dpo,612,93,4,0.40977129127478085,0.3968096142655918
dpo,737,93,1,0.9248287900538511,0.42485419425668414
dpo,737,93,2,0.029013225754025214,0.42485419425668414
dpo,737,93,3,0.0019312593802368453,0.42485419425668414
dpo,737,93,4,0.04422672481188686,0.42485419425668414
dpo,867,93,1,4.32658425030413e-05,0.13415254881481048
dpo,867,93,2,0.9477061179296391,0.13415254881481048
dpo,867,93,3,0.04162961260427924,0.13415254881481048
dpo,867,93,4,0.010621003623578705,0.13415254881481048
dpo,945,93,1,0.05264894985772993,0.4482242035892719
dpo,945,93,2,0.35943291883552864,0.4482242035892719
dpo,945,93,3,0.5877777222725238,0.4482242035892719
dpo,945,93,4,0.00014040903421766327,0.4482242035892719
dpo,54,94,1,0.0012153971364864222,0.09287614255912108
dpo,54,94,2,0.0037950911439689236,0.09287614255912108
dpo,54,94,3,0.02013837174166808,0.09287614255912108
dpo,54,94,4,0.9748511399778766,0.09287614255912108
dpo,251,94,1,0.0005221682765221375,0.018404472466528033
dpo,251,94,2,0.0010013032079703018,0.018404472466528033
dpo,251,94,3,0.0029134264300098673,0.018404472466528033
dpo,251,94,4,0.9955631020854977,0.018404472466528033
dpo,612,94,1,2.7015440859241714e-07,0.35318261168335235
dpo,612,94,2,0.03678473986437018,0.35318261168335235
dpo,612,94,3,0.5048175130605471,0.35318261168335235
dpo,612,94,4,0.4583974769206741,0.35318261168335235
dpo,737,94,1,0.953648004326597,0.31390695569569377
dpo,737,94,2,0.017397016739462316,0.31390695569569377
dpo,737,94,3,0.0005197213267154604,0.31390695569569377
dpo,737,94,4,0.028435257607225223,0.31390695569569377
dpo,867,94,1,1.4893024699120468e-05,0.06043642379654219
dpo,867,94,2,0.9754114315306355,0.06043642379654219
dpo,867,94,3,0.015147905358262482,0.06043642379654219
dpo,867,94,4,0.009425770086402947,0.06043642379654219
dpo,945,94,1,0.10437996782611415,0.5596306224132873
dpo,945,94,2,0.34703219408222696,0.5596306224132873
dpo,945,94,3,0.5485050489256647,0.5596306224132873
dpo,945,94,4,8.278916599423544e-05,0.5596306224132873
dpo,54,95,1,0.00023010694108581905,0.05123052998666876
dpo,54,95,2,0.0014627861586413147,0.05123052998666876
dpo,54,95,3,0.009778276805552995,0.05123052998666876
dpo,54,95,4,0.9885288300947198,0.05123052998666876
dpo,251,95,1,0.001314048664631947,0.017319368014069095
dpo,251,95,2,0.0013407482498744602,0.017319368014069095
dpo,251,95,3,0.0010659000817264963,0.017319368014069095
dpo,251,95,4,0.996279303003767,0.017319368014069095
dpo,612,95,1,5.4929290133579877e-08,0.3925191316641677
dpo,612,95,2,0.022804166384543648,0.3925191316641677
dpo,612,95,3,0.5633784570125432,0.3925191316641677
dpo,612,95,4,0.41381732167362306,0.3925191316641677
dpo,737,95,1,0.9347907997530503,0.38325329676527886
dpo,737,95,2,0.023086326850848733,0.38325329676527886
dpo,737,95,3,0.004083615255256231,0.38325329676527886
dpo,737,95,4,0.03803925814084472,0.38325329676527886
dpo,867,95,1,1.6858433988545994e-05,0.18048117377040943
dpo,867,95,2,0.9269930062336458,0.18048117377040943
dpo,867,95,3,0.061234248018322446,0.18048117377040943
dpo,867,95,4,0.011755887314043293,0.18048117377040943
dpo,945,95,1,0.06556112292058075,0.4780525811626595
dpo,945,95,2,0.3549545266349524,0.4780525811626595
dpo,945,95,3,0.5791912791305776,0.4780525811626595
dpo,945,95,4,0.00029307131388933743,0.4780525811626595
dpo,54,96,1,0.004118169011250007,0.026984715366694938
dpo,54,96,2,0.0035306425967619403,0.026984715366694938
dpo,54,96,3,0.00414184040975599,0.026984715366694938
dpo,54,96,4,0.9882093479822321,0.026984715366694938
dpo,251,96,1,0.0005320439615758378,0.03200805361554417
dpo,251,96,2,0.003501585130190251,0.03200805361554417
dpo,251,96,3,0.0007522740097036087,0.03200805361554417
dpo,251,96,4,0.9952140968985304,0.03200805361554417
dpo,612,96,1,1.402400601363677e-07,0.3347414324353273
dpo,612,96,2,0.022736580451311335,0.3347414324353273
dpo,612,96,3,0.496762509585108,0.3347414324353273
dpo,612,96,4,0.4805007697235206,0.3347414324353273
dpo,737,96,1,0.9741221657959209,0.14625889545876686
dpo,737,96,2,0.016263316634251408,0.14625889545876686
dpo,737,96,3,0.0018896306528462924,0.14625889545876686
dpo,737,96,4,0.007724886916981496,0.14625889545876686
dpo,867,96,1,4.21467704709344e-06,0.13572943620735556
dpo,867,96,2,0.9476900072448414,0.13572943620735556
dpo,867,96,3,0.04240124740747012,0.13572943620735556
dpo,867,96,4,0.009904530670641244,0.13572943620735556
dpo,945,96,1,0.10924917673257059,0.5667494116645188
dpo,945,96,2,0.3436886330270658,0.5667494116645188
dpo,945,96,3,0.5469318884105956,0.5667494116645188
dpo,945,96,4,0.00013030182976791295,0.5667494116645188
dpo,54,97,1,0.0015669014122183383,0.01908098205576428
dpo,54,97,2,0.0015514728750464478,0.01908098205576428
dpo,54,97,3,0.0028763768332987754,0.01908098205576428
dpo,54,97,4,0.9940052488794363,0.01908098205576428
dpo,251,97,1,0.001299855497150092,0.04211167284926551
dpo,251,97,2,0.00486721416429986,0.04211167284926551
dpo,251,97,3,0.0008104368179079245,0.04211167284926551
dpo,251,97,4,0.9930224935206422,0.04211167284926551
dpo,612,97,1,3.921451881027923e-08,0.35927411462659936
dpo,612,97,2,0.03346065084332858,0.35927411462659936
dpo,612,97,3,0.5151426155214232,0.35927411462659936
dpo,612,97,4,0.4513966944207294,0.35927411462659936
dpo,737,97,1,0.9552975741309901,0.17897471807649937
dpo,737,97,2,0.02813492888567457,0.17897471807649937
dpo,737,97,3,0.008267198017502402,0.17897471807649937
dpo,737,97,4,0.00830029896583285,0.17897471807649937
dpo,867,97,1,5.1707653022802165e-06,0.2810787154090401
dpo,867,97,2,0.8765477089743298,0.2810787154090401
dpo,867,97,3,0.1114286329326593,0.2810787154090401
dpo,867,97,4,0.01201848732770859,0.2810787154090401
dpo,945,97,1,0.01947600773518093,0.3674439603309129
dpo,945,97,2,0.38114158292748856,0.3674439603309129
dpo,945,97,3,0.5991625770389565,0.3674439603309129
dpo,945,97,4,0.00021983229837406611,0.3674439603309129
dpo,54,98,1,0.00936832151441343,0.010225528862928341
dpo,54,98,2,0.0037858588640744886,0.010225528862928341
dpo,54,98,3,0.0008814813891255045,0.010225528862928341
dpo,54,98,4,0.9859643382323867,0.010225528862928341
dpo,251,98,1,0.0007391860406242273,0.07375931962360731
dpo,251,98,2,0.010479999459935104,0.07375931962360731
dpo,251,98,3,0.0003236942135348087,0.07375931962360731
dpo,251,98,4,0.9884571202859058,0.07375931962360731
dpo,612,98,1,3.8920542189954633e-07,0.3225694926822611
dpo,612,98,2,0.019435161820126813,0.3225694926822611
dpo,612,98,3,0.4850531247572878,0.3225694926822611
dpo,612,98,4,0.49551132421716354,0.3225694926822611
dpo,737,98,1,0.9688378238984336,0.11646226621432958
dpo,737,98,2,0.019084052661047245,0.11646226621432958
dpo,737,98,3,0.007709492536538826,0.11646226621432958
dpo,737,98,4,0.004368630903980082,0.11646226621432958
dpo,867,98,1,3.0037422775225982e-06,0.3196032930461267
dpo,867,98,2,0.8586413709301391,0.3196032930461267
dpo,867,98,3,0.13486409710931938,0.3196032930461267
dpo,867,98,4,0.0064915282182640794,0.3196032930461267
dpo,945,98,1,0.06342001750952009,0.47274240505148124
dpo,945,98,2,0.35531413223744285,0.47274240505148124
dpo,945,98,3,0.581047845400399,0.47274240505148124
dpo,945,98,4,0.00021800485263818848,0.47274240505148124
dpo,54,99,1,0.007284253546447373,0.007250842622474096
dpo,54,99,2,0.0014871947859395774,0.007250842622474096
dpo,54,99,3,0.0005965313755100344,0.007250842622474096
dpo,54,99,4,0.9906320202921031,0.007250842622474096
dpo,251,99,1,0.0011116635425762191,0.12399517553809072
dpo,251,99,2,0.020507600088060962,0.12399517553809072
dpo,251,99,3,0.00013864402449463223,0.12399517553809072
dpo,251,99,4,0.9782420923448683,0.12399517553809072
dpo,612,99,1,2.9175474754380993e-08,0.36503208643464313
dpo,612,99,2,0.03381591932341306,0.36503208643464313
dpo,612,99,3,0.5213842668954122,0.36503208643464313
dpo,612,99,4,0.4447997846057,0.36503208643464313
dpo,737,99,1,0.9300543066457552,0.1376136227709205
dpo,737,99,2,0.026121132398212548,0.1376136227709205
dpo,737,99,3,0.03983794813515396,0.1376136227709205
dpo,737,99,4,0.00398661282087845,0.1376136227709205
dpo,867,99,1,2.0750461523200664e-06,0.4117361955249669
dpo,867,99,2,0.7958810340220074,0.4117361955249669
dpo,867,99,3,0.1936530475772691,0.4117361955249669
dpo,867,99,4,0.010463843354571107,0.4117361955249669
dpo,945,99,1,0.013901235048612908,0.3167591581208022
dpo,945,99,2,0.344060359316741,0.3167591581208022
dpo,945,99,3,0.6417872701863973,0.3167591581208022
dpo,945,99,4,0.0002511354482488536,0.3167591581208022
dpo,54,100,1,0.02899787356956455,0.011402014191493533
dpo,54,100,2,0.002122427183574177,0.011402014191493533
dpo,54,100,3,0.000368743760796035,0.011402014191493533
dpo,54,100,4,0.9685109554860653,0.011402014191493533
dpo,251,100,1,0.0007706684921033993,0.15134090581398427
dpo,251,100,2,0.026716855457308578,0.15134090581398427
dpo,251,100,3,0.00016967906106646582,0.15134090581398427
dpo,251,100,4,0.9723427969895215,0.15134090581398427
dpo,612,100,1,1.8761378747129008e-07,0.27973823556480115
dpo,612,100,2,0.010784307210922635,0.27973823556480115
dpo,612,100,3,0.4378903500943508,0.27973823556480115
dpo,612,100,4,0.551325155080939,0.27973823556480115
dpo,737,100,1,0.923443869965258,0.11426001663978386
dpo,737,100,2,0.037107157015308354,0.11426001663978386
dpo,737,100,3,0.03847312098017089,0.11426001663978386
dpo,737,100,4,0.0009758520392629214,0.11426001663978386
dpo,867,100,1,3.476596872632564e-06,0.46421315423677145
dpo,867,100,2,0.7563596415864604,0.46421315423677145
dpo,867,100,3,0.2330070490965885,0.46421315423677145
dpo,867,100,4,0.01062983272007836,0.46421315423677145
dpo,945,100,1,0.041855347165406454,0.44246147444953776
dpo,945,100,2,0.3839648609622923,0.44246147444953776
dpo,945,100,3,0.5735000425166213,0.44246147444953776
dpo,945,100,4,0.0006797493556799574,0.44246147444953776
