method,arm,prompt_id,step,mode_real,mode_imag,amplitude,phase_turns,relative_sequence_entropy
ipo,ordinary,54,0,2.5394596136767005,0.0,2.5394596136767005,0.0,1.3862943611198906
ipo,ordinary,54,1,2.5602532560353533,0.10278774555515358,2.56231576033789,0.006386242021326297,1.3697225581141481
ipo,ordinary,54,2,2.2316221993711034,0.23866229815948398,2.2443478636986485,0.016956479792243833,1.3103973823808144
ipo,ordinary,54,3,2.218954965528371,0.704406149735153,2.328078427121328,0.048922263660899946,1.1966056259015834
ipo,ordinary,54,4,2.1512593340146244,0.9280490458093384,2.342902420847413,0.06482020091107628,1.1257941486043181
ipo,ordinary,54,5,1.8066039346394085,0.9876530406653554,2.0589502921124914,0.07962501211949313,0.8947798583178044
ipo,ordinary,54,6,1.6009440458613673,1.2949053151059504,2.05907785502846,0.10824241230585671,0.8034338352378059
ipo,ordinary,54,7,1.0977076543972601,1.7058149226054138,2.0284887588314726,0.15899540240164506,0.5857778005512595
ipo,ordinary,54,8,1.1602718502180491,1.7158736888392503,2.0713409382473063,0.15537079650059796,0.8306581794522624
ipo,ordinary,54,9,0.4131392910602224,2.096029112165671,2.1363572062891905,0.2190266911581582,0.6270504119761445
ipo,ordinary,54,10,0.28643821043358103,2.234885181799671,2.2531663552041916,0.22971221603711917,0.612881523669651
ipo,ordinary,54,11,-0.05756196089624947,2.044489124125872,2.0452992832373447,0.25447977491341456,0.6056930092133106
ipo,ordinary,54,12,0.022542706801035692,2.012240953777195,2.012367220386993,0.2482170956560756,0.7073054895629409
ipo,ordinary,54,13,0.23537864263709374,1.7329407963874208,1.748853026755979,0.2285140854506931,0.7301335913293621
ipo,ordinary,54,14,0.0004220598796293301,1.9142629801704103,1.9142630266986411,0.24996490925451148,0.728837695871057
ipo,ordinary,54,15,0.3685751208800581,1.6114927109811523,1.6531050714570847,0.21421415110314718,0.9501152737133377
ipo,ordinary,54,16,0.019301684923304217,1.9964826933805044,1.9965759940479981,0.24846136263942994,0.7838233340786134
ipo,ordinary,54,17,-0.5500368192064263,2.156258448926707,2.2253069453561976,0.2897508749293137,0.5291643394959851
ipo,ordinary,54,18,-0.9667714167149463,2.052994465481058,2.269236269645116,0.32004477492433764,0.7058333833112692
ipo,ordinary,54,19,-0.728218898526053,1.969670702686216,2.0999774858771483,0.3063615638354856,0.8457972591307775
ipo,ordinary,54,20,-0.9733821734740276,1.943454835096457,2.173589094492521,0.3239001819653361,0.7621183376252069
ipo,ordinary,54,21,-1.038011421138514,1.75483081041354,2.03884743999904,0.3350139335044026,0.7976047536640017
ipo,ordinary,54,22,-1.0986794591077973,1.650243579465705,1.9825237515432657,0.3434844670986439,0.76963947310421
ipo,ordinary,54,23,-1.2453994784442126,1.8024592740693182,2.19086268296021,0.34622867810126573,0.7670683442607098
ipo,ordinary,54,24,-0.7027157659056931,1.590698287497735,1.7390027284339296,0.316206088847274,0.7956889943531045
ipo,ordinary,54,25,-0.7137619259791196,1.5833101637039892,1.7367576576672334,0.31740562009385764,0.8213123136015921
ipo,ordinary,54,26,-0.8591075662907521,1.6101989584670036,1.825049724338009,0.328004891110918,0.7716861117128536
ipo,ordinary,54,27,-1.1900979422375886,1.5467429651827473,1.95160111510023,0.3543763114056195,0.7246909653097446
ipo,ordinary,54,28,-1.1880660453325707,1.4024799360789568,1.8380562829185096,0.36185704678426467,0.7080018449196466
ipo,ordinary,54,29,-0.6791217915597783,0.9897700322538286,1.2003545828292188,0.34571004248267023,0.6267992704629475
ipo,ordinary,54,30,-0.4662942450654891,0.9847497652139523,1.0895698339574793,0.320384108141523,0.6977941178154736
ipo,ordinary,54,31,-0.7182444201337902,1.1461427213233297,1.35259683006274,0.3390939464951125,0.7625777419305338
ipo,ordinary,54,32,-0.5259009080647772,1.0149850720394107,1.1431388636408986,0.3260842412130712,0.7434661662694703
ipo,ordinary,54,33,-0.32845346560732985,0.9908590174647334,1.0438789544581508,0.3009430824939297,0.8081091481665086
ipo,ordinary,54,34,-0.28822599613194294,0.7740209687668611,0.8259435119528701,0.30673352427947026,0.792222636255557
ipo,ordinary,54,35,-0.16519332542415835,0.7549582115392636,0.7728199893476199,0.2842845404574076,0.8102088528280695
ipo,ordinary,54,36,-0.21280925646173926,0.7171210648410183,0.7480310162516753,0.29591255185730536,0.8065611962135536
ipo,ordinary,54,37,-0.3205527619166911,0.646842220022549,0.7219133817682828,0.32322620439561994,0.775571931287349
ipo,ordinary,54,38,-0.6473861584636498,0.7442597166304371,0.9864235216017208,0.36393894290783707,0.7437068795032777
ipo,ordinary,54,39,-0.8451646114333489,0.8292670721641964,1.1840553607813538,0.37651101771547413,0.7167786012032458
ipo,ordinary,54,40,-0.9698091422646204,0.615558844551226,1.1486698670746436,0.40998838932314574,0.6660768466359168
ipo,ordinary,54,41,-0.43099936593791327,0.3471493281420247,0.5534194697228698,0.392083949916229,0.5636498800490378
ipo,ordinary,54,42,-0.22444576377288802,0.20316193327474463,0.3027386199471862,0.3829152774586518,0.5636268469719601
ipo,ordinary,54,43,-0.13135791127302732,0.2718618518187477,0.3019333822688893,0.32163570401390745,0.7369567380546446
ipo,ordinary,54,44,-0.05983799144406368,0.4263207700148026,0.43049969124968496,0.2721938547862515,0.7848069333628405
ipo,ordinary,54,45,-0.03364525303432439,0.4139927603979779,0.4153576876785613,0.26290618129406,0.7452914918876119
ipo,ordinary,54,46,0.06251456054303497,0.1781258125853123,0.1887773169347064,0.19628084193282416,0.6949302099530619
ipo,ordinary,54,47,0.26498639923304124,0.18682148490381484,0.32422223705378234,0.09773531617996732,0.7103233448317191
ipo,ordinary,54,48,0.17581213782577082,-0.04385075959887125,0.1811982254997709,-0.038902414539382445,0.5790510581460169
ipo,ordinary,54,49,0.05506016248705567,0.14361937780554168,0.15381205146005916,0.1917344335914118,0.7091752164125393
ipo,ordinary,54,50,0.12885824335738394,0.30079441015471275,0.32723343970546825,0.18558345302650828,0.7851446034337675
ipo,ordinary,54,51,0.06430774602699567,0.4262050013729226,0.431029221044659,0.22616576550610507,0.8220401735161071
ipo,ordinary,54,52,-0.02425357038995432,0.6920577552906237,0.6924826151857947,0.2555753966241133,0.8163765958889542
ipo,ordinary,54,53,-0.2253168010959511,0.8351196447221053,0.8649812031812529,0.2919416425259631,0.8153035106331732
ipo,ordinary,54,54,-0.4489682738103353,0.8148380880173136,0.93034059385364,0.3301509972705461,0.788089212442586
ipo,ordinary,54,55,-0.4374526383070833,0.8036564133508153,0.9150018805891736,0.32933524303335476,0.7703095575490106
ipo,ordinary,54,56,-0.6704526522871221,0.6698520506453729,0.9477386394532239,0.37507131864381754,0.7323541536907543
ipo,ordinary,54,57,-0.9737266330725027,0.7358183087154717,1.2204802904576584,0.39700740658232836,0.7440061718372986
ipo,ordinary,54,58,-0.47222148899971206,0.48891316944610635,0.6797273143922806,0.3722362910824599,0.7657408106165446
ipo,ordinary,54,59,-0.31424614079893365,0.3605044608360862,0.47824063324830574,0.3641059916943698,0.776999307952643
ipo,ordinary,54,60,-0.45649360494388624,0.23482698179414596,0.5133518508130783,0.42438346695439116,0.7528910317653992
ipo,ordinary,54,61,-0.3989076398081608,0.2057535964496689,0.44884501506565777,0.42421014614328806,0.7448717566397794
ipo,ordinary,54,62,-0.17845973091126954,-0.0011707343285107807,0.17846357100481514,0.5010440757787835,0.7657360230801628
ipo,ordinary,54,63,-0.10466019911610666,0.14436168877918484,0.17830887377301588,0.34983773611262375,0.7904818171590127
ipo,ordinary,54,64,-0.033578090554375134,0.17096573289324132,0.174231943078762,0.2808655556857864,0.8005492412666534
ipo,ordinary,54,65,0.06384497195147754,0.3374439115802095,0.3434305954716865,0.22023939793323852,0.8150381428754216
ipo,ordinary,54,66,0.24289140248546542,0.2679348468865858,0.36164252457018176,0.13279638733871854,0.8450823846634511
ipo,ordinary,54,67,0.0012929352198242441,0.5047501644776388,0.5047518204243409,0.24959231993221573,0.8078246435108403
ipo,ordinary,54,68,0.009902868736177677,0.8283804623953005,0.828439652169944,0.24809747391629552,0.7430545646364332
ipo,ordinary,54,69,-0.027079483525887894,0.8284132499131313,0.8288557239107812,0.25520066474229935,0.7455545254607027
ipo,ordinary,54,70,-0.3979081385016116,0.8567779228725548,0.944668881570483,0.31919800433093143,0.621196380612561
ipo,ordinary,54,71,-0.7553276009449109,0.7323985888463999,1.0521062102722294,0.37745272062903157,0.5818182440700812
ipo,ordinary,54,72,-0.6977353621352418,0.4199391666731313,0.8143608163953623,0.4137720489409185,0.7263795982017394
ipo,ordinary,54,73,-0.6328703058507026,0.043264461445115476,0.6343474108496839,0.4891367059215334,0.7269560086963386
ipo,ordinary,54,74,-0.36783516801458926,-0.0977261402585623,0.38059572950593823,0.5413293912422975,0.7596708822089158
ipo,ordinary,54,75,-0.2364987512522606,-0.08849551131772138,0.2525135934306579,0.5569870994410347,0.7827728692678917
ipo,ordinary,54,76,0.02005009580339767,-0.24532027474051699,0.24613826102515668,0.7629789309896288,0.7590057699945333
ipo,ordinary,54,77,-0.04676972466206446,-0.14170456948585303,0.1492232962983202,0.6992624408254772,0.7862445940670704
ipo,ordinary,54,78,0.16074605069053682,0.0016484996387502726,0.16075450340088018,1.0016321251304614,0.7952175415484257
ipo,ordinary,54,79,0.25015449742520296,0.023924065178985612,0.2512959081973764,1.0151749729452044,0.8325205985660186
ipo,ordinary,54,80,0.2823290926367438,0.0958586080529295,0.29815866461824014,1.0520938445459902,0.8501221938914629
ipo,ordinary,54,81,0.0343687704678588,0.34897298625485096,0.35066131454596006,1.234375934393349,0.8083402652077403
ipo,ordinary,54,82,-0.19118739355825348,0.34900659391738986,0.39794248586123143,1.3297614654440884,0.7904698254012417
ipo,ordinary,54,83,-0.060260846782744244,0.3029759939423603,0.3089107032142695,1.2812475616431012,0.8055772892245521
ipo,ordinary,54,84,-0.04160076793069335,0.2531403798182253,0.25653591519890306,1.2759236034249215,0.7952603553745617
ipo,ordinary,54,85,0.06761047345784024,0.24701704181938272,0.2561027041450207,1.2074794651145115,0.8072373165897031
ipo,ordinary,54,86,-0.04954410395943841,0.1193904252400396,0.1292621053369514,1.3126034821344605,0.7705272526628557
ipo,ordinary,54,87,-0.06504972630731382,0.20505048292029807,0.2151212854147722,1.2988916262455767,0.7740635137255798
ipo,ordinary,54,88,0.06902879427676857,0.19465690667623048,0.20653398208542617,1.1957627503496215,0.7955132991651842
ipo,ordinary,54,89,0.04288741533598947,0.09979455166182666,0.10861990119488533,1.1854001180722835,0.7856472583573624
ipo,ordinary,54,90,0.08159126043015796,0.1841099392692777,0.20137925294408804,1.1836075233359016,0.8209919961029817
ipo,ordinary,54,91,0.1598553086162196,0.2253545389436247,0.27629402439300144,1.1518055694802205,0.8265899552091698
ipo,ordinary,54,92,0.2127541514510456,0.2959055437699976,0.3644508468826385,1.1507891996701651,0.8362906659858288
ipo,ordinary,54,93,0.1342307131183,0.4352866828204679,0.45551331548605023,1.2023934548352073,0.8281611669093832
ipo,ordinary,54,94,0.19111272246864386,0.3421297347238143,0.3918887955422615,1.168923320409253,0.8403685884939213
ipo,ordinary,54,95,-0.0559978460549925,0.4536212316512851,0.4570645256062075,1.269548185226205,0.8120737554146434
ipo,ordinary,54,96,-0.09253048215069562,0.2985894626125578,0.3125980763061351,1.2978271943598223,0.7990598072665702
ipo,ordinary,54,97,-0.19741128765843047,0.30047936058702174,0.35952616404615817,1.342512298591118,0.7900445165179819
ipo,ordinary,54,98,0.0144225138410818,0.3152637829589151,0.3155935071433855,1.2427241402341926,0.8064503709889403
ipo,ordinary,54,99,-0.2426297813843484,0.19996862047565012,0.3144147897118571,1.3902933766907812,0.7747951802003779
ipo,ordinary,54,100,-0.17190920067674412,0.10752027070100889,0.2027643506362381,1.4110448918532308,0.7581512876831155
ipo,ordinary,251,0,1.4355575677096284,-1.1102230246251565e-16,1.4355575677096284,0.0,1.3862943611198906
ipo,ordinary,251,1,1.2501764675611453,0.29506305765928037,1.2845245844431734,0.036888238367970935,1.2730366132934368
ipo,ordinary,251,2,1.271997542830531,0.34895112378083537,1.3189937967082395,0.04261312531062901,1.3272494729818818
ipo,ordinary,251,3,1.02107999675783,0.8079281423662423,1.3020569277133536,0.10653543993297006,1.174796967634093
ipo,ordinary,251,4,0.999636391187823,0.9564477061566967,1.3834974265243216,0.1214865641031756,1.0596321307742775
ipo,ordinary,251,5,0.7892529823373795,1.009132675103117,1.2811202231208518,0.1443629829140016,1.0789454511501475
ipo,ordinary,251,6,0.8506359599374693,1.0060547106719595,1.3174701579937136,0.13829146035090406,1.0850750424558826
ipo,ordinary,251,7,0.6548324027088821,1.1732264347401267,1.3436017798479265,0.16897798845421516,0.9843101995308144
ipo,ordinary,251,8,0.21056531469796672,1.112710145133326,1.132458219466167,0.22023406354922015,1.008753114188492
ipo,ordinary,251,9,-0.5297567876995779,1.1545731298080322,1.2703075872356626,0.3184645584260516,0.9615306520536306
ipo,ordinary,251,10,-0.4770132917841555,0.8809509686860919,1.001806513138999,0.3289845994678867,0.9940003403372122
ipo,ordinary,251,11,-0.442585523976698,0.9897405444936456,1.0841901546538346,0.3169247708891362,1.0411663381066758
ipo,ordinary,251,12,-0.17394011968782713,0.7973993067668177,0.8161499982657705,0.28418170986007796,1.0981029406490344
ipo,ordinary,251,13,-0.5036169218823864,0.834420185565209,0.9746214906746965,0.33642559158943447,1.1260456499000955
ipo,ordinary,251,14,-0.38985772623429427,0.8639660981434496,0.9478536097129084,0.31746358925824314,1.0357672288701754
ipo,ordinary,251,15,-0.24811032819659506,0.9034750996404365,0.9369236845272506,0.29265524862097386,1.0434608121001374
ipo,ordinary,251,16,-0.09980922755394017,0.6128180244691585,0.6208927548451474,0.27569582952219435,1.1548593835838292
ipo,ordinary,251,17,-0.5765666627076196,0.5374428544466389,0.7882093239372095,0.38058719584343664,1.0265645535745538
ipo,ordinary,251,18,-0.8826447587068343,0.44714925920378906,0.9894464260783113,0.4253698690804973,1.0275863610364968
ipo,ordinary,251,19,-1.563183429449906,0.5924934040655185,1.6717029843748905,0.44233830336892094,0.6938840704723452
ipo,ordinary,251,20,-1.6672871204570145,0.17359251883693522,1.6762997060901714,0.48348879496831904,0.6063771381827631
ipo,ordinary,251,21,-1.5943102038056804,-0.5364285813125116,1.6821357403039339,0.5516562573523466,0.7767856170816556
ipo,ordinary,251,22,-1.2824235740959375,-1.1760822491281608,1.7400516314498695,0.6181201284573399,0.7433081002659954
ipo,ordinary,251,23,-0.7318503708263046,-1.243394842006834,1.442787475135475,0.6653314949183106,0.5991143788499012
ipo,ordinary,251,24,-0.06987658319178613,-1.304153119693059,1.3060237733225597,0.7414806172540866,0.7224801323793857
ipo,ordinary,251,25,0.7546991752140498,-1.3587344044661136,1.5542618913647248,0.83069351381686,0.7050892695585254
ipo,ordinary,251,26,1.2893305865051832,-1.0066353047735204,1.635753037018204,0.8944981260893039,0.9482365724718689
ipo,ordinary,251,27,1.5129849623257008,-0.419160323345068,1.5699741631283124,0.9569862098233302,1.1979341831397465
ipo,ordinary,251,28,1.7507677685623402,-0.11400726752670996,1.754475829552993,0.9896506901776302,1.0948563863422585
ipo,ordinary,251,29,1.6608193436758385,-0.08925367302019432,1.6632158941266282,0.9914551141317471,1.2414678459579904
ipo,ordinary,251,30,1.6096659072988144,0.219780967128016,1.6246008761021402,1.0215971883611308,1.3290250955594713
ipo,ordinary,251,31,1.4622752251196265,0.6523068651853214,1.601172408070585,1.0667810806321159,1.1501624582848646
ipo,ordinary,251,32,1.1438850634745994,0.9045690496530292,1.458327193749905,1.1064902142954827,1.115600850118005
ipo,ordinary,251,33,0.5830504624299826,1.1727512208210567,1.3096920507039413,1.1765696070994942,0.9953368516608518
ipo,ordinary,251,34,0.12390774623805006,1.2239081508067826,1.2301643350337674,1.233941959249042,0.9689735682333825
ipo,ordinary,251,35,-0.03612713180800586,1.1900483847637406,1.1905966267932482,1.2548300945858704,0.9829963679053708
ipo,ordinary,251,36,-0.772725223482564,1.153808050150118,1.3886602491601017,1.3439191804594695,0.9307289636698807
ipo,ordinary,251,37,-0.9602041046374856,1.0426327703667433,1.4174184337750464,1.368453520712388,1.0472771821410531
ipo,ordinary,251,38,-1.3148985804527369,0.9738994948269883,1.6362880256546786,1.3985387304796695,0.8254564808624676
ipo,ordinary,251,39,-1.2975836789408897,0.39606646600489503,1.3566842113577426,1.4528501012833237,0.6818970784327776
ipo,ordinary,251,40,-1.1215587039857822,-0.07651806440452458,1.1241658866317206,1.5108415063269196,0.8000430564227381
ipo,ordinary,251,41,-0.9680408213555285,-0.5609223096687013,1.1188104706762252,1.58358264146587,0.8395560793600554
ipo,ordinary,251,42,-0.6519421512020033,-0.8992632362562367,1.1107218088234048,1.6501635491955025,0.7705789427164361
ipo,ordinary,251,43,0.03948709444887136,-0.9143015648207543,0.9151538570435541,1.7568693563481315,0.8547183245436928
ipo,ordinary,251,44,0.11591984719184117,-0.9776219032500515,0.9844704143280453,1.7687838219796586,0.9844280257703681
ipo,ordinary,251,45,0.5006287459114819,-0.8575419980100734,0.9929790630139247,1.8341004717422456,1.0763124289045019
ipo,ordinary,251,46,0.6019602139485676,-0.5878216802267086,0.841362244768302,1.8768911967227464,1.1646054722344252
ipo,ordinary,251,47,0.655565065808162,-0.3185073659271426,0.7288432600071888,1.9280197902825373,1.2144877492161235
ipo,ordinary,251,48,0.8395788522088123,0.06815303566829799,0.8423404806532042,2.012891179090597,1.2875426219695036
ipo,ordinary,251,49,0.8237152478544801,0.6506828253717908,1.0497118408314654,2.1064069416005156,1.1987222375468234
ipo,ordinary,251,50,0.7668816063181931,0.934517154950412,1.2088960712177803,2.1406307807386358,1.1049005704877262
ipo,ordinary,251,51,0.38145049894984523,1.0104886843438985,1.0800888224290393,2.19255256655068,1.0003191104681348
ipo,ordinary,251,52,0.034512798812578016,1.0307425414197684,1.0313201830539147,2.244672936328804,0.9713461533767334
ipo,ordinary,251,53,-0.047811357601795494,0.8128128830980388,0.8142178509747086,2.2593510523043663,1.0134507216233024
ipo,ordinary,251,54,-0.1808987485520342,0.8194261682221314,0.8391564826627373,2.284580819283802,0.9202604332821216
ipo,ordinary,251,55,-0.516620217848963,0.6005422445084174,0.7921789172462985,2.3630665827529147,0.8586408278004893
ipo,ordinary,251,56,-0.53615875094298,0.3857790046666321,0.6605237669110128,2.400733567440403,0.8253391123439456
ipo,ordinary,251,57,-0.45554253169113823,0.049279017658867996,0.4582001961599261,2.4828498584083594,0.8573790422392575
ipo,ordinary,251,58,-0.4640505830154982,-0.1871557795382522,0.5003700924431781,2.5610129561917834,0.6592215962551078
ipo,ordinary,251,59,-0.3225514910015533,-0.3483372479522622,0.4747402475652142,2.6311141458563587,0.8083545845303537
ipo,ordinary,251,60,-0.2912264655149278,-0.48078253593245407,0.5621073750396439,2.6633202038693606,0.7404783877392402
ipo,ordinary,251,61,-0.14078173558168303,-0.41856200383701175,0.44160349650953346,2.6983606395613733,0.8130177492693096
ipo,ordinary,251,62,-0.043914664044575336,-0.31183518613685285,0.314912179871077,2.727733192004464,0.8614211637409582
ipo,ordinary,251,63,-0.04659432669367511,-0.5342581712132267,0.5362861407757414,2.736154631755587,0.9006956389728857
ipo,ordinary,251,64,-0.010379812194562132,-0.5124871838797477,0.5125922884146704,2.74677694850835,0.7694921741936589
ipo,ordinary,251,65,0.19545106741176022,-0.5835553085385599,0.615416865121464,2.8014370049135646,0.8901653899607334
ipo,ordinary,251,66,0.3193931768430275,-0.4206217185405098,0.5281426242236592,2.8533630770992033,0.8878169813763594
ipo,ordinary,251,67,0.36929507695684827,-0.38104060517487676,0.5306324496830181,2.8725088400379573,0.9155373047497743
ipo,ordinary,251,68,0.3149991871428128,-0.11439890416479796,0.3351292245906636,2.9445566462955957,0.9375175606013222
ipo,ordinary,251,69,0.3332355486983696,0.46596272665145905,0.5728587902308612,3.1511926608079213,0.7913546566738318
ipo,ordinary,251,70,0.36923231066561724,0.5545301570576929,0.6662103228905272,3.1565068138169905,0.7769121122227466
ipo,ordinary,251,71,0.2912718584502046,0.556425311023577,0.6280512895239689,3.1732480547734734,0.9254133010764767
ipo,ordinary,251,72,0.1495088657685824,0.5469475441089512,0.5670136832125139,3.207532231896966,0.8292297794477912
ipo,ordinary,251,73,0.14036788508985293,0.4585412514253423,0.4795448075240906,3.2027213606360494,0.9391834672765391
ipo,ordinary,251,74,0.22790447058146213,0.6374968422399319,0.6770100971011445,3.1953557829206916,1.0077028902513767
ipo,ordinary,251,75,0.016033106241480993,0.7510276741000881,0.7511987937689587,3.24660284080706,0.976757693834191
ipo,ordinary,251,76,-0.12561404947754787,0.9128065992152654,0.9214091257400732,3.271765084413205,0.9236765544076924
ipo,ordinary,251,77,0.023493087174778188,0.7802669009252483,0.7806204979530662,3.2452094447670228,0.9119940384813557
ipo,ordinary,251,78,-0.1997770576530473,0.6774990170518234,0.7063397135024306,3.2956373172848656,0.9082315661516839
ipo,ordinary,251,79,-0.19377373881822396,0.5958883445460089,0.6266028894135234,3.300038138026303,0.8889663343506615
ipo,ordinary,251,80,-0.4045807254627539,0.6610052321436771,0.7749925679239026,3.337415285872052,0.841560810596557
ipo,ordinary,251,81,-0.532019290572634,0.427294463013494,0.6823672645016017,3.392305842746305,0.7253446237654975
ipo,ordinary,251,82,-0.4302025465636401,0.21661527420898244,0.481660054489132,3.425760734276404,0.7199667790171381
ipo,ordinary,251,83,-0.277072854290713,0.09294739160934248,0.292247470804767,3.448487106229308,0.8768866849175015
ipo,ordinary,251,84,-0.10740374636178561,-0.06587784381084277,0.12599783743268206,3.5875654217072346,0.9288334673438678
ipo,ordinary,251,85,-0.08427297755630611,-0.13454277449022273,0.15875670982271142,3.660939952701873,1.0226360107538057
ipo,ordinary,251,86,-0.11605261344878308,-0.10886799748947548,0.15912400813724215,3.6199178580586158,0.9604072742408792
ipo,ordinary,251,87,0.07144086766440291,-0.24271001116814428,0.25300582422917356,3.79556003730601,1.055495704709593
ipo,ordinary,251,88,0.2606260074772621,0.1771706794356209,0.3151434045402465,4.095020645705964,1.2087558964024252
ipo,ordinary,251,89,0.25551239749032295,0.14614412667736915,0.29435470275425146,4.0826890049978966,1.2022993080894744
ipo,ordinary,251,90,0.29140520754578425,0.12444813925146703,0.316866429821706,4.064237485260453,1.1893163729062413
ipo,ordinary,251,91,-0.2519714812074664,0.36791711697003426,0.4459289543205581,4.345571273447436,0.9579378088138861
ipo,ordinary,251,92,-0.2814919253588025,0.6253334570191594,0.685769375599216,4.317318735931584,1.0057929634836966
ipo,ordinary,251,93,-0.3134493033012476,0.3212295062723119,0.4488194084929826,4.373049098656734,0.9130359301981679
ipo,ordinary,251,94,-0.4367294522869884,0.46840384206629687,0.640417655719579,4.36943277640249,0.8300924383274336
ipo,ordinary,251,95,-0.5281688673211836,0.3674784765943687,0.6434304804463805,4.4032538037015945,0.7484694204655025
ipo,ordinary,251,96,-0.7927413847130456,0.3036354557991593,0.8489012858130914,4.4417838412537,0.7816817682510142
ipo,ordinary,251,97,-0.6254716525245914,-0.04403865539083175,0.6270200884186053,4.511187432610359,0.9517860249108618
ipo,ordinary,251,98,-0.433586159226783,-0.306603322744298,0.5310391275517063,4.597959478901475,0.9772282662881653
ipo,ordinary,251,99,-0.26731061002077317,-0.5268443976785704,0.5907791309744899,4.675271244937673,0.9675247136296099
ipo,ordinary,251,100,0.09102166108731144,-0.4326108035313733,0.44208262815807847,4.783004921656999,1.064637948426817
ipo,ordinary,612,0,2.3721554394408577,-1.1102230246251565e-16,2.3721554394408577,0.0,1.3862943611198906
ipo,ordinary,612,1,2.5128390603625936,1.0967319652122458,2.741747826989615,0.06549701983500113,1.112383287474953
ipo,ordinary,612,2,1.7227255020109054,1.939418519900487,2.594056157952584,0.13440640219339034,0.5703341764870984
ipo,ordinary,612,3,1.2794234766779122,2.3595507734731913,2.6841021376379346,0.1709223402698966,0.28680233659162013
ipo,ordinary,612,4,0.6936620504559745,2.51557468232873,2.609460293358777,0.2071776893231642,0.16473742853648163
ipo,ordinary,612,5,0.5563788972615341,2.1666722234608575,2.2369680375979395,0.20999503671959688,0.26461283433195165
ipo,ordinary,612,6,0.47989989749241474,1.7327941721511728,1.7980210106264884,0.20699958549451458,0.4440070586044605
ipo,ordinary,612,7,-0.03404718027674747,1.771415742089874,1.7717429107544405,0.25305863258913647,0.34992843745993546
ipo,ordinary,612,8,-0.5273894832893546,1.3591080426100404,1.4578457869649686,0.3089119137939141,0.5083091529935122
ipo,ordinary,612,9,-0.7858726545612137,1.0652003033420885,1.3237248639453616,0.35116329774927113,0.4805081120508663
ipo,ordinary,612,10,-1.5911960176253035,0.18530577182538355,1.6019497481439382,0.48154842225902683,0.7181775272733746
ipo,ordinary,612,11,-1.8823825574430777,-0.3239261543694629,1.9100503255282388,0.527122232107482,0.6822275082259577
ipo,ordinary,612,12,-1.7792201099086071,-0.27194079257845993,1.799882216749584,0.5241388585165393,0.7377632941254428
ipo,ordinary,612,13,-2.0867059691260845,-1.2295874645809413,2.42202954867215,0.5847462123520899,0.6861741179329044
ipo,ordinary,612,14,-1.7782893860410587,-1.1342789307384553,2.109242004423262,0.5903658316553365,0.7866503524699902
ipo,ordinary,612,15,-1.1975790201329435,-1.2901522948447204,1.7603091925442187,0.6309197306396382,0.5769994901070424
ipo,ordinary,612,16,-0.7459952659771559,-0.9531662201734983,1.210386211149219,0.6443097226014282,0.6834046038778794
ipo,ordinary,612,17,-0.394406980812921,-0.8365842002321886,0.9248945835024089,0.6798847280801467,0.8492612769518388
ipo,ordinary,612,18,0.05085100743093965,-0.7773916447263254,0.7790530111918205,0.760395887086571,1.0199257445797008
ipo,ordinary,612,19,0.18973027236697054,-0.19708701118027855,0.27357058728675504,0.8719734542447812,0.9517369734887999
ipo,ordinary,612,20,0.3704231303754842,-0.19406063341089405,0.4181779823914817,0.9231956885180138,0.987552900388775
ipo,ordinary,612,21,0.5486882162869335,-0.004026503104094595,0.5487029901680727,0.9988320755755353,0.9762943520810579
ipo,ordinary,612,22,0.7088094961460053,-0.05944483892530506,0.7112978213811775,0.9866835135728036,1.032707344639544
ipo,ordinary,612,23,0.9617421902444363,0.06556390713649266,0.9639744117014559,1.0108331525117789,1.0805140122034302
ipo,ordinary,612,24,0.9835579091096817,0.2672257246328797,1.0192132988132447,1.0422220647687641,0.8928817848869397
ipo,ordinary,612,25,0.9967061915089922,0.42157354455093543,1.0821956780811866,1.0636854013030101,0.8347843101954744
ipo,ordinary,612,26,0.9349770916234098,0.3891834332929578,1.012741776866277,1.0627763317924577,0.8147612325208136
ipo,ordinary,612,27,0.9357689253854056,0.3734296534544217,1.0075282565744974,1.060430708930044,0.8173451512555473
ipo,ordinary,612,28,0.982021860480317,0.6148714281083869,1.1586344581295995,1.0890328799058326,0.7507203333888081
ipo,ordinary,612,29,0.790048675968523,0.5606027398076696,0.968737499160367,1.0982187488873114,0.7467583721629439
ipo,ordinary,612,30,0.8080829656708112,0.7920864621920036,1.1315471899108662,1.1234090198496751,0.5964148967314191
ipo,ordinary,612,31,0.8872345744479252,0.9920654000139706,1.330931609062115,1.1338687657412043,0.5089912538625596
ipo,ordinary,612,32,0.5385637081483017,1.0205791517827514,1.1539638957905267,1.1727200266719187,0.4151021173095345
ipo,ordinary,612,33,0.40515557398592184,0.9301238605266442,1.0145350832045434,1.1846177471655857,0.3618184888309572
ipo,ordinary,612,34,0.7915848789367277,0.9666431353094754,1.24940208564025,1.1407942343035828,0.48648340959026026
ipo,ordinary,612,35,0.31767878284409384,0.8294978402424931,0.8882491069718369,1.1917897167473341,0.48862246879655963
ipo,ordinary,612,36,0.4088420510929392,0.736059078578307,0.8419826541559082,1.1693059290210257,0.5932518961520198
ipo,ordinary,612,37,0.37911323643574213,0.6782741550883913,0.7770345394521752,1.168881983107308,0.6558410950554029
ipo,ordinary,612,38,0.25698962188671026,0.6087280873903536,0.6607522607871972,1.1864215480853304,0.7612045443891302
ipo,ordinary,612,39,0.2686553000166322,0.7551996319801647,0.8015623209520286,1.1956040378308397,0.6087254763323349
ipo,ordinary,612,40,0.3022570691903148,0.7208357030628019,0.7816415077806211,1.186808264672723,0.6484398426357448
ipo,ordinary,612,41,0.0625246332017605,0.7726313506363454,0.7751571026205966,1.237148506215224,0.5320025199968059
ipo,ordinary,612,42,-0.34899520202064355,0.45711817819924583,0.5751127540523051,1.3537793989191749,0.6164191049263781
ipo,ordinary,612,43,-0.6634562649088425,0.07255006273045622,0.6674112128582987,1.4826650153450602,0.7273217033080797
ipo,ordinary,612,44,-0.9127882633341029,-0.28727984659014955,0.9569284842334601,1.5485284399513564,0.8006372744528916
ipo,ordinary,612,45,-0.6373512276997186,-0.34730876224398516,0.7258374224175739,1.5794085579553387,0.8447844314724922
ipo,ordinary,612,46,-0.5243826037380951,-0.33068303780933794,0.6199422445663435,1.589544741336618,0.8502304940130512
ipo,ordinary,612,47,-0.5840524578239648,-0.4384273299767182,0.7302984302055757,1.6024840259165691,0.8714308709577632
ipo,ordinary,612,48,-0.3225828906235861,-0.5277471407844002,0.6185279023044782,1.6626801174081023,0.945785559414372
ipo,ordinary,612,49,0.19443964415765363,-0.24694117801818896,0.31430354853416126,1.8561573111088685,0.9472987485236251
ipo,ordinary,612,50,0.6283964098271089,0.11669668037060324,0.6391401748389148,2.0292230518638084,0.818142173816133
ipo,ordinary,612,51,0.876634333477688,0.26353176045752236,0.9153888481960611,2.046476960770111,0.8431251225843175
ipo,ordinary,612,52,1.0384544140269325,0.2686940886734031,1.0726528251489624,2.0402966700108305,0.8744520842361374
ipo,ordinary,612,53,1.2201498375679751,0.6596240849273194,1.3870362502592928,2.078877940358489,0.7309525155394624
ipo,ordinary,612,54,1.1810595296222408,0.900877587961422,1.485423185830455,2.103709240034692,0.615544870952132
ipo,ordinary,612,55,0.9519057100664836,1.1315628023762943,1.4787017469993293,2.1386900362752455,0.44968372274688734
ipo,ordinary,612,56,0.772951943131438,1.1012937264099139,1.3454748523181321,2.1526016413963736,0.43367795073962145
ipo,ordinary,612,57,0.7740385568600386,1.0454650257412597,1.3008200519495936,2.1485683151123385,0.4350104993026013
ipo,ordinary,612,58,0.6376151654991019,1.122962136945215,1.2913547383608466,2.16781165338917,0.37404028594210526
ipo,ordinary,612,59,0.20379941308980554,0.6815890005220473,0.7114054866307911,2.203758342238903,0.49267493778789306
ipo,ordinary,612,60,0.1362356707595787,0.5408425934836891,0.5577372758866628,2.2107266693247105,0.5176191799466058
ipo,ordinary,612,61,0.23865120216585034,0.543908268434032,0.59396178392731,2.18419312466923,0.5258582954176259
ipo,ordinary,612,62,0.23765166910647706,0.5220257748328374,0.5735758236004362,2.182007361709966,0.5243167066665644
ipo,ordinary,612,63,0.32398608141177365,0.4319898083126109,0.539983495520486,2.147585097205354,0.6556688566136718
ipo,ordinary,612,64,0.06880841686412989,0.19414718821818122,0.20597992359541686,2.195791604754738,0.7306849763558985
ipo,ordinary,612,65,0.3887008099138509,0.16284539353207683,0.4214343861413075,2.063142070408681,0.8778422859896372
ipo,ordinary,612,66,0.3348845774468951,0.29226811178913303,0.4444865907770117,2.1142016561624177,0.8584418978090028
ipo,ordinary,612,67,0.2421064324968379,0.5202855305008915,0.5738576111762744,2.180682917063732,0.7142511143945973
ipo,ordinary,612,68,0.19400371971309033,0.7911778606324784,0.8146163823650374,2.211728937867138,0.5446223528957231
ipo,ordinary,612,69,-0.05181464686900866,0.5595397745877206,0.5619337300570568,2.2646961953196145,0.6537710024125292
ipo,ordinary,612,70,-0.04060001051000378,0.3959020177668642,0.3979783518299543,2.2662645861449677,0.738718478835322
ipo,ordinary,612,71,-0.14220807578417036,0.19519603660643847,0.24150492650274943,2.350207851794773,0.7920725467348607
ipo,ordinary,612,72,-0.09488188865231903,0.3794603064076331,0.3911428088731862,2.2889962017176737,0.6556966935653563
ipo,ordinary,612,73,-0.7394031379163799,0.07493208868847423,0.7431902974849757,2.4839259056888627,0.6986071633701006
ipo,ordinary,612,74,-0.5374314840839078,0.12616716287164048,0.5520423471724889,2.4633014064776284,0.6097305622617901
ipo,ordinary,612,75,-0.49366334948163465,0.062439884209937624,0.49759646478002334,2.479975978438604,0.6714797679953362
ipo,ordinary,612,76,-0.0854728014157588,0.15549604961818586,0.17743906342381055,2.3299906659499756,0.7157103900527766
ipo,ordinary,612,77,-0.4804716804877426,-0.22257931193679925,0.529522979532498,2.569044472162167,0.802481665614808
ipo,ordinary,612,78,-0.2376812585714087,-0.01049059531651908,0.23791265890276583,2.507020104050888,0.729173036943829
ipo,ordinary,612,79,0.013597653268408616,-0.008928085336450842,0.0162667415969767,2.9075319202208654,0.7798962473416191
ipo,ordinary,612,80,-0.10113997496104893,0.01113831357919648,0.10175144502418683,2.4825429777455046,0.7513336208588007
ipo,ordinary,612,81,-0.1362453624099277,-0.1055168822673794,0.17232704727244805,2.604878966796041,0.8359026775120714
ipo,ordinary,612,82,-0.09105077357080613,-0.24081392528315926,0.25745211200944773,2.6924683250444734,0.9008179296471377
ipo,ordinary,612,83,0.19161681951461224,-0.22731702682649269,0.29730461854154216,2.8614700109337683,0.9614541860735502
ipo,ordinary,612,84,0.39170622083520457,-0.07245672654847052,0.3983512779734965,2.9708890112274005,0.9368196450159141
ipo,ordinary,612,85,0.44546128275392805,-0.110005638014627,0.4588431048057497,2.9614679753868676,0.9844677208707904
ipo,ordinary,612,86,0.45388217981658574,-0.020460768204348105,0.4543431260518503,2.9928302335557917,0.9345303697196596
ipo,ordinary,612,87,0.5399523232511563,0.13181046808580643,0.5558079802245741,3.038106822605706,0.8945282883586974
ipo,ordinary,612,88,0.401082620263528,0.41987812806565983,0.58065903136469,3.1286431406600372,0.6946612999543007
ipo,ordinary,612,89,0.4858659452435682,0.33016239403736847,0.5874290792801397,3.094992882755371,0.7877445732045476
ipo,ordinary,612,90,0.3882692331265566,0.3559746754816,0.5267551299958215,3.1180982086328406,0.7760725564236696
ipo,ordinary,612,91,0.21732616996149223,0.4534163155253276,0.5028091281338225,3.178864490417602,0.6708595050897116
ipo,ordinary,612,92,-0.08497225307338915,0.26696897789959406,0.28016552063578776,3.299043051870722,0.6946608654186602
ipo,ordinary,612,93,-0.2257084361907878,0.24103734342363703,0.33021704845815464,3.369774896985709,0.6366873790939913
ipo,ordinary,612,94,-0.21620330665802362,0.16760451639631366,0.273560128173507,3.3950459516034224,0.7015286038716215
ipo,ordinary,612,95,-0.13938044333422392,0.1335576198608373,0.1930402699100287,3.378394874905088,0.7010893811163005
ipo,ordinary,612,96,-0.15832345133148126,0.11204686200841524,0.19396085823548206,3.401979529219636,0.6830741851698009
ipo,ordinary,612,97,-0.19333548825581978,0.1182674093971608,0.22664022402175626,3.412624978187696,0.6559108574969721
ipo,ordinary,612,98,-0.09298231526028261,-0.0036762572791665116,0.09305496127958579,3.5062892597503543,0.78551202767918
ipo,ordinary,612,99,-0.03402070930586448,0.013818633828615479,0.03672006675597813,3.438594018492162,0.7381647011069155
ipo,ordinary,612,100,0.11663395438734359,0.10343659479829104,0.15589293909441437,3.115467090873614,0.6919944078202469
ipo,ordinary,737,0,2.4045282897299964,1.6653345369377348e-16,2.4045282897299964,0.0,1.3862943611198906
ipo,ordinary,737,1,2.0808880260630094,0.42345367859684796,2.123536671435087,0.0319512177557401,1.2966956284399824
ipo,ordinary,737,2,2.002336741240868,1.042285992583717,2.2573684935471485,0.07638485272370137,1.0000936777043894
ipo,ordinary,737,3,0.9613663115741812,1.257934463514561,1.5832322317106269,0.14614283162691788,0.8796114263917869
ipo,ordinary,737,4,0.7700507914356777,1.2953443835208578,1.5069490015623437,0.16463762316997177,0.8541038958345899
ipo,ordinary,737,5,0.48639838543166936,1.4011968949014766,1.4832181658920154,0.19682373611699452,0.8093731850062154
ipo,ordinary,737,6,0.4050255109232218,1.5992476270161922,1.6497389602647865,0.21052248049151345,0.692233759423169
ipo,ordinary,737,7,-0.545637964172347,1.5404907468128093,1.634268193706905,0.30417782772011426,0.7840936554708355
ipo,ordinary,737,8,-0.3237267985057698,1.6507648916202269,1.6822080036299716,0.2808202987459704,0.7046041723537864
ipo,ordinary,737,9,-0.7916328916481346,1.6120149178397176,1.7959049892678005,0.32265239821931174,0.7754832103445102
ipo,ordinary,737,10,-1.4007245697799677,1.350457698787789,1.9457043240432206,0.3779075975898421,0.7251912596669519
ipo,ordinary,737,11,-1.4556937249506305,1.2465416666138665,1.9164838500402546,0.3872940251339653,0.8136505244241651
ipo,ordinary,737,12,-1.1614299063073215,1.3519788880586092,1.7823485464468578,0.36295702880749786,0.8895512756706518
ipo,ordinary,737,13,-1.2144087345985168,1.1368874590352118,1.663520865267614,0.3802453734845619,0.8811705203915712
ipo,ordinary,737,14,-1.4827914517547855,1.262446762738226,1.9474193996531133,0.3877471368707956,0.8462421849443889
ipo,ordinary,737,15,-1.9067689874260871,0.7980519349692478,2.0670401211195846,0.43691367402258285,0.6544296650396914
ipo,ordinary,737,16,-1.6251997501570272,0.7422066096918849,1.7866574600019964,0.43181795876281703,0.9163225673492519
ipo,ordinary,737,17,-1.6802670536038027,0.6600959151463572,1.805276706939773,0.44042369304953216,0.9515124129432502
ipo,ordinary,737,18,-1.0027037482293284,0.20857554726239994,1.024167254714265,0.46735915338149286,0.8878739115338672
ipo,ordinary,737,19,-0.722066456997559,0.44102759629427396,0.8461000585120609,0.4127334082351753,1.0895142452614854
ipo,ordinary,737,20,-0.593489891995811,0.24492164973189134,0.6420411718952225,0.4377083878684737,0.9928739633538852
ipo,ordinary,737,21,-0.17402660473824272,0.2983325441377541,0.3453803208760243,0.3340453751152803,1.0967023368245639
ipo,ordinary,737,22,-0.38685761818584113,0.35230976440380674,0.5232408497457819,0.3824333137982895,1.0920751376389264
ipo,ordinary,737,23,0.24281755092625318,0.30108253775500643,0.3867958861968654,0.14198461037186452,1.1226390180701808
ipo,ordinary,737,24,0.11485899451201009,0.4159805199399945,0.4315464999161251,0.20712306741422032,1.1068181082132278
ipo,ordinary,737,25,0.30581473600393816,0.38669066786525785,0.4930033725759263,0.14350347698377272,1.1256989128974637
ipo,ordinary,737,26,0.4799307144828302,0.5995684201940339,0.767994649198788,0.14256698412128885,1.0859845391974767
ipo,ordinary,737,27,0.19771707411501266,0.7634463229243029,0.7886332033228378,0.20966821245438338,1.0805524799453656
ipo,ordinary,737,28,-0.22447450433336302,0.6916195317143783,0.7271357368088333,0.2999487277799333,1.0557644753619342
ipo,ordinary,737,29,-0.6189321793577207,0.6991820806629525,0.93377332611543,0.36532221775818274,0.9497724853903562
ipo,ordinary,737,30,-0.9037618495156687,0.47231961266381917,1.0197407990008454,0.42335486377572756,0.628159787467549
ipo,ordinary,737,31,-0.9060058537259335,0.43114776432013546,1.0033618498148655,0.42930910044446524,0.6018932888634245
ipo,ordinary,737,32,-0.7940448552332784,0.32797001071480847,0.8591109125431418,0.43765988109023657,0.6245885414031929
ipo,ordinary,737,33,-0.6672399497052909,0.2706145711283098,0.7200287470578367,0.43867735899725546,0.9701868538868644
ipo,ordinary,737,34,-0.5508958469722436,0.20558726073069242,0.5880071053873543,0.443152975161802,0.9748980176694899
ipo,ordinary,737,35,-0.048393414882567154,0.0833466522428912,0.09637731602453822,0.3337240495857897,1.026904072332263
ipo,ordinary,737,36,-0.18280459953905154,0.22448665412510768,0.2895026415992067,0.35876864330696384,0.879529188377906
ipo,ordinary,737,37,-0.20635564941901335,0.2156415498929959,0.2984693151521546,0.37149841634413117,0.885196940253667
ipo,ordinary,737,38,-0.34372475674014935,0.3188162870343823,0.46881823052699695,0.38098067088309806,0.8494185982888052
ipo,ordinary,737,39,-0.24550803127538984,0.06601258989301696,0.2542279596053539,0.45819491052633565,0.8261270230600367
ipo,ordinary,737,40,-0.020822026947313638,0.030516208692535317,0.036943142789440955,0.34529657161101324,0.9110816336020615
ipo,ordinary,737,41,0.20598262481771662,0.2737904914390926,0.3426223503060711,0.14734587389439194,1.0020306949365534
ipo,ordinary,737,42,0.45188439971548733,0.31042345717663966,0.548235563851638,0.09579790413357725,1.072602432765821
ipo,ordinary,737,43,0.3766625419320305,0.35129906492084756,0.5150589320737585,0.11945700098486386,1.0345996809417597
ipo,ordinary,737,44,0.17042980994018272,0.5175421340885263,0.5448818043146173,0.19936935494165453,1.0430168328748688
ipo,ordinary,737,45,0.11938888874457063,0.4300430825518494,0.4463079201698758,0.2069006699641797,0.9658979183940626
ipo,ordinary,737,46,-0.21583154210531325,0.38741729642046807,0.4434810211647196,0.330895371647202,0.7140061092996588
ipo,ordinary,737,47,-0.3413314003127098,0.224902270679353,0.4087641816453153,0.4072756348087381,0.7043796907081996
ipo,ordinary,737,48,-0.45645229762046197,0.19195097383817356,0.495170552800166,0.4366441194812083,0.6857403447741973
ipo,ordinary,737,49,-0.47501864271388683,0.11811697933036941,0.4894837400076474,0.4612115853604195,0.6779297054908613
ipo,ordinary,737,50,-0.5924463768507605,0.07038039181259159,0.5966121931332674,0.48118119027930867,0.6501574242825401
ipo,ordinary,737,51,-0.48971995630637477,-0.18317834771236213,0.522857478358442,0.5569671280831404,0.5616545526270915
ipo,ordinary,737,52,-0.1367946228959235,-0.26667145990612784,0.2997105877037104,0.6745653034947268,0.6667620041670285
ipo,ordinary,737,53,-0.04658937327428357,-0.36284017846455596,0.3658190328704636,0.7296754113612354,0.7066345109408062
ipo,ordinary,737,54,0.18106112428489632,-0.5382667978976414,0.5679034041509974,0.801643912551235,0.649341658212554
ipo,ordinary,737,55,0.4716859209973818,-0.020301903360896906,0.4721226274467508,0.9931540140003735,0.7697675742143254
ipo,ordinary,737,56,0.049228149385783515,0.32703457271432906,0.3307189478127808,1.226221112943173,0.5998670215039091
ipo,ordinary,737,57,0.24041753164763788,0.09176711325108752,0.2573359527893079,1.0580327825415143,0.6182838403983514
ipo,ordinary,737,58,0.36342017836414126,0.2453454542222045,0.4384844557675039,1.094509275647325,0.6413008485553617
ipo,ordinary,737,59,0.3130018470978095,0.3667024224976152,0.48212117040455715,1.1375480978836974,0.6132763820121075
ipo,ordinary,737,60,0.19895523370167503,0.5254309652922033,0.5618370620608655,1.1923909791365692,0.568284521319249
ipo,ordinary,737,61,0.02427240323371216,0.6716416847462261,0.6720801308233184,1.2442508146713127,0.498950914347
ipo,ordinary,737,62,0.10771701428224206,0.6592803939644953,0.6680221501057139,1.2242241033879047,0.6703685612968284
ipo,ordinary,737,63,-0.04578970744743621,0.6847192532088777,0.6862486087585496,1.260627455873566,0.6891646079405729
ipo,ordinary,737,64,-0.09755276409869083,0.6594945347927078,0.6666705207257517,1.273372793559813,0.8035040893241427
ipo,ordinary,737,65,-0.19113002063166173,0.8480577511654569,0.8693288411748867,1.28527991243841,0.7890670805989806
ipo,ordinary,737,66,-0.32395226215201733,0.7876894888993428,0.8517040560405458,1.3120995722190265,0.7907119947321261
ipo,ordinary,737,67,-1.0529163720651487,0.6304891801802018,1.2272528235400957,1.414129752540091,0.5680927912028453
ipo,ordinary,737,68,-1.0385733554994578,0.4782723780362924,1.1434067877819747,1.4313152892039702,0.566595007770593
ipo,ordinary,737,69,-1.116883388956122,0.5374240680145317,1.2394567896491593,1.428622173330587,0.6499429898177522
ipo,ordinary,737,70,-1.1880989426562447,0.38905256035743796,1.2501763844600347,1.4496348595642037,0.7379033554495749
ipo,ordinary,737,71,-0.9285948980521642,0.16473247427802318,0.9430934591917541,1.4720566691888257,0.9173809587017799
ipo,ordinary,737,72,-0.8121877461212575,0.13734117024059983,0.8237181144011498,1.473339068530536,0.9874458535396476
ipo,ordinary,737,73,-0.4410081245603036,-0.02225981103361606,0.44156954731440495,1.5080265072515557,0.9979118238546013
ipo,ordinary,737,74,-0.18765748914718644,0.1636305016017489,0.2489784614930905,1.3858687673456727,1.0612496322832485
ipo,ordinary,737,75,-0.18189064495048257,0.143842057206243,0.23189382083580104,1.393506899404694,1.0530368390660114
ipo,ordinary,737,76,0.12727702815111996,0.2606874256371805,0.2900989068926691,1.1777130460715837,1.109157822762843
ipo,ordinary,737,77,0.26010049619547493,0.30613741659614585,0.4017118195439293,1.1379113976475452,1.099257894818488
ipo,ordinary,737,78,0.18834180293554736,0.2251787547359112,0.29356107766089873,1.1391404055577814,1.0841393766523395
ipo,ordinary,737,79,0.5345171724336976,0.33537836324136455,0.631020803267984,1.0891829845044017,1.0734659495759384
ipo,ordinary,737,80,0.3779148593658014,0.5727321043702903,0.6861790614015371,1.1571704013137472,1.1019848999398691
ipo,ordinary,737,81,0.4597471751035604,0.4918749344267692,0.6732818251913847,1.130371197515188,1.1407975955261223
ipo,ordinary,737,82,0.44097071876307375,0.34948829317800345,0.5626697449436001,1.1066620576990385,1.0746505614480752
ipo,ordinary,737,83,0.3857923646150822,0.31958709628381743,0.5009707184121828,1.1101057224401183,1.0102848727207001
ipo,ordinary,737,84,0.19693682910645738,0.38343753595056657,0.4310550529043223,1.1744849342461456,0.9154279906578924
ipo,ordinary,737,85,0.02251038177531825,0.1411519107703349,0.14293557710306826,1.2248305093274026,0.7619882114827894
ipo,ordinary,737,86,0.13876110604284103,0.03921166306225829,0.14419500362474647,1.0438317804396222,0.6640462288661922
ipo,ordinary,737,87,0.024506652548347836,0.08387725044432508,0.0873840326445597,1.204758534085738,0.6403305308806375
ipo,ordinary,737,88,-0.04275708331154984,0.2005300019062511,0.20503767906858456,1.283434402762836,0.6818198527523301
ipo,ordinary,737,89,-0.1252341364632717,-0.015753278462802323,0.1262210549711416,1.519915593707495,0.5857123991317819
ipo,ordinary,737,90,-0.10463639464439775,0.156524724172193,0.18827842245291745,1.3437850848856796,0.8516014677229282
ipo,ordinary,737,91,-0.18389365213988812,-0.007813946174564435,0.18405959103552622,1.5067586916687596,0.8125050745642504
ipo,ordinary,737,92,-0.12829627194679566,-0.10641957492745399,0.16668850987151496,1.6102086919115188,0.8277678911721346
ipo,ordinary,737,93,-0.07987066109138682,-0.06543072064155567,0.10324970560175208,1.609235066593772,0.8501908655797535
ipo,ordinary,737,94,0.21493269603789147,0.08932123997203631,0.23275383506240824,2.062685227756647,0.8974371346232416
ipo,ordinary,737,95,0.08467721801842562,0.13988516162279296,0.16351785741494687,2.16336684078227,0.8038626010124332
ipo,ordinary,737,96,0.12332671115911409,0.28937594738998007,0.31455987762772936,2.1858810781634865,0.8712838600710013
ipo,ordinary,737,97,0.19504767496698572,0.3404928268299117,0.392401529855136,2.1672061748730864,0.9712433703310106
ipo,ordinary,737,98,0.1977813904653823,0.51394073679546,0.5506837198903561,2.1915322908126176,0.9279286864137403
ipo,ordinary,737,99,0.03653105152188221,0.33634732377280124,0.33832534627843064,2.232781500762669,0.7572602251952935
ipo,ordinary,737,100,0.2753557320307011,0.5950690618034989,0.6556889258465937,2.1810240258984566,1.0052115758021793
ipo,ordinary,867,0,2.123953649294517,0.0,2.123953649294517,0.0,1.3862943611198906
ipo,ordinary,867,1,2.168412545032256,0.4195628033180991,2.208629871975249,0.030418758333873128,1.2976331620602441
ipo,ordinary,867,2,2.197187902241203,0.626982621975875,2.2848942833345354,0.04424016739803253,1.2133247510722827
ipo,ordinary,867,3,2.0189253013164983,1.1260321870210528,2.311711024004369,0.08097246281731109,1.0072908643242253
ipo,ordinary,867,4,1.8132359223526562,1.5806456620923635,2.4054656969496557,0.11410978538047312,0.7114848480727656
ipo,ordinary,867,5,1.6603525765573006,1.7451841804160697,2.408825128990267,0.1289637151316414,0.6277311651587367
ipo,ordinary,867,6,1.3680324616187471,2.3008912395349235,2.676866323186723,0.16462696869553467,0.40484075894004506
ipo,ordinary,867,7,0.7724213941229704,2.193533688469572,2.3255590408651847,0.19611393567977556,0.5378124875373961
ipo,ordinary,867,8,0.09868625397926148,2.048470393709553,2.050846149916914,0.2423385414074307,0.6269846473848533
ipo,ordinary,867,9,-0.5120266765145897,1.7602981573521197,1.8332541886601117,0.2950510869910606,0.7452908026568242
ipo,ordinary,867,10,-0.7190239911653993,1.4968215104712308,1.6605631978581235,0.3212725103759602,0.6889017065810245
ipo,ordinary,867,11,-0.5448744294224377,0.9368235082418037,1.0837557056056997,0.33384194352465557,0.5296765116997424
ipo,ordinary,867,12,-0.2283706274966764,0.6776660560983028,0.7151114787856881,0.30173222590782023,0.5949293278630556
ipo,ordinary,867,13,-0.3477721220449944,0.2953561939183659,0.45626826556053823,0.3879427611738854,0.3835939730980204
ipo,ordinary,867,14,-0.2246048523611382,-0.20648627456489865,0.3050965769848285,0.6183147196643753,0.36610965823663416
ipo,ordinary,867,15,-0.21737004627782935,-0.554724990201502,0.5957932122581476,0.6905615993544432,0.29235107205886013
ipo,ordinary,867,16,0.018159819728503668,-0.9754125788757204,0.9755816101595782,0.7529627372831134,0.35130100332678077
ipo,ordinary,867,17,0.16122836120162898,-0.6897700630255145,0.7083624244000983,0.7865451005509002,0.44944268255299485
ipo,ordinary,867,18,0.37369071858450087,-0.607531573464866,0.7132596763541988,0.8377653865381383,0.6135078802730924
ipo,ordinary,867,19,0.6734698598395807,-0.7323278901578129,0.994919992167882,0.8683403801155164,0.7437145619626134
ipo,ordinary,867,20,0.846059922255419,-0.14856673821219757,0.8590049288274528,0.9723347024552552,0.8591065706808885
ipo,ordinary,867,21,0.9375827337659759,0.4427173396334244,1.0368510141134923,1.0702117224135734,0.9507516868907342
ipo,ordinary,867,22,1.0469925304953143,0.6308701313800628,1.22237084453961,1.0863090479512378,1.0074888544848342
ipo,ordinary,867,23,0.5414190140906361,0.8612313606138617,1.0172777424694202,1.1606783218228998,0.7960312314424864
ipo,ordinary,867,24,0.6159154592897145,0.6410855854235025,0.8890121376167228,1.1281864847936174,0.7647302835272463
ipo,ordinary,867,25,0.4080383080736794,0.6698638903389492,0.7843550805825527,1.1629247094601474,0.6384089605318097
ipo,ordinary,867,26,0.715620258845623,0.47967936765555985,0.861513000844859,1.0939830488941682,0.7114291475676103
ipo,ordinary,867,27,0.28098516857554046,0.8220504243459004,0.8687459727254566,1.1975806994074942,0.6513606858044555
ipo,ordinary,867,28,0.24646063267146623,0.6149286071130426,0.6624802150274423,1.1893314113861007,0.5311505682690202
ipo,ordinary,867,29,0.262727870147729,0.4085139869057611,0.48570527200144975,1.1590380175605053,0.4682438251451029
ipo,ordinary,867,30,0.3182841414472132,0.4409634336094752,0.5438322760534241,1.1504959106993211,0.4363992062949476
ipo,ordinary,867,31,0.1484041755175236,0.2547032412829896,0.2947838876721331,1.166034888262029,0.3175942244139829
ipo,ordinary,867,32,0.3047448236351199,0.39878716388698204,0.5018970109628299,1.1461491465181404,0.41262472753744295
ipo,ordinary,867,33,0.49393918522162283,0.5286034337253505,0.723462168218651,1.130393295548989,0.5020382330865483
ipo,ordinary,867,34,0.6706671874282837,0.8874585864076856,1.1123745856867155,1.1470029253271785,0.7421269795816963
ipo,ordinary,867,35,0.8589411951249949,1.1210626513714108,1.4122894338564782,1.1459478107442034,0.8928272607107721
ipo,ordinary,867,36,0.7031755495919324,1.1105105263099642,1.31441602340703,1.160161107698158,0.840088352965847
ipo,ordinary,867,37,0.02224917058630671,1.2572268650381124,1.2574237216488873,1.2471837255650486,0.6012059693995611
ipo,ordinary,867,38,-0.02582743803802584,1.0985359522159241,1.0988395218895957,1.2537411677725379,0.5747106826019152
ipo,ordinary,867,39,0.10589870672982432,0.9388421232201021,0.9447957813302716,1.2321233381001697,0.6193008430526664
ipo,ordinary,867,40,-0.10583467808277669,0.9645038236206734,0.970293051023135,1.2673944276794413,0.6131179378585122
ipo,ordinary,867,41,-0.3806126657179198,0.741062416408609,0.8330903350287217,1.325514489704793,0.4763961788473077
ipo,ordinary,867,42,-0.5198609380058783,0.5459597380527221,0.7538749435012074,1.3711035442359736,0.4251788857184395
ipo,ordinary,867,43,-1.2221675381637418,0.41594662208284483,1.2910093275276326,1.4477909821592794,0.2515635983861538
ipo,ordinary,867,44,-0.919142293496616,-0.2507718943334677,0.9527376861874496,1.5423909180488613,0.33405600442320277
ipo,ordinary,867,45,-0.7923582174263244,-0.6491749863051922,1.0243337871843186,1.609243292261764,0.3946069773923333
ipo,ordinary,867,46,-0.3062471431601916,-0.9549606371105027,1.0028644629880332,1.700609525855366,0.5896953234212722
ipo,ordinary,867,47,-0.00190406680486091,-0.9513194958737627,0.9513214013675438,1.749681451667264,0.6332838590518043
ipo,ordinary,867,48,0.2320609992225004,-0.9739889241630544,1.0012525813961477,1.7872259499139382,0.6776818556205026
ipo,ordinary,867,49,0.3588610005395601,-0.6441605859993006,0.7373764833944846,1.8308947807912435,0.7300441210723646
ipo,ordinary,867,50,0.3880212022301551,-0.1529192983408158,0.41706685937051197,1.940251616805094,0.8854607337380043
ipo,ordinary,867,51,0.4519230292698756,0.11014480149443938,0.46515191247667714,2.0380481897888663,0.9040333990488018
ipo,ordinary,867,52,0.6531977015142731,0.054580318081088125,0.6554740638540645,2.0132679503044453,1.0373412231491048
ipo,ordinary,867,53,0.7540491973783174,0.3328911150746928,0.824261297503745,2.066166901421815,1.0080920362726342
ipo,ordinary,867,54,0.4331778742315311,0.2874913192753653,0.5198983837082379,2.093253939723633,0.8912870642151013
ipo,ordinary,867,55,0.15788011091159487,0.284115628480977,0.3250351054403171,2.1692764603541956,0.7306786415183975
ipo,ordinary,867,56,0.2800303935001493,0.5098616614489829,0.581700898314044,2.1700643579936,0.8341690255644199
ipo,ordinary,867,57,0.36216616585662775,0.42860980957771,0.561133407094544,2.138341393405652,0.9300173060548763
ipo,ordinary,867,58,0.1604998835467596,0.42180697729590666,0.45131068978480104,2.192133065903771,0.8216299684098745
ipo,ordinary,867,59,0.0013734568502200978,0.4057276659927788,0.40572999067812,2.249461235626293,0.7056044561351786
ipo,ordinary,867,60,-0.1474409306223663,0.41410368397510655,0.4395687535580121,2.304439410471192,0.7042335272293525
ipo,ordinary,867,61,-0.39330536725555654,0.3653393640201166,0.5368071933335575,2.380864290631717,0.620220404312329
ipo,ordinary,867,62,-0.2720061952579628,0.3285898017948119,0.4265660887860951,2.3600497550272763,0.6039663925162729
ipo,ordinary,867,63,-0.20308160846205664,-0.12234168629044861,0.23708569737528792,2.5862940613158014,0.6563593991670261
ipo,ordinary,867,64,-0.045330737554749256,0.018737552276974264,0.049050704710431,2.437617072772946,0.6610805302984708
ipo,ordinary,867,65,0.24149450430897001,-0.10429581378486158,0.2630536302438757,2.9351156012600454,0.7557133482896303
ipo,ordinary,867,66,0.26919304546460876,-0.3195543676732773,0.41782758361024824,2.8614189816782902,0.7003111615007842
ipo,ordinary,867,67,0.457980650716674,-0.40280789046033116,0.6099184150753036,2.8851871967300498,0.7296800191095968
ipo,ordinary,867,68,0.583582448914425,-0.012483151098448123,0.5837159443961628,2.996596106904083,0.9056562790065867
ipo,ordinary,867,69,0.609656162199301,-0.02576003176483295,0.6102001436775524,2.993279163935595,0.7988752779424666
ipo,ordinary,867,70,0.6709283224769099,0.4410735286187788,0.8029263176343775,3.0925589787300267,0.8909563064330915
ipo,ordinary,867,71,0.6238488192430981,0.5987689917100373,0.8647032177021561,3.121735677531986,0.8725908754111529
ipo,ordinary,867,72,0.45397673463535876,0.7590141334571331,0.8844192051159143,3.164210497105489,0.8548833864654627
ipo,ordinary,867,73,0.20705574521266024,0.81015718389872,0.8361977901479257,3.2101764737610763,0.7902964747891642
ipo,ordinary,867,74,-0.2369387880926554,0.7039676613477506,0.7427721437468139,3.3016722504609683,0.648528964892766
ipo,ordinary,867,75,-0.3091666006165462,0.6234751263653726,0.6959204122118479,3.3232659101296202,0.6059869841339701
ipo,ordinary,867,76,-0.3382740287132418,0.5837132062724658,0.6746483718788397,3.333592195091882,0.6253339341337457
ipo,ordinary,867,77,-0.022469836087281342,0.2044922804594443,0.20572308159585134,3.267418242236439,0.686509088814886
ipo,ordinary,867,78,0.10112790137649785,0.6297908330011552,0.6378584057368091,3.2246601966139887,0.7905804033894605
ipo,ordinary,867,79,0.12163790428727123,0.6751924301559644,0.68606165721407,3.2216320512569276,0.8281616935569172
ipo,ordinary,867,80,-0.2916536900187905,0.7422556945816179,0.797499461467164,3.309586934296807,0.6793787152164277
ipo,ordinary,867,81,-0.4330908320225647,0.5322453319861031,0.6861871189427813,3.3587095305646297,0.6165091349374154
ipo,ordinary,867,82,-0.425508072441563,0.054976256458485646,0.42904487933912416,3.4795502391059414,0.42570388520954616
ipo,ordinary,867,83,-0.5883496412995001,-0.16085779622979604,0.6099430555594162,3.542475724354436,0.3837868327539013
ipo,ordinary,867,84,-0.3251358346123945,-0.499682190392834,0.5961506540673076,3.6581903892699907,0.4209255656572969
ipo,ordinary,867,85,-0.282572770058544,-0.6954848082694118,0.7506973350905805,3.68857856718081,0.5159653717347753
ipo,ordinary,867,86,-0.07789139992861227,-1.0923438534638379,1.095117420363253,3.738670367798443,0.5153004110987464
ipo,ordinary,867,87,0.21069319950089435,-1.2147663036999037,1.2329025901995057,3.77733246203956,0.6901438856353153
ipo,ordinary,867,88,0.4930243049369133,-0.9640260418590568,1.0827830690590643,3.8252394723155856,0.6924590208559991
ipo,ordinary,867,89,0.6681575265678177,-0.8209800835892115,1.058509696677065,3.85872372453977,0.8220950733604535
ipo,ordinary,867,90,0.8867001817574857,-0.49851237124018166,1.017227504842583,3.9184856599693996,1.0043640381149217
ipo,ordinary,867,91,1.218751373322052,-0.30800025185655516,1.2570676454026208,3.9606035781972175,1.202327064373129
ipo,ordinary,867,92,1.1228660473500471,0.26462968807158066,1.1536277701669548,4.0368364190255726,1.2055663503713896
ipo,ordinary,867,93,1.188863519519379,0.7505292449784128,1.4059482976311297,4.089622798874411,1.080746392871931
ipo,ordinary,867,94,0.854193306679428,0.7858723364643984,1.1607073422684755,4.118373840316131,0.9584979299665044
ipo,ordinary,867,95,0.7676333591246391,1.111014534548837,1.3504126295394847,4.153772884880315,0.9135316723127085
ipo,ordinary,867,96,0.1933292236103171,1.2932551514261488,1.3076257398017366,4.226382756185245,0.8102888836848982
ipo,ordinary,867,97,-0.10154420876805736,1.144899759502058,1.1493940515080985,4.264079035832721,0.7107955596237285
ipo,ordinary,867,98,-0.5591943811654235,0.9663187428693526,1.1164543290021258,4.333492590083522,0.5699174433627209
ipo,ordinary,867,99,-0.548366656084405,0.6590969503957025,0.8573883481399238,4.360445425643523,0.44661538930036065
ipo,ordinary,867,100,-0.3838901062138801,0.4266796846341978,0.5739574609049373,4.3666060806736215,0.43278516459532773
ipo,ordinary,945,0,1.0574401920850691,0.0,1.0574401920850691,0.0,1.3862943611198906
ipo,ordinary,945,1,0.7130661192702414,0.2976744093674127,0.7727052118650165,0.06294009986497526,1.3389266440095955
ipo,ordinary,945,2,0.6943394722231644,0.4426317264664762,0.8234258606346025,0.09032483955398574,1.2652075520460995
ipo,ordinary,945,3,0.7047781895019489,0.5240741186060347,0.878274432162486,0.10176263226756713,1.2584326790159421
ipo,ordinary,945,4,0.4684021564313994,0.7894582638069554,0.9179569327820764,0.16477348488891608,1.235156117568324
ipo,ordinary,945,5,0.13947423347095594,0.8437478401851077,0.8551979183904419,0.2239269528971217,1.1235158786575652
ipo,ordinary,945,6,-0.04801218855478828,1.2204797053116232,1.2214237108093846,0.2562577353650379,1.135808432513574
ipo,ordinary,945,7,-0.26395869538484984,1.418751607259642,1.443097472789378,0.2792760425132262,1.1004142910216528
ipo,ordinary,945,8,-0.48028271973659387,1.6341974743369307,1.7033123248561264,0.2954939075529505,1.0876989691132901
ipo,ordinary,945,9,-0.7789889917575193,1.9138265036095443,2.066290331777635,0.3115219593192653,0.8295184463565165
ipo,ordinary,945,10,-0.9921178840753846,1.5598127546012917,1.848597772723717,0.34016214832716324,0.8062201875347116
ipo,ordinary,945,11,-1.3758070080415576,1.915040759640463,2.358013154004995,0.34915080544206306,0.47855391737217695
ipo,ordinary,945,12,-1.2656301540073494,1.569547236901813,2.0162584694425423,0.3580042720741139,0.8398316554356431
ipo,ordinary,945,13,-1.2216519743624714,1.3252025064706383,1.802385982418801,0.3685326078211727,0.8627006178021406
ipo,ordinary,945,14,-1.0288957270011914,0.8025403681484169,1.3048744995397474,0.3945714173032738,0.8425846394826871
ipo,ordinary,945,15,-0.8499795457907846,0.7788945222147501,1.1528841680753763,0.3819412111644589,0.7071562029605745
ipo,ordinary,945,16,-0.5144260993279216,0.511910865203107,0.7257320067233732,0.3753900387069996,0.7357724995480357
ipo,ordinary,945,17,-0.4304593924232273,0.4519600717272082,0.6241499779388261,0.37112286153083146,0.8340603020110334
ipo,ordinary,945,18,-0.3480547398994764,0.5042565670340976,0.6127126466489047,0.34615204250744025,0.8397283084745473
ipo,ordinary,945,19,-0.3411999563851146,0.36947990383392193,0.5029242582877946,0.3686701175026399,0.8205755677551678
ipo,ordinary,945,20,-0.34354536218826964,0.4226237701595826,0.5446414113753829,0.35863114467179447,0.9033706994343565
ipo,ordinary,945,21,-0.4188637746000203,0.3885907414155505,0.5713577040576804,0.38096423348399583,0.844137256439757
ipo,ordinary,945,22,-0.23277925464875804,0.2930671215780164,0.3742653058257674,0.3568323370608498,0.8692706668009875
ipo,ordinary,945,23,-0.3142688519407096,0.20374764743889037,0.37453706777435797,0.40845483540026206,0.9370957755823767
ipo,ordinary,945,24,-0.22159949907266882,0.41479089810624425,0.4702742042054215,0.3280919132356732,1.0828010605212885
ipo,ordinary,945,25,-0.18069345592896818,0.4636944223172717,0.4976571533733865,0.3091388236029475,1.0273049608403306
ipo,ordinary,945,26,-0.012955575263132568,0.45106710447583725,0.45125312150789004,0.25457000100216776,1.117264152362048
ipo,ordinary,945,27,-0.22611293593975337,0.445939961339223,0.49998950880845755,0.3246866474503023,1.0731952838074166
ipo,ordinary,945,28,-0.27839079307752224,0.500128119744205,0.572389351603614,0.330838934102106,1.0413161334796834
ipo,ordinary,945,29,-0.11718132189850988,0.3275414855775063,0.3478719404841413,0.3046810834786226,1.1181918755926856
ipo,ordinary,945,30,-0.05382216323244612,0.17039303062845557,0.1786913823936954,0.2986938871622267,1.1252014627532756
ipo,ordinary,945,31,-0.005145191098547025,0.18243019487607362,0.182502736949238,0.2544875552292474,1.1474727359149988
ipo,ordinary,945,32,-0.12734226820057032,0.06191845023753187,0.1415978380847804,0.42797025227184704,0.9674649986930391
ipo,ordinary,945,33,-0.06441634286517026,0.0508425268824482,0.08206355931785825,0.3936574337364417,1.0953571597028384
ipo,ordinary,945,34,-0.11899123119745034,0.08592742948195269,0.14677341802677019,0.40046035415096937,1.0472171760296465
ipo,ordinary,945,35,-0.20440685533783898,0.005788980180056441,0.20448881338750374,0.49549379789703984,1.040010950071581
ipo,ordinary,945,36,-0.07700784730145502,-0.279951070491224,0.2903494625708587,0.7072769317705468,1.0171581734809978
ipo,ordinary,945,37,0.010965489814018348,-0.12342942508650487,0.12391555569841287,0.7641023270780187,0.9794820051939492
ipo,ordinary,945,38,0.18559856937593935,-0.19639662037836134,0.27021928400918677,0.8705022845369773,0.9670844966145657
ipo,ordinary,945,39,0.33321859101620127,-0.21730757258194333,0.39781554833902477,0.9080270324817189,1.1848331875669644
ipo,ordinary,945,40,0.34680798487702985,-0.11012784845142554,0.3638734963953905,0.9510636345586819,1.165745676004483
ipo,ordinary,945,41,0.3628064840133623,-0.07068655993364317,0.3696283736368065,0.9693750744016085,1.2505471220275344
ipo,ordinary,945,42,0.24428002860489909,0.37218893134440967,0.44519359046431023,1.1575604775237829,1.2251468336498235
ipo,ordinary,945,43,0.0332795331133611,0.4837126863635104,0.48485615420787126,1.2390673350052381,1.1473381226905484
ipo,ordinary,945,44,0.09589469879217082,0.2325799169809029,0.2515734704599928,1.1877589587467579,1.1868961709920944
ipo,ordinary,945,45,-0.10084797007505009,0.31781801032617324,0.33343455243262615,1.2989026103466998,1.1220533205452552
ipo,ordinary,945,46,-0.081822042279162,0.28384227189922856,0.295400206363585,1.294667962679666,1.1028720477622564
ipo,ordinary,945,47,-0.07007429424253862,0.1548760029728335,0.16999112626967036,1.3176238125006314,1.1271861582539433
ipo,ordinary,945,48,-0.14141536907664373,0.15129546419157408,0.207095688260348,1.3696299589020393,1.1120560005495248
ipo,ordinary,945,49,-0.20502802716090854,-0.0019245834129908573,0.2050370599252921,1.5014939321789311,1.057017880920197
ipo,ordinary,945,50,0.029855109498775775,-0.21043827200057916,0.21254551015199932,1.7724298018144937,1.026184658943978
ipo,ordinary,945,51,0.1261336139001099,-0.3115260834552696,0.33609253075378154,1.8112291779429943,1.0534647585483614
ipo,ordinary,945,52,0.16886871423040886,-0.23119295354795039,0.28629848832303717,1.8504035051499692,1.2231596495769772
ipo,ordinary,945,53,0.04037243614072822,0.024148525186294345,0.047043435977937136,2.0857930420032766,1.1737254258961576
ipo,ordinary,945,54,0.060671328618687834,0.1368846638155971,0.14972782408178464,2.1835990653581434,1.1766534599549594
ipo,ordinary,945,55,-0.043600541922894226,0.12779019879412215,0.1350234874524107,2.302330692202874,1.1420941046210493
ipo,ordinary,945,56,-0.16375719270920214,0.09201180325578541,0.1878366047989053,2.418525728273917,1.1206275019680758
ipo,ordinary,945,57,0.002208399806014172,-0.08290724621582696,0.0829366535664115,2.7542384070020933,1.170099383453379
ipo,ordinary,945,58,0.13015610028714752,-0.05964455251949648,0.1431715163264292,2.931611644666922,1.0915026525004525
ipo,ordinary,945,59,0.0634103155967605,0.01994410357704275,0.06647281693724569,3.048499010626949,1.1125861619530628
ipo,ordinary,945,60,-0.07850356769174874,0.06590052948479208,0.1024972678987539,3.3888553276014823,1.056889569976022
ipo,ordinary,945,61,-0.03174535095940614,0.05625902318000972,0.06459756184798882,3.331763302847205,1.1106172049661067
ipo,ordinary,945,62,0.08367471910031485,-0.003707549790703906,0.08375681788348423,2.9929526005829277,1.1706012169300362
ipo,ordinary,945,63,0.14134242509464506,0.0008587759517732774,0.141345033969258,3.0009669903130995,1.1494572495679694
ipo,ordinary,945,64,0.20844296774798812,0.053898143061625346,0.21529858482832684,3.040271426999929,1.1993267806204064
ipo,ordinary,945,65,0.09242178154472078,0.1607134695412441,0.18539310935383896,3.1669389092072167,1.1761050857922313
ipo,ordinary,945,66,0.08502968903411615,0.09415463717820541,0.12686663753484598,3.133097957897157,1.1168457836075363
ipo,ordinary,945,67,0.1540601343613392,0.1398081098115097,0.20804045897012688,3.1172873453256256,1.1001223862557832
ipo,ordinary,945,68,-0.12908152984281118,0.5187020422605206,0.5345220762436248,3.2888179868533753,1.097698561471053
ipo,ordinary,945,69,-0.15498444426506391,0.6678216627269075,0.6855698003642532,3.286293352483165,1.1051669081114053
ipo,ordinary,945,70,-0.36226140598083983,0.7167308669397602,0.8030793621351723,3.3244824045834975,1.049391799896778
ipo,ordinary,945,71,-0.33980555938021323,0.493564466131197,0.5992275864920382,3.3459620614008636,1.0502286469716775
ipo,ordinary,945,72,-0.5152363921753013,0.43043186614978624,0.67137182784133,3.3892344338636295,1.0013358539768387
ipo,ordinary,945,73,-0.7160829942903806,0.5243740814755853,0.8875488899408535,3.399403846917317,0.9510511398086011
ipo,ordinary,945,74,-0.8410209561978359,0.5275686612768863,0.9927965255405603,3.410833712220025,0.9187618278561471
ipo,ordinary,945,75,-0.9105681544201696,0.6234239532332064,1.1035360389715747,3.404450998306566,0.8827322927322411
ipo,ordinary,945,76,-0.8565120228425607,0.5089838210767379,0.9963319604387545,3.4146639571521695,0.9184390707093919
ipo,ordinary,945,77,-0.676487763471394,0.4180011766445793,0.7952110900904121,3.4119114405004143,0.9351763282980678
ipo,ordinary,945,78,-0.644245233973489,0.25060095678542543,0.6912689498591168,3.4409576977894147,0.8958787972078308
ipo,ordinary,945,79,-0.6906176443022494,0.21711748819880367,0.7239424937820309,3.4515216975643845,0.8572130203115438
ipo,ordinary,945,80,-0.5830945629812787,0.10149704603752269,0.5918622472608567,3.4725713236488307,0.759874372493404
ipo,ordinary,945,81,-0.7226146667682771,0.08122424563305986,0.7271652733095055,3.4821852409478047,0.7589150892792884
ipo,ordinary,945,82,-0.503006866649852,-0.26410730749004174,0.5681272549055725,3.576950099247148,0.7010191870470254
ipo,ordinary,945,83,-0.30034925118056505,-0.44799014466939446,0.5393559514880977,3.656001750326911,0.7639634213406491
ipo,ordinary,945,84,-0.11004890673973153,-0.6131342506776606,0.6229320759349822,3.7217349009677947,0.8112039998786247
ipo,ordinary,945,85,0.0009514973287485795,-0.6065108032972796,0.6065115496538198,3.7502496829044936,0.7457109209725219
ipo,ordinary,945,86,0.0414624035515323,-0.9057844935720696,0.906732970451544,3.757280256229349,0.7038058054084951
ipo,ordinary,945,87,0.31389822124823086,-1.0331554263461138,1.0797880478553297,3.796944670449777,0.8977428751094843
ipo,ordinary,945,88,0.31336921886035374,-0.9208614062873147,0.9727209244786498,3.8022040111568396,1.0181640782941028
ipo,ordinary,945,89,0.6318459021317627,-1.014950045506415,1.195555452044854,3.8386218633866753,0.8444810797214648
ipo,ordinary,945,90,0.5825354851085932,-0.7815544577411527,0.9747691838716339,3.851942185736288,0.9367437419485608
ipo,ordinary,945,91,0.6598390387874017,-0.6331001334440909,0.9144415432791797,3.878290968752348,1.0491748885172822
ipo,ordinary,945,92,0.7783254698660336,-0.604100850078688,0.9852554867180265,3.894952807990309,1.0919918476145711
ipo,ordinary,945,93,0.7600517686077035,-0.35087032242566374,0.837131216789093,3.931166839031204,1.1147770264638033
ipo,ordinary,945,94,0.6868211275956346,-0.11076962513402348,0.695696177338981,3.9745508373994416,1.1334287246794263
ipo,ordinary,945,95,0.4632097283996926,0.2964325823812545,0.5499413863143383,4.090603732720628,1.2518371264322679
ipo,ordinary,945,96,0.2834814835821502,0.6971827239339772,0.7526124514555531,4.188535689434379,1.2152692022054994
ipo,ordinary,945,97,0.2424793841234958,0.5610399510772897,0.6111972500181242,4.185072718077348,1.1711410959842266
ipo,ordinary,945,98,0.19996575583296294,0.8367464780190188,0.8603086492550684,4.21266536927644,1.1863459920116375
ipo,ordinary,945,99,0.34665047438821206,0.6326244600111179,0.7213738689458685,4.170219972698419,1.178419214685289
ipo,ordinary,945,100,0.22288842695837102,0.9491304117986286,0.9749501471731832,4.213290120181011,1.1873663513037351
ipo,reference,54,0,2.5394596136767005,0.0,2.5394596136767005,0.0,1.3862943611198906
ipo,reference,54,1,2.56182897262621,0.05591110088585782,2.5624390209699293,0.0034729545723705827,1.3679828572831032
ipo,reference,54,2,2.2370034170726982,0.1289246026412133,2.240715475280412,0.009162397632975825,1.3349376695097144
ipo,reference,54,3,2.3202878983749766,0.5612026258670912,2.3871917222178625,0.03776908838476381,1.2765292412722058
ipo,reference,54,4,2.201037972764656,0.6624609935611174,2.2985697130045737,0.046529352682751816,1.2222290194076004
ipo,reference,54,5,1.9337797836365,0.673443655091765,2.0476890897264126,0.05333555636748458,1.0605362532863962
ipo,reference,54,6,1.8656056188297518,1.1555054382309016,2.1944651154188644,0.08825819212521196,0.956739024817424
ipo,reference,54,7,1.316246076594098,1.4882720646971437,1.986820946312791,0.13475016922784896,0.6976817726630815
ipo,reference,54,8,1.537779901234992,1.4858278925329929,2.1383291493292926,0.1222656488493386,0.9309207750890027
ipo,reference,54,9,0.7515649631421916,1.775125127375523,1.92767194088177,0.18625786308944575,0.6355478720724934
ipo,reference,54,10,0.8098295647771294,1.738671044091045,1.918020052957674,0.18062519911281152,0.6390458887198994
ipo,reference,54,11,0.5848302986544437,1.9330658256878652,2.0195964856046253,0.20324255287741863,0.6096885308247169
ipo,reference,54,12,0.708028894689501,1.846544424663849,1.9776327333386199,0.19172625395999396,0.7683818459987392
ipo,reference,54,13,0.6351568761170898,1.8127199040706279,1.9207752882345834,0.1963614088010704,0.6320232917246544
ipo,reference,54,14,0.22413372329085052,2.215432916379079,2.22674177508128,0.23395301066073212,0.5850791850007881
ipo,reference,54,15,0.15645031251599678,1.697931174980802,1.7051237419196412,0.23537648027744695,0.6244925837560107
ipo,reference,54,16,-0.18015950495333688,2.217553748642125,2.2248600125270293,0.2629018022729895,0.4979175309694014
ipo,reference,54,17,-0.4885925401673773,2.12738189091342,2.182768054579682,0.28592978389899315,0.4002209951002218
ipo,reference,54,18,-0.6869830108858841,2.027738205977252,2.140950230441072,0.3019889106048125,0.5229783569922628
ipo,reference,54,19,-0.35426020712598266,1.9021416277778431,1.934849623737795,0.27930570637414437,0.7880141964623182
ipo,reference,54,20,-0.9450968292811166,2.1344630379962375,2.3343394091882503,0.3163410792662988,0.5390382328091716
ipo,reference,54,21,-0.6730548689845401,1.6523672071096112,1.7841861572703148,0.31156229719977413,0.7951404311553834
ipo,reference,54,22,-0.9139173096193905,1.6569371441192842,1.8922699459601724,0.330221732720141,0.7565576660040112
ipo,reference,54,23,-1.3097702487681389,1.9566498516075082,2.3545650864552115,0.34388368423859966,0.6640613412987331
ipo,reference,54,24,-0.7254998412776756,1.5976497767787115,1.7546608871616758,0.31784169254169653,0.8154063434447865
ipo,reference,54,25,-0.964028420761752,1.548309836260077,1.8239008046207181,0.33863262645110975,0.7086915036321899
ipo,reference,54,26,-1.4602737461585058,1.32918033850504,1.9746188963919515,0.38247415913954896,0.7277183077421605
ipo,reference,54,27,-1.1695568345769423,1.0312843416539013,1.5592981057662316,0.384986119857816,0.7433815848860066
ipo,reference,54,28,-0.9644703682788287,1.010483783142058,1.3968824457630589,0.3712926036627576,0.6249126570138
ipo,reference,54,29,-0.55905640293286,0.7182678465631475,0.9101938041245333,0.3552639993332459,0.6333073896462085
ipo,reference,54,30,-0.47371355888280364,0.8488929523005485,0.97212333596872,0.3310086881632467,0.701777419042851
ipo,reference,54,31,-0.6675609495608176,0.9921944928641534,1.1958626731562847,0.3442587853291001,0.7101540571991702
ipo,reference,54,32,-0.549521245543811,0.8789827956092247,1.0366216061230007,0.3389242826628651,0.6979747124621856
ipo,reference,54,33,-0.4078811704242048,0.7848757232859604,0.8845320515336224,0.3262772847376358,0.7552733253579269
ipo,reference,54,34,-0.3789273464790288,0.6208186489819152,0.7273250503271342,0.3372181177614971,0.7272129825351665
ipo,reference,54,35,-0.36387334321073017,0.8329752588796009,0.9089838237311443,0.3155483997525024,0.7966345951992013
ipo,reference,54,36,-0.610266977854814,0.7462800984979732,0.9640330749897498,0.3590956084214117,0.7573100190736173
ipo,reference,54,37,-0.33472524392141517,0.4510713536134063,0.5616995237392333,0.35160526963963107,0.7262806660016349
ipo,reference,54,38,-0.6652487802388347,0.6197452665850677,0.9091975225790345,0.38063355471324445,0.7196575674833099
ipo,reference,54,39,-0.5466141351637536,0.6589182450060016,0.8561309866852195,0.3602162267868405,0.7397579307215718
ipo,reference,54,40,-0.8804577696865432,0.6536114080577407,1.0965462858195383,0.3983652882754365,0.7319778414327435
ipo,reference,54,41,-0.4079734626836818,0.43445439277299197,0.5959806755708298,0.3699987603367028,0.6876258926818473
ipo,reference,54,42,-0.24914923533956357,0.32101935808735543,0.4063603939080517,0.35504366542352767,0.6562040699929579
ipo,reference,54,43,-0.2017429163738379,0.38083703134193675,0.43097221342954434,0.327532665525247,0.7281776093205917
ipo,reference,54,44,-0.14428247671783323,0.19799756583959371,0.24499075322598673,0.3502253761805578,0.700375380214112
ipo,reference,54,45,0.1350430543836359,0.3829540456271564,0.40606702353117496,0.1960432190414343,0.703289615111921
ipo,reference,54,46,-0.042740698512019004,0.05642574761719499,0.0707858199320647,0.3531743443794772,0.564613649207013
ipo,reference,54,47,0.27568743539415747,0.13539991477093732,0.3071427989619565,0.07265916168209349,0.6418208827932425
ipo,reference,54,48,0.02547636943741971,0.05061383130006064,0.05666396843306063,0.1757824850131507,0.5392280324429706
ipo,reference,54,49,0.010676829325594578,0.33470667637581825,0.33487692350323967,0.24492482740558813,0.6952862206731759
ipo,reference,54,50,0.01469934040069848,0.3782289026516836,0.3785144295919408,0.24381777568089685,0.7274714382014822
ipo,reference,54,51,0.005856970672670048,0.3830944139555146,0.3831391837301161,0.24756693602948987,0.7871872892786052
ipo,reference,54,52,-0.07079300101554772,0.523745344192305,0.5285081215609685,0.27138287628668095,0.7732931975934875
ipo,reference,54,53,-0.03766760070797796,0.524322889884806,0.5256741776045786,0.26141415586664163,0.8107896933114566
ipo,reference,54,54,-0.3108304660399669,0.49130476412090995,0.5813741909188316,0.33977786995144593,0.7730969569682545
ipo,reference,54,55,-0.1201772783369888,0.4371643911384844,0.4533820498299065,0.2926972785958735,0.8016030262943779
ipo,reference,54,56,-0.40764490964274147,0.4630374594513249,0.6169100916768797,0.36488823815033905,0.7759882762858681
ipo,reference,54,57,-0.4901710375102463,0.5191521537259376,0.7139934206504643,0.37043137325636805,0.7631461146638898
ipo,reference,54,58,-0.018489700501000322,0.45507597814010536,0.4554514407758421,0.2564628978434171,0.7762608913502436
ipo,reference,54,59,-0.21202061205969025,0.5156443698336517,0.5575319327888847,0.3120869188065974,0.7858159229549031
ipo,reference,54,60,-0.22245957150088666,0.4757700784407074,0.5252098899409977,0.31961042020072805,0.7891742019734589
ipo,reference,54,61,-0.39077721743766336,0.4382529939993002,0.5871733308126941,0.3658956745662977,0.7712045205908613
ipo,reference,54,62,-0.1210470529626242,0.2829607965276174,0.30776484757437783,0.3143350750053287,0.7983541899234292
ipo,reference,54,63,-0.10835341738035284,0.4877353282724094,0.49962607368210477,0.284792227183196,0.8071864910056255
ipo,reference,54,64,-0.2906618120419361,0.5036368913371215,0.5814932564486207,0.3333065291594657,0.7848997054371571
ipo,reference,54,65,-0.15308778144119478,0.49800205082769644,0.5210008747163277,0.2974656479936198,0.7905266466302604
ipo,reference,54,66,-0.27522432912008155,0.31540675850281186,0.4186046519675218,0.36418886435224,0.781211947013307
ipo,reference,54,67,-0.4583470837691107,0.40809155680186815,0.6136943603558864,0.38422103838442073,0.7674602434044228
ipo,reference,54,68,-0.13947679728061396,0.49534863047264266,0.5146105738233331,0.29368273902819936,0.7921062381068475
ipo,reference,54,69,-0.3462135436707663,0.5371836390144236,0.639085346292534,0.3411157817231977,0.7729576510290905
ipo,reference,54,70,-0.47401187694946256,0.3593406825824562,0.5948218099968915,0.39676340749584343,0.7338700056791492
ipo,reference,54,71,-0.6152559096044963,0.23140330775909754,0.6573334961380773,0.4427451834496735,0.7178689594070764
ipo,reference,54,72,-0.6551165637904441,-0.04307130078210916,0.6565309201428841,0.5104487648861268,0.7492610828670091
ipo,reference,54,73,-0.5740264096777542,-0.3193676180981169,0.6568881141390804,0.5808055191910282,0.6960901227561962
ipo,reference,54,74,-0.19011302001938551,-0.3675182959824386,0.4137785135343867,0.6740221954479267,0.761045003057023
ipo,reference,54,75,-0.1679541285364841,-0.2461818972315278,0.29801697236393154,0.6547132997615529,0.7892323841019611
ipo,reference,54,76,0.08214637852479056,-0.31266969944874323,0.32328063421446324,0.790890009618119,0.7581841095752773
ipo,reference,54,77,-0.08400841868676152,-0.14159460743673463,0.16464035734112462,0.6647756743492024,0.7782886522356721
ipo,reference,54,78,0.21340504823451423,-0.1830857964225693,0.2811798774159734,0.8871467773895533,0.7772784222508144
ipo,reference,54,79,0.17366932328818413,-0.15871955830850962,0.23527203837478053,0.8821534479166979,0.8007122713391962
ipo,reference,54,80,0.28843744223146567,-0.08436005700104103,0.3005208433673927,0.9547145740467003,0.8312092810668253
ipo,reference,54,81,-0.04661747418109942,0.19707724476229355,0.20251575075070685,1.2869676852411343,0.8045105537828932
ipo,reference,54,82,-0.016202447522673177,0.0936857511052151,0.09507649165736655,1.2772553918671428,0.8040700228470107
ipo,reference,54,83,0.18267190917240445,0.13284848680781008,0.22587108457661434,1.1000738655835354,0.8198829962608398
ipo,reference,54,84,0.12461951012194396,0.16553464131456228,0.20719975815182332,1.1472957070107057,0.8219997602903921
ipo,reference,54,85,0.16731069687714628,0.22289924153514806,0.2787058326739156,1.1475213660235402,0.8177918234182644
ipo,reference,54,86,0.060349817339403755,0.053630523974793676,0.08073619730152218,1.1156284496693687,0.7864038046093127
ipo,reference,54,87,0.15382518151718053,0.2230596519926692,0.27095718262464313,1.153914690663176,0.8206346925311858
ipo,reference,54,88,0.19904003302696366,0.10264137878265588,0.22394684053538114,1.0757759638974913,0.8285026972109855
ipo,reference,54,89,0.28382875260004137,0.06806990332191466,0.2918771531667909,1.0374621684609453,0.8378342206645246
ipo,reference,54,90,0.19517124919654405,0.2919414182746879,0.3511717645500215,1.1562114765467801,0.8328857804739156
ipo,reference,54,91,0.27605590418067555,0.24231228842345143,0.36731744765804447,1.1146542711793697,0.8364963940336555
ipo,reference,54,92,0.28099408155308414,0.42361103112768533,0.5083345154137402,1.1567846474154404,0.8445228659733534
ipo,reference,54,93,0.25443267622574733,0.5300739227309006,0.5879747871216254,1.1787756687289241,0.8302682387164875
ipo,reference,54,94,0.34641222467506205,0.3046912936256736,0.46134392140312425,1.114815710249878,0.8575562798884913
ipo,reference,54,95,0.0868557246648954,0.4367197509394128,0.445273014865764,1.2187546396750935,0.8219258566753818
ipo,reference,54,96,0.12376589824982384,0.22802274621041685,0.2594462764406649,1.1708550868946583,0.8258100439592231
ipo,reference,54,97,0.08537307795278579,0.43537775377412014,0.44366919086243845,1.2191823810320175,0.8268501680644685
ipo,reference,54,98,0.12324261826184553,0.47592803438637477,0.4916261149195732,1.2096723070436828,0.8365553271829438
ipo,reference,54,99,-0.17423113250743671,0.33343370747137385,0.3762107452119486,1.3266352505788848,0.7919020380591726
ipo,reference,54,100,0.038911252089822934,0.2887001203663127,0.29131056458481075,1.2286774537299427,0.8154682278701311
ipo,reference,251,0,1.4355575677096284,-1.1102230246251565e-16,1.4355575677096284,0.0,1.3862943611198906
ipo,reference,251,1,1.3632955197160777,0.3163778735773547,1.3995247882646662,0.03629242341744117,1.2834389058513351
ipo,reference,251,2,1.3296474571380081,0.24086696115945352,1.3512879978937729,0.02852177349245413,1.3602728155023152
ipo,reference,251,3,1.2856291318855346,0.7652591063370086,1.4961496464540138,0.08545233423835628,1.2033069034493507
ipo,reference,251,4,1.3093549083407316,0.8096220086833206,1.5394473271081346,0.08813893656959104,1.1352593558029747
ipo,reference,251,5,1.0681661030984935,1.0552801009562114,1.501530857252948,0.12403418991298584,1.0933902406029363
ipo,reference,251,6,1.2789250444010862,0.9829472798741542,1.6130203421557705,0.10429141082895275,1.0654409034978842
ipo,reference,251,7,0.8751069479937457,1.3457606462935974,1.6052675439126929,0.15823689840046387,0.9299362361328403
ipo,reference,251,8,0.7084353643873091,1.1096567699395277,1.3165176841148793,0.15956866925712085,0.9927252319492108
ipo,reference,251,9,0.06340813168190751,1.2844254500647971,1.2859896297939368,0.24214938367634323,0.9467332563792884
ipo,reference,251,10,0.3292546592591902,1.048205949558166,1.0987012074868314,0.20156066923359797,1.0351289298725583
ipo,reference,251,11,0.0013989396281756106,1.3321735982189848,1.332174332744705,0.24983286857255887,0.8994835733561004
ipo,reference,251,12,0.3566140205561463,1.1964736663953697,1.2484882034023381,0.20389747353724735,0.9344962188006092
ipo,reference,251,13,-0.27445034016212444,1.2103496589829605,1.2410758583645378,0.28548873296001154,0.9695810157551439
ipo,reference,251,14,-0.34552888022489076,1.1820409289866354,1.2315075983805601,0.2952623871337396,0.9721043102831488
ipo,reference,251,15,-0.3498777439451717,1.3244609422099112,1.3698946029340098,0.29110437924051585,0.8920181111812455
ipo,reference,251,16,-0.42851576436771166,0.9964058753519777,1.0846429959888115,0.31464076828805526,1.0804474598249625
ipo,reference,251,17,-0.9570961590252993,1.0902489007406395,1.450750055380717,0.3646636312200468,1.0033172086597906
ipo,reference,251,18,-1.3028135787317736,0.9951883895528988,1.6394276902714506,0.3961795798362088,1.1008689270181695
ipo,reference,251,19,-2.399520747746977,1.1920962786364964,2.6793270342396047,0.4266153846080887,0.6587257607201493
ipo,reference,251,20,-1.910783629638195,0.5084445203442193,1.977273352260981,0.45860922032526574,0.8420764579188699
ipo,reference,251,21,-2.218709103419366,0.062250460394048086,2.2195822141599613,0.4955357509563809,0.8330475729423741
ipo,reference,251,22,-1.5729262524104792,-0.45992132129201496,1.6387875448944158,0.5452745615793342,0.7721327213143616
ipo,reference,251,23,-1.372897004265515,-0.4586012297930175,1.4474671921286828,0.5513092581849566,0.7562042323507292
ipo,reference,251,24,-1.1016464255843919,-0.6860771864940485,1.2978161475457364,0.5886488703018945,0.8156118891148221
ipo,reference,251,25,-0.5871567425421376,-0.9040334962510725,1.0779747690259878,0.6583246006129568,0.8033940670222174
ipo,reference,251,26,-0.5118190328462566,-1.156607010359872,1.2647918796376258,0.6836937876950602,0.8547760681311304
ipo,reference,251,27,-0.383756944527028,-1.084759848427015,1.1506403961412621,0.6958824446758198,0.8659644825652825
ipo,reference,251,28,-0.038566817567827955,-1.1519960617966585,1.1526414558796334,0.7446737595563124,0.7506787888342614
ipo,reference,251,29,0.32995796688452383,-1.195109674679759,1.239822323731803,0.7928730629056313,0.885525824558755
ipo,reference,251,30,0.6139360464989875,-1.1018221815352551,1.26132057341261,0.830907168811955,0.9690764765060734
ipo,reference,251,31,1.001550132148988,-0.8654613693077926,1.323678982598037,0.8865805187712229,1.0960497205507154
ipo,reference,251,32,1.113857425050931,-0.4758572983585466,1.2112466849251582,0.9357418592608077,1.3041614097258767
ipo,reference,251,33,1.1718071920151298,-0.08918594371359768,1.175196250766002,0.9879100667262599,1.3583026060317354
ipo,reference,251,34,1.3225900946051055,0.25445573855796033,1.34684530709084,1.0302505126735906,1.3577647540364666
ipo,reference,251,35,1.208566798905205,0.6348264166624786,1.365151378678752,1.0769769247250847,1.2467691025811027
ipo,reference,251,36,0.9666921072780208,0.6159946281312606,1.146273532870837,1.09029462104438,1.2386822301011062
ipo,reference,251,37,0.9066084359269178,0.7411605076825515,1.1710071537962992,1.1090730716805173,1.14835587776429
ipo,reference,251,38,0.507976720529906,0.9075653712724988,1.0400554080111823,1.1687879592022337,1.0996593356837792
ipo,reference,251,39,0.5546960409610135,0.7685648860892786,0.9478289307608458,1.1505025009617122,1.1358119572301462
ipo,reference,251,40,0.4903790682992943,0.9188987865548178,1.0415597009091704,1.1719804597514722,1.0807246620507054
ipo,reference,251,41,0.32021159041570746,0.8192647013614558,0.8796193003415922,1.1906995456956795,1.1003044459803775
ipo,reference,251,42,0.014254511027205416,0.7864617517094552,0.7865909216273281,1.247115654375679,1.0035689630543758
ipo,reference,251,43,-0.08743188320462783,0.8673278350003569,0.8717235270239723,1.265989763429644,0.9492928075866862
ipo,reference,251,44,-0.05663986125613377,0.6893490957248722,0.6916720680060842,1.2630475403028183,0.9900785493509795
ipo,reference,251,45,-0.005502652300904458,0.6869314461413524,0.6869534852376792,1.2512748806118377,1.0602671004314899
ipo,reference,251,46,0.03086919473961964,0.7522262461006392,0.7528593710026674,1.2434724029568405,1.0862606584944836
ipo,reference,251,47,-0.44563893672240373,0.7096004744808933,0.837930125551399,1.339248307457919,0.9065990919637867
ipo,reference,251,48,-0.26130451087408724,0.6344684535031206,0.6861707264914378,1.3121783650077907,0.9771055423351629
ipo,reference,251,49,-0.5525878609074852,0.729220439949427,0.9149403226781221,1.353205780319341,0.8643588589719866
ipo,reference,251,50,-0.5239956682035687,0.4362261767429336,0.6818098984114719,1.3895073131331233,0.955711778618372
ipo,reference,251,51,-0.5556934091211461,0.42699177502063534,0.7007975034744018,1.3957264490536034,0.8934050964164764
ipo,reference,251,52,-0.41785534421291054,0.1125750625187207,0.432754241329168,1.4581162597821915,1.0594093923443717
ipo,reference,251,53,-0.3801855222676785,0.19196053309680236,0.42589890538572184,1.4255839052162442,1.046854997746434
ipo,reference,251,54,-0.3272202174485185,0.13560996218241092,0.35420775337387894,1.4374705634894769,1.0568446991685994
ipo,reference,251,55,-0.34765592272359813,-0.029520128592504444,0.34890697699661216,1.5134818109137027,1.046172963633187
ipo,reference,251,56,-0.15218614948820464,-0.013363253145782726,0.1527717271967704,1.5139394205999535,1.0763133574815857
ipo,reference,251,57,-0.28067980949707144,-0.07163488663715024,0.289676910441322,1.5397704044850034,1.0436509388857003
ipo,reference,251,58,-0.13802936047232328,-0.10002401876964459,0.17046087141402502,1.5998034694931504,0.9825832123800722
ipo,reference,251,59,-0.08171698623601673,-0.24015190993185592,0.25367421170354626,1.697799986231263,1.055572478911885
ipo,reference,251,60,0.08281763923866607,-0.2805681081016355,0.2925358519101494,1.7956818358088789,1.0719171271514023
ipo,reference,251,61,0.09039564066798111,0.04517616865446152,0.10105571763176546,2.0737613091069496,1.0918323428927736
ipo,reference,251,62,0.13691946967124757,0.010771586375151895,0.13734252163147814,2.0124951368955593,1.12654532333227
ipo,reference,251,63,0.23245011400500487,-0.13599215623760483,0.2693082287251782,1.9157520628133615,1.0998279039208927
ipo,reference,251,64,0.17396939496956393,-0.06479879696169263,0.18564545368459417,1.9432528518891106,1.044983792204634
ipo,reference,251,65,0.19016272448509766,-0.1711340950556133,0.255829514079394,1.8833745682090788,1.0596706506346025
ipo,reference,251,66,0.18141850539616478,-0.07527215228980208,0.19641428413055254,1.9374055636963339,0.933969922311106
ipo,reference,251,67,0.3180361476512766,-0.1612111308659813,0.3565613831136978,1.925332637172475,1.0633463017799676
ipo,reference,251,68,0.2573690518866334,0.20137679021028373,0.32678959668940083,2.1056699413634603,1.028950784121048
ipo,reference,251,69,0.3610867486719952,0.3874558725416274,0.5296278818505559,2.1306042789931627,0.9161395082530335
ipo,reference,251,70,0.36898795434991494,0.5643162248877591,0.6742439559439201,2.1578351044924187,0.9404386021522657
ipo,reference,251,71,0.1713013977252012,0.5769885150922929,0.6018803165173426,2.204067884043971,0.9997562788438565
ipo,reference,251,72,-0.03308957102466503,0.50826264523173,0.5093386263072455,2.260346908854163,0.8075842510144979
ipo,reference,251,73,0.16355011945712625,0.27312667504503674,0.31835015658170696,2.1641292698175385,1.036626536687227
ipo,reference,251,74,0.08940378382249546,0.49071089779672933,0.4987887546629852,2.2213177813570644,0.9987257969680035
ipo,reference,251,75,-0.07194035467849716,0.4644167117762433,0.4699556328083814,2.2744594542501306,0.9830985446569882
ipo,reference,251,76,-0.026694962671095737,0.6308718888206617,0.6314364268365902,2.2567305301156964,0.9856873053317898
ipo,reference,251,77,-0.008582971355335006,0.5002698679919686,0.5003434902324484,2.2527303029790886,0.9416113253465548
ipo,reference,251,78,-0.16048465485026644,0.4857426184899712,0.5115674108657654,2.300786262760283,0.9790871658571247
ipo,reference,251,79,-0.16091142409453923,0.4429787485271207,0.4712989052085595,2.3054541198738776,0.9314862673195903
ipo,reference,251,80,-0.22535627025567775,0.5002390612601676,0.548657057690871,2.317365079484214,0.9145887931881496
ipo,reference,251,81,-0.3631507731666724,0.3845820200221687,0.5289440558091977,2.3704396070873335,0.749642951393864
ipo,reference,251,82,-0.29253521625655726,0.3084190560852775,0.42508724622929384,2.3707943502482953,0.754181460444645
ipo,reference,251,83,-0.14835054387588792,0.23153736327602442,0.27498624413065725,2.340690238825021,0.9786125195201425
ipo,reference,251,84,-0.2875908803697782,0.2689427514409855,0.39374956257056565,2.3803309121181884,0.8313521305432912
ipo,reference,251,85,-0.17292405309488482,0.041562700212389815,0.17784877336576582,2.4624588341997784,0.9805511047875973
ipo,reference,251,86,-0.36314044280358787,-0.05204131480262061,0.3668504867735238,2.5226540992346194,0.854731766058251
ipo,reference,251,87,-0.2500899291301619,-0.15590231620209122,0.2947040971033593,2.5887188763715514,0.9209840179332074
ipo,reference,251,88,-0.11868400898856925,0.1943247052195702,0.22770152623175727,2.337262613457893,1.0794670304687592
ipo,reference,251,89,-0.13360235407245236,-0.07666908164700675,0.15403810273531776,2.5829161146207062,1.0770024600591532
ipo,reference,251,90,-0.12375996144147865,0.06479493626073475,0.139695783118278,2.423237626723043,1.0205754568854677
ipo,reference,251,91,-0.3991987971673402,-0.04810928922628538,0.40208728327281085,2.519088439806576,0.977780821310674
ipo,reference,251,92,-0.3651573175010937,0.2463972688157005,0.44051274738017643,2.4055269363048994,1.0465206588418352
ipo,reference,251,93,-0.2989408720482566,-0.0902224031529401,0.31225907034330286,2.5466504831429497,0.9559403154779618
ipo,reference,251,94,-0.30727499994664,0.053562057100365525,0.3119083512075789,2.472533183504999,0.983145960640478
ipo,reference,251,95,-0.3408954813456972,-0.07525979307704649,0.3491042332254286,2.5345820568165087,0.8925696703789835
ipo,reference,251,96,-0.33929440415148876,-0.029713148954251176,0.3405929592773334,2.5139022653056404,0.9997865794615727
ipo,reference,251,97,-0.09669197258820904,-0.20869547440805342,0.23000682294532362,2.6809470868964262,1.0670813722812644
ipo,reference,251,98,-0.024665604504327615,-0.2579200159149309,0.2590967515333261,2.734825719733107,1.0713033196936788
ipo,reference,251,99,-0.002672865722232437,-0.3552806547851734,0.3552907089634496,2.7488026599234194,1.0578988566122263
ipo,reference,251,100,0.13959391998170134,-0.2178266662817805,0.25871783672428117,2.8407047882731566,1.1203525610745346
ipo,reference,612,0,2.3721554394408577,-1.1102230246251565e-16,2.3721554394408577,0.0,1.3862943611198906
ipo,reference,612,1,2.7168577727109415,1.1554518167729064,2.952352461686048,0.0639987585622985,1.116646995198077
ipo,reference,612,2,1.7930464982004914,1.5227198017547887,2.3523799309136244,0.11205310283398855,0.7915171065544411
ipo,reference,612,3,1.7149636491592186,1.8650701135277101,2.5336903611751316,0.13166926691027506,0.5498553932345511
ipo,reference,612,4,1.176409455736541,2.090239316587416,2.3985494800304146,0.16841310233144155,0.3912294308871802
ipo,reference,612,5,1.2234323239435763,1.8712382634904736,2.235692127736022,0.15784161559306795,0.5575904095846822
ipo,reference,612,6,1.1320663242063063,1.8877268354456722,2.2011557799628156,0.16402489203445897,0.6394159155028161
ipo,reference,612,7,0.6158905797000477,2.2777273572509946,2.3595260371805313,0.2079700767461352,0.33588268382214914
ipo,reference,612,8,0.12835031221834858,1.9671880227541587,1.9713707209741052,0.23963054188465996,0.4680565630813831
ipo,reference,612,9,0.025596660809470873,1.806695965585623,1.8068772789284728,0.2477452971421286,0.2946495841459477
ipo,reference,612,10,-0.9141813796316753,1.0279280875430312,1.375632126705809,0.3656891481953168,0.6253496847648696
ipo,reference,612,11,-1.0413516920540808,0.7979243372841176,1.3119057110075385,0.3959423727309932,0.6598197683910588
ipo,reference,612,12,-0.9171302439233198,0.953148144999673,1.322731745530879,0.37193536613493333,0.5330347307774789
ipo,reference,612,13,-1.4921263898340733,-0.16959535982745183,1.5017335813366723,0.5180122808026141,0.744349645140922
ipo,reference,612,14,-1.2496409225102594,0.48222530643646416,1.3394564873037247,0.44138567350736907,0.48734097833442525
ipo,reference,612,15,-1.2008807474567273,-0.1293637312011035,1.2078284416929828,0.5170789533258854,0.7362960233523569
ipo,reference,612,16,-0.9768726274172946,0.12951754095073503,0.9854211909691681,0.4790209791937872,0.7375372088562249
ipo,reference,612,17,-0.846496326372046,-0.020329606777428955,0.846740410912987,0.503821558888449,0.7736927049729505
ipo,reference,612,18,-0.9360116304397089,-0.43853008262247944,1.0336471378973004,0.569732009887267,0.8085281632458421
ipo,reference,612,19,-1.1132991134172485,0.27818767131819433,1.1475292137497288,0.4610288829117921,0.6665198276728312
ipo,reference,612,20,-1.061582480489362,-0.13912612459928753,1.0706602829226288,0.5207399153219909,0.7278683555517802
ipo,reference,612,21,-0.8230268674510477,0.007190942853464388,0.8230582811717565,0.4986094682631467,0.706388788704536
ipo,reference,612,22,-1.0236711097713187,-0.42887518990323853,1.1098812862171261,0.5631434345023384,0.8134310788794918
ipo,reference,612,23,-0.8644196599832772,-0.46051840766963525,0.9794378757063568,0.5779066650481778,0.8098065453391583
ipo,reference,612,24,-0.833729700889454,-0.36583643334556776,0.9104622507870519,0.5658100731440013,0.7825372426775308
ipo,reference,612,25,-0.6312485880833618,-0.49215658839667586,0.8004329375153754,0.6053943485997628,0.8812583570676279
ipo,reference,612,26,-0.4462964360296654,-0.3287996368131455,0.5543371807674798,0.6010560017955754,0.8474150048805504
ipo,reference,612,27,-0.44805810642878774,-0.49683792112054764,0.6690321267322955,0.6332090119493543,0.9074735216693803
ipo,reference,612,28,0.2229539288921512,-0.04121837775566234,0.22673202039688814,0.9709049002543696,0.8189567942148113
ipo,reference,612,29,0.13016729112141656,-0.35874875206576956,0.3816335818381745,0.8053962241449587,0.9848203829296018
ipo,reference,612,30,0.6073119096685023,0.04987909837863448,0.6093567756907842,1.0130422722306196,0.8733002868936661
ipo,reference,612,31,0.8762082210837878,0.32561873531510693,0.9347558009892346,1.0566283373452805,0.8450478883053529
ipo,reference,612,32,0.7161523529510391,0.30671634541529286,0.7790693866288309,1.0644018312282646,0.8134501908507675
ipo,reference,612,33,0.7951529749153384,0.48243203523191547,0.9300585584438869,1.0867940516330352,0.69734797280358
ipo,reference,612,34,1.0988275600904875,0.5714825120566152,1.2385532965524548,1.076328374974963,0.8187686850172732
ipo,reference,612,35,0.7488459505864202,0.4857568337387952,0.8925973107922849,1.09158450775474,0.7644250692876838
ipo,reference,612,36,1.0158332406941317,0.6378635475150707,1.1994945094278893,1.0892377663065542,0.8091254039899718
ipo,reference,612,37,0.8629508569843325,0.8096696530885101,1.1833212280283247,1.1199318447563786,0.723618119134517
ipo,reference,612,38,0.5810765786190486,0.8486799124353867,1.0285463450865766,1.1544478515287795,0.7202073996254408
ipo,reference,612,39,0.5705513357286167,1.080488822959851,1.221877622040306,1.1726770514006093,0.4137131134280279
ipo,reference,612,40,0.34253737514685295,0.8775727678834168,0.9420540410735772,1.1907725673751026,0.6143429746760319
ipo,reference,612,41,0.22055399093104266,1.179986708593255,1.2004218822448853,1.2205913309128118,0.37398477622778875
ipo,reference,612,42,-0.17387913789606252,0.6844418316167215,0.706183103353748,1.2895949229983703,0.5640571901689938
ipo,reference,612,43,-0.5628851359671718,0.3324086935109511,0.6537088157692528,1.4151007246811385,0.6440098456249367
ipo,reference,612,44,-0.5212736978452917,0.20549486322668653,0.5603163453602429,1.4402355740726351,0.7114916332635122
ipo,reference,612,45,-0.39475007338478907,0.2381176177725857,0.46100718034645355,1.4136143187111951,0.7209563476427978
ipo,reference,612,46,-0.2689775313568389,0.11672293124522042,0.29321179214570425,1.4348376213072718,0.815811039371296
ipo,reference,612,47,-0.3710352382488967,0.0763222230109285,0.37880368233129075,1.4677120802469128,0.7889130906472881
ipo,reference,612,48,-0.38234832610396796,-0.2503768072907296,0.45703258976095495,1.592273237084777,0.8347957581806418
ipo,reference,612,49,-0.13300236078277886,-0.16434905994771143,0.2114243161972835,1.6417163250736257,0.8612338591759308
ipo,reference,612,50,0.027774363480437686,-0.12692877520565438,0.12993201777064425,1.78428564568696,0.9044182464830915
ipo,reference,612,51,0.36911624875577637,0.03529999852637797,0.37080034383950944,2.0151744472088975,0.9387916586243025
ipo,reference,612,52,0.223883947619512,-0.007522446032043856,0.22401028814766835,1.994654443737192,0.9043709136830519
ipo,reference,612,53,0.3870284427529696,0.17062501897963234,0.42297034482524726,2.066085337139046,0.8447452378966187
ipo,reference,612,54,0.29310723610507083,0.16297262242724436,0.3353683460286121,2.0807633495226754,0.8742727428426378
ipo,reference,612,55,0.27323197028958013,0.2770669714645395,0.3891295623116521,2.1261091235450422,0.7666602336388186
ipo,reference,612,56,0.36192592516410615,0.31874565700778973,0.48227499330487966,2.1149170810333584,0.8254745371460581
ipo,reference,612,57,0.5123167415129373,0.365199993513176,0.6291577535852655,2.098563335104422,0.7941913173531734
ipo,reference,612,58,0.4672622313717683,0.5928992305021688,0.7548930324202149,2.14377348336044,0.6512151543773826
ipo,reference,612,59,0.35641487458525245,0.42571616588402905,0.5552169096133684,2.1390653077673267,0.7506678444036787
ipo,reference,612,60,0.2306219056917176,0.43891546117636204,0.4958157373909567,2.1730026539812726,0.7289155269350543
ipo,reference,612,61,0.38031676428586625,0.5072386232448757,0.6339809635219563,2.1476061516843408,0.7219859897526244
ipo,reference,612,62,0.26129680015909085,0.5689639053086215,0.6260957940422678,2.1814806565331604,0.6719381716012027
ipo,reference,612,63,0.4304052349948741,0.46772701900647273,0.6356234975358244,2.131609862714404,0.801169348157024
ipo,reference,612,64,0.34138505692180043,0.5439172821163185,0.6421758068273078,2.1607942012891805,0.6866455646349825
ipo,reference,612,65,0.4505124263855919,0.5090665867450692,0.6797869048960185,2.1346997151599156,0.7839648344486848
ipo,reference,612,66,0.22291219541942003,0.5963064938492548,0.6366092062431213,2.1930643760882784,0.7459292421966607
ipo,reference,612,67,0.2389822903122305,0.6244454921183173,0.6686140199769721,2.19182664240726,0.7082754378052961
ipo,reference,612,68,0.1888777655966009,0.8855719900585505,0.9054902318153553,2.216556010426962,0.5714519173844
ipo,reference,612,69,-0.14087482401117585,0.6147281208987619,0.6306634432594794,2.28585382187254,0.6765528622263541
ipo,reference,612,70,0.05763230541719,0.6265379171864127,0.629182997465752,2.2354011604924646,0.6257660856777768
ipo,reference,612,71,-0.17595584279819113,0.26042571002263004,0.31429605319763837,2.3445689119023876,0.7817154310222443
ipo,reference,612,72,-0.017208709127297828,0.5916593938354251,0.5919096028816652,2.25462779635869,0.5998819918525491
ipo,reference,612,73,-0.4481173004962785,0.26195691957987277,0.5190669925162339,2.4158073070378645,0.7006163066209498
ipo,reference,612,74,-0.16630502878734438,0.3438481386386776,0.38195406143310306,2.3216975580228127,0.6409834956962928
ipo,reference,612,75,-0.45123295090272814,0.2224142629275011,0.5030698563161656,2.4271143187096453,0.6554752553284554
ipo,reference,612,76,-0.204438622144686,0.12491902469646404,0.23958278935585814,2.412704544058765,0.7621847792083798
ipo,reference,612,77,-0.568199943947512,0.009999395609712136,0.5682879236923088,2.4971994207423234,0.7153000775462277
ipo,reference,612,78,-0.32528372920467175,0.01300532927553355,0.3255436116327016,2.49364013503834,0.7523315157609645
ipo,reference,612,79,-0.3004664571853829,0.05340447631952441,0.30517557239153037,2.4720043889850323,0.7443732358808269
ipo,reference,612,80,-0.4719247665382337,-0.08171534492762428,0.47894716083176336,2.5272876418439223,0.7938787193474379
ipo,reference,612,81,-0.5679534457478261,-0.18793960359413125,0.5982410978325947,2.550860349666455,0.8116805879333018
ipo,reference,612,82,-0.5530015535385686,-0.5394709090633576,0.7725539333546337,2.623028912468156,0.8915776268103208
ipo,reference,612,83,-0.1936538021481841,-0.1976660889387933,0.2767194929939107,2.626631792593006,0.880942027134283
ipo,reference,612,84,-0.33121045031946406,-0.17441492929849817,0.3743273032561508,2.5771422887614093,0.8465749075243292
ipo,reference,612,85,-0.19704797826956025,-0.21390701887804076,0.2908334892432637,2.631525522099558,0.8771950529930249
ipo,reference,612,86,-0.33778491565493224,-0.35326177057321667,0.48876633250719476,2.6285638782346075,0.894040934646281
ipo,reference,612,87,-0.14960753383339764,-0.3621426267973309,0.3918286568429906,2.68764892574408,0.890199683657813
ipo,reference,612,88,-0.21212232395551006,-0.1153164276888583,0.24144100483390563,2.5792497407370103,0.8486752436416817
ipo,reference,612,89,-0.07717699277210605,-0.3666680980507935,0.37470225825518055,2.716982721083642,0.8959157614717546
ipo,reference,612,90,-0.023941885256964487,-0.27966446371549725,0.280687417129686,2.736407993579632,0.9179924818950862
ipo,reference,612,91,0.12482838346262212,-0.21805000583024906,0.2512527220956284,2.8327502758918977,0.9454568411482798
ipo,reference,612,92,0.030695844426406542,-0.3318875368350951,0.3333040233353278,2.764678274253105,0.9551323521867727
ipo,reference,612,93,0.21898519345101125,-0.15206124782251845,0.2666029595486858,2.9034007004005127,0.9205851085066763
ipo,reference,612,94,0.4808037966626406,-0.20965726608152835,0.5245268916900169,2.9345558715441595,1.0047453765713055
ipo,reference,612,95,0.5479991459266755,0.03962358810807105,0.5494297886635962,3.0114878540089185,0.8926248901534777
ipo,reference,612,96,0.741880426728932,0.25942672219646523,0.7859317984107171,3.0535392276984097,0.7756174402110859
ipo,reference,612,97,0.9127581496661051,0.4331431261981118,1.01031698370094,3.070517659272682,0.7095753976848246
ipo,reference,612,98,1.0721526438225495,0.5931998741692759,1.2253152175542943,3.08043013268183,0.6955119426573111
ipo,reference,612,99,0.912804934372265,0.51429797579992,1.0477190730946202,3.081661217937755,0.6774865396412907
ipo,reference,612,100,1.0459467949430996,0.773691400916722,1.3010008000398088,3.1013624837745644,0.5827665329292796
ipo,reference,737,0,2.4045282897299964,1.6653345369377348e-16,2.4045282897299964,0.0,1.3862943611198906
ipo,reference,737,1,2.111647250981574,0.40093539028586,2.149372768916949,0.029863048611899975,1.2991004427573487
ipo,reference,737,2,2.228949487180058,0.8905960918477374,2.400286902687824,0.060498909940311416,1.106529648481611
ipo,reference,737,3,1.3136685705815805,1.076227076328782,1.6982313838688328,0.10923932073712901,0.9677457087362329
ipo,reference,737,4,1.3576706540973542,1.0799932140703654,1.7348357119436917,0.1069482649622008,0.9633759047644541
ipo,reference,737,5,0.9817991374562409,1.4353380410291143,1.7390011036037654,0.15451975800381598,0.8091824691085425
ipo,reference,737,6,0.991460686775981,1.4667529088181366,1.7704119263461724,0.1553973057276428,0.7404386846630052
ipo,reference,737,7,0.19693883057118208,1.4551499922585356,1.468416290755711,0.2285901845065883,0.7957429276091084
ipo,reference,737,8,0.5115501294517183,1.6860271400824807,1.7619225442784874,0.20311640883049997,0.652422659417552
ipo,reference,737,9,-0.04380091461243055,1.5600097086665745,1.560624493994265,0.2544674728838685,0.774043960249865
ipo,reference,737,10,-0.3791342229788955,1.3237731033721936,1.3769960015357559,0.29439426925778206,0.7422521938308313
ipo,reference,737,11,-0.305615713397433,1.373663261192401,1.4072497004530375,0.28484168089645345,0.8020693367539722
ipo,reference,737,12,-0.2976642889104307,1.5613951322555886,1.5895152682261342,0.27998153274933985,0.7627275653739881
ipo,reference,737,13,-0.307351103799697,1.2866487499752772,1.322849086940697,0.2873191445185823,0.8175377688668721
ipo,reference,737,14,-0.27008058594976847,1.6588220380050978,1.6806647722488728,0.27568736548928374,0.7059602065404358
ipo,reference,737,15,-0.6621757884188476,1.435465209991396,1.5808343189163643,0.31878815025364754,0.8042086675683382
ipo,reference,737,16,-0.7730501616913624,1.533927401805741,1.7177135461134236,0.3242962144722714,0.8033916339255898
ipo,reference,737,17,-1.505495896122046,1.3635956798290858,2.031233879022519,0.3828651143612886,0.8065853144523385
ipo,reference,737,18,-1.000738310311041,0.8960468577488421,1.3432710586496572,0.38377551842673086,0.9142859431249732
ipo,reference,737,19,-0.910900365659663,1.3575624869873961,1.634844146160212,0.34405808603734717,0.9007188228644696
ipo,reference,737,20,-1.7571287078543234,0.9731518011304929,2.0086128855529446,0.41950269562682807,0.7187920400632842
ipo,reference,737,21,-1.2207850456323688,1.0401899670182981,1.6038426653276041,0.3876855477628679,1.027021188346142
ipo,reference,737,22,-1.9285570804534788,0.9848995971447367,2.1654929298021526,0.42485261312780087,0.839716640609169
ipo,reference,737,23,-1.612034529852052,0.8322439873257644,1.8141900065525698,0.424150223842083,0.8826444477069384
ipo,reference,737,24,-2.194789972149635,0.768871145011388,2.3255678574231538,0.4463716671546736,0.5612383125801372
ipo,reference,737,25,-1.5682909435179655,0.24740788318890455,1.587686097496758,0.47509752405433253,0.7089710861135041
ipo,reference,737,26,-1.3428395177514736,0.10613492161941968,1.3470273167319848,0.4874468585905945,0.46762263071962473
ipo,reference,737,27,-1.5609234562986865,-0.03717705687580726,1.5613661229773703,0.5037899321116518,0.8209645836755027
ipo,reference,737,28,-1.2516899158945245,0.2238434368452073,1.2715476907181722,0.4718355731753878,0.8765706122639964
ipo,reference,737,29,-0.8716304776887712,-0.11352948677492165,0.8789929658440576,0.5206138133855497,0.7856083022699675
ipo,reference,737,30,-0.763887771411556,-0.15622188090714972,0.7796985336566186,0.5321058967981295,0.70016070578585
ipo,reference,737,31,-0.5689576150578393,-0.0810811439557326,0.5747059418846082,0.5225291947656411,0.8617053367620053
ipo,reference,737,32,-0.3443485142204643,-0.35040079603444146,0.4912805889788559,0.6263864370754804,0.8109815606570451
ipo,reference,737,33,-0.19993649130138613,0.006990841607072376,0.20005867244457165,0.49443736408172845,1.034548916703555
ipo,reference,737,34,0.08876278488930978,-0.21199644050760963,0.2298288988991644,0.8131084223158187,0.9939086496113264
ipo,reference,737,35,0.65980314307569,-0.08990605351918407,0.6659003574649542,0.9784459852702716,1.0984478368133233
ipo,reference,737,36,0.4242476088670015,0.01572865954952908,0.42453907283145714,1.005897848055398,1.0357410971427932
ipo,reference,737,37,0.6374390000138732,0.026075958816077632,0.637972126637884,1.0065069835832492,1.1025828268268483
ipo,reference,737,38,0.47714989780023187,0.12435428208092623,0.49308824001656565,1.0405761841014078,0.992079466955749
ipo,reference,737,39,0.6177493584215932,0.32669508561453087,0.6988161051342302,1.0774222339738244,1.04882659696549
ipo,reference,737,40,0.6757661621561895,0.34527466642298915,0.7588639543349069,1.075178386777387,1.1343640489077476
ipo,reference,737,41,0.8656673074275484,0.7280909013086714,1.131148198830434,1.1112953985193528,1.0901015255999138
ipo,reference,737,42,0.5240552076177821,0.6499564651498084,0.8349115325717755,1.142002827981528,1.098861254953197
ipo,reference,737,43,0.582336675098585,0.7480177504433381,0.9479697031778954,1.144719474054478,1.0842290572491389
ipo,reference,737,44,-0.03248380306459808,0.6824368985107456,0.6832095710032942,1.2575700164476515,1.0183763028086696
ipo,reference,737,45,0.10239766739739642,0.5894248931724416,0.5982532799573872,1.222624076189612,0.9664626468178588
ipo,reference,737,46,-0.15870536841712846,0.4921363252612474,0.517093373198749,1.2996489022888675,0.8519249273243859
ipo,reference,737,47,-0.360012077795265,0.445296908487919,0.5726238144430967,1.3582075677194168,0.930758490259135
ipo,reference,737,48,-0.4109988541725163,0.43299917078998046,0.5969994472660188,1.3708522812793522,0.8537872896654326
ipo,reference,737,49,-0.5581402536138789,0.3340394087204287,0.650463580289057,1.4141668014637117,0.8096464220579438
ipo,reference,737,50,-0.7589800275054159,0.2908047346204134,0.8127841508234341,1.44176545667341,0.6940963821335726
ipo,reference,737,51,-0.5494526827152377,0.18850967481235126,0.5808908228237301,1.4473989137930554,0.7891181352578935
ipo,reference,737,52,-0.349759881039475,0.12332406426305217,0.37086493391948655,1.44604870749961,0.878748532532945
ipo,reference,737,53,-0.22663646368047946,-0.07187557080355975,0.2377607712553331,1.5488775631725042,0.9096254313954211
ipo,reference,737,54,-0.13430365644867936,-0.04507845937468069,0.14166700263321602,1.5515391987542186,0.8518618815388933
ipo,reference,737,55,-0.06450303317218253,0.0797926048569795,0.10260361142900258,1.35819862788782,0.8749283592492836
ipo,reference,737,56,-0.4290129719522603,-0.02572931940452965,0.42978381540063976,1.5095336263402575,0.7060596868238069
ipo,reference,737,57,-0.019140679910350872,-0.19630610843195276,0.19723704985404772,1.7345306158258982,0.8654986969180918
ipo,reference,737,58,0.06883946103156147,-0.10075366369282683,0.12202529304469267,1.8453962679978535,0.8221575704889704
ipo,reference,737,59,0.19666951734633575,-0.18942297096177052,0.27305669920590564,1.8779868187356532,0.8198011590307737
ipo,reference,737,60,0.259306339489041,0.12191646751710306,0.28653691341789567,2.069947815247513,0.888727422506731
ipo,reference,737,61,0.15839724299689775,0.05682702188207686,0.16828249167695467,2.054822480120644,0.7793808062143435
ipo,reference,737,62,0.4087658554030855,0.321921286825411,0.5203103299519862,2.1061722346947302,1.0399028714914758
ipo,reference,737,63,0.2868343749715899,0.16144137181482945,0.3291462823712226,2.0815902102469432,0.9104721127147393
ipo,reference,737,64,0.3584844208677126,0.3659667033016265,0.5122916239119277,2.1266437270297693,1.056481728516843
ipo,reference,737,65,0.21377301508768815,0.5115313379835342,0.554403473761579,2.18699878336036,0.9270936325972738
ipo,reference,737,66,0.20519969759534945,0.3818663325511186,0.43350756836445703,2.1715227599277047,0.9525617595296484
ipo,reference,737,67,-0.197054307228838,0.4010068349737825,0.44680743245063376,2.32269291618499,0.8397718435890539
ipo,reference,737,68,-0.006052880114022663,0.34398458589824144,0.3440378361361718,2.252800260303531,0.8931318906417778
ipo,reference,737,69,-0.10534105435065638,0.4727627416104519,0.4843566326445203,2.284892913625151,0.9071415210495923
ipo,reference,737,70,-0.25405153699509064,0.46822853485751764,0.5327101879111995,2.3291205048469155,0.9483137191185478
ipo,reference,737,71,-0.07234405261469778,0.44277120997427366,0.4486424036254269,2.275776439740839,1.0514996858615573
ipo,reference,737,72,-0.2886794843282344,0.40529503254445887,0.4975941198177781,2.348503138003385,0.9894602167437287
ipo,reference,737,73,-0.1658136609579438,0.2505143174920043,0.30041902973806545,2.3430563734265544,0.975605923476033
ipo,reference,737,74,-0.0823704098585964,0.4089968855155082,0.417208984540912,2.2816300838715144,1.0033533012494962
ipo,reference,737,75,-0.3515771429171977,0.20374030617659794,0.4063454192958911,2.4164098421943163,0.9179084049637275
ipo,reference,737,76,-0.12440289387245751,0.27919534748714187,0.30565686981042617,2.316712863112545,1.0614435168091698
ipo,reference,737,77,0.03722671352415008,0.3628261571759261,0.3647309262056879,2.233727316361448,1.1086306120830007
ipo,reference,737,78,-0.22802261935153878,0.3456192206692115,0.41406154208273177,2.3428190873994783,1.0561736211222164
ipo,reference,737,79,0.21428175314416537,0.262960383481266,0.3392120767472047,2.141177831900228,1.1191956415212663
ipo,reference,737,80,-0.18646126140567904,0.4730974478424948,0.5085164669507557,2.3097522802079196,1.095978432065868
ipo,reference,737,81,0.03847395982173124,0.16238188047361662,0.1668775619743772,2.2129734057539157,1.0413315704949637
ipo,reference,737,82,0.047987334955156946,0.10696412014772638,0.11723526481002068,2.1828820975960865,0.9803707409244259
ipo,reference,737,83,0.158906941305133,0.1723926294630217,0.23445817257696025,2.131474894223221,1.0285618505281913
ipo,reference,737,84,0.1062854410295335,0.1095106770242644,0.15260794002002384,2.1273785137585977,0.9448808665706367
ipo,reference,737,85,0.12470110820378108,-0.1977853417751353,0.2338149007406461,1.8395302854277285,0.8691431710339663
ipo,reference,737,86,0.33516473503360905,-0.015751980187675763,0.335534684481325,1.9925255795798438,0.9408695831889967
ipo,reference,737,87,0.17314408906992124,-0.0742408334412028,0.18838942892290222,1.9355313425830671,0.8159922015731655
ipo,reference,737,88,0.29523533449424305,0.1783697351291436,0.3449342910526126,2.086496508725354,0.8579234347966838
ipo,reference,737,89,0.09224514677801082,0.11697195502458405,0.14896847104797067,2.1437232413939804,0.7349006216704999
ipo,reference,737,90,0.17733362817404585,0.4081522198345981,0.44501174168473445,2.184766829992717,1.0389198066816085
ipo,reference,737,91,-0.20929800282164598,0.2602994461400324,0.3340081670347858,2.3577821875655336,0.8102976206214053
ipo,reference,737,92,-0.040597070038023514,0.18426600021532408,0.18868513701674014,2.284513284631108,0.9018364993016013
ipo,reference,737,93,-0.18136265725842765,0.35521069090135066,0.3988321055011153,2.325132897177582,0.9722734023366141
ipo,reference,737,94,0.12490743470732442,0.15063419840142395,0.195684769395076,2.1398170178574416,0.8832818084122294
ipo,reference,737,95,-0.2685766515778397,0.28656974623865733,0.3927539143433873,2.3698433641478664,0.7634432459973676
ipo,reference,737,96,-0.17720866037008545,0.09994650871575037,0.20345076533310918,2.4182688875815863,0.7845421293843744
ipo,reference,737,97,-0.020536158138147492,0.20558480425975992,0.2066079512835815,2.2658456486716054,0.9043504292752138
ipo,reference,737,98,0.07087166077257803,0.2112433507541985,0.22281504782784467,2.1984819860364775,0.8738568385569948
ipo,reference,737,99,-0.06323259645150281,0.1667747798688032,0.17835971645606072,2.307678345270356,0.8099883023923504
ipo,reference,737,100,0.24762647194543,0.3703789235206797,0.44553273347362293,2.1562062823026116,1.0571902881327437
ipo,reference,867,0,2.123953649294517,0.0,2.123953649294517,0.0,1.3862943611198906
ipo,reference,867,1,2.1318114362031504,0.4392516366691481,2.1765941284132566,0.03234066522552795,1.2861451723951502
ipo,reference,867,2,2.1952660609393617,0.419501289381768,2.2349886823214984,0.030051195303796484,1.2807226047754843
ipo,reference,867,3,1.9742983152836153,0.9244779156451368,2.180025975590038,0.06969901727811173,1.0938699533574074
ipo,reference,867,4,1.902646614424219,1.2846556363187833,2.2957361005362875,0.09451940739604049,0.8796724094935513
ipo,reference,867,5,1.9183717538022709,1.4222824186993517,2.388103319441535,0.10153685710878894,0.8291727048145359
ipo,reference,867,6,1.6673365281220136,2.0256848472728057,2.623625392177896,0.14039522947019412,0.5358902258185687
ipo,reference,867,7,1.433718188479753,1.733829516606692,2.2498250235594455,0.14003435731967157,0.7023959220462698
ipo,reference,867,8,1.3041100830858903,1.8301866109190095,2.2472841697465626,0.15146668706298488,0.5670288171568302
ipo,reference,867,9,0.6938538777383958,1.7751705340061101,1.905954781325136,0.1906976650939119,0.7011722624850633
ipo,reference,867,10,0.708758503401027,1.6458241341554551,1.791947459249801,0.1852814771355936,0.7565694820870323
ipo,reference,867,11,0.32179267461529903,1.4317894502681094,1.4675052147556829,0.21481479812608809,0.8119122713246664
ipo,reference,867,12,0.6373473768540268,1.455598766339618,1.5890183911308662,0.1843148559418349,0.8224797216083953
ipo,reference,867,13,0.33559640063915636,1.2015784158182912,1.2475638795197428,0.20665319007652166,0.7961995253876162
ipo,reference,867,14,0.45559925207258783,0.9933048415088827,1.0928061066145667,0.18155691839461702,0.8275426821239606
ipo,reference,867,15,0.08120573966374972,0.8653949112135116,0.8691965971565802,0.23510904129772064,0.6529935878342856
ipo,reference,867,16,0.2550884708420669,0.5189117561361225,0.5782210119087845,0.17728341343677254,0.6028131889796704
ipo,reference,867,17,-0.011551331351817185,0.6654238682163732,0.6655241225140083,0.25276255020943966,0.5571338138617099
ipo,reference,867,18,0.26511589089276416,0.6707186284855557,0.7212141943981752,0.19009036118202688,0.7419866701733117
ipo,reference,867,19,0.3846230805585906,0.3581141677486395,0.5255289442463478,0.11932203724908078,0.6645632420970665
ipo,reference,867,20,-0.09290935646394391,0.5758396918901831,0.5832868070466923,0.27545958053920083,0.5688055026702916
ipo,reference,867,21,0.07016020678165064,0.28742777088056637,0.295866824921307,0.21189590896779015,0.5536727506017877
ipo,reference,867,22,0.08342678920310642,0.39775463483871903,0.4064096193404166,0.2170951398091326,0.6077087197182588
ipo,reference,867,23,-0.17528707079192773,0.431289198134099,0.4655490625207706,0.3114391529431746,0.5318575449329546
ipo,reference,867,24,0.19140744127420384,-0.07271056448745215,0.20475261845266282,-0.05777901180544635,0.527519241748178
ipo,reference,867,25,-0.06114334200204469,-0.09850126439996074,0.11593535853901508,-0.338414969683419,0.3239573491395028
ipo,reference,867,26,0.30956748016096125,-0.11420215705121733,0.3299608422955034,-0.056248499467770066,0.5284135728021675
ipo,reference,867,27,-0.025104149440186074,0.08561000685900776,0.08921486195424251,0.2953976889238241,0.43532628158038555
ipo,reference,867,28,0.22546390251333515,-0.38432706143420403,0.44557969151117416,-0.16556154618369914,0.42840779697987375
ipo,reference,867,29,0.2389569923158928,-0.13583301598835282,0.27486551695174455,-0.08226579749407681,0.4302094604070609
ipo,reference,867,30,0.2122435769005307,0.022449523253281728,0.21342754515252035,0.016771847119954598,0.3915448877531145
ipo,reference,867,31,0.15201499948095604,-0.09127092200442266,0.17731029657279485,-0.08605809589557023,0.3693837314341277
ipo,reference,867,32,0.36589690479407727,0.14817640209799662,0.394761688967652,0.06123987247353188,0.47170142830837536
ipo,reference,867,33,0.43966337443401354,0.28651490821763703,0.5247805974401727,0.09191953621158368,0.5069232650421921
ipo,reference,867,34,0.5210208873131583,0.6270682166715844,0.8152774456442861,0.1396593153973598,0.6402579512505854
ipo,reference,867,35,0.7253051677473333,0.771382424374974,1.0588193571122506,0.12989822169282642,0.83492865205255
ipo,reference,867,36,0.6835349367359538,0.8541957610392437,1.0940157256255676,0.1425913858606761,0.7993372427454983
ipo,reference,867,37,0.5260706657115198,1.1099952515083882,1.2283484048482873,0.17956076595117862,0.7773848408863484
ipo,reference,867,38,0.4224843522436157,1.2347940829781474,1.305070670595486,0.19753232333501927,0.7906228829751994
ipo,reference,867,39,0.553075809810721,1.2445557744262907,1.3619148016875393,0.18344394757481136,0.8340540724681255
ipo,reference,867,40,0.16484310240637762,1.362548486069753,1.3724837431831152,0.2308383275174767,0.7762677146772892
ipo,reference,867,41,-0.12555252563003128,1.0768944512811591,1.0841886809463694,0.26847209700660424,0.6318612485807903
ipo,reference,867,42,-0.2119751471219447,1.2150832007383547,1.2334344926723653,0.27748845570215586,0.6768340578982283
ipo,reference,867,43,-0.4513019119317532,0.9662963757639635,1.0664905538858873,0.31954054152444294,0.547073616591719
ipo,reference,867,44,-0.29674378164471554,0.6534854023886465,0.7177047046521695,0.3178403125636853,0.6016184664967941
ipo,reference,867,45,-0.5879043484001393,0.6905143795773876,0.9068856770679183,0.3622530342741409,0.4988877638662515
ipo,reference,867,46,-0.4362764693802692,0.3563672563019866,0.563324754559143,0.3909909439404301,0.49920687894314664
ipo,reference,867,47,-0.556146552909643,0.21133361013348184,0.5949461178000315,0.4422038784270605,0.4818363822080485
ipo,reference,867,48,-0.38503363098309895,-0.0737448651339866,0.39203214424541655,0.5301179488753687,0.5261623836935166
ipo,reference,867,49,-0.4747042021313504,-0.19382052764227967,0.5127479658240427,0.5616946383287106,0.45058509554728426
ipo,reference,867,50,-0.460435373462839,-0.21616056593033434,0.5086512787747481,0.5698573446327367,0.5374886222412679
ipo,reference,867,51,-0.3959770902796483,-0.4839248078413522,0.6252847956496514,0.6408551524432846,0.5779002297069378
ipo,reference,867,52,-0.08625939392041179,-0.6069107833227816,0.6130100993890631,0.727530022505665,0.7150235444974707
ipo,reference,867,53,0.05820411043825757,-0.42187458807037015,0.4258707392289982,0.7718201317125918,0.6066469562830439
ipo,reference,867,54,0.27215474444829224,-0.7007474977060743,0.7517414851310521,0.8089585078242382,0.7705458991650473
ipo,reference,867,55,0.37135929619552266,-0.48814561679780305,0.6133464519093116,0.853506250281809,0.7269711214665858
ipo,reference,867,56,0.5260473998088043,-0.17988299104786604,0.5559530171821453,0.9475604758215344,0.8278431875360954
ipo,reference,867,57,0.6351211684293774,-0.19200013044004122,0.6635080622540245,0.9532769027818139,0.9531718815388615
ipo,reference,867,58,0.6289477825828595,-0.1430069277933773,0.6450010035750303,0.9644171347356321,0.921991277255498
ipo,reference,867,59,0.5363713883843426,0.10376255527796108,0.5463157824511015,1.0304132900782406,0.8470765947055654
ipo,reference,867,60,0.4872254420431914,0.2611141653615184,0.5527831751479287,1.0782993765622395,0.9058835162630677
ipo,reference,867,61,0.27766377904204464,0.3615134479377524,0.455838948787564,1.1457599972395471,0.7969870924632498
ipo,reference,867,62,0.20150679046080341,0.45460352097508744,0.49726185042164744,1.183595239735251,0.7546728191491581
ipo,reference,867,63,0.20625037602428647,0.10997343426065637,0.2337378314549069,1.0779630490620458,0.8024934471407946
ipo,reference,867,64,0.24756530548237743,0.5030238189578055,0.5606438646034378,1.1772102759689942,0.7858156293984903
ipo,reference,867,65,0.3493726183126775,0.3093521292726637,0.46664758256331584,1.1153424925185313,0.8106199072367514
ipo,reference,867,66,0.02707944104684737,0.30954991553194455,0.31073211345666174,1.2361124721153034,0.6615940905352746
ipo,reference,867,67,0.3318515978156675,0.22774254597794108,0.40248248436587414,1.0957248982879384,0.7854274954553477
ipo,reference,867,68,0.11275557001809805,0.39033123846139073,0.40629089860457035,1.205243059395075,0.7658099473781274
ipo,reference,867,69,-0.096775563366236,0.25955657942241517,0.27701106040430384,1.3067998598485582,0.620648740846239
ipo,reference,867,70,-0.03867060719123187,0.4268187289393306,0.42856696470204547,1.2643804848131925,0.7007838409168127
ipo,reference,867,71,-0.023322828738180118,0.2819146456085037,0.2828777505370804,1.2631369889094286,0.6330058874774218
ipo,reference,867,72,-0.04450132391477862,0.38591480078847396,0.3884721370932227,1.2682720658267677,0.7000357796982657
ipo,reference,867,73,-0.06943939278370298,0.27902641691084,0.2875370769209969,1.2888192275044323,0.6309130968292722
ipo,reference,867,74,-0.2898032262859892,0.29039023479701914,0.4102589407084703,1.3748389756511297,0.6071124607890163
ipo,reference,867,75,-0.18576929724028832,0.20432221143189827,0.27614814480921634,1.3674362244289686,0.6129357737877277
ipo,reference,867,76,-0.19838208130900753,0.3056516261551632,0.36438765999384415,1.3416262240788008,0.692930928322189
ipo,reference,867,77,0.0639396549035835,-0.006494491195407608,0.0642686384255694,0.9838895346445724,0.7285046353833181
ipo,reference,867,78,0.19143412662515918,0.40402300514661094,0.44708121580361204,1.1795763228355827,0.8276360564357879
ipo,reference,867,79,0.14511285237946586,0.3763376384446288,0.4033457053642505,1.1914270849195308,0.7998632716063381
ipo,reference,867,80,-0.023487834296147106,0.46776310074761696,0.4683524279652541,1.2579849562489545,0.7126237883104505
ipo,reference,867,81,-0.14521130512373848,0.41249165480574573,0.4373050290359373,1.3038717464390164,0.6729154101390423
ipo,reference,867,82,-0.18792225354824138,0.08725569378539366,0.20719152848661526,1.430815853313036,0.4973778381316001
ipo,reference,867,83,-0.45558958652723675,0.1902209665091118,0.4937062764961766,1.437050402593691,0.4741319060578598
ipo,reference,867,84,-0.16719379579604235,-0.21353077539651316,0.27119947897096863,1.6442755257548716,0.4821050704501246
ipo,reference,867,85,-0.2148495960597001,-0.09634355448870377,0.23546216133072026,1.5670904814869395,0.5330737104040599
ipo,reference,867,86,-0.1189074647128906,-0.4668155002929034,0.48172159644151413,1.710304130767552,0.4594389869109695
ipo,reference,867,87,0.09801519000079917,-0.5098649854782404,0.5192006171872479,1.7802268079470316,0.5833941979195894
ipo,reference,867,88,0.2033706202008153,-0.3652444944704067,0.4180468274031119,1.8308593277900491,0.6017810311478596
ipo,reference,867,89,0.4286403601437499,-0.3798562737629354,0.5727332250369501,1.8845916618105156,0.8031314867528406
ipo,reference,867,90,0.5599455286955568,-0.12777473452601126,0.5743390791939368,1.9642935971841524,0.9473580600599019
ipo,reference,867,91,0.7534902979627058,-0.17847139263899112,0.7743382123558336,1.9629847802773646,1.0597581782177001
ipo,reference,867,92,0.5246464984357765,0.12956225014754355,0.5404075545217849,2.0385325980140836,0.990957153671613
ipo,reference,867,93,0.7078537230578092,0.4643899516744307,0.8465901726709221,2.092408388848334,0.9941873444104964
ipo,reference,867,94,0.35535770530951416,0.26257519877083646,0.4418425440497868,2.1012801114379376,0.8143048572464381
ipo,reference,867,95,0.4906522757262035,0.5198614931133495,0.7148395817925469,2.129599142938988,0.9223885039732547
ipo,reference,867,96,0.031960560978201755,0.5909233672332806,0.5917870422714238,2.2414003570427035,0.749196257358195
ipo,reference,867,97,0.1645028631033228,0.3638270687329474,0.39928852714797525,2.1824169382538665,0.6894900318881818
ipo,reference,867,98,-0.16349501795579519,0.4011252709432051,0.43316521546128967,2.311598230386225,0.6090900514447396
ipo,reference,867,99,0.015399417006583344,0.29200919746280246,0.29241496789154386,2.241614561841405,0.6305191042536273
ipo,reference,867,100,0.10033113252887177,0.37014932363898473,0.3835060077038219,2.2078723767296364,0.6491503752178063
ipo,reference,945,0,1.0574401920850691,0.0,1.0574401920850691,0.0,1.3862943611198906
ipo,reference,945,1,0.7146794148184633,0.3338424192016292,0.7888075981021339,0.0695508585571635,1.3350252150445088
ipo,reference,945,2,0.8148600796098591,0.3223374679140029,0.8762981185435678,0.05995128825318229,1.3081953807578883
ipo,reference,945,3,0.7826802249236487,0.5136113721843626,0.9361543548601572,0.09242704273083847,1.3083429059441185
ipo,reference,945,4,0.7102311829180122,0.7039750727358823,1.0000046181006415,0.12429594119598983,1.2590639367716276
ipo,reference,945,5,0.32490945241286184,0.6826311203060031,0.7560101842418888,0.17929756392717444,1.206538163501389
ipo,reference,945,6,0.2465894313617883,1.073330058277472,1.1012918603445918,0.2140590381368531,1.1636314535101362
ipo,reference,945,7,0.044585723013899015,1.0096228229026265,1.0106068133663757,0.2429761584204737,1.1536741399063137
ipo,reference,945,8,0.042388607579303905,1.2137550108923416,1.214494965209317,0.2444440058872707,1.139471810874852
ipo,reference,945,9,-0.20426310651506716,1.3271410349356265,1.3427683133337602,0.2743051530720405,0.9551968298817312
ipo,reference,945,10,-0.26751510724932115,1.0250127100799542,1.0593466800023814,0.290631054523073,1.069618109800278
ipo,reference,945,11,-0.655850501727566,1.715778650693577,1.8368549912260828,0.30810884505255737,0.604965284019678
ipo,reference,945,12,-0.2540939589539128,1.0354888687451678,1.066208674356019,0.2882975996985847,1.089499262623711
ipo,reference,945,13,-0.5322470183861827,1.1822165325960412,1.2965040757839474,0.3173272315753989,1.03784205011538
ipo,reference,945,14,-0.45175773722318213,0.7832824426107292,0.9042214540936528,0.33326160010269407,1.0163937257369464
ipo,reference,945,15,-0.48709193247271887,0.960583185012923,1.077023029470391,0.32469062953136457,0.879666387471255
ipo,reference,945,16,-0.15368900873054364,0.6253575925961112,0.643966171488985,0.28835408289934183,0.8805431157710283
ipo,reference,945,17,-0.2437699265902764,0.6762937101981961,0.7188859155411729,0.3050602429793526,0.9761691440794599
ipo,reference,945,18,-0.23327083280622862,0.8878260876397502,0.9179599355809691,0.29089270368223374,0.955884768165145
ipo,reference,945,19,-0.272136535448689,0.8948206988457319,0.9352873232375063,0.2969882783837408,1.0720036193710412
ipo,reference,945,20,-0.6208211268470604,0.9172089157365828,1.1075608636306773,0.3447012804097103,0.974955391372121
ipo,reference,945,21,-0.6966622094140886,1.024895651013023,1.2392535372114648,0.34501527918672514,0.9829846395420252
ipo,reference,945,22,-0.618161006148112,0.8883672600615528,1.082275112100115,0.34675477858435183,0.9875507824515066
ipo,reference,945,23,-0.6838679034902027,0.6564886311145395,0.9479729068948791,0.3782505833369545,0.9468741131690457
ipo,reference,945,24,-0.8086214583270603,0.7893966194308694,1.130051187175106,0.37691460946732,0.9386680667962854
ipo,reference,945,25,-0.6202634785033823,0.5006306579175783,0.7970933686915875,0.39192251499153485,0.9521605488358547
ipo,reference,945,26,-0.5167848782536424,0.46716949727065155,0.6966447800505974,0.3830185127250956,0.9833981383255888
ipo,reference,945,27,-0.834413279365352,0.7097568126195689,1.0954452308724205,0.38782032537379363,0.9272283641372803
ipo,reference,945,28,-0.7284103406337111,0.7112431860429105,1.0180611445461365,0.3768977538483793,0.9240535312999973
ipo,reference,945,29,-0.48245025404382913,0.4676634880225307,0.6719132277730175,0.3774767528581774,0.9653507704375164
ipo,reference,945,30,-0.45787514608938373,0.4190232611498593,0.6206691089389239,0.3820469146078742,0.9140287428632692
ipo,reference,945,31,-0.34774015185516005,0.26071673837432563,0.4346221702591762,0.3976095075408447,0.906174495925448
ipo,reference,945,32,-0.39440156134939347,0.1925297188816803,0.43888527458494003,0.4277232736941224,0.8602755886000927
ipo,reference,945,33,-0.23842450808034565,0.17325948460229415,0.2947288500605385,0.39998517263649835,0.9990052600526352
ipo,reference,945,34,-0.31182854933521265,0.25357434630429326,0.401916649672731,0.3913402857813196,0.9820869134163676
ipo,reference,945,35,-0.3616613487465656,0.15064001687271966,0.39177971598922545,0.43718662054065277,0.991878629547239
ipo,reference,945,36,-0.23041075078667714,-0.03436441942227683,0.23295928270903996,0.5235633416292853,0.9190983480302699
ipo,reference,945,37,-0.18495672037669406,0.03900216462791983,0.18902422399831706,0.46692329498490887,0.847336097013623
ipo,reference,945,38,-0.12639591095870173,-0.06347662416935534,0.14143976853423385,0.5740722759672129,0.8812514431957659
ipo,reference,945,39,0.18561010299489827,-0.1876342456323063,0.26392749092843926,0.8741368947732618,1.109294640703609
ipo,reference,945,40,0.19863438638027417,-0.1555480813720965,0.25229115139300545,0.8942665344476315,0.9598346963665134
ipo,reference,945,41,0.3703581096696822,-0.2457227209500541,0.44446010505915884,0.9067688552811616,1.1710107317822707
ipo,reference,945,42,0.29954905331957216,0.21350705235886935,0.3678517320220538,1.09855503135947,1.2213371433346407
ipo,reference,945,43,0.210817214688064,0.19046178755420717,0.284111933095351,1.116933561489147,1.218176375145347
ipo,reference,945,44,0.2651847465841137,0.029866600218042702,0.26686131909564,1.0178497082377251,1.2132589673087728
ipo,reference,945,45,0.11122780167069664,0.38709373808241376,0.40275698122703246,1.2054680145980483,1.1822977054799766
ipo,reference,945,46,0.169177377924921,0.3142886669183031,0.3569290564731815,1.171408375303137,1.1940356038017494
ipo,reference,945,47,0.026021143460708274,0.4800469033885233,0.48075162959673157,1.24138137420654,1.1577552094234416
ipo,reference,945,48,-0.057343975869689756,0.35810396704756825,0.3626662140091759,1.2752712838106015,1.1374453795913746
ipo,reference,945,49,-0.11114261432362788,0.4026228478815138,0.4176815034867013,1.292866608002096,1.1206040672586681
ipo,reference,945,50,-0.08630558820133542,0.2577845639629397,0.2718483694494808,1.3014178035509694,1.0898068859017151
ipo,reference,945,51,-0.10731787981893962,0.17820150168379328,0.20802139921457924,1.3362708763077988,1.0305634933728514
ipo,reference,945,52,-0.016597394997665035,0.24979972002936432,0.2503505015921824,1.2605591813269608,1.1472708590109866
ipo,reference,945,53,-0.12182746469474201,0.3412693127538132,0.36236262911813716,1.3045714408882125,1.118164792092013
ipo,reference,945,54,-0.13303700692216236,0.3164386530529248,0.3432670481662299,1.313341217320111,1.1081577951191637
ipo,reference,945,55,-0.22723329921874297,0.36022823020835754,0.4259100258421727,1.3395663347168911,1.0813463736855893
ipo,reference,945,56,-0.33532432696263803,0.1458016355835058,0.36565081866689647,1.4347228335040878,1.0388156280504515
ipo,reference,945,57,-0.139515230906636,0.13960920311271593,0.19737079127545576,1.374946417659212,1.1052694645030592
ipo,reference,945,58,-0.1021163865643055,0.10060098593263306,0.14334683385261254,1.3761897303416026,0.9871609616771878
ipo,reference,945,59,-0.19606286859450925,0.16849877181013306,0.25851979526340163,1.3870106743944424,1.0305152399357307
ipo,reference,945,60,-0.3279558145034305,0.14764361960725034,0.3596576909748197,1.4326750813196034,0.9261433025860618
ipo,reference,945,61,-0.22702684047845473,0.042370301600219235,0.23094680936380843,1.4706345495550148,1.01827764447965
ipo,reference,945,62,-0.0904876411246632,-0.05639144338723634,0.10662086139026321,1.5886970924104522,1.0512572689726305
ipo,reference,945,63,-0.026736098214180243,-0.03109523723517396,0.041008934714645305,1.6369739418325095,0.9990637088305068
ipo,reference,945,64,0.09913696126273999,0.10498032054393204,0.14439184461013277,2.1295549576981743,1.1635031684571233
ipo,reference,945,65,-0.13449762775503615,0.2046662079555352,0.2449037944798542,2.3425309915973296,1.0935009964524227
ipo,reference,945,66,-0.032231754864791975,0.032717780722962705,0.045927542902923855,2.3738090450025937,1.0826400824475888
ipo,reference,945,67,0.000453475454694624,0.20413841400226568,0.20413891767947734,2.2496464519339874,1.1108426236681515
ipo,reference,945,68,-0.16820807429616136,0.3342415068536609,0.374180893635991,2.3242054671129395,1.095447439286755
ipo,reference,945,69,-0.08342387443317804,0.3795379541093534,0.38859825197105086,2.284435261565155,1.1276773653748
ipo,reference,945,70,-0.29582662055636877,0.2804328155536202,0.40762231718728614,2.3792505466814884,1.0592039642817466
ipo,reference,945,71,-0.09174918611861406,-0.028342976086423343,0.09602727449461246,2.547685724258712,1.133823782071746
ipo,reference,945,72,-0.1860010269143808,0.15448997230277112,0.24179233560085234,2.3896873058043457,1.1085350246225436
ipo,reference,945,73,-0.3758504035578261,0.187706571250024,0.420115796828709,2.4262822721915436,1.0405227524340939
ipo,reference,945,74,-0.3644250067790885,0.23196252766242723,0.4319863421515558,2.4097849289824884,1.0501968728093067
ipo,reference,945,75,-0.4856131649551836,0.34051177197598914,0.5931006768096108,2.4026718770561613,0.9929152182178506
ipo,reference,945,76,-0.4215591325995317,0.20692255657512293,0.46960520301382364,2.4273773859480974,1.0334816682228574
ipo,reference,945,77,-0.34803781117962995,0.2664180419870402,0.4383022827991158,2.3960179244625848,1.0299928109877297
ipo,reference,945,78,-0.35421283707980533,0.2039927827431996,0.4087539472145057,2.416839345321638,1.0446211082763066
ipo,reference,945,79,-0.419755435996788,0.09651814892950283,0.4307091583907071,2.4640293180305815,1.028294767767008
ipo,reference,945,80,-0.3388715618375636,0.09127387328074607,0.35094850814029593,2.458125912882221,0.9974548196264763
ipo,reference,945,81,-0.3935698220553502,-0.026683022904024578,0.3944733052362057,2.510773809236026,1.0162669449738355
ipo,reference,945,82,-0.2595987684156208,-0.10967344596280194,0.2818151616082122,2.563618723696727,1.0270706950447541
ipo,reference,945,83,-0.22444893761613102,-0.1882908243773777,0.292968872308514,2.6110927186663346,1.0473595609613104
ipo,reference,945,84,-0.2325785722794794,-0.2821614933958214,0.3656609093667536,2.640283626100243,1.0523499421572367
ipo,reference,945,85,-0.14372419873639616,-0.3403286871831693,0.3694323491821454,2.6864032817153585,1.0023034494915168
ipo,reference,945,86,-0.22285042203834646,-0.599124483537836,0.6392280167335814,2.693324459912965,0.918677672805164
ipo,reference,945,87,-0.016155394740580448,-0.7114826042993649,0.7116659982040948,2.746386743466847,1.0666920504337611
ipo,reference,945,88,-0.05904915294526239,-0.6407928088466368,0.6435077515718948,2.7353751512878333,1.1273272282388982
ipo,reference,945,89,0.2439824637333978,-0.8029846310051848,0.8392328403011595,2.796947543579892,0.9401422131546128
ipo,reference,945,90,0.11846325107858427,-0.5202336485143192,0.5335509262503703,2.7856338217591627,1.0796004915827715
ipo,reference,945,91,0.30599790631632906,-0.6722548681533632,0.7386212333976547,2.8179837358901487,1.0882395858322185
ipo,reference,945,92,0.43220890310358545,-0.5687451654898401,0.7143357748216661,2.853423456136646,1.1102080649263588
ipo,reference,945,93,0.4853334397911585,-0.4709933192408942,0.6763011566965363,2.8773863496583414,1.1438967568257814
ipo,reference,945,94,0.4858642119566083,-0.306471441048884,0.5744464958886907,2.9104368287277365,1.140123759311877
ipo,reference,945,95,0.2843743189437098,-0.023218193813032226,0.2853205877581187,2.9870343008615667,1.217368981971901
ipo,reference,945,96,0.33425692551294217,0.1300694814667453,0.35867222120258013,3.0590625469361816,1.217613279997802
ipo,reference,945,97,0.35541110628218253,0.040723322909876125,0.3577365559983308,3.0181569327618387,1.1485469814163034
ipo,reference,945,98,0.5052632359015401,0.2751449633974975,0.5753222474724106,3.0793634444007347,1.2419478978101304
ipo,reference,945,99,0.7058184296389785,-0.017718822849000032,0.7060408007340566,2.996005423003467,1.1781282842533543
ipo,reference,945,100,0.5867693230474187,0.4788730249938832,0.7573754765876158,3.108940290295902,1.2409939662453213
ipo,feedback,54,0,2.5394596136767005,0.0,2.5394596136767005,0.0,1.3862943611198906
ipo,feedback,54,1,2.582756328144533,0.10028388884318573,2.5847025184597436,0.00617660394492378,1.376709997989032
ipo,feedback,54,2,2.158924504950824,0.3493776802394637,2.1870116098289625,0.025534594399165816,1.291551326715201
ipo,feedback,54,3,1.9770946118817343,0.7941953462626046,2.1306452901308948,0.06079233157884788,1.1544502256671387
ipo,feedback,54,4,1.5797709452435953,0.9383572347534987,1.8374413023141922,0.0853044328040469,1.0176209877853215
ipo,feedback,54,5,1.1116207221542531,0.858108342860961,1.4042971758179705,0.10462808506655925,0.7875285998181594
ipo,feedback,54,6,1.2140580458233579,1.0535504702815768,1.6074531197079938,0.11375333247979237,0.8881656640851002
ipo,feedback,54,7,0.7806436574877208,1.512021434547877,1.7016501810031421,0.17414745104353088,0.744049499936732
ipo,feedback,54,8,0.8297099168532462,1.61153354368561,1.8125834900904623,0.1743277558306203,0.9406131403265319
ipo,feedback,54,9,0.2695895107459876,1.960578927512436,1.9790270931217882,0.22825177585075765,0.8268405418648921
ipo,feedback,54,10,0.050649555669278756,2.0906802642080065,2.0912937011903314,0.24614501041848266,0.7514531741104045
ipo,feedback,54,11,-0.2359189909355977,1.9835106910713955,1.9974915348703224,0.26884139188840644,0.6997996294413378
ipo,feedback,54,12,-0.18096201615145224,1.8981152453529144,1.9067219870580905,0.2651277495426424,0.7837237734666727
ipo,feedback,54,13,-0.05897590685237298,1.592181538950593,1.593273426177735,0.2558925553588434,0.8125541672579042
ipo,feedback,54,14,-0.2682866521749404,1.8407417357855727,1.8601902767185188,0.27303451478798957,0.7954591160042741
ipo,feedback,54,15,-0.005230171996757987,1.4165634528700481,1.4165731081402853,0.2505876220669014,0.9045476845628078
ipo,feedback,54,16,-0.2319417586196792,1.668142862010673,1.6841904843184303,0.2719882324714635,0.8657137669580557
ipo,feedback,54,17,-0.5536255584377894,1.7407092998870093,1.8266280753532385,0.29900848721106404,0.7433374161264994
ipo,feedback,54,18,-0.9103361015271256,1.6215148880597072,1.8595758521616939,0.3314175784259819,0.7815360457577882
ipo,feedback,54,19,-0.5049784402798346,1.4316730376623052,1.518120848917064,0.30396866655440125,0.8155982556527467
ipo,feedback,54,20,-0.7428321404980567,1.6167323261651108,1.7792197737840523,0.31854758830421903,0.8140433860451655
ipo,feedback,54,21,-0.6566136425503444,1.3716511037939956,1.5207130650199983,0.3210571751234346,0.7845621920765513
ipo,feedback,54,22,-0.6098463533803327,1.276178101340737,1.4144055716352852,0.3209491782127852,0.765975565699117
ipo,feedback,54,23,-0.948427492431513,1.494907502575456,1.7703850286466825,0.33997953202639936,0.7891116534205249
ipo,feedback,54,24,-0.40609596667170267,1.2583574263058876,1.3222622079172504,0.29968300309746426,0.7572479317752483
ipo,feedback,54,25,-0.5260893093921067,1.4089984540289797,1.5040101744711434,0.30687371053627904,0.8185088891716147
ipo,feedback,54,26,-0.939247970874828,1.410344966381998,1.6944791751424746,0.34350677628410026,0.7018820379022024
ipo,feedback,54,27,-0.9420830102123887,1.307182066922122,1.6112868627943402,0.34938945256096865,0.6917923769749247
ipo,feedback,54,28,-0.7723022457806953,1.2203019158756296,1.4441563366642955,0.3398022777923037,0.6715480060956504
ipo,feedback,54,29,-0.3883348344779012,0.9354565337528994,1.0128587612347382,0.3126242757424413,0.6837719280685617
ipo,feedback,54,30,-0.32192933496323206,1.0676259185294548,1.1151069897663322,0.29661120206372676,0.7697784877700561
ipo,feedback,54,31,-0.5277829499816094,1.3256812720559275,1.4268796996842839,0.31030164500193774,0.8157072228362559
ipo,feedback,54,32,-0.4995969560871517,1.2461161674234515,1.3425358919766948,0.3106861040570214,0.7990742416577044
ipo,feedback,54,33,-0.2961975040203392,1.1715411843556998,1.2084046127143981,0.28941278052051256,0.8334805996479637
ipo,feedback,54,34,-0.35880019489392945,0.9823228901715592,1.0457991396109134,0.3057363026443905,0.8093660943422837
ipo,feedback,54,35,-0.23981405000392217,0.9633013883841386,0.992703552649074,0.2888322701895592,0.8178105470953316
ipo,feedback,54,36,-0.3918207312815215,0.9723120199600296,1.0482910614999725,0.31096769315186207,0.7835420065555563
ipo,feedback,54,37,-0.528369621165286,0.7206645370953231,0.8936060830126238,0.3506881994061533,0.7773504997656269
ipo,feedback,54,38,-0.7710723407282236,0.7015956719412256,1.042491746501027,0.3825029555056891,0.7549791833181685
ipo,feedback,54,39,-0.7311117155468776,0.6583800064916059,0.983864103196059,0.38332322794699286,0.7316838001338133
ipo,feedback,54,40,-0.7781487384907629,0.5433680860271604,0.949086053067679,0.40298348697080405,0.7208203748098412
ipo,feedback,54,41,-0.360869517033371,0.2705613327943234,0.4510324191533676,0.39760925139379244,0.6416056113851087
ipo,feedback,54,42,-0.09049799134157799,0.24802119699360164,0.2640159097384081,0.3056833838386846,0.6603351443237089
ipo,feedback,54,43,-0.0899190987210329,0.33074541902879867,0.34275060397224466,0.2922480137192607,0.770098569272526
ipo,feedback,54,44,-0.15001807643480863,0.3754127885616209,0.40427736156358346,0.3105057250323832,0.7791505275468552
ipo,feedback,54,45,-0.02695658271044929,0.41216570101717104,0.413046271556107,0.2603942949899592,0.7684639085048957
ipo,feedback,54,46,-0.055154147168631845,0.1263077840768032,0.1378246576933585,0.31552553825989765,0.6592699851289019
ipo,feedback,54,47,0.1322142724632717,-0.012276179100637663,0.13278297487367563,-0.014735388604960516,0.6236056832292025
ipo,feedback,54,48,0.09537786808834658,-0.16566200001591286,0.19115657448895224,-0.16685928068681802,0.5281233196044779
ipo,feedback,54,49,0.07668289520311478,-0.12816867591768236,0.14935687430856262,-0.16418904543501003,0.6053705819398618
ipo,feedback,54,50,0.30702361161502323,-0.03028971351066992,0.3085141242045347,-0.015650940210232545,0.6860418893196158
ipo,feedback,54,51,0.30482836972887856,0.18452002347405488,0.3563256573058298,0.08663205290117577,0.7847489379988635
ipo,feedback,54,52,0.1948573345054932,0.5077332975201264,0.5438404933629408,0.19167847430407292,0.7816858869317439
ipo,feedback,54,53,0.019879148405605285,0.6426566325573364,0.6429640175867288,0.24507846639732056,0.7870274449286572
ipo,feedback,54,54,-0.13696489424623431,0.7342342811411442,0.7468998338858664,0.2793515912778884,0.8121128223956682
ipo,feedback,54,55,-0.17641337459574122,0.7186417516903477,0.7399781388722431,0.28831203470000677,0.8129021281158866
ipo,feedback,54,56,-0.3965199415613705,0.8033492086869568,0.8958783484122117,0.3229727440283538,0.787779299725241
ipo,feedback,54,57,-0.8984259700228617,0.977996717833527,1.3280236457626315,0.3682549872045196,0.7542190066509126
ipo,feedback,54,58,-0.543741709903324,0.7230148508341702,0.9046576820075912,0.3526247620618342,0.772028345991902
ipo,feedback,54,59,-0.47108291606331976,0.6290215025616841,0.7858671417559584,0.3523056904646875,0.775308537742085
ipo,feedback,54,60,-0.5974705098016286,0.6264783777726821,0.8657055896199987,0.3712286975344345,0.7672474678557977
ipo,feedback,54,61,-0.5900174466639652,0.48685566189192814,0.7649503401424778,0.39020026535289815,0.7567558948591142
ipo,feedback,54,62,-0.35496473378193605,0.24624654893131045,0.4320154222819609,0.40347260026925574,0.7726706307557545
ipo,feedback,54,63,-0.31737300610673663,0.31593827003588104,0.4478198471243676,0.37536055721044087,0.7792997655939039
ipo,feedback,54,64,-0.35561684449699266,0.2762709257666414,0.45032095722268506,0.39488097177651227,0.7746999272611986
ipo,feedback,54,65,-0.20383153737972487,0.2464492368138257,0.3198195146589703,0.3599812106341305,0.7840000041235166
ipo,feedback,54,66,-0.11330742725784058,0.12502950068461788,0.1687333669231895,0.36717861939454444,0.7918967075129989
ipo,feedback,54,67,-0.30668328255041727,0.276911636265515,0.41320054464526534,0.38311213484004336,0.7742697805583307
ipo,feedback,54,68,-0.1850648491230778,0.38937373668284775,0.43111588372421544,0.32061445068144684,0.7856552355112968
ipo,feedback,54,69,-0.1245162085393801,0.4573735592920822,0.47401989296708874,0.29230340705457536,0.7890373546108165
ipo,feedback,54,70,-0.30721351197434454,0.40009124917541483,0.5044334937396154,0.35421990788382857,0.7352964184567323
ipo,feedback,54,71,-0.5309787203786358,0.18142167052753647,0.5611169432764757,0.44760008787520245,0.7280302555389673
ipo,feedback,54,72,-0.4572739430906533,-0.1278904162470053,0.47482145865315134,0.5434034665559575,0.7525827132959941
ipo,feedback,54,73,-0.23826275186043638,-0.42890356005687114,0.4906397892074857,0.6692975879901344,0.6613232684419286
ipo,feedback,54,74,0.18887498350123383,-0.4809709643164725,0.5167270342338485,0.8095547145596573,0.7488155142496087
ipo,feedback,54,75,0.36784399739214496,-0.09991806641883488,0.38117296128439,0.9577870193376417,0.8654237764505679
ipo,feedback,54,76,0.4219382940944054,-0.007258301807502164,0.42200071915628984,0.9972624416895055,0.8529667432161605
ipo,feedback,54,77,0.17269459956148736,0.24612003198589835,0.3006634245505131,1.1526218941763473,0.8344413356481104
ipo,feedback,54,78,0.16134295241581528,0.4069963053675115,0.43780993693274795,1.1899318206793725,0.8384995266497348
ipo,feedback,54,79,-0.005654342517844725,0.4344648921645674,0.4345016848216797,1.2520712047730527,0.8063909811839531
ipo,feedback,54,80,-0.04519486854412874,0.39392919935636816,0.39651329138916686,1.2681801049045318,0.7960506527477846
ipo,feedback,54,81,-0.30899426611464537,0.6012357054069658,0.675989519111014,1.3255557827363489,0.7397630940640293
ipo,feedback,54,82,-0.5550408416491655,0.4595743965370474,0.7206101316599741,1.389931133033126,0.7452434555677354
ipo,feedback,54,83,-0.3798035930561656,0.15890406475431446,0.41170532070136867,1.4369341805528717,0.7644422377362488
ipo,feedback,54,84,-0.10481239452506352,0.03446472584480542,0.11033338286137684,1.4494387385072163,0.7892207400476601
ipo,feedback,54,85,-0.002354464231515474,0.093611672443275,0.09364127679311351,1.254002125215331,0.7677962242790136
ipo,feedback,54,86,0.006437074478210458,-0.06685713549066755,0.06716630475063746,0.7652765148036766,0.7381059563681593
ipo,feedback,54,87,0.19549815056380843,-0.03273955049188254,0.19822059691232907,0.973591804498971,0.7741768777418174
ipo,feedback,54,88,0.30161689588463664,0.058474079013371275,0.30723276159867086,1.0304770892363617,0.8306895469509449
ipo,feedback,54,89,0.29914766781745694,-0.0395049409755141,0.3017448715754792,0.9791031804396179,0.820881782974716
ipo,feedback,54,90,0.3661743419466092,0.1466699028135327,0.3944562194862231,1.0606344572346347,0.8643177958162724
ipo,feedback,54,91,0.37656199378318,0.22909819428968137,0.4407776285030313,1.0869891539805074,0.8589634573559288
ipo,feedback,54,92,0.3326977902139135,0.37995104250432415,0.5050253600695157,1.135537582836674,0.8417982446380163
ipo,feedback,54,93,0.3280550481551058,0.5678678545263416,0.655815534143862,1.1666253916469544,0.8173828650004087
ipo,feedback,54,94,0.27071033900379493,0.5071231158527981,0.5748547140589526,1.1719610976055195,0.8204766959925947
ipo,feedback,54,95,-0.020591336471507186,0.5814315858312138,0.581796091547445,1.2556341003565623,0.7861204386534804
ipo,feedback,54,96,-0.05940062770935421,0.3319387342606501,0.3372117404166524,1.2781825625413197,0.8041326030613299
ipo,feedback,54,97,-0.10529110691389967,0.36331934397818016,0.37826863854130105,1.2948937698830043,0.8016379517796974
ipo,feedback,54,98,-0.01981450598272838,0.4343868628921058,0.4348385462451376,1.2572548051835606,0.8097116144161594
ipo,feedback,54,99,-0.3785456903532638,0.17917164442271438,0.4188070174318581,1.429641855756279,0.7512355132490518
ipo,feedback,54,100,-0.21685708413461352,-0.022657453733730126,0.2180375085829568,1.516568559464744,0.7285303286753513
ipo,feedback,251,0,1.4355575677096284,-1.1102230246251565e-16,1.4355575677096284,0.0,1.3862943611198906
ipo,feedback,251,1,1.2439166814056084,0.30426345239374764,1.280587739571836,0.03817983441485556,1.2726423715256407
ipo,feedback,251,2,1.0685913618866267,0.4072995144282045,1.1435822633952342,0.057957283813622515,1.2760780802107472
ipo,feedback,251,3,0.7879715903866819,0.7751635015141928,1.105340527320093,0.12369593802375647,1.1170138884194516
ipo,feedback,251,4,0.7155992130943538,0.7412538805316183,1.0303104139939774,0.127802372579532,1.1642178753844268
ipo,feedback,251,5,0.73007126556652,0.7845639634960888,1.0717017615095128,0.13072351879012564,1.1284891422509191
ipo,feedback,251,6,0.8517756899890047,0.8301267217334305,1.189383117499209,0.12295151608160475,1.1302159163189098
ipo,feedback,251,7,0.7706885015245183,1.1024603386775216,1.3451318019952778,0.15290014479634828,1.0527083590225246
ipo,feedback,251,8,0.3849494921657126,1.0303802128886066,1.0999406777781293,0.19309538586394512,1.042827210135992
ipo,feedback,251,9,-0.2073747344841237,0.9229738698880635,0.945983638864071,0.28517496711792667,1.0199360730048113
ipo,feedback,251,10,-0.09418009234235539,0.6069091145445734,0.6141730726032303,0.27450221690166016,1.0791752436486093
ipo,feedback,251,11,0.04590563921797952,0.7950650357727747,0.7963891880358339,0.24082086813938258,1.1344337080575384
ipo,feedback,251,12,0.14463729564841138,0.7706911205535902,0.7841458732867466,0.22047448318920476,1.1358026646856214
ipo,feedback,251,13,-0.10450349779759427,0.7765257609543437,0.7835261568560773,0.27129087750011843,1.1217366427215019
ipo,feedback,251,14,-0.27238736408608566,0.8134066607148616,0.8578025832375814,0.30142853088319904,1.0294122912556292
ipo,feedback,251,15,-0.186408733364973,0.8696426325103289,0.8893967192171492,0.28360647563077185,1.0242443329678559
ipo,feedback,251,16,-0.03051809470516026,0.6552942916756567,0.6560045448067671,0.25740674641065325,1.135817902069169
ipo,feedback,251,17,-0.4564724884086317,0.6194554743267321,0.7694752870283262,0.35107290788005907,1.1015028908173234
ipo,feedback,251,18,-0.8622953632462481,0.4778720352211773,0.9858574823585857,0.4194594239776071,1.0631022538075883
ipo,feedback,251,19,-1.503132749612452,0.5691253608517441,1.6072684092341636,0.44239451108079453,0.7044168740918193
ipo,feedback,251,20,-1.375996287999419,-0.027664169535864157,1.3762743515971985,0.5031993518357321,0.6408420238424173
ipo,feedback,251,21,-1.2390007566848682,-0.6596147956101781,1.4036433142552753,0.5778605134000738,0.8111462537030322
ipo,feedback,251,22,-0.5332886182926303,-1.1449030514188507,1.263012172367574,0.6806227591186075,0.6962515931571223
ipo,feedback,251,23,0.36993414185070844,-1.045999544645179,1.1094892143255572,0.8041026093438142,0.7130290139489424
ipo,feedback,251,24,0.6190457266471698,-0.9432913587088124,1.128280195294963,0.842431514831949,1.0613110150466243
ipo,feedback,251,25,0.7632054866814412,-0.40889366691253004,0.8658386949899102,0.9217206968425308,1.241352561170407
ipo,feedback,251,26,0.6521991423207085,-0.05271109849831608,0.6543257454424112,0.9871649063228528,1.1863491691131482
ipo,feedback,251,27,0.4790683509755651,0.10491668055149746,0.490422261693321,1.0343134378010967,1.1417737057703274
ipo,feedback,251,28,0.6238331494255016,-0.01578991272947333,0.6240329475806101,0.9959724708313542,1.2714035952506968
ipo,feedback,251,29,0.7627440709255101,0.014303128710702634,0.762878166696973,1.0029841554319865,1.2676348882900896
ipo,feedback,251,30,0.8449099055943773,0.22389513465668828,0.8740719534995023,1.041227354141665,1.2306872796236419
ipo,feedback,251,31,0.7914119782937575,0.5546412350760872,0.9664159658416073,1.0972881359460411,1.1746499325917696
ipo,feedback,251,32,0.48092718475378116,0.8021013973115098,0.9352313128869638,1.1640382538129324,0.9715140278799805
ipo,feedback,251,33,0.3314252214555117,1.014570271298798,1.0673310230758553,1.1997487919070051,0.9847543406571031
ipo,feedback,251,34,-0.03496721879541423,1.0443731424756777,1.0449583566414542,1.2553267623727034,0.9088723330967741
ipo,feedback,251,35,-0.06181603051137122,0.9125679967253644,0.9146592645764472,1.2607644804441176,0.9244576412454236
ipo,feedback,251,36,-0.5900956316717716,0.8741949803049578,1.0547178381484277,1.3444999479172968,0.7912901944454761
ipo,feedback,251,37,-0.6737762133612334,0.5192157574428253,0.8506229414190104,1.3955054174577024,0.9310424631041203
ipo,feedback,251,38,-0.6044889786638983,0.32643419656518063,0.6869979694389773,1.4211950249902112,0.7787502683365729
ipo,feedback,251,39,-0.5129580566272666,-0.08534813864549921,0.5200098774341438,1.5262404922844184,0.7481163830312063
ipo,feedback,251,40,-0.2541761955044395,-0.3264654704877881,0.4137453827922723,1.6447131887551822,0.910040991891394
ipo,feedback,251,41,-0.14841773754571772,-0.33035024604764573,0.36215895665015607,1.6827968376997549,0.9763420388790935
ipo,feedback,251,42,-0.0951998441532486,-0.42723221235712155,0.4377103763932989,1.7151056993609475,1.012997413904057
ipo,feedback,251,43,0.12987586235164295,-0.29734331659700086,0.3244700102420672,1.8155419638856627,1.0628173732285937
ipo,feedback,251,44,0.17058438779531693,-0.19650859997600206,0.26022041277353986,1.8637790612672835,1.0281211000827746
ipo,feedback,251,45,0.39053918959519585,-0.19856777562103603,0.4381210108232181,1.925136551489815,1.1494501420645786
ipo,feedback,251,46,0.5938951049601315,0.013005080226434098,0.594037480136819,2.003484608714313,1.2429428895087706
ipo,feedback,251,47,0.42649966783050025,0.07983381696581048,0.4339071386723864,2.0294504198347734,1.1621677087857294
ipo,feedback,251,48,0.4753837974059488,0.3437053720191451,0.5866200964771998,2.0996309936219233,1.1518659182918736
ipo,feedback,251,49,0.23242349002201107,0.6066845073884551,0.649682053176155,2.191772069497729,1.0246418645127737
ipo,feedback,251,50,0.15123493222253492,0.6367404606987335,0.6544542910052542,2.212886135419489,1.041275537937846
ipo,feedback,251,51,-0.16675282675806735,0.5544268379574591,0.5789608137683521,2.296498634668209,0.9529389969584676
ipo,feedback,251,52,-0.2509431111909569,0.4595438140076892,0.5235961822310498,2.3295489772123874,0.9343011140613906
ipo,feedback,251,53,-0.18211682577344535,0.3745556841691879,0.4164834915974988,2.3220277565225618,1.0520013537206152
ipo,feedback,251,54,-0.3974844494365579,0.36057380295581914,0.536663167100096,2.382743304619317,0.8720573788119645
ipo,feedback,251,55,-0.4224709594607367,0.13773203881954896,0.4443555176939577,2.449842316609193,0.908613142414839
ipo,feedback,251,56,-0.2529610286545402,-0.03040216349152569,0.25478142311190694,2.5190367551946204,0.9679033386716465
ipo,feedback,251,57,-0.029771607243221726,-0.12816978779816962,0.13158207743485617,2.713675241409495,1.0773829396178911
ipo,feedback,251,58,0.04685067808887809,0.04024810972030787,0.06176484739271703,3.112958208466666,0.9625648720981901
ipo,feedback,251,59,0.10328596838504774,0.06465453251686888,0.12185318970060625,3.089015489638013,1.0528862543339625
ipo,feedback,251,60,0.08995151258248951,0.012958777169037228,0.09088016572164978,3.022771825762759,0.968218264267591
ipo,feedback,251,61,0.11546184584383179,0.161284021507302,0.1983531533382634,3.151115138193704,0.9503721621904837
ipo,feedback,251,62,0.10337745265824502,0.3032325034455572,0.3203698626025356,3.197707852538068,0.9608035229065048
ipo,feedback,251,63,0.04407754152354612,0.06726597726838324,0.08042102563776828,3.157678552742755,0.8406280123604657
ipo,feedback,251,64,0.1308434331355901,-0.014035254406328425,0.13159404378982356,2.9829928702207127,0.791859134613055
ipo,feedback,251,65,0.17293219775130636,-0.02474828347366813,0.17469408276753384,2.977376984244088,0.8290601005553071
ipo,feedback,251,66,0.08477969406629604,-0.04890510716064818,0.09787392927827734,2.916726478452856,0.7066816357994403
ipo,feedback,251,67,0.18052883822556992,-0.10023050768759133,0.20648684244374094,2.9193354107444094,0.7427666726682415
ipo,feedback,251,68,0.34129733490577496,0.2118254914593598,0.40168882190793415,3.088404782209902,0.9170615399778178
ipo,feedback,251,69,0.3656702775739201,0.6737082174706518,0.7665490944411002,3.1708558565824583,0.8096168070881571
ipo,feedback,251,70,0.4613543429073825,0.944653310847557,1.051293349838547,3.177693940989058,0.8688619837185987
ipo,feedback,251,71,0.283577923872944,1.0367586317537407,1.0748418020452952,3.207506733179262,0.9102919180166136
ipo,feedback,251,72,-0.23315462491219524,0.9358756677280111,0.9644813863228762,3.288859205882916,0.6901201237345158
ipo,feedback,251,73,-0.2060693806215576,0.5043071881466281,0.5447846635562632,3.3117384617029777,0.7733097441660509
ipo,feedback,251,74,-0.0006214851931919674,0.32008004134312695,0.3200806446976499,3.250309023692447,0.9579468035784204
ipo,feedback,251,75,-0.021386699826084717,0.5019390256418672,0.5023944430343136,3.2567772005074245,1.00923686229353
ipo,feedback,251,76,-0.14891808564372622,0.6482377907742441,0.6651231687587382,3.2859387172361294,0.8786228829111847
ipo,feedback,251,77,-0.12857219975766432,0.531688519932562,0.5470132473520208,3.2877617177260854,0.8487581865642083
ipo,feedback,251,78,-0.21884120480528574,0.4322948169467785,0.4845309914542905,3.324583234457147,0.8910802656081357
ipo,feedback,251,79,-0.30037154227266544,0.4143903374887061,0.5118031019945691,3.3498237281500587,0.8052983247068081
ipo,feedback,251,80,-0.25241089738141526,0.37517551048478126,0.45218129636729515,3.3442553070888885,0.819243893831554
ipo,feedback,251,81,-0.18848542590624812,0.30575320558426705,0.35918209658071043,3.3379230021830373,0.8082488762924825
ipo,feedback,251,82,-0.08684507682795783,0.2693770122584107,0.28303010812018187,3.299635895027002,0.8265767169916822
ipo,feedback,251,83,0.08587174945158349,0.29784385979061656,0.3099756799635223,3.2053253636604313,0.960027351413648
ipo,feedback,251,84,0.06805562167988022,0.2809126637470667,0.2890389113868711,3.2121710061218183,0.8974458400583905
ipo,feedback,251,85,0.07882608329466256,0.21950719497435975,0.23323155887033956,3.1951292889752136,0.9522716431922957
ipo,feedback,251,86,0.0503310394047263,0.18005313120100513,0.18695545882066797,3.2066180427313316,0.9704183914732951
ipo,feedback,251,87,0.08537537644158212,0.1603100264102747,0.1816267036264349,3.172116206528652,1.0160535843842
ipo,feedback,251,88,0.23503420254756346,0.5663562010336145,0.6131887334388957,3.18739406236111,1.1481828882763896
ipo,feedback,251,89,-0.01607611215747532,0.5381859325555655,0.5384259831980653,3.254752692296312,1.1033144534104389
ipo,feedback,251,90,0.014223047327134003,0.5415617959966909,0.5417485338775098,3.24582107144963,1.0807132639650208
ipo,feedback,251,91,-0.7922748495714234,0.5246668561118935,0.9502498340782595,3.4069065151289886,0.8382799014723501
ipo,feedback,251,92,-0.8404386006076057,0.44754899811659316,0.9521749561432693,3.422121884883936,0.9711509517560535
ipo,feedback,251,93,-0.7564532676825,0.0778386821585017,0.7604475041892795,3.483680468932959,0.8959781079976739
ipo,feedback,251,94,-0.676139400163644,-0.05564263961644085,0.6784250819339874,3.5130681488037405,0.9096163264330923
ipo,feedback,251,95,-0.6247673844242891,-0.07548606440346968,0.6293110761455676,3.5191367648996024,0.8739191467595815
ipo,feedback,251,96,-0.6332067400894756,-0.05808165752180181,0.6358649657240291,3.5145579430030316,0.93102405628432
ipo,feedback,251,97,-0.3990287124588072,-0.2405431083850463,0.46592370658518073,3.5863402180929724,0.9955239660603581
ipo,feedback,251,98,-0.11155154670460027,-0.4125647921276142,0.42737975534118383,3.7079717748569068,0.9772652634948742
ipo,feedback,251,99,0.004775915674792991,-0.48340389375490983,0.483427485635582,3.7515723618847727,1.0275865115514273
ipo,feedback,251,100,0.21065847241819596,-0.2891297577540554,0.3577331530910807,3.8502135854181296,1.1248079157141708
ipo,feedback,612,0,2.3721554394408577,-1.1102230246251565e-16,2.3721554394408577,0.0,1.3862943611198906
ipo,feedback,612,1,2.6435224092056395,1.2032610521013787,2.9044875430059096,0.06798268075693528,1.093433038800584
ipo,feedback,612,2,1.8003393538721795,2.1016170376792473,2.7673120464025365,0.1372643310008121,0.5339190021766846
ipo,feedback,612,3,1.1805008102511436,2.3608982459003123,2.6395875985651203,0.1762054036874626,0.2859322667954522
ipo,feedback,612,4,0.6377680003394872,2.3027944273868632,2.3894790639511827,0.20699922006951035,0.19927217145757786
ipo,feedback,612,5,0.30845627117470165,1.782923340996762,1.8094089949754468,0.22273513872898737,0.35064750046595544
ipo,feedback,612,6,0.15315421301265303,1.3984832058840302,1.406844515255044,0.23263940701832114,0.5616583886213751
ipo,feedback,612,7,-0.30667924131253316,1.545175829379321,1.5753160002837856,0.28118308099585426,0.47098517668301854
ipo,feedback,612,8,-0.7168084009496201,0.9106454230332306,1.158917326716329,0.35613281597972835,0.6844498925579829
ipo,feedback,612,9,-0.7006944244259894,0.6861880026749057,0.9807276132732498,0.3766646577178597,0.5880859311809657
ipo,feedback,612,10,-1.5000916982883519,-0.08517681433640695,1.5025079676907307,0.5090272949642409,0.7379816942402435
ipo,feedback,612,11,-1.6907993718478695,-0.698323251519395,1.829332632260675,0.5623369286258129,0.6396295581612563
ipo,feedback,612,12,-1.1675226889540733,-0.5714069563644808,1.2998519681118577,0.5724388091240734,0.8013065794167713
ipo,feedback,612,13,-1.529363364110153,-1.104469469817296,1.8864795544189774,0.5995441979673487,0.7909514907296227
ipo,feedback,612,14,-1.225162175144249,-0.8101390454038164,1.468791213308411,0.5929852472227186,0.8725867458885987
ipo,feedback,612,15,-0.8830993494302376,-0.7545526916301052,1.1615568110989432,0.6125327774785551,0.7895719109936536
ipo,feedback,612,16,-0.5841549339378065,-0.577316048362055,0.8212982445739561,0.6240628867335475,0.8498573490721246
ipo,feedback,612,17,-0.2727939610872618,-0.4243871819389911,0.5045007684828605,0.6590758136733822,0.8991282140799617
ipo,feedback,612,18,-0.0008984743063460135,-0.4208371755424569,0.42083813464874104,0.7496602096531791,0.9645108086193293
ipo,feedback,612,19,-0.006992430608854905,0.3450898530356135,0.3451606883090265,0.2532244576786373,0.6871553468263472
ipo,feedback,612,20,-0.428664890840948,0.22646606529483182,0.48480972284990825,0.4226451530690111,0.6978776049525646
ipo,feedback,612,21,-0.27970902502135486,0.18533201424224313,0.3355370235629504,0.40686666253983134,0.703114024915382
ipo,feedback,612,22,-0.35929215918601987,-0.07123336129318866,0.36628547256706506,0.5311501534393616,0.8134232007278379
ipo,feedback,612,23,-0.24070651261114745,-0.26044849648625856,0.3546449556040141,0.6312663457389757,0.8861763943815436
ipo,feedback,612,24,-0.1250164355248275,-0.037061444283595535,0.1303942475867682,0.5458683125349905,0.7273633043767196
ipo,feedback,612,25,0.06077677212261989,-0.037494948416945284,0.07141209411881334,0.9120232331584012,0.7801447474010076
ipo,feedback,612,26,0.4309306822069221,0.1871720703237451,0.4698240487422927,1.0652150487460548,0.7214742194759005
ipo,feedback,612,27,0.48157701578972967,0.2189793536769814,0.5290258778866399,1.0679219792391155,0.6925062507269687
ipo,feedback,612,28,0.7102030102437722,0.39901405042898885,0.8146167983776564,1.0814684065511855,0.7064415751531731
ipo,feedback,612,29,0.7445387768096761,0.34694914966900536,0.8214083653270731,1.069403180137237,0.7726337297725792
ipo,feedback,612,30,0.9776005460386179,0.5485245479942031,1.1209736871877274,1.0813790712303626,0.6816221133304639
ipo,feedback,612,31,1.194684551362269,0.8138776007087134,1.4455683747920878,1.0951794634146101,0.6316820829459264
ipo,feedback,612,32,0.9824043046038069,1.120588637108058,1.490247332263938,1.1354428070077174,0.41851347452468624
ipo,feedback,612,33,0.811914142162572,1.1460097743165991,1.404472490678535,1.1518987576800843,0.33571554493754413
ipo,feedback,612,34,1.2498135302705793,1.0462897137323075,1.6299558354475259,1.1109294712471187,0.5189977303996282
ipo,feedback,612,35,0.9165990517611713,1.0626902694553464,1.403376083052777,1.136725953010792,0.4398425067157364
ipo,feedback,612,36,1.0379899660394798,1.0789731368534639,1.4971994521940102,1.1280807620225912,0.5125685914397039
ipo,feedback,612,37,0.7025459455646224,1.2049704812776627,1.3948206574251083,1.1659891826482085,0.42058093880997505
ipo,feedback,612,38,0.30902844963543374,0.9837390095952441,1.0311357920679076,1.2015571842525068,0.5394810753359263
ipo,feedback,612,39,0.15733883762105694,1.0696530873024308,1.081162909555987,1.2267560513929725,0.4179544518840953
ipo,feedback,612,40,0.026928717798905044,0.8666759631969716,0.8670942169255261,1.2450564451850858,0.5538401366511845
ipo,feedback,612,41,-0.09989500462874623,0.8648010715628007,0.8705514949306248,1.2683032055779566,0.4637888353417239
ipo,feedback,612,42,-0.4949167153094106,0.4367703228513297,0.6600839870927874,1.3849199605806521,0.6280801542770762
ipo,feedback,612,43,-0.8126156185545395,-0.0894703519114563,0.8175261998186582,1.5174529308516649,0.7782796499543403
ipo,feedback,612,44,-0.7347455299477159,-0.47264512425692246,0.8736386022045909,1.59097849161042,0.8255313711918328
ipo,feedback,612,45,-0.009463237461489485,-0.3791918765727101,0.3793099420289243,1.7460289010669294,0.9571972620942781
ipo,feedback,612,46,0.2569624040180369,-0.08224447866955661,0.26980331975414235,1.9506999700548475,0.935982997359837
ipo,feedback,612,47,0.16709986966641055,-0.12870265497231442,0.2109187991608477,1.8955445362530405,0.9243351387889047
ipo,feedback,612,48,0.3707080881158615,-0.3052571529342433,0.4802149685422533,1.8903624293564427,1.0219341195640728
ipo,feedback,612,49,0.9354668651185613,0.03279252305988225,0.9360414549064489,2.005576847361804,1.0301108469790718
ipo,feedback,612,50,1.3250098583716612,0.7127765491695189,1.5045602459948546,2.078548917702763,0.7408755198500888
ipo,feedback,612,51,1.1682739424173818,0.9105328911492955,1.481193488507206,2.1053673507153756,0.6128895110735185
ipo,feedback,612,52,0.87362692362647,0.8265216105700698,1.202647901268028,2.12059148758457,0.5621780982200695
ipo,feedback,612,53,0.7431606865807223,0.8537965642976526,1.1319259601606486,2.1360085331282725,0.5284431342309944
ipo,feedback,612,54,0.4114009016063234,0.7035774177207368,0.8150287630317571,2.1657889150037697,0.5800366205714185
ipo,feedback,612,55,0.14703731398571612,0.5222008651687582,0.5425068804053398,2.2063173590824836,0.6211597902400223
ipo,feedback,612,56,0.09482009615946033,0.23060952003810578,0.24934233769637842,2.1879136797902525,0.8005543508751978
ipo,feedback,612,57,0.3106715723940836,0.26312151202534806,0.4071237600341175,2.111840945530278,0.82493343339952
ipo,feedback,612,58,0.3262609377654291,0.46206187510390917,0.5656389094962596,2.1521504543722156,0.6650745625576646
ipo,feedback,612,59,0.06421723717240216,0.26333453088770953,0.2710515240833495,2.2119312105706963,0.748185856018556
ipo,feedback,612,60,0.13424527179000836,0.24175135673211692,0.27652397993626604,2.1693234759581994,0.7598019963307978
ipo,feedback,612,61,0.2740671809694757,0.2884624136482201,0.397898710443138,2.129071914700407,0.7738909938202869
ipo,feedback,612,62,0.3364283469313696,0.36856013462872805,0.49901964435933793,2.1322489072836004,0.7280477342840873
ipo,feedback,612,63,0.372991131638145,0.41637266947072216,0.5590067836465666,2.1337379831112084,0.8022222572344928
ipo,feedback,612,64,0.2094041806622297,0.3377836930704149,0.3974266400017845,2.1616770753838295,0.7894133393562099
ipo,feedback,612,65,0.28954693621929073,0.22317799482534526,0.36557604632721746,2.1045123383461317,0.8913562874641854
ipo,feedback,612,66,0.19957238787047502,0.3356974213905102,0.39054051867707795,2.1646346736644655,0.8648241129023575
ipo,feedback,612,67,0.08146477157248042,0.5609014789772006,0.5667865366486464,2.2270450037490024,0.7946102138697092
ipo,feedback,612,68,-0.020237435769284662,0.7876512624393922,0.787911203771646,2.254088331493029,0.7175321655276568
ipo,feedback,612,69,-0.2569384141289388,0.7672175167808233,0.8090983047259628,2.3014319844440676,0.6909979687346451
ipo,feedback,612,70,-0.34977057764236985,0.5793323356183755,0.6767314179771168,2.336448289464808,0.7456121361188108
ipo,feedback,612,71,-0.33225802644263785,0.45967635482385805,0.5671840506570209,2.3496103530302594,0.7367528226033192
ipo,feedback,612,72,-0.3809366885878042,0.5962532584692661,0.7075526192075464,2.3404829436212005,0.6076238419737326
ipo,feedback,612,73,-0.8179208908765336,0.31975770871469844,0.8782024686908688,2.4406875023207797,0.630813640920418
ipo,feedback,612,74,-0.6427090261674581,0.23119864516023186,0.6830283345814061,2.4450418398912546,0.6235297992034118
ipo,feedback,612,75,-0.6891750871966074,0.0711218505307647,0.6928352029417758,2.4836333821199696,0.6643257012439339
ipo,feedback,612,76,-0.18471195272201998,0.11084716208274131,0.21541958782844997,2.4139769006887057,0.7388159306543465
ipo,feedback,612,77,-0.37831883999407667,-0.019850404737117855,0.37883925781614974,2.5083432152897984,0.7334489713846187
ipo,feedback,612,78,-0.2268811826852184,0.07837564845006756,0.24003710822831545,2.447062864064232,0.7076815674319584
ipo,feedback,612,79,-0.07870777861176889,0.02508703812913765,0.0826091635116349,2.4508917323762742,0.7452886022769357
ipo,feedback,612,80,0.14389095992704265,0.19485100025814595,0.24222204823328075,2.148764916020736,0.7036079448220733
ipo,feedback,612,81,0.021384175401702343,0.22364921034050583,0.22466920626454925,2.234828552562959,0.6501518106663747
ipo,feedback,612,82,-0.11017013669726095,-0.10969980898495371,0.1554718852758546,2.6246595493491376,0.8219976283306921
ipo,feedback,612,83,0.2694457888169318,-0.0010081787790758023,0.26944767494938454,2.999404496584949,0.8715841423927523
ipo,feedback,612,84,0.2277766168186894,0.12915393708835501,0.2618452341265558,3.0820947537967873,0.7623437805877871
ipo,feedback,612,85,0.15703844019664331,-0.060467192690907584,0.16827760721888715,2.9415026256390613,0.8755161407277361
ipo,feedback,612,86,0.0800434676358194,-0.12728894273844132,0.15036432972828584,2.83934174981497,0.8750781149888256
ipo,feedback,612,87,0.3290103222710188,-0.017697260386888236,0.3294859408018511,2.9914473967570174,0.8980710703494021
ipo,feedback,612,88,0.4607050062948467,0.37872523373416844,0.596390732231928,3.1095058706040923,0.7118087939968551
ipo,feedback,612,89,0.38999444654482174,0.32001513114051583,0.5044852351602407,3.109364016207172,0.72706000554317
ipo,feedback,612,90,0.25415296484464983,0.25302043241047245,0.35862664256369503,3.124644603134765,0.7625251289471934
ipo,feedback,612,91,0.24607636236015526,0.3372194222391773,0.41745720121676066,3.1496693216086227,0.708002736232119
ipo,feedback,612,92,-0.06557095970946075,0.1783347106939656,0.19000742036962692,3.3060769642950683,0.6908144542317805
ipo,feedback,612,93,-0.2368421047458144,0.0663042452488512,0.24594803418292882,3.456556508994624,0.6685098257701486
ipo,feedback,612,94,0.021914568897326292,0.04896840028407273,0.05364841615869788,3.183028624389264,0.7236489281740529
ipo,feedback,612,95,0.31391949029206645,0.22922811565597756,0.388704226105687,3.1003816873383823,0.6608643993546177
ipo,feedback,612,96,0.5355717216148724,0.4101602781703549,0.6745876687149723,3.1040172338311978,0.594056533382982
ipo,feedback,612,97,0.7730109001872771,0.5206730559093756,0.9320119543001325,3.0943411857401104,0.6029485428984503
ipo,feedback,612,98,1.0829150864598787,0.6425783264336006,1.2592108600566523,3.0852332630052377,0.6578870993857392
ipo,feedback,612,99,0.8690960965332066,0.6923727925847609,1.111174202778699,3.107063549075359,0.5580409421389182
ipo,feedback,612,100,0.768439051230148,0.7135998775982259,1.048676957296046,3.119113551761425,0.5271416234679879
ipo,feedback,737,0,2.4045282897299964,1.6653345369377348e-16,2.4045282897299964,0.0,1.3862943611198906
ipo,feedback,737,1,1.9863225751660893,0.35986768290693183,2.0186584955893974,0.028525138113210682,1.2842321162852455
ipo,feedback,737,2,1.8569200627612408,1.0013679658540642,2.1097132322957823,0.07871204185934573,1.0383476213442147
ipo,feedback,737,3,0.9831814012440927,1.0802120435343907,1.4606518157141495,0.1324787182954831,0.9178458151874209
ipo,feedback,737,4,0.6691679207443291,0.9853517859120946,1.1910935513860543,0.15505265624302014,0.8909087228660103
ipo,feedback,737,5,0.43869087476254703,1.1193787751720303,1.2022722345232644,0.19055418380061726,0.8585813886472682
ipo,feedback,737,6,0.1813251668735284,1.2405919790988338,1.2537732150377414,0.22690143897435489,0.8567507683254819
ipo,feedback,737,7,-0.7086910956394318,1.0770024350307048,1.2892545575256602,0.34262719054055346,0.7470229828584505
ipo,feedback,737,8,-0.366650397817514,1.0599284852941675,1.1215529002939315,0.3030042313981794,0.9412918678898717
ipo,feedback,737,9,-0.6165324464789715,0.9791904084765174,1.157119749037996,0.33943319395595917,0.8910161051007999
ipo,feedback,737,10,-0.977780131977795,0.7098194439500631,1.2082622354026014,0.4000617445744774,0.6339599122780228
ipo,feedback,737,11,-0.7125140627449942,0.7224985068086601,1.0147316797804833,0.37389265918725106,0.9271626666137825
ipo,feedback,737,12,-0.42016960007718185,1.002876038715539,1.087337501357693,0.31314433514439904,1.005790155076968
ipo,feedback,737,13,-0.5439948048884694,0.9051244638844451,1.0560211375099213,0.3361293468083127,0.9669095046717824
ipo,feedback,737,14,-0.694911868570297,1.05443156328066,1.2628255725643025,0.3427401476599555,0.941806715209877
ipo,feedback,737,15,-0.8808492088390203,0.9356300226743497,1.2850287421073243,0.3702017091972454,0.9053609713905775
ipo,feedback,737,16,-0.7554600457912123,0.9702399245212053,1.2296688139177048,0.3552929821629978,1.0382272819075493
ipo,feedback,737,17,-1.107589603392877,0.9479464101004039,1.4578604617610815,0.3873360045762029,1.021714257813985
ipo,feedback,737,18,-0.7366490340287816,0.6734623186652845,0.9980998416979928,0.3821269232206026,1.0409176548137893
ipo,feedback,737,19,-0.4246691399375898,0.9851809385763128,1.0728118941125873,0.3147744344022889,1.044502144028258
ipo,feedback,737,20,-1.1120450647284177,0.7105131381694014,1.3196488720482284,0.4095124525799781,0.9570695205776519
ipo,feedback,737,21,-0.7234962828716327,0.6551459270952432,0.9760445979147446,0.38288413204428123,1.088518464972248
ipo,feedback,737,22,-1.1550207508251968,0.5713885201483595,1.2886263134804183,0.42688446486869047,0.9990980582546376
ipo,feedback,737,23,-0.8295973256502492,0.47220546282949527,0.9545730573675665,0.41764316014622604,0.9805714302836301
ipo,feedback,737,24,-0.9505153898688544,0.5919641883182788,1.1197772575958393,0.41135021987300785,0.8813593047798756
ipo,feedback,737,25,-0.8408563282773797,0.4241819611940687,0.9417906885325225,0.42564080017555916,0.938196934430059
ipo,feedback,737,26,-0.6591985107323153,0.3712529904844893,0.7565523507962807,0.4183674741908774,0.9015806829117927
ipo,feedback,737,27,-0.8096167138259078,0.5259384476140996,0.9654483279725492,0.4083102161692546,0.9956001975074054
ipo,feedback,737,28,-0.8865346348792251,0.5646443141190043,1.05107890298843,0.40974016974418226,0.9917592196778189
ipo,feedback,737,29,-0.7885407717978756,0.5094412678379575,0.9387901544881769,0.4087091330935902,0.9260117588785381
ipo,feedback,737,30,-0.9114199874006836,0.355831078820121,0.9784181877335241,0.44076009109000874,0.6610433910060832
ipo,feedback,737,31,-0.762171151745186,0.32237705136737665,0.8275456650849593,0.43631388622214073,0.7224680773976341
ipo,feedback,737,32,-0.8064940536959082,0.26306931084922247,0.8483148713523437,0.4498173748124834,0.6462255580732768
ipo,feedback,737,33,-0.6015258945104252,0.3232346074274501,0.6828718863779244,0.42152303818254566,1.017252972451071
ipo,feedback,737,34,-0.5746680647087732,0.34513741354378186,0.6703455965573417,0.4139210426537038,0.9925119211624689
ipo,feedback,737,35,-0.09566975049612836,0.18699309203536468,0.21004551323210363,0.3252646587818177,1.0086643515645948
ipo,feedback,737,36,-0.13116000287846216,0.2669954394036559,0.297471865925888,0.3226731060744288,0.8775379990886345
ipo,feedback,737,37,-0.08008511340492838,0.24236827372288716,0.25525674427229655,0.3007915816139339,0.9210474358904153
ipo,feedback,737,38,-0.18913306293130305,0.2448978960204595,0.3094289821090197,0.35466299206483254,0.889033905592145
ipo,feedback,737,39,-0.13322511576193846,0.03575524576832157,0.1379397298450848,0.458269045791563,0.8416946074133441
ipo,feedback,737,40,0.2549009241117389,0.10006177499076513,0.27383725080295596,0.05953491912854445,1.040677345920875
ipo,feedback,737,41,0.5042359425881887,0.3608152871477922,0.6200335129953404,0.09885086318516344,1.0941183295992272
ipo,feedback,737,42,0.520963189934659,0.5339522247353943,0.7459943857474884,0.1269595548653933,1.1053575208655246
ipo,feedback,737,43,0.19844184074603596,0.5330636963149262,0.5688023105505172,0.1932816083775753,0.9769154356885634
ipo,feedback,737,44,-0.09935526510084214,0.6035298031233254,0.611653244871094,0.2759677521417607,0.9332770827283695
ipo,feedback,737,45,-0.22944817143946414,0.4234729515281624,0.48163866544629397,0.329027599320338,0.8438559914227525
ipo,feedback,737,46,-0.3724978650329466,0.15685982876715596,0.40417776452319193,0.43656642444715943,0.685227240460484
ipo,feedback,737,47,-0.12772291998000218,0.019239966520850214,0.12916392917506603,0.4762040813864482,0.8099415562291621
ipo,feedback,737,48,0.05441671803475975,0.14306651324497147,0.15306601978802525,0.19215335729384578,0.9523045562059475
ipo,feedback,737,49,0.11275403597176648,0.1996072012295826,0.2292520608645198,0.16816328093808194,0.9479738403528881
ipo,feedback,737,50,-0.044092168401528964,0.11128573056579337,0.11970226874170407,0.3100383608091849,0.780915320771046
ipo,feedback,737,51,0.09846911096165684,0.10525612282415989,0.14413541273938796,0.13030021301027192,0.8299427133575682
ipo,feedback,737,52,0.36210415850409144,0.18795126637487725,0.4079768377467968,0.0761991858025922,0.9766752343148437
ipo,feedback,737,53,0.37430958317325236,0.27777699137368156,0.4661198568951426,0.10160914607875174,0.9618096469792238
ipo,feedback,737,54,0.29291525639643284,0.2921856570541391,0.41372914523628496,0.12480153973622674,0.898736060516994
ipo,feedback,737,55,0.13877210164391485,0.6386370942511042,0.6535403846344636,0.21594594990356847,0.8521973171814803
ipo,feedback,737,56,-0.654910662945507,0.5921139325768124,0.8828968714359008,0.3830078410621869,0.5781908495151764
ipo,feedback,737,57,-0.4351464130203264,0.25271609590230454,0.503207537595135,0.41626013375726717,0.5645099399534879
ipo,feedback,737,58,-0.10239849851525458,0.14989911109678997,0.1815356604245744,0.3453822568734018,0.5692972320353848
ipo,feedback,737,59,-0.008086596874657723,0.131859772428807,0.13210750407902647,0.2597483255371662,0.5748023943329271
ipo,feedback,737,60,0.10957395567126024,0.3312519948742778,0.34890447957805854,0.19915677821025168,0.6214030789211764
ipo,feedback,737,61,0.04874057580318139,0.3513745711931593,0.35473896460750154,0.2280629659011054,0.5517319601634685
ipo,feedback,737,62,0.21515151055049297,0.38122261671444946,0.4377451952754832,0.16822449452074045,0.7997077146485986
ipo,feedback,737,63,0.14212223453383974,0.41253228797391006,0.43632742083197207,0.19719601889347085,0.8658028768110069
ipo,feedback,737,64,0.08976006814438228,0.3747842875298144,0.3853830977255162,0.21258741271288453,0.9460256392704844
ipo,feedback,737,65,0.1100724276802576,0.6704477326834081,0.6794233596188374,0.22410138375246946,0.9588391113322083
ipo,feedback,737,66,-0.18194539942137686,0.5887580174582077,0.6162305830546904,0.2977023670416625,0.8741118846970957
ipo,feedback,737,67,-0.7474401059090889,0.3532749416570511,0.8267223816518958,0.42972890179121803,0.6973338479407853
ipo,feedback,737,68,-0.44771603978507024,0.1430117546813552,0.47000214282263303,0.4507922539192444,0.7962236357178872
ipo,feedback,737,69,-0.30489212141693955,0.18416681336390603,0.35619744643489176,0.41351770947823835,0.8397567792135191
ipo,feedback,737,70,-0.28477613698367166,0.37130066977018666,0.46793336658880413,0.35413080857386936,1.0188273562701389
ipo,feedback,737,71,-0.2280798647798576,0.3038882265253059,0.379958522655689,0.35247123644380857,1.0770606133908804
ipo,feedback,737,72,-0.29548284440463374,0.2590772764480254,0.3929772849786353,0.38543317731206345,1.0800225035102686
ipo,feedback,737,73,-0.0776789446428558,0.1999697443265845,0.21452719428284012,0.3089689801392557,1.0868201684129692
ipo,feedback,737,74,0.0566645284798617,0.2910600844138742,0.29652460526380714,0.21939798515167572,1.1083819152142458
ipo,feedback,737,75,-0.07742932782035411,0.36625220033827555,0.3743473988948503,0.2831586791429682,1.0942042766170343
ipo,feedback,737,76,0.11242546498180261,0.35733189282612177,0.37460054298822565,0.20148648092965885,1.1187963481969376
ipo,feedback,737,77,0.29596842741565144,0.5153384935799539,0.5942819810427958,0.16702903328826646,1.1016565987941946
ipo,feedback,737,78,-0.08728228515681025,0.4604667784093805,0.4686660338886404,0.2798143812350486,1.1166558324212377
ipo,feedback,737,79,0.05495276643298441,0.5712084270190831,0.5738456880000522,0.23473557007541646,1.1029240716520312
ipo,feedback,737,80,-0.19526826628033034,0.6610311978088819,0.6892691348760446,0.29571420163210627,1.1065861803678587
ipo,feedback,737,81,-0.16126471832357447,0.5709114685252265,0.593250549320953,0.29381481731981424,1.1130382949643258
ipo,feedback,737,82,-0.14954356781677042,0.37862792240924426,0.4070901402678646,0.3098670190757026,1.0388299579534315
ipo,feedback,737,83,-0.1634728336880844,0.3923283788713064,0.4250234396145693,0.31283388310620436,1.0314967986775958
ipo,feedback,737,84,-0.3557976985402765,0.2574644134507719,0.43918097235662146,0.4003042464736027,0.8962188474817283
ipo,feedback,737,85,-0.343397714734408,0.09953230420759465,0.35753135536017955,0.4551000095406984,0.8849422283455415
ipo,feedback,737,86,-0.113671763767474,-0.039506907804235325,0.12034145437986349,0.5532361783207057,0.813013786441163
ipo,feedback,737,87,-0.08959727891680938,0.05881262532049231,0.10717554425513849,0.4075518639365729,0.796959277411206
ipo,feedback,737,88,-0.1516237985297556,0.06694548630094,0.16574520933246084,0.43382613806652714,0.7489530432232516
ipo,feedback,737,89,-0.24380246228950408,-0.1824332876359244,0.3045021265214366,0.6022413667963125,0.6008637357188442
ipo,feedback,737,90,-0.005794660033996174,-0.0018873022929026956,0.00609425917190829,0.5501118455218427,0.9086872853302803
ipo,feedback,737,91,-0.07250905373940505,-0.06740757386865134,0.09900173679810682,0.619199644106803,0.889007101851995
ipo,feedback,737,92,0.05076110577820969,-0.11131092029441575,0.12233891791501333,0.8180955643001254,0.9033430892645893
ipo,feedback,737,93,0.15228839889076437,0.0758436645515109,0.1701294151207094,1.0735403419412592,0.951237499915154
ipo,feedback,737,94,0.24065690585733704,0.20278603656542354,0.31470291222475283,1.1114407664722195,0.8820555228751158
ipo,feedback,737,95,-0.08090311821910301,0.2969508627646972,0.30777447820485726,1.2923336816769946,0.7006412765896636
ipo,feedback,737,96,0.005786668032181877,0.18974553976289518,0.18983375723729204,1.2451477570512963,0.7232983592952522
ipo,feedback,737,97,0.16256996839354823,0.26256529271656115,0.30881957121078435,1.161766273654046,0.8048169231823264
ipo,feedback,737,98,0.3203621919706403,0.38255224951838984,0.49897711135463296,1.1390445965085982,0.8129862508983903
ipo,feedback,737,99,0.15437388054936418,0.43992581853836793,0.46622528976077904,1.1962877068503486,0.7188074770748957
ipo,feedback,737,100,0.23756537661566465,0.6790997241799761,0.7194537813840874,1.196441495115945,0.9300625982367294
ipo,feedback,867,0,2.123953649294517,0.0,2.123953649294517,0.0,1.3862943611198906
ipo,feedback,867,1,2.264581399545239,0.4255838572671863,2.304224497468224,0.029565222607525747,1.2919633415391747
ipo,feedback,867,2,2.287174243298492,0.6880263634283037,2.3884192044070502,0.0465064048884964,1.192224909746025
ipo,feedback,867,3,2.1201100416320395,1.176799796866804,2.4248142919685125,0.0806476132048104,0.9647062193138123
ipo,feedback,867,4,1.7972620518833136,1.5628847911739332,2.381755603252065,0.1139165619766672,0.7028795946069373
ipo,feedback,867,5,1.3213140185394194,1.6573414634489567,2.1195875688576584,0.14287896354669014,0.6818355067661073
ipo,feedback,867,6,1.0447609184783528,2.1623438466686107,2.40151125085962,0.17836656405886792,0.4881207836627194
ipo,feedback,867,7,0.3796286795868244,1.9413282448052336,1.9780984021133543,0.2192649462405373,0.667290259863622
ipo,feedback,867,8,-0.012407843334942659,1.7411265211289477,1.7411707317649283,0.2511341715536656,0.7271350247180478
ipo,feedback,867,9,-0.5185001840124455,1.5240044309134033,1.6097925165264702,0.30219290507914537,0.7578655432410912
ipo,feedback,867,10,-0.6563932973266112,1.2326991339232267,1.3965669749605187,0.32787392634871154,0.6712406486844295
ipo,feedback,867,11,-0.41987468512273546,0.6397568010253762,0.7652342880877326,0.3424362058819038,0.5401980416506195
ipo,feedback,867,12,0.03761068219120889,0.41215729101789306,0.4138697813975989,0.2355167107290731,0.6776530675114603
ipo,feedback,867,13,-0.08234774357721458,0.368870310464887,0.37795033643948617,0.28495703855587573,0.4614930269082058
ipo,feedback,867,14,0.09356740633295874,0.01395809653244795,0.09460279058614572,0.023568439432974462,0.4638593215791428
ipo,feedback,867,15,0.16949482092576335,-0.17185534877323932,0.24137679097756748,-0.12610058151465162,0.43251092857365103
ipo,feedback,867,16,0.4586384133466024,-0.36265543358657754,0.5846949270405529,-0.10648387180885127,0.5157851502111254
ipo,feedback,867,17,0.47217641068681776,0.04500056449614959,0.4743159428208781,0.015122516274871082,0.611086737585079
ipo,feedback,867,18,0.5538581887245453,0.28655563875849654,0.6235968467860658,0.07598939256452765,0.7717605610149122
ipo,feedback,867,19,0.57492521047134,0.20129752086657604,0.609146689675438,0.05360163595192721,0.7430567764763288
ipo,feedback,867,20,0.5898423765444321,0.47616770080093573,0.7580565338110563,0.1080923029915701,0.8114754396657458
ipo,feedback,867,21,0.5054180579654625,0.6187078294443931,0.7989034932539547,0.1409857120314527,0.7596815330235513
ipo,feedback,867,22,0.5299165010329079,0.6476017206085433,0.8367792340887203,0.1408538456997824,0.8098958093911017
ipo,feedback,867,23,0.11872557737455672,0.9273951280173773,0.9349638956629767,0.22973513530510725,0.7168126758962353
ipo,feedback,867,24,0.15795239167467123,0.49640749109205506,0.5209312385027965,0.20097055144115308,0.602732332997507
ipo,feedback,867,25,0.06922903072234582,0.3236270092569986,0.33094878730006694,0.21645969872614965,0.46570454427582864
ipo,feedback,867,26,0.29482834043520284,0.09172132083627305,0.30876617531673767,0.04800266012057932,0.4942346831452203
ipo,feedback,867,27,0.19805207430643318,0.4448484611444692,0.4869443269201144,0.18333548949333503,0.5409324911721074
ipo,feedback,867,28,0.1741040859876175,0.22608583027964851,0.2853542279532962,0.14555796042887506,0.4811202342530226
ipo,feedback,867,29,0.22375499360549655,0.017666808175747728,0.22445136059849238,0.012540228367859223,0.42035764337716036
ipo,feedback,867,30,0.3900188191848446,0.23721644919399307,0.45649350826331236,0.08696866113125475,0.4632068961715021
ipo,feedback,867,31,0.15612585135303758,0.20477170344415938,0.2575009359053546,0.14632417799727357,0.3507367163665712
ipo,feedback,867,32,0.3447798353608114,0.2578463234928851,0.4305320678070634,0.10219796535202649,0.4372734485676564
ipo,feedback,867,33,0.43509130554233777,0.4366365915996869,0.61640567590048,0.12528212892774723,0.48832882588701126
ipo,feedback,867,34,0.5633440135807587,0.897263809720072,1.05945213288315,0.16077078775896406,0.7038406159702073
ipo,feedback,867,35,0.5990742590852174,1.2388490794827496,1.376094840348498,0.1783134225139368,0.8287232543426175
ipo,feedback,867,36,0.21666244040331206,1.0748686885902416,1.0964877157511728,0.21834316596664205,0.6650821656330576
ipo,feedback,867,37,-0.19748710716772633,1.054098549696763,1.0724387674689384,0.27947623372967473,0.488883813258058
ipo,feedback,867,38,-0.19338814620173156,0.7404924329367171,0.7653286995323518,0.29065704452631985,0.43027151519246787
ipo,feedback,867,39,-0.00859598181411153,0.43758656433191007,0.4376709862295574,0.25312604904053415,0.48276980615411474
ipo,feedback,867,40,0.040855052531954816,0.5051500208908387,0.5067994464513587,0.2371559708749436,0.5591763577056149
ipo,feedback,867,41,0.00040348229474151953,0.41501340663832326,0.4150136027740638,0.24984526721209824,0.5204454681466495
ipo,feedback,867,42,-0.0793150226568228,0.4474625774950643,0.4544377086879771,0.2779210151966646,0.5367311728922668
ipo,feedback,867,43,-0.5360591436646217,0.4040494407786379,0.6712788959143416,0.39720330576373325,0.38600100405825594
ipo,feedback,867,44,-0.2544265416427548,-0.11092722131427706,0.2775566852388878,0.565435225437123,0.5136308422308855
ipo,feedback,867,45,-0.20721269446415438,-0.12190139661127089,0.24041017291885416,0.5846331192704539,0.5152113312230073
ipo,feedback,867,46,0.021882554445531666,-0.3548709196701968,0.35554495611192816,0.7598016274568457,0.5721057958757079
ipo,feedback,867,47,0.10083538485718382,-0.2574395821124593,0.2764831157187253,0.8094154578443158,0.6552258772578168
ipo,feedback,867,48,0.21495935906629635,-0.31965419422535557,0.38520946241759724,0.8442217602881235,0.6661959398939289
ipo,feedback,867,49,0.21294966509892962,-0.1197451706354476,0.24430813690145228,0.9184728374623687,0.7072797742437573
ipo,feedback,867,50,0.11338192362320111,0.1273215380487584,0.17048822438983532,1.134206694849266,0.7581537359855302
ipo,feedback,867,51,-0.028099457884393587,0.1675304905036315,0.16987067075214654,1.276448462238229,0.7278625437196049
ipo,feedback,867,52,0.21007467305033664,-0.005929874698796217,0.21015834903983532,0.9955086526397272,0.8152544467530146
ipo,feedback,867,53,0.3692509837574799,0.3215439875198048,0.4896292729361706,1.1140260237625443,0.8044637782699282
ipo,feedback,867,54,-0.0029603158376257377,0.26874177957546824,0.26875808370958454,1.25175309490145,0.6369096861058342
ipo,feedback,867,55,-0.2258871929735305,0.254709557911383,0.34044380276467534,1.3654665727671274,0.5464833786524979
ipo,feedback,867,56,-0.16041066621681657,0.25621230204664674,0.30228517257081117,1.339027952555032,0.5707267136375901
ipo,feedback,867,57,0.08812756840265472,0.05318601711535648,0.10293308860206021,1.0864207553277174,0.7038267760995065
ipo,feedback,867,58,0.15287801842005178,0.07602557083429101,0.17073832591636096,1.073447105691527,0.6863630872034715
ipo,feedback,867,59,0.1357485141340381,0.11081981171423444,0.17523895045901616,1.1089635112472565,0.6283225846909003
ipo,feedback,867,60,0.10546521637833882,0.17034098333235795,0.20034710496626718,1.1617683903657847,0.6880349994376582
ipo,feedback,867,61,-0.14513286553338695,0.2365962992015195,0.2775632494653914,1.3375716083215299,0.6343737320555807
ipo,feedback,867,62,-0.14513061395291021,0.17262685066867303,0.22552810174817017,1.3612622010207238,0.5762181841396513
ipo,feedback,867,63,-0.010459110519332668,-0.2260755215439866,0.22631733127235565,1.742642135535421,0.6993418701062045
ipo,feedback,867,64,0.21149130105699035,0.016686328767507953,0.21214854227761237,2.0125311141234743,0.730464998620608
ipo,feedback,867,65,0.4303690218947996,0.08519129331867537,0.4387197869528967,2.0311025463054713,0.8091442144772174
ipo,feedback,867,66,0.23798551269131224,0.08402802585151127,0.25238425739227277,2.054019803030111,0.6910226096482828
ipo,feedback,867,67,0.450857137035167,-0.022312740028670328,0.45140892368575786,1.9921299063030864,0.7564877161226415
ipo,feedback,867,68,0.508160238705012,0.23091014444009605,0.5581633479601475,2.0678812409901,0.8700670605726746
ipo,feedback,867,69,0.31823328236921666,0.18025519784249072,0.36573810077256247,2.082023022470618,0.7055263231578364
ipo,feedback,867,70,0.4521192275706178,0.4803434108434508,0.6596526269786032,2.129815900414325,0.808429460687246
ipo,feedback,867,71,0.42698296146246556,0.6007252659058332,0.7370110545147144,2.1516543914263666,0.8192196719381178
ipo,feedback,867,72,0.2525751676870458,0.7768642067181089,0.8168917988399049,2.19997096705572,0.8272967449746107
ipo,feedback,867,73,-0.10669313827916348,0.8072844832869449,0.8143044042074968,2.270913192615686,0.7175057987288859
ipo,feedback,867,74,-0.5884340856418883,0.6831580772215676,0.9016427405676123,2.3631660184736485,0.5921765806200175
ipo,feedback,867,75,-0.6314527836429464,0.40814778714565364,0.7518758103053452,2.4086746203327176,0.5166497839901787
ipo,feedback,867,76,-0.48050993362729855,0.3316555196546144,0.5838537317101631,2.403849864404007,0.6209032257646305
ipo,feedback,867,77,-0.31426359035448853,0.07573471985207905,0.32326050178388116,2.462362742071773,0.6326880807287519
ipo,feedback,867,78,0.0008605836289486482,0.23302792458477892,0.233029513668273,2.249412235610542,0.7528738347642618
ipo,feedback,867,79,0.08322463832289784,0.24622377664938197,0.25990861588539516,2.1981237153392192,0.7827614209215519
ipo,feedback,867,80,0.04956919404621069,0.296784603195309,0.30089567243845156,2.223660940097353,0.7422227516806754
ipo,feedback,867,81,-0.03533228519073979,0.2652162924956139,0.26755943672746585,2.2710786094752353,0.6823203226136808
ipo,feedback,867,82,0.0966717639895103,-0.1109128172736752,0.14712947695287726,1.8640984762090298,0.5796865367900177
ipo,feedback,867,83,-0.0027537164125195635,-0.028910311186328606,0.029041161253829655,1.734886038327248,0.5989179583878206
ipo,feedback,867,84,0.10678938807688262,-0.2320295776568566,0.25542454524468533,1.8186494390236885,0.6122609698100493
ipo,feedback,867,85,0.15649842033047362,-0.24889704312621228,0.2940093427816626,1.8393343193879081,0.6542498317628608
ipo,feedback,867,86,0.20660301397769484,-0.5166074443287639,0.5563884047323097,1.8105488567891075,0.6104108718306499
ipo,feedback,867,87,0.502767153067172,-0.506640629922125,0.7137643435274397,1.8743892656933732,0.7125080012238856
ipo,feedback,867,88,0.6441935380879099,-0.15303577026142628,0.6621217875087085,1.9628789730765672,0.7762887198423596
ipo,feedback,867,89,0.7448218622776233,-0.022524688003972365,0.7451623770000623,1.995188348592481,0.9359210271022204
ipo,feedback,867,90,0.8631688223280747,0.15621754164710666,0.8771911628359584,2.0284956453920353,1.078682084776564
ipo,feedback,867,91,0.9673374756924256,0.21951836367364563,0.9919325097348858,2.0355156078607854,1.1597148639213553
ipo,feedback,867,92,0.5038654332362718,0.6174088986476922,0.7969153800371356,2.1410617369106415,0.99856042911554
ipo,feedback,867,93,0.3865063287417637,0.7845663824669773,0.8746036534652457,2.1771484521129363,0.9018350240544523
ipo,feedback,867,94,0.18014970648012382,0.6296352550844803,0.6549003521072295,2.2056479000006055,0.7767213908010784
ipo,feedback,867,95,0.020333981452611657,0.6454746526894929,0.6457948575719201,2.2449878996294363,0.7196783592566605
ipo,feedback,867,96,-0.46054538106273524,0.6088790913379624,0.7634368316283691,2.353064491268827,0.5491234439968201
ipo,feedback,867,97,-0.4916790121226268,0.2375536544504656,0.5460585954864674,2.4283683036367534,0.4147110684175215
ipo,feedback,867,98,-0.47529593505189016,-0.029548770910439857,0.4762135610618079,2.5098818184328895,0.4167585413415824
ipo,feedback,867,99,-0.24579320660702175,-0.22979889787223906,0.33648452249317184,2.619649586811597,0.4314087396217272
ipo,feedback,867,100,0.04224500856575497,-0.23467521617757395,0.23844726426761909,2.7783466506885928,0.4737384707609844
ipo,feedback,945,0,1.0574401920850691,0.0,1.0574401920850691,0.0,1.3862943611198906
ipo,feedback,945,1,0.7127608064461809,0.24710772241229853,0.754380668947451,0.05311380132805137,1.3362681516302097
ipo,feedback,945,2,0.5193597150681314,0.3756044064471154,0.6409470990480731,0.09965195719556327,1.2320794895963985
ipo,feedback,945,3,0.48513356103141947,0.39905115983306066,0.6281690856792754,0.10955368316654436,1.1987624697692634
ipo,feedback,945,4,0.3703743425121818,0.5655119926712449,0.6760036741367115,0.15771598483888846,1.2222981620050084
ipo,feedback,945,5,0.09072017561266699,0.6374589778746095,0.6438820534353594,0.22750089855059216,1.0591681146607252
ipo,feedback,945,6,-0.04536381990833788,0.9978249338303194,0.9988555825193939,0.2572306352938829,1.1170826500735036
ipo,feedback,945,7,-0.3794654518077921,1.2926007954493643,1.3471491548867265,0.2954458865485314,1.078753069565753
ipo,feedback,945,8,-0.5858973617931138,1.3958164413398557,1.5137963061359312,0.3132509655152307,1.0490730433508113
ipo,feedback,945,9,-0.8441236844901243,1.5766728856336685,1.7884189059081157,0.3282328737538905,0.8860293886329232
ipo,feedback,945,10,-0.9924992302770781,1.236424387069087,1.5854967634907868,0.35765170801281,0.8798684405146283
ipo,feedback,945,11,-1.3262973026083533,1.5461455670237418,2.0370642231734775,0.3628424546612566,0.5862299297144669
ipo,feedback,945,12,-1.2067737290268234,1.087868384613433,1.6247339644725671,0.3832398305257195,0.8726401018710808
ipo,feedback,945,13,-0.9661045824821004,0.8507190530742458,1.28727657150919,0.3850942910644214,0.8005311646045444
ipo,feedback,945,14,-0.6595062934696938,0.4066286230585772,0.7747873180535729,0.4120651706357267,0.8436934347107381
ipo,feedback,945,15,-0.5277045510056686,0.3521469057354534,0.6344127492186366,0.40634470060768796,0.6429915420546677
ipo,feedback,945,16,-0.08921367850653844,0.16236751399189792,0.1852627594325885,0.32996339989597384,0.6815274967829207
ipo,feedback,945,17,-0.004405720257380563,0.22758314753911224,0.22762578811460624,0.25308065246090344,0.8053103703186479
ipo,feedback,945,18,-0.009220226666844467,0.45574212757245536,0.45583538632279985,0.2532194620620892,0.8135890518484479
ipo,feedback,945,19,-0.09915650194567271,0.5999415495794147,0.6080804838093816,0.27606897559747495,0.9239183998859286
ipo,feedback,945,20,-0.1705263390067992,0.593579692572725,0.617588927790802,0.294523740105993,0.9631206977945139
ipo,feedback,945,21,-0.45317000664460494,0.9050167804677005,1.0121355778009156,0.323884862328412,1.004025755819382
ipo,feedback,945,22,-0.3975074805249641,0.781406239634164,0.8767028620989606,0.3248966593264121,0.9974927450427431
ipo,feedback,945,23,-0.5359396941274703,0.6274023371428977,0.8251454710496913,0.3625128299167967,0.9636431161747727
ipo,feedback,945,24,-0.3334973400559413,0.5149004019791243,0.613467928894944,0.34147456694627465,1.0467247695954864
ipo,feedback,945,25,-0.32485541610938923,0.41665767592173786,0.5283319603053637,0.35539574200118895,1.0434001090599065
ipo,feedback,945,26,-0.12727528288164985,0.3875363095390655,0.40790119985575224,0.30050359914008773,1.1154006248372024
ipo,feedback,945,27,-0.272805057524339,0.4831817187972146,0.5548758174498943,0.3318031444591639,1.0711068230698157
ipo,feedback,945,28,-0.2508582652498941,0.5954537260116353,0.6461385370532591,0.3134588050790883,1.0742168515264394
ipo,feedback,945,29,-0.10885858681599919,0.5893076350369936,0.599277632351209,0.27907184288510906,1.1174084785510143
ipo,feedback,945,30,-0.004061591144685794,0.47454291853971425,0.47456029970786273,0.2513621666201912,1.1311280764075784
ipo,feedback,945,31,-0.05875094342543963,0.5792647250950304,0.5822364597762667,0.2660870103052573,1.1313561718457914
ipo,feedback,945,32,-0.2806142842678812,0.5455821920154069,0.6135179742921242,0.3256070361964431,1.0204618059115798
ipo,feedback,945,33,-0.15952874207979373,0.35289128350821214,0.38727467968566537,0.31757199553172055,1.0750676137906212
ipo,feedback,945,34,-0.2584100620221975,0.36033073114762126,0.4434117679580632,0.34901689239681083,1.0132768733156035
ipo,feedback,945,35,-0.2958493292631672,0.27449255267190575,0.4035752558046701,0.3809568643464087,0.9878592736088798
ipo,feedback,945,36,-0.20273090760572499,-0.0031799872376860328,0.20275584632131535,0.502496260642433,0.9082467452354069
ipo,feedback,945,37,-0.1044765940074483,0.163337279137954,0.19389281949465556,0.3405680347425548,0.9476061391244215
ipo,feedback,945,38,-0.04136265645784776,0.10436737442598981,0.11226494641616629,0.31005363387854934,0.936623171653703
ipo,feedback,945,39,0.15155923259748044,0.018503983869512963,0.15268463709417648,0.01933565553370096,1.1366826933264174
ipo,feedback,945,40,0.06049679504815475,0.13060785832527638,0.14393844124282404,0.1809630669621125,1.0737656727176055
ipo,feedback,945,41,0.13149188307921444,0.02771644335312052,0.1343812358473628,0.033063386763595735,1.1476740862531596
ipo,feedback,945,42,-0.012140082931778248,0.4436067262211203,0.44377281255413836,0.2543544697469615,1.1415182579072396
ipo,feedback,945,43,-0.20806533514814976,0.36182050003659677,0.4173790338973015,0.33305863637129784,1.0925669558413387
ipo,feedback,945,44,-0.12267755116511882,0.029357242993284377,0.12614130677948873,0.46261658987487064,1.073321684709934
ipo,feedback,945,45,-0.10605128464165878,0.11321389356773787,0.15512659562729147,0.3698028255048515,1.1168095445291544
ipo,feedback,945,46,-0.04235938455869815,0.08280692551774052,0.09301238828184287,0.32525483741002575,1.127746157678062
ipo,feedback,945,47,-0.10756892720632633,0.12773970698681286,0.16699852347070837,0.36139042399949517,1.0396552697161965
ipo,feedback,945,48,-0.10106071670042338,-0.017325880674360722,0.10253513837287888,0.5270228665573526,0.9950918687730059
ipo,feedback,945,49,0.009283488491132794,-0.07207950484592396,0.07267487996136333,0.7703861513033838,1.0578082295476778
ipo,feedback,945,50,0.2640874316850212,-0.31185335254287067,0.4086498318441092,0.8618305489144966,1.0620876909178287
ipo,feedback,945,51,0.39554734467895225,-0.4275711962537864,0.5824730292026093,0.8688111161326302,1.0086384538069415
ipo,feedback,945,52,0.4855492276990055,-0.2352606775787614,0.5395420641005839,0.9281907156368393,1.2500726109953815
ipo,feedback,945,53,0.2980219167334429,0.12713402205539875,0.32400636169288066,1.0641743035134499,1.2574656402135964
ipo,feedback,945,54,0.22374511794278543,0.2694033870139655,0.35020003246405823,1.139693508602947,1.2274584574258673
ipo,feedback,945,55,0.08151508363970748,0.39915877243272085,0.40739714587952763,1.2179386753467802,1.140859336206329
ipo,feedback,945,56,-0.01593007417782591,0.13165339158276257,0.13261365984903387,1.2691645973985557,1.1582178927737987
ipo,feedback,945,57,0.16316924713392386,-0.017752626079799286,0.16413213866571255,0.9827519681443191,1.2159689562336413
ipo,feedback,945,58,0.22544657581241423,0.004197804027468444,0.22548565387668384,1.0029631147155367,1.1107206271657162
ipo,feedback,945,59,0.15252686168055146,0.11109930534689537,0.1886994943890438,1.1001924593013293,1.125855519585222
ipo,feedback,945,60,-0.06845721949849728,0.26438651842128036,0.273105514452549,1.290324164283738,1.0603709643494932
ipo,feedback,945,61,-0.09474014883059624,0.3071403778895442,0.3214201417624221,1.2976189952236046,1.1039707577403588
ipo,feedback,945,62,-0.03247757901717088,0.277491989628652,0.2793861081852218,1.2685430842425913,1.1412433331549983
ipo,feedback,945,63,-0.010675109246407383,0.16659817246502168,0.16693983654630742,1.2601842463838733,1.0709626664839085
ipo,feedback,945,64,-0.003921554833762497,0.35782804808321844,0.3578495362402476,1.251744161347656,1.1470694982484757
ipo,feedback,945,65,-0.2048428764063292,0.4688091084519768,0.5116078421818376,1.315562743030841,1.090060607255058
ipo,feedback,945,66,-0.22286249283448326,0.29433840626850105,0.36919207482973043,1.3531436120612517,1.0631213829249104
ipo,feedback,945,67,-0.03944398674194846,0.27897512473150277,0.28174979735406475,1.2723545665875169,1.107778916822919
ipo,feedback,945,68,-0.25624450572376234,0.5899542738851957,0.6432008177770172,1.3152153946752658,1.0757981340645117
ipo,feedback,945,69,-0.4409415998677528,0.6855280263472214,0.8150939635412903,1.3409714267865556,1.023733303733664
ipo,feedback,945,70,-0.6563873510616445,0.5562824499572518,0.8604036952292599,1.388108389280339,0.9645289398617289
ipo,feedback,945,71,-0.4569235640159975,0.13229897958518252,0.47569124792491396,1.455144448513014,0.9914698934738781
ipo,feedback,945,72,-0.4097302249255247,0.11348573902508935,0.425156289121532,1.4569958516149022,1.0355868026753272
ipo,feedback,945,73,-0.539188882240207,0.1279297610479095,0.554157626035426,1.462923936803504,0.9888415099323925
ipo,feedback,945,74,-0.5900924558382408,0.056201208609919534,0.5927627537948228,1.484887451490554,0.9693497070185514
ipo,feedback,945,75,-0.5532800725984974,0.10886907830233589,0.5638894527697771,1.4690780811934991,0.8842822405372811
ipo,feedback,945,76,-0.3757028326684636,-0.021891539888602443,0.3763400828955133,1.5092632032176956,1.0519055927265077
ipo,feedback,945,77,-0.3005002719971017,0.010805260655267601,0.3006944747217022,1.4942796389409714,1.053373583515788
ipo,feedback,945,78,-0.21822602543163774,-0.06595704835941346,0.22797572327766788,1.5467139352203445,1.0459442962196441
ipo,feedback,945,79,-0.10338925550610671,-0.1471900155305275,0.1798728407124987,1.6525417119713914,1.079858874406419
ipo,feedback,945,80,0.04415192495338653,-0.16838136798463615,0.17407377045800707,1.7908137887800923,0.9965166708205082
ipo,feedback,945,81,-0.07178633746928091,-0.04348631587307192,0.08393055412343035,1.586684451191284,1.047107823639742
ipo,feedback,945,82,-0.048413314713951466,-0.05013044324766347,0.06969153737577696,1.627772999984512,1.0680294246167519
ipo,feedback,945,83,-0.027656723531206455,-0.12977813584052478,0.13269234679785905,1.7165827473342674,1.0898898068510525
ipo,feedback,945,84,-0.0047196216523639626,-0.1691036416250252,0.16916949027347225,1.74555919574821,1.1181167163848174
ipo,feedback,945,85,0.06476248969235024,-0.20435457006300287,0.21437110434194837,1.798844589572767,1.1020548053179402
ipo,feedback,945,86,-0.08113124832726037,-0.3405995763973371,0.3501290489193736,1.712782649041988,0.9960441874826911
ipo,feedback,945,87,0.07195708478005555,-0.5045211314976215,0.5096267204314197,1.7725473340296958,1.12362178874453
ipo,feedback,945,88,0.1233334532525409,-0.4083261547016882,0.4265458818282785,1.79668542637204,1.208731531833102
ipo,feedback,945,89,0.24670831357890244,-0.45152858335157037,0.5145318780915543,1.8295875490647175,1.0172797788810957
ipo,feedback,945,90,0.24758398549353816,-0.3629471089183517,0.4393500127973759,1.8452772553752306,1.0375041876663615
ipo,feedback,945,91,0.25493352385562484,-0.32122233915706944,0.41009132246243124,1.8567688104318298,1.0804327988086855
ipo,feedback,945,92,0.3773282520510985,-0.3041767331348164,0.48466493041740355,1.8920182463228186,1.103739506698132
ipo,feedback,945,93,0.32315899651440727,-0.26091905776154883,0.41534382351417376,1.8918959490888732,1.0158634726406097
ipo,feedback,945,94,0.38016692293559273,-0.1293447145963908,0.4015681069113168,1.9478057903812194,1.1223633361202388
ipo,feedback,945,95,0.1530335824494297,0.1377851241708446,0.20592235866967304,2.116662684930802,1.193185679814595
ipo,feedback,945,96,0.06343843349887451,0.38119227260474864,0.3864349667646086,2.223753801557278,1.1661458615371896
ipo,feedback,945,97,0.06245964757128708,0.2198146977968836,0.22851632095380986,2.2059379708454987,1.0841174130198423
ipo,feedback,945,98,0.05999151298849281,0.34540714140472023,0.3505782009253127,2.2226304462311703,1.1299255460182889
ipo,feedback,945,99,0.3647695608616339,0.07001617145327702,0.3714284544783341,2.0301821069641464,1.119281321323963
ipo,feedback,945,100,0.34313817543344904,0.39094667405865346,0.5201760369310754,2.135350613314454,1.1783579547371759
dpo,ordinary,54,0,2.533813529719409,-2.220446049250313e-16,2.533813529719409,0.0,1.3862943611198906
dpo,ordinary,54,1,2.5910113581333523,0.12093752070669106,2.5938322501447004,0.007423296104225792,1.379074087410874
dpo,ordinary,54,2,2.2484134730313152,0.21893519260072192,2.259047534751727,0.01544872149554155,1.3168716406286822
dpo,ordinary,54,3,2.1495377208950703,0.8195516401057935,2.3004732783388007,0.057973021157365356,1.1793477096546094
dpo,ordinary,54,4,1.925844204128023,1.0051838312678012,2.17238818658538,0.07656128015189856,1.0891866792816538
dpo,ordinary,54,5,1.5225023122850594,1.0385888472717533,1.8430084331306307,0.09527836179284797,0.8656637856445621
dpo,ordinary,54,6,1.3820005594289007,1.3869889408812033,1.9579744299629034,0.1252867200136329,0.8525980086473941
dpo,ordinary,54,7,0.7710152769489376,1.9577400073535056,2.1040937464098772,0.19028896921861724,0.6107831456624623
dpo,ordinary,54,8,0.8737682119888129,2.0366431575306425,2.216164759082346,0.18549866711149493,0.8832707883133653
dpo,ordinary,54,9,0.1246512395816389,2.413591450541859,2.4168081474659906,0.24178765294706164,0.7127284993939095
dpo,ordinary,54,10,-0.0760366893035151,2.546615108049481,2.5477500047426376,0.2547506278665989,0.7054037978007035
dpo,ordinary,54,11,-0.2585411222346268,2.4002021387633996,2.4140865392132773,0.2670777498566701,0.6802644848289707
dpo,ordinary,54,12,-0.16460433561970306,2.338218946972271,2.3440056380659415,0.26118562716682825,0.8141857876818106
dpo,ordinary,54,13,0.028797664841271456,1.9879194730790541,1.9881280484282733,0.24769458964292568,0.8092328285887198
dpo,ordinary,54,14,-0.1561769969054239,2.2138820291442385,2.219383899493327,0.2612089220519281,0.8042072706057423
dpo,ordinary,54,15,0.1417582946063347,1.9182611549263004,1.9234919476277723,0.23825988999876982,0.9377713773306113
dpo,ordinary,54,16,-0.336408734838661,2.3475613308699566,2.3715427550587553,0.27265289893308087,0.7500404430609252
dpo,ordinary,54,17,-0.8007170356871627,2.3738240192240196,2.505232173968017,0.30177727337995497,0.5369534844291184
dpo,ordinary,54,18,-1.1221586500137752,2.2022573299554877,2.4716750156813525,0.3250030117565216,0.7115260581891198
dpo,ordinary,54,19,-0.868616273897693,2.108756150086167,2.2806461215642697,0.31218671776664914,0.8308171516718579
dpo,ordinary,54,20,-1.1756181217985548,2.061000722550492,2.372720368407287,0.3325025674325913,0.7699745856431446
dpo,ordinary,54,21,-1.150725078446801,1.8897920288207408,2.2125736413418666,0.33704976216257276,0.7982650647983189
dpo,ordinary,54,22,-1.2953745437927697,1.7580180404337986,2.1837176189235223,0.351067223224076,0.7440307747572297
dpo,ordinary,54,23,-1.417003260963997,1.8393352281845752,2.321863976038089,0.3544729263481333,0.7673633164516891
dpo,ordinary,54,24,-0.7526384792853664,1.5893650476441104,1.7585635999797544,0.3203881608410825,0.7246292831564627
dpo,ordinary,54,25,-0.7670718404648399,1.5455475533436958,1.725432249635088,0.32332138403428007,0.7820628130329127
dpo,ordinary,54,26,-0.8209971453102656,1.627917963400975,1.8232260441786103,0.3243413305042556,0.6926559858845533
dpo,ordinary,54,27,-1.1750197905782898,1.5787216320868427,1.968002413583274,0.3518327208899676,0.6512463282638343
dpo,ordinary,54,28,-1.0361785854519874,1.5230836555513299,1.84213188527773,0.3450780316309906,0.6621900229292278
dpo,ordinary,54,29,-0.48501699013982164,1.038358996103768,1.1460501234736276,0.3195479324426408,0.5954948228945649
dpo,ordinary,54,30,-0.2679351038100374,1.0893542119691306,1.1218207606336144,0.2883834903873443,0.7149929943107507
dpo,ordinary,54,31,-0.5627597521254193,1.4236012408039675,1.5307968615825092,0.3099145600615231,0.8109155017644574
dpo,ordinary,54,32,-0.38681557231798336,1.3170734820300982,1.3727012945482993,0.29546432455059063,0.7814749937828747
dpo,ordinary,54,33,-0.324001668447802,1.3323506615072067,1.3711802822297476,0.2879664213815369,0.8433629363407074
dpo,ordinary,54,34,-0.3146384279551487,1.127632320930557,1.1707057664303708,0.2933068608071198,0.8270114982598791
dpo,ordinary,54,35,-0.24118332029411116,1.2020063215502672,1.225964351453539,0.28151603418965904,0.8437054766031523
dpo,ordinary,54,36,-0.47201886209498706,1.2140175826976891,1.3025515334421847,0.3090178980751035,0.8110087661296537
dpo,ordinary,54,37,-0.5948744096293269,1.0552022570511916,1.211332888399291,0.33170083454898797,0.7731308527700897
dpo,ordinary,54,38,-0.9605611214967871,1.2003677348468413,1.5373875136062807,0.3574099346064645,0.7557905905602706
dpo,ordinary,54,39,-1.1294150536746765,1.3423450475334433,1.7542715269035563,0.3613233479452439,0.7562889265112451
dpo,ordinary,54,40,-1.3882413834172194,1.2482693919056342,1.8669200875775633,0.38344158884758783,0.7225241287743431
dpo,ordinary,54,41,-0.8727632408746004,0.9547235224726958,1.2935272239054763,0.36786689844715964,0.6710180286584586
dpo,ordinary,54,42,-0.5520881751083585,0.7169269097806155,0.9048676958882222,0.3544416753562992,0.6805488082641813
dpo,ordinary,54,43,-0.5444350116662295,0.8055994484942091,0.9723167968014239,0.3445871111298766,0.7770204997237748
dpo,ordinary,54,44,-0.636092764695214,0.945967013588727,1.1399419266329212,0.3442164168588127,0.7800259873687744
dpo,ordinary,54,45,-0.8030825225901755,0.8055329184316942,1.1374642063673397,0.3747575602601375,0.7319289078388416
dpo,ordinary,54,46,-0.5925065708394386,0.3505331827770193,0.6884312229378456,0.41497497223677837,0.6550838720434627
dpo,ordinary,54,47,-0.1272540699821819,0.1624257084125324,0.20633882106948037,0.35577023500160354,0.613752061532935
dpo,ordinary,54,48,0.0030196824962664404,-0.028864756480897313,0.029022278495661934,0.7665896274719435,0.5748248780455204
dpo,ordinary,54,49,-0.12057073377475858,0.09075077147648453,0.15090727075446306,0.3973113302234201,0.6919729934037178
dpo,ordinary,54,50,-0.002804932060425619,0.09611683526910059,0.09615775406076735,0.2546432255031045,0.7266275919536221
dpo,ordinary,54,51,-0.01042065801454295,0.2037971072057013,0.20406335050387703,0.25813091077912864,0.7940804516177424
dpo,ordinary,54,52,-0.11903912940524203,0.4290196127609479,0.4452281914514305,0.2930767268267098,0.7823939375279076
dpo,ordinary,54,53,-0.22116555820474587,0.5180707163222258,0.5633040664211834,0.3142159593820045,0.782134824421892
dpo,ordinary,54,54,-0.4062410763754259,0.4211698255227702,0.5851630833071626,0.3721287223314243,0.7577807173844269
dpo,ordinary,54,55,-0.2502219514253215,0.3285920190195566,0.4130178445762902,0.3535810443575447,0.7749837800463597
dpo,ordinary,54,56,-0.37731207085262053,0.32782760395717436,0.4998353096044685,0.3861507083636729,0.7739462047863431
dpo,ordinary,54,57,-0.53650024746267,0.4083047386620552,0.6741997294136177,0.396463800568289,0.7562228532936803
dpo,ordinary,54,58,-0.1906725761885635,0.23043339122201567,0.29909125547307813,0.3600170139445169,0.7362055243934637
dpo,ordinary,54,59,-0.11724036788684845,0.22336304768298987,0.25226247230310966,0.32692888518157875,0.7464866153255245
dpo,ordinary,54,60,-0.20782284611389953,0.12542491145913276,0.24273801470188566,0.4135784610972563,0.7375675963126318
dpo,ordinary,54,61,-0.142503050970158,0.17956664135423728,0.22924069931634028,0.35676475869786706,0.7337889304267189
dpo,ordinary,54,62,-0.01628980746120859,0.09638849647945114,0.09775530717404765,0.2766456591034038,0.7759888785605877
dpo,ordinary,54,63,0.13528690834940976,0.17951905263183335,0.2247879841730259,0.14721679435454824,0.8054228191942705
dpo,ordinary,54,64,-0.017556094654215662,0.3333254763211108,0.3337874917132204,0.2583748768544932,0.8062515183990775
dpo,ordinary,54,65,0.06636983402853036,0.48288055596339086,0.4874203383082082,0.22826105418457465,0.8253563822785225
dpo,ordinary,54,66,0.13591075395677615,0.3963917199887251,0.41904430400223697,0.19742973923116358,0.8299618012690885
dpo,ordinary,54,67,-0.1084550739536323,0.6917962925411398,0.7002461091930137,0.27474976649822247,0.8154194246736539
dpo,ordinary,54,68,-0.17823315763530975,0.9368579494721126,0.9536613004467283,0.2799209757433923,0.7823489254684797
dpo,ordinary,54,69,-0.24981474578884152,0.967060104600153,0.9988056132815846,0.29023396480229396,0.7108725569641661
dpo,ordinary,54,70,-0.7034975150402389,1.0360245698321078,1.2523001489114323,0.34493860772967033,0.6034386785129806
dpo,ordinary,54,71,-1.044957289673947,0.8058271929054188,1.319580691761041,0.39545027456901327,0.630493906634809
dpo,ordinary,54,72,-0.968958777310692,0.39274162902064425,1.0455271872568501,0.4387114938221182,0.7348313116325913
dpo,ordinary,54,73,-0.7602276462710293,0.04882244755987897,0.7617937421248132,0.4897929550122631,0.6729078166054776
dpo,ordinary,54,74,-0.34748047084259714,-0.10049159747725905,0.3617198346517985,0.5448052958128822,0.7158678022459675
dpo,ordinary,54,75,-0.06589955745598652,-0.07505613520167459,0.09988080448367906,0.635324307268112,0.7778311472878094
dpo,ordinary,54,76,0.11073782021147717,-0.10353550878201695,0.15159969130555823,0.8803476187034979,0.7698199706996527
dpo,ordinary,54,77,0.02316460669949308,0.06268211271399468,0.06682549107812177,1.1936607240250312,0.7875518134261316
dpo,ordinary,54,78,0.0779010173662289,0.1935493835890377,0.20863828122947606,1.1890996654789974,0.8060654738119778
dpo,ordinary,54,79,-0.10164949425131076,0.1997511521598322,0.22412751386371038,1.3249185058860748,0.7950922187006658
dpo,ordinary,54,80,-0.033406927616716944,0.17553789015896942,0.17868848226522877,1.2799311309575199,0.8060589586923144
dpo,ordinary,54,81,-0.28769506903998776,0.3538001217213649,0.4560076522164688,1.3586570234790998,0.7807568385495002
dpo,ordinary,54,82,-0.4751044816304052,0.27052356288283214,0.5467241228811087,1.417619162043512,0.7624240002530769
dpo,ordinary,54,83,-0.26601744604093613,0.03042707187566074,0.2677519155880476,1.4818746292965994,0.7219934624902715
dpo,ordinary,54,84,-0.15015615372735425,-0.0380424875336241,0.15490029489945714,1.5394913987560968,0.7658078136256792
dpo,ordinary,54,85,0.10523205301436908,-0.11847020783863843,0.15845811789538955,1.8655925695143858,0.7000442717561929
dpo,ordinary,54,86,0.21687628455130117,-0.238807251246742,0.32258987282430535,1.8673461562605518,0.6665582626802297
dpo,ordinary,54,87,0.2384637077602683,-0.1250485568546598,0.26926210555926305,1.923132846470783,0.7165582921497105
dpo,ordinary,54,88,0.45476743088625216,0.019793719932650694,0.45519798719200677,2.006922838145152,0.7878915351779253
dpo,ordinary,54,89,0.479730622540145,0.01948258008906366,0.4801260679547423,2.0064599710390874,0.8340246418614068
dpo,ordinary,54,90,0.4716741990537613,0.198027902496816,0.511558012565824,2.0632628720682207,0.8752454747357665
dpo,ordinary,54,91,0.5189526338026507,0.3482319755425833,0.6249618747739725,2.0940631522006403,0.8946512822029142
dpo,ordinary,54,92,0.47426966346784294,0.5024519763779411,0.6909339347955057,2.12959098076823,0.883954678417973
dpo,ordinary,54,93,0.30110800943953164,0.7589530775690905,0.816502178380579,2.189888136741307,0.8352122453974216
dpo,ordinary,54,94,0.3196788236789155,0.6835087064741259,0.754571866779214,2.1803732891373393,0.8427092892069378
dpo,ordinary,54,95,-0.11724712390702777,0.798983412641409,0.8075403282440958,2.273189740175672,0.7865839504063743
dpo,ordinary,54,96,-0.21140025908406318,0.49112368961798125,0.5346892069649323,2.314691871842309,0.7937701454460264
dpo,ordinary,54,97,-0.3887537979425246,0.550983605811825,0.6743236977061816,2.3477927478304847,0.7744232957559456
dpo,ordinary,54,98,-0.26111372554093615,0.6118783715387114,0.6652634960846211,2.3141942797576043,0.7966481636527147
dpo,ordinary,54,99,-0.6567222900817982,0.33331781901809726,0.7364678776194264,2.425250105617437,0.7489132269276206
dpo,ordinary,54,100,-0.5325558135507057,0.07824212251951296,0.5382727229602225,2.4767833405958566,0.6980230491212736
dpo,ordinary,251,0,1.4345580071154436,-1.3877787807814457e-17,1.4345580071154436,0.0,1.3862943611198906
dpo,ordinary,251,1,1.3349247309979622,0.2909762925234436,1.3662690951055982,0.034157064242923627,1.2763736163585298
dpo,ordinary,251,2,1.2835761582665017,0.4375991695221819,1.3561197540175776,0.05229268162183526,1.2987699803658863
dpo,ordinary,251,3,1.0870229676161434,0.9456502269331243,1.440789118442972,0.11394854518022471,1.1374242882175585
dpo,ordinary,251,4,1.136293043756329,1.195827935915983,1.6495958091623846,0.12906205979345592,0.9748918029843706
dpo,ordinary,251,5,0.8817123799111612,1.4433937640959786,1.6913906346908043,0.1627246833779783,0.9412870052699394
dpo,ordinary,251,6,0.9656888056331034,1.4158414149915879,1.713814978849955,0.15473240433169738,0.9308871651126719
dpo,ordinary,251,7,0.664004288478738,1.5262412747265712,1.6644260643828985,0.1846892772695824,0.8552215917297039
dpo,ordinary,251,8,0.3164337648080512,1.4676376553283146,1.5013629190999056,0.21620236590386185,0.8660198498132683
dpo,ordinary,251,9,-0.5464547073707062,1.4427518815187397,1.5427720955583384,0.307623927938553,0.8850249698448402
dpo,ordinary,251,10,-0.4864182758722248,1.145054932932337,1.244087432030075,0.31393261218130547,0.9243454520899892
dpo,ordinary,251,11,-0.5040025497854423,1.2054420869164462,1.3065638886406223,0.3130280461004225,0.9753612661237838
dpo,ordinary,251,12,-0.22381101981036383,1.0191189907941534,1.0434054293446287,0.28440618411274765,1.015004717607822
dpo,ordinary,251,13,-0.6160224046255347,0.9945718188629672,1.1698960235324405,0.33825953824515975,1.096515745560866
dpo,ordinary,251,14,-0.5973946301326449,1.051630198631496,1.2094653441852063,0.3322205666140895,1.0270734192105588
dpo,ordinary,251,15,-0.6359658205300827,1.1181644594433666,1.2863686420481406,0.3323039811683389,1.0337732430901516
dpo,ordinary,251,16,-0.4207671398373738,0.707493924990073,0.8231601544443117,0.3353921552779389,1.144196200321943
dpo,ordinary,251,17,-0.8602969668185252,0.6157415115048307,1.057945405069377,0.4011319819334746,0.964018905408444
dpo,ordinary,251,18,-1.2158597553446289,0.5055949591306309,1.3167920137079374,0.4372800908910457,0.9947656111568464
dpo,ordinary,251,19,-1.9866370190463838,0.5932574513773324,2.0733260836299316,0.4538142044110575,0.552864548820509
dpo,ordinary,251,20,-1.977946476393655,0.011530552412966862,1.9779800851163856,0.49907220764208066,0.5527754802665386
dpo,ordinary,251,21,-1.8611988113438374,-0.770923028851327,2.014542958529556,0.5624992145567645,0.7291853777887336
dpo,ordinary,251,22,-1.4984024887636944,-1.5807638750116297,2.178078154446028,0.629256053564383,0.7061146179058353
dpo,ordinary,251,23,-0.8844605798539937,-1.6180646258698292,1.8440183434030513,0.6703840626396947,0.49608507892913384
dpo,ordinary,251,24,0.0625154981125137,-1.701566138656191,1.7027141603115878,0.7558447198588181,0.5252920811869366
dpo,ordinary,251,25,1.0298926796525896,-1.6427066168200446,1.9388563537679495,0.839126665895593,0.6338590167846292
dpo,ordinary,251,26,1.7499955760335453,-1.2793304075295258,2.1677570915041753,0.8995316987745375,0.9102845028739004
dpo,ordinary,251,27,1.9036295221107697,-0.6500705343408548,2.0115658222066415,0.9476263185595617,1.1807045769846845
dpo,ordinary,251,28,2.1401267084501323,-0.0788256557489009,2.1415778790942537,0.9941406159787695,1.2821998146712152
dpo,ordinary,251,29,1.9294410505417665,0.3798673096887497,1.966479580490447,1.0309386461185865,1.2784456228307417
dpo,ordinary,251,30,1.8804266977032387,0.8432032706654681,2.0608241849066236,1.0670888054962144,1.141683318324125
dpo,ordinary,251,31,1.5704120089387614,1.2292738509960193,1.9943189510611536,1.1057023026065045,0.9861822279097642
dpo,ordinary,251,32,1.1796493127746512,1.4860003758901719,1.8973058842146249,1.1432110618536253,0.9888765958509339
dpo,ordinary,251,33,0.43935412402557583,1.6521262379405284,1.7095476455453955,1.2086329442330097,0.8879197444653918
dpo,ordinary,251,34,-0.14649678456545365,1.5441229789586097,1.5510567629961285,1.2650545701450822,0.8542942637201973
dpo,ordinary,251,35,-0.3176389692983843,1.3869472450108178,1.4228552896412332,1.285831768208561,0.8455158585383884
dpo,ordinary,251,36,-1.0314233117636302,1.2936489667292679,1.654497415280289,1.357125761205567,0.6648227193008014
dpo,ordinary,251,37,-1.0682078754689912,1.0706020661565239,1.5123679609382745,1.374821841522217,0.8154029811376727
dpo,ordinary,251,38,-1.1943983710428037,0.7905064211144249,1.4323015990261407,1.406948949109302,0.5431946851479641
dpo,ordinary,251,39,-1.077457420476658,0.0876367837072788,1.0810155867510747,1.487083303166474,0.4679699733792577
dpo,ordinary,251,40,-0.9698768740477102,-0.49969341034416703,1.0910337552770502,1.5757170092888084,0.6217474305556927
dpo,ordinary,251,41,-0.8340245288094562,-1.0130980195690589,1.312236454268279,1.6403815683371947,0.7919161559904467
dpo,ordinary,251,42,-0.5088982711490864,-1.3380675283547718,1.4315733166051878,1.6921583995149052,0.8002516437416215
dpo,ordinary,251,43,0.198502791910262,-1.3261539573531038,1.3409279164069432,1.7736472373821213,0.8976797958796432
dpo,ordinary,251,44,0.4082932190535182,-1.1810561422677164,1.2496387333599197,1.8029732198414514,1.0578661509026075
dpo,ordinary,251,45,0.7803718912252644,-1.0640793516172489,1.3195624862630342,1.8507096793880726,1.1504079725339245
dpo,ordinary,251,46,0.9478158457064916,-0.5132382890104761,1.077853616535526,1.921012893186929,1.2451344086991358
dpo,ordinary,251,47,0.9890993757957316,-0.04660031847720697,0.9901965284132656,1.9925071323742434,1.2030888772564685
dpo,ordinary,251,48,1.0928471611715223,0.46036108584035285,1.1858529618113554,2.063453400561646,1.2312605415566895
dpo,ordinary,251,49,0.9694369078393743,1.2116512525661958,1.5517431089347227,2.142602360842307,1.0488352666041492
dpo,ordinary,251,50,0.929612772468377,1.4372390102820092,1.7116763360556082,2.1586250731609087,0.9715555770468753
dpo,ordinary,251,51,0.24367519981434382,1.5217184255017304,1.5411049832882984,2.2247288098609697,0.8858974802658117
dpo,ordinary,251,52,-0.35509991052281614,1.427795479122551,1.4712905480074652,2.288795528137291,0.8331871956171675
dpo,ordinary,251,53,-0.5067029588134727,1.1273097765266238,1.2359511401033758,2.317230427265211,0.860705302547393
dpo,ordinary,251,54,-0.7088776109572562,1.0432470163634362,1.261297666876332,2.3449882768809935,0.6711208812104054
dpo,ordinary,251,55,-1.0420574866323453,0.47180827418367116,1.1438911019125442,2.432334987777729,0.6847520817162537
dpo,ordinary,251,56,-0.8840527136057936,0.13386527513771734,0.8941303665134431,2.4760820938049326,0.6673789104138312
dpo,ordinary,251,57,-0.7319821840404498,-0.27189471242848146,0.7808486744556806,2.556604192562944,0.7922309056486266
dpo,ordinary,251,58,-0.5240339082388643,-0.6631948131746452,0.8452448741080013,2.64357059214547,0.7832332285821835
dpo,ordinary,251,59,-0.22426724964656822,-0.8379056981003733,0.8673994225113999,2.7083774476206464,0.8969967479347004
dpo,ordinary,251,60,0.005000164873355473,-0.7943413744792163,0.7943571116684808,2.7510018242418752,0.8911211995720696
dpo,ordinary,251,61,0.21087639350293536,-0.5161560379135388,0.5575714383031176,2.81172930610641,0.9968302013458634
dpo,ordinary,251,62,0.39656248829851287,-0.26347254722296487,0.4761088008697861,2.906667485273327,1.0748954419447942
dpo,ordinary,251,63,0.42652184857098135,-0.4446139122934193,0.6161188345711138,2.871695087474289,1.080804252528171
dpo,ordinary,251,64,0.4156587804202657,-0.25787664499238777,0.48915497112161976,2.9116231738740765,0.9524268404412402
dpo,ordinary,251,65,0.46093108442335284,-0.12110195852228092,0.476574389729054,2.9591088606283584,0.9771194421405212
dpo,ordinary,251,66,0.4232470998910691,0.15273204280747305,0.4499613144108551,3.0551177138807173,0.8663449455750961
dpo,ordinary,251,67,0.4787463267111291,0.29425726901000165,0.5619478496307497,3.0877127826791657,0.9295740717457777
dpo,ordinary,251,68,0.4786354308502737,0.5224393421291899,0.7085441001586337,3.131959684598978,1.014168629142367
dpo,ordinary,251,69,0.3180564173237413,1.0085052563746049,1.0574699696615604,3.201377989728105,0.838497879665336
dpo,ordinary,251,70,0.2458609810593324,0.9355030669420998,0.9672712185656783,3.2090972203218127,0.8254811725184227
dpo,ordinary,251,71,0.00937251364354702,0.9019890649422373,0.9020377582381848,3.2483462901596223,0.8897001566630292
dpo,ordinary,251,72,-0.4183774233261741,0.8252177545352741,0.9252156563468262,3.324679354613559,0.7211725389566069
dpo,ordinary,251,73,-0.4312627678732037,0.5116706141698295,0.6691744110159826,3.36146095071791,0.7947334580245188
dpo,ordinary,251,74,-0.281289291234772,0.448115978580741,0.5290856222037559,3.339214234074677,0.903925479425689
dpo,ordinary,251,75,-0.43618336807511443,0.47916685800488973,0.6479635857018733,3.3675318059173893,0.8771857504878797
dpo,ordinary,251,76,-0.45286083552803746,0.5337916513071344,0.7000117594443321,3.361974372474883,0.9137525899131383
dpo,ordinary,251,77,-0.28757998486547287,0.43706879396377346,0.5231934425737511,3.3426219009059577,0.8843027803200004
dpo,ordinary,251,78,-0.34758736209969066,0.271789978630677,0.441233233987973,3.3943804995159965,0.9804166630792467
dpo,ordinary,251,79,-0.2128821420017053,0.23300854887106026,0.31561335559546827,3.367821010950767,0.9447027595055686
dpo,ordinary,251,80,-0.3218365475074615,0.3007207542073254,0.4404676325481194,3.3803961218174727,0.9025583679467335
dpo,ordinary,251,81,-0.2925985962439771,0.14002959473237864,0.3243797557260011,3.428959757674083,0.8624057375433279
dpo,ordinary,251,82,-0.04125586639595838,0.10162801032375554,0.10968271967108825,3.311374114471322,0.8775202249577426
dpo,ordinary,251,83,0.05601419042675972,0.07374058330608109,0.09260271678242699,3.1466091128519422,1.0336324816451394
dpo,ordinary,251,84,0.08171647959154453,0.11445626251118077,0.14063363418778468,3.1513192167419324,0.9691152530765714
dpo,ordinary,251,85,-0.026560440452973497,0.11228678689447599,0.11538535222523444,3.2869672223332214,0.9942667699466092
dpo,ordinary,251,86,-0.12918414701618902,0.034111370694860456,0.13361186119122256,3.4589125591109684,0.9778380619269005
dpo,ordinary,251,87,0.006255026304717613,-0.10432403175370451,0.10451138194197156,3.7595311499009036,1.0385384136136058
dpo,ordinary,251,88,0.10836227178955883,0.37897010460367053,0.3941582450370805,4.205674194044056,1.1558071298567252
dpo,ordinary,251,89,0.041402624190967734,0.3113363699458248,0.3140772397690447,4.228958464018787,1.1320851128693543
dpo,ordinary,251,90,-0.0077870976705558155,0.3795946752532716,0.37967454006131024,4.253264485402314,1.0647218736649056
dpo,ordinary,251,91,-0.49140392490841467,0.4369017056067604,0.6575415711401761,4.384333511511918,0.9016745217485777
dpo,ordinary,251,92,-0.5933180553302426,0.5793088829633006,0.8292316302825454,4.37690130628185,0.8981112834439093
dpo,ordinary,251,93,-0.5617528765375044,0.2884668093938792,0.631489821311512,4.424497111834564,0.8139183580112639
dpo,ordinary,251,94,-0.615788045627297,0.30460304587854886,0.6870065012035733,4.426890106491868,0.7503397147089504
dpo,ordinary,251,95,-0.6981614661926749,0.1519586020892158,0.7145074174738946,4.465891053334236,0.6592543073293371
dpo,ordinary,251,96,-0.7735170157790041,0.033789866546252136,0.7742546924500164,4.49305198546293,0.7942023738866307
dpo,ordinary,251,97,-0.6152189295451183,-0.2528872893359873,0.6651663794708392,4.562070101261408,0.938377380919369
dpo,ordinary,251,98,-0.4135469262933426,-0.4053718058939523,0.5790918418182003,4.623411237218187,0.9604895920638197
dpo,ordinary,251,99,-0.2905118898914178,-0.6236079523458978,0.6879564204201649,4.68061453008358,0.9461549971717467
dpo,ordinary,251,100,0.05244084670105369,-0.4696115678298347,0.4725304932407208,4.767699276873484,1.0456803046353935
dpo,ordinary,612,0,2.367405643698792,-4.440892098500626e-16,2.367405643698792,0.0,1.3862943611198906
dpo,ordinary,612,1,2.587203391651104,1.1231804019704468,2.8204885401542534,0.06518630545695289,1.1158319166065815
dpo,ordinary,612,2,1.7344005473231503,2.2119332201419266,2.810835076791642,0.14416562581072584,0.5196737304085706
dpo,ordinary,612,3,1.2838494758237102,2.6213311085548634,2.9188433081017355,0.17751603082209422,0.29073369520566006
dpo,ordinary,612,4,0.6884172594563371,2.772618510279855,2.856804460697976,0.21126647755178368,0.16920593580886337
dpo,ordinary,612,5,0.3031254589056379,2.415403011493415,2.4343493487517796,0.23013043379149092,0.23114025744260283
dpo,ordinary,612,6,0.16651126483645196,2.0174650365618336,2.024324868954308,0.23689386931820786,0.44026738315853975
dpo,ordinary,612,7,-0.39810885503887194,1.9293177317919166,1.9699638500914343,0.2823865816125225,0.38789638558330236
dpo,ordinary,612,8,-0.8763654222900217,1.5421196604870149,1.7737388197381694,0.3322471512681944,0.5258342882617754
dpo,ordinary,612,9,-1.158276385959983,1.2382119315454267,1.69551554805433,0.36969330930900707,0.46441766059365963
dpo,ordinary,612,10,-2.1486230897715157,0.15190588428640367,2.153986206915014,0.4887665679114402,0.7011651715158449
dpo,ordinary,612,11,-2.532317640030354,-0.5153648544957108,2.5842278466223303,0.5319540406680066,0.520802385149667
dpo,ordinary,612,12,-2.305797405788913,-0.42697192816646923,2.3449960989274743,0.5291411503769182,0.693069158839912
dpo,ordinary,612,13,-2.5440233301240487,-1.5979258382906791,3.0042339604119426,0.5892592502584042,0.5156940937630591
dpo,ordinary,612,14,-2.087553683074376,-1.4700906522955437,2.553242429869152,0.5976495977016092,0.6624938918036043
dpo,ordinary,612,15,-1.4100459065516564,-1.5384227249274638,2.0868574314399932,0.6319252589288258,0.47721626945297396
dpo,ordinary,612,16,-0.994922635751267,-1.163504212400243,1.5308863783453552,0.6374054389762915,0.5937414687094493
dpo,ordinary,612,17,-0.522101868912403,-1.1925317693551212,1.3018150338827248,0.6843214848372806,0.7237739923184123
dpo,ordinary,612,18,0.03993731208349394,-1.2863024449515614,1.286922285448822,0.7549398797288578,0.9382795811430963
dpo,ordinary,612,19,0.1905443235442556,-0.6570860678537104,0.6841558592911332,0.7949202875620722,1.0366442152967161
dpo,ordinary,612,20,0.7241254815150187,-0.4737141254840352,0.865310802927169,0.907799372383149,1.1251246878296297
dpo,ordinary,612,21,1.1943246432150243,0.01714249004974333,1.1944476624598503,1.0022842404763532,1.1127449714647506
dpo,ordinary,612,22,1.459880221974347,0.2344617558813049,1.4785880350803644,1.0253444004296632,1.090725876335318
dpo,ordinary,612,23,1.5660049331581822,0.29537444851183503,1.593617744476207,1.029670676933816,1.1478473090386108
dpo,ordinary,612,24,1.5130511018177364,0.5713959082855209,1.6173487319428983,1.0574688440238693,0.8330056505066408
dpo,ordinary,612,25,1.5750418876943773,0.8354146359665906,1.7828837769128583,1.0776161990997397,0.7455403216751398
dpo,ordinary,612,26,1.3485067722394841,0.7676286027194863,1.5516843063229142,1.0823622522747356,0.6780596698890985
dpo,ordinary,612,27,1.278188443732116,0.7759775451849881,1.4952949034627412,1.0868377454798281,0.646615374861592
dpo,ordinary,612,28,1.319151564326058,0.9057459971912771,1.6001676978029231,1.0957610570124727,0.6188480248337938
dpo,ordinary,612,29,1.1840789332800823,0.9348085045340946,1.5086118985302244,1.1063623383585168,0.5751023846751814
dpo,ordinary,612,30,1.231888797182457,1.0610330576758964,1.6258355261540764,1.113162538330405,0.4890118210168213
dpo,ordinary,612,31,1.2881627959500475,1.2726882036587912,1.8108281676078724,1.1240382775571338,0.41512044024049966
dpo,ordinary,612,32,0.9617374760971703,1.3159623839542922,1.629937412575225,1.1495548678957244,0.3261017875691424
dpo,ordinary,612,33,0.8880518313689262,1.2817752710221701,1.5593536804078993,1.1535684372681299,0.3029510554175182
dpo,ordinary,612,34,1.3934783802843107,1.3246661650868834,1.922634246352066,1.1209717133276222,0.43019781589455774
dpo,ordinary,612,35,0.8845248508184369,1.0590533240414868,1.3798471490997473,1.1392534875882139,0.41020973330828847
dpo,ordinary,612,36,1.178237577691358,1.0301385855345984,1.56506526857228,1.1143426460671342,0.5347494917371884
dpo,ordinary,612,37,0.895515219316232,1.00758441058449,1.348025909424553,1.1343614600307845,0.5173059398139452
dpo,ordinary,612,38,0.6461388492413748,0.9683733911634258,1.1641488037241292,1.1563531657249162,0.5842347727252599
dpo,ordinary,612,39,0.5037801561228243,1.1309057793594266,1.2380397115972044,1.1833018050888318,0.40134652205526133
dpo,ordinary,612,40,0.3861701021809951,1.1081350921577782,1.1734950917196065,1.1966312350472803,0.4753760574086964
dpo,ordinary,612,41,-0.027676853644815647,1.085874618274225,1.0862272758681168,1.2540556750229526,0.3727826806586758
dpo,ordinary,612,42,-0.512632106855277,0.702812273696857,0.8699061840439036,1.3502973769751256,0.5005164167142124
dpo,ordinary,612,43,-0.9214726330773811,0.23225412188389422,0.9502914240603357,1.4607040040004717,0.6759710949863142
dpo,ordinary,612,44,-1.2272781052841897,-0.28496300847437855,1.2599267692642773,1.5363109407061912,0.7667434216400876
dpo,ordinary,612,45,-0.7969395894694818,-0.3695531186509182,0.8784544477480924,1.569105218253381,0.8185362737054545
dpo,ordinary,612,46,-0.7429694524095406,-0.40037196329688246,0.8439794524796991,1.5786649289679568,0.8428260574528168
dpo,ordinary,612,47,-0.7558669663806198,-0.6056660090117312,0.9685897920882913,1.6075131288976232,0.8927161507548027
dpo,ordinary,612,48,-0.5458611920492387,-0.761594375276052,0.937011437196759,1.6510264269522013,0.9768938540116037
dpo,ordinary,612,49,0.15789885064511527,-0.47856732101951505,0.5039431791212616,1.8007217427770548,1.0197480565693582
dpo,ordinary,612,50,0.9046554561473246,-0.028034604902465912,0.9050897377659086,1.995069483689091,0.9626014767449409
dpo,ordinary,612,51,1.2106699425461447,0.33754798350283544,1.2568453965987685,2.0432751388277195,0.8942129530651939
dpo,ordinary,612,52,1.2372653918812337,0.33658533554409503,1.2822306103234138,2.0422734608654625,0.9069038059566692
dpo,ordinary,612,53,1.5244443351297852,0.7920546124273085,1.7179292884099353,2.0762639094891795,0.755865762755444
dpo,ordinary,612,54,1.4582568343702638,1.065786358849123,1.8062152578517474,2.10044916015896,0.632877467212943
dpo,ordinary,612,55,1.159378492265782,1.1884701188508475,1.6603071136780163,2.126971949647958,0.5094289407395548
dpo,ordinary,612,56,0.8353230566095631,1.2066772350132802,1.4675948209239629,2.1536307146920346,0.44585055964817094
dpo,ordinary,612,57,0.7025144727886582,1.1534010471044043,1.3505038170768207,2.162931130205481,0.4156364943306533
dpo,ordinary,612,58,0.5641646844726734,1.3198227050007802,1.4353444756718603,2.1857096579944426,0.3092881836485787
dpo,ordinary,612,59,0.04532668855278538,0.8859737896464349,0.8871324955358283,2.241864677490827,0.41515407800985377
dpo,ordinary,612,60,-0.009075657150883876,0.6480058821463838,0.64806943366358,2.252228901471565,0.4780538376646251
dpo,ordinary,612,61,0.01624563331405604,0.5172678200952783,0.5175228674250983,2.2450031238508896,0.5306973481812938
dpo,ordinary,612,62,-0.005666778385873539,0.32451696734059604,0.324566440762461,2.2527789121305815,0.6070839056714414
dpo,ordinary,612,63,0.07157063863199228,0.18011861639214727,0.19381711040362956,2.1898040613883345,0.7429298936101715
dpo,ordinary,612,64,-0.04371123754941095,-0.025724304694503236,0.05071895247455999,2.584658461990192,0.8116394782639422
dpo,ordinary,612,65,0.4030686170258159,-0.049644634694960506,0.4061143924870183,2.9804956410296093,0.9479527388587563
dpo,ordinary,612,66,0.42945072798137984,0.04982240900419894,0.4323311233333991,3.018382067122558,0.9344911677325968
dpo,ordinary,612,67,0.270602519735123,0.21325942938888995,0.34453636660049775,3.1062259135216657,0.8152092629434573
dpo,ordinary,612,68,0.32250359102466014,0.49771956045437954,0.5930710978311976,3.1584952148590717,0.6342578943122538
dpo,ordinary,612,69,0.16999032235532574,0.4717113572036587,0.5014063364272386,3.1949510856701577,0.6536759851609959
dpo,ordinary,612,70,0.23773400080077142,0.3489728031163942,0.42225522193533005,3.154821582051541,0.7406812862722145
dpo,ordinary,612,71,0.03779094782874609,0.17521270715171314,0.17924187146207493,3.2161904183623755,0.7776268931276616
dpo,ordinary,612,72,0.20296234409635272,0.3317811528978531,0.38893758694591973,3.1626233054540354,0.6920496989403431
dpo,ordinary,612,73,-0.4366137747367427,0.03981196911100693,0.438425114671095,3.4855277173923205,0.7494532468956758
dpo,ordinary,612,74,-0.26424518728600377,0.07295961712176563,0.2741324948530725,3.45712462404157,0.6903498961031519
dpo,ordinary,612,75,-0.17525747341609701,0.0547110053918452,0.1835986821825812,3.451841500823806,0.7020390126397934
dpo,ordinary,612,76,0.021189671449224234,0.15122217593491827,0.152699537231183,3.227843028518432,0.7210058728144908
dpo,ordinary,612,77,-0.24104087276641903,-0.029865997399919797,0.24288408787874313,3.5196199836916935,0.7460663058155625
dpo,ordinary,612,78,0.08408434418755262,0.1816080125275345,0.20012907622744863,3.1809886289778104,0.6865414015020855
dpo,ordinary,612,79,0.015751608392321093,0.051676474224168684,0.05402380174688015,3.2029115293697514,0.7279340019163896
dpo,ordinary,612,80,-0.0310431851851265,0.09364923170593714,0.09866031596113181,3.300943090632112,0.6827564054107285
dpo,ordinary,612,81,-0.08752092271620543,0.03267866051943319,0.09342273152953924,3.443125881279346,0.7307566413789153
dpo,ordinary,612,82,-0.13233104248283412,-0.2520851711259639,0.2847076365435254,3.6730637870829432,0.8757915602761388
dpo,ordinary,612,83,0.15923984785190506,-0.1723598348542399,0.23465984278286456,3.8687061996546857,0.9251117787885642
dpo,ordinary,612,84,0.1607116581476645,0.05885121027851334,0.17114818729924533,4.05586747454232,0.7983889160443528
dpo,ordinary,612,85,0.10010503272194017,-0.13177578650874003,0.16548678341866987,3.8533959709754986,0.9054529526877262
dpo,ordinary,612,86,0.04285704281233668,-0.12013361241614151,0.12754924911880183,3.8045377639759006,0.8582152169060531
dpo,ordinary,612,87,0.09356563274026396,-0.085421780902594,0.1266941525195884,3.8822364918553696,0.8861177578471238
dpo,ordinary,612,88,0.17720395800797803,0.2638007442301139,0.317792503671901,4.155859432117248,0.7189392922185556
dpo,ordinary,612,89,0.258557137879347,0.23386550582416238,0.34863285611478295,4.117026145234876,0.7732749436355629
dpo,ordinary,612,90,0.28108335003234763,0.2653308735675688,0.38653372703237227,4.12041302150169,0.7877262703030499
dpo,ordinary,612,91,0.15969123313984251,0.2558452950835207,0.3015926142300195,4.161191062199765,0.7411116626585764
dpo,ordinary,612,92,-0.0379994249581487,0.02133587500696904,0.04357953486974111,4.418574191579775,0.7816855743352591
dpo,ordinary,612,93,-0.10847914832458444,0.006725875841665063,0.10868745570241621,4.490144761659373,0.7373256563194845
dpo,ordinary,612,94,0.09333089562245372,-0.00526360283002944,0.0934792040640144,3.991033602304151,0.8217214365081329
dpo,ordinary,612,95,0.3480611677244734,0.09722397073029831,0.3613849429103126,4.043351804890762,0.8013122661456439
dpo,ordinary,612,96,0.5171427980621485,0.37677318582343927,0.6398395948541259,4.100210684567038,0.6169670476285558
dpo,ordinary,612,97,0.578678219337865,0.36919916087389,0.6864229759601777,4.090383467940213,0.6356832332670632
dpo,ordinary,612,98,0.738777859680594,0.3226958244225664,0.8061794595832861,4.065543202094609,0.7665820519804156
dpo,ordinary,612,99,0.7200250556702679,0.3785686502598584,0.8134803647000605,4.0770392060447875,0.7066673480050306
dpo,ordinary,612,100,0.8661651299175086,0.7133656994308066,1.1221108026435798,4.109651550832402,0.5508992526564445
dpo,ordinary,737,0,2.3991037784120137,2.7755575615628914e-16,2.3991037784120137,0.0,1.3862943611198906
dpo,ordinary,737,1,2.149747920300284,0.416151824368874,2.1896571562144014,0.030433059898105963,1.3032789053516483
dpo,ordinary,737,2,2.098270111452009,1.0497605331615487,2.346217090892581,0.07382975854575355,1.0151199127342534
dpo,ordinary,737,3,1.221945292284836,1.2681919069626375,1.7610965363155435,0.12795547219938044,0.898432147178211
dpo,ordinary,737,4,0.9793574421039735,1.2170477984338852,1.5621607929650534,0.1421566466639537,0.8924760422786351
dpo,ordinary,737,5,0.6797520456302303,1.5189740552834947,1.664134917656278,0.18303092641260071,0.7680560292388071
dpo,ordinary,737,6,0.4858806677585292,1.6855867273364182,1.7542185264881256,0.2053334734287243,0.6475907584894578
dpo,ordinary,737,7,-0.5808092977742292,1.5130436397745735,1.6206913636603615,0.30833390734013316,0.7790830465461995
dpo,ordinary,737,8,-0.38878864255257783,1.7324296961736345,1.7755194340705336,0.28513513221734915,0.6960304755466478
dpo,ordinary,737,9,-1.0290500413791452,1.5718931709455413,1.878774102580629,0.34225284224277136,0.7921922159721154
dpo,ordinary,737,10,-1.8000286048231862,1.268628324832977,2.202162756189976,0.4022902660035282,0.5735583499822583
dpo,ordinary,737,11,-1.6173952911752907,1.3269004304105458,2.092040219532047,0.39065214462283776,0.7825948622638017
dpo,ordinary,737,12,-1.2377506660296143,1.4895467769499453,1.936692105622038,0.3603476517363619,0.8590131826871092
dpo,ordinary,737,13,-1.3052603750248168,1.3463396827565652,1.8751893738966672,0.3725345256613597,0.8841633103560225
dpo,ordinary,737,14,-1.6246185143934893,1.574544862197757,2.2624272011234883,0.3774909070321736,0.831373935482967
dpo,ordinary,737,15,-2.117786582700373,1.2354934415054988,2.4518287162583006,0.41594772856981743,0.7590566378027443
dpo,ordinary,737,16,-1.870363178388125,1.2704606692016378,2.2610459374056076,0.4050370753267084,0.9178223570239623
dpo,ordinary,737,17,-2.1613307028125943,1.1513567746891302,2.448871746242122,0.42209845375169086,0.8880337270776568
dpo,ordinary,737,18,-1.6293880923516086,0.5549065440831199,1.7212863876076767,0.4477587320139976,0.8597368768116782
dpo,ordinary,737,19,-1.2009801358991024,0.6491875527232944,1.3652097880674188,0.4211295682622433,1.0898926258641313
dpo,ordinary,737,20,-1.1701698885780218,0.2956202091243397,1.206933666850593,0.46061669964433855,0.9095712709732862
dpo,ordinary,737,21,-0.7334420435433576,0.3728117631221089,0.8227550315612004,0.42515436760248176,1.0719915895160734
dpo,ordinary,737,22,-1.047727418206256,0.47905054536798336,1.1520512870000663,0.43174661993126234,1.0772966958967811
dpo,ordinary,737,23,-0.1838237904900858,0.44575997485505436,0.4821754256833519,0.3122511485070893,1.1073683500978002
dpo,ordinary,737,24,-0.48803070679629557,0.44278324254475016,0.658962040374508,0.38273053882071795,1.0462091088795646
dpo,ordinary,737,25,-0.2051919519391619,0.33326811838184484,0.39137114848999616,0.3378345943428774,1.0634424856089837
dpo,ordinary,737,26,-0.07408471659342031,0.4741738958915005,0.4799264826800569,0.2746668742620863,1.0584809238727169
dpo,ordinary,737,27,-0.3706191695699833,0.6974188733087164,0.7897794968850125,0.32774129799971813,1.0926722878623183
dpo,ordinary,737,28,-0.7054260925157099,0.5846622306354191,0.9162182578040927,0.38985504421095535,1.0492482040865616
dpo,ordinary,737,29,-1.0165691067577707,0.589160643169613,1.1749566001662886,0.4164034036408811,0.965088132718658
dpo,ordinary,737,30,-1.2130859653138892,0.3543299186695098,1.2637749999528682,0.4547707220531752,0.6726016803741288
dpo,ordinary,737,31,-1.2615356674037004,0.19498317221511263,1.2765150518418371,0.4755941044350178,0.6019353282638231
dpo,ordinary,737,32,-1.0346729788193096,0.18476474253490088,1.05104052404406,0.4718756570721795,0.6286575437769324
dpo,ordinary,737,33,-0.8649221840335379,0.22047366353651193,0.892579980027872,0.46027643639755195,1.0005717296850944
dpo,ordinary,737,34,-0.6439315614340584,0.141653349128816,0.6593280876242985,0.46553768193272177,1.002360661543724
dpo,ordinary,737,35,0.06837000058743037,-0.011288210223963757,0.06929560354297831,-0.026042295373098313,1.0442122235086106
dpo,ordinary,737,36,-0.09110115148082007,0.15965205986687475,0.18381566859456644,0.33252799622706253,0.9175862201716027
dpo,ordinary,737,37,-0.023986076021207003,0.19611100619816882,0.19757241354742147,0.26936982441627266,0.9868179084481343
dpo,ordinary,737,38,-0.12716942584203358,0.17495619945991098,0.21629085648369104,0.35003351948605677,0.9011471065721011
dpo,ordinary,737,39,-0.059620772165052904,0.14547064814403082,0.15721433123287956,0.31190595954491884,0.8968632544893521
dpo,ordinary,737,40,0.18510216682477557,0.21172867226760564,0.2812327200441481,0.13566297539028907,1.0224143211778784
dpo,ordinary,737,41,0.3961318629433016,0.45322599923739,0.6019420729801676,0.13568238126339346,1.0329377235198407
dpo,ordinary,737,42,0.4953045569109148,0.5712414926062114,0.7560710594723817,0.13631257159323484,1.070014420415318
dpo,ordinary,737,43,0.2923476855945082,0.5689379590026407,0.6396542585385919,0.17445478103038228,0.9940075697787673
dpo,ordinary,737,44,-0.05262909021003853,0.6125438756739368,0.6148006349720077,0.26364091595702566,0.988717929586013
dpo,ordinary,737,45,-0.24899054724606623,0.48522269340598556,0.545378175960548,0.3254569135308015,0.8195870092160542
dpo,ordinary,737,46,-0.36891642366285693,0.3451588342973636,0.5052068373861418,0.38029320057857463,0.669312423588617
dpo,ordinary,737,47,-0.5667289253494774,0.18828479674096993,0.5971874408521682,0.4489497891928889,0.7482526828419801
dpo,ordinary,737,48,-0.5494339486901595,0.12254843278311515,0.5629349716893227,0.46507300848199423,0.7869952332059081
dpo,ordinary,737,49,-0.46243814052920545,0.0005982327966918347,0.46243852748077574,0.49979410942728225,0.8161800240689085
dpo,ordinary,737,50,-0.5622204095087203,-0.05016010551946289,0.5644535632395962,0.5141619683069164,0.7558639741392804
dpo,ordinary,737,51,-0.41560570192250185,-0.20214605458719667,0.4621592007692429,0.5720493892436069,0.6610042507267713
dpo,ordinary,737,52,-0.03804498348940841,-0.2923054159354909,0.2947708889187155,0.7294010004795476,0.7685157367268538
dpo,ordinary,737,53,0.07822472864539932,-0.47720396360048295,0.4835728808025295,0.7758591815538032,0.7710410837497897
dpo,ordinary,737,54,0.25193658552278014,-0.4247828264340716,0.4938749768496028,0.8351999144433234,0.7304025948474284
dpo,ordinary,737,55,0.49989867285624157,-0.009783167045902263,0.49999439344944624,0.9968856875515749,0.8035747545220698
dpo,ordinary,737,56,0.05447120120948343,0.24703933728892147,0.25297340953023806,1.2154596503561448,0.6275011016437538
dpo,ordinary,737,57,0.2314846821304505,-0.10126133507874235,0.25266383999885117,0.9343704649935336,0.6309562887417794
dpo,ordinary,737,58,0.4217258910711624,0.04111377686108352,0.4237252291846084,1.0154670327705173,0.6527925868029354
dpo,ordinary,737,59,0.40055931558073304,0.19718496379970424,0.4464635206231255,1.0728050758558703,0.5980196830087762
dpo,ordinary,737,60,0.3579007547851235,0.5573150369115506,0.6623390375355239,1.1591442498330697,0.5801075132878845
dpo,ordinary,737,61,0.21635522709735533,0.694752214655619,0.7276607891464508,1.2019519603108335,0.5325417858518944
dpo,ordinary,737,62,0.30208381693625047,0.7587732354332393,0.8166954482942831,1.1896984530401806,0.6528617109869455
dpo,ordinary,737,63,0.1367445062921999,0.7128281298215496,0.725825738497875,1.2198351685942856,0.6668916162755482
dpo,ordinary,737,64,0.09136116305753468,0.782669958713055,0.7879842170926527,1.2315055217817223,0.75759377856884
dpo,ordinary,737,65,-0.14929386663012878,0.9973518762485567,1.0084638930918106,1.2736483578393951,0.6846773462393606
dpo,ordinary,737,66,-0.22515433847993857,0.8813308966739105,0.9096365348689429,1.2898079963352913,0.7069833834738384
dpo,ordinary,737,67,-0.9513714866476805,0.6790164609734767,1.1688332044732312,1.40134346350407,0.4652976956632793
dpo,ordinary,737,68,-0.9621536741543931,0.41962187042286675,1.0496771917241905,1.434546251555501,0.5018206591258565
dpo,ordinary,737,69,-0.9389178305473229,0.43519642318347945,1.034873238262245,1.4309218745850418,0.6142021597199363
dpo,ordinary,737,70,-1.2184604608147864,0.26476715570429554,1.2468951605121916,1.4659455967778394,0.7166251778029753
dpo,ordinary,737,71,-0.9518023232548012,0.07150497536995251,0.9544844807831581,1.4880657649777485,0.9239933442288806
dpo,ordinary,737,72,-0.8972459091258781,-0.0626438529457522,0.8994300827496335,1.5110938663573037,0.9347107541298592
dpo,ordinary,737,73,-0.3785185113113788,-0.29431560214786673,0.47947673256691375,1.6051853134285872,0.9094528562180453
dpo,ordinary,737,74,-0.08773527205711135,-0.01867451606436471,0.08970069962477192,1.5333781240568607,1.016059554596911
dpo,ordinary,737,75,0.21732821253939516,-0.002355130860480781,0.21734097314344228,1.998275345653614,1.0711381558516604
dpo,ordinary,737,76,0.5365468406002455,0.10602699514333744,0.54692251357686,2.0310505538251817,1.0962040820492425
dpo,ordinary,737,77,0.725764794075189,0.18209614892452955,0.7482603449148871,2.039124713741687,1.1138030580726637
dpo,ordinary,737,78,0.5708041289818202,0.20366158203202944,0.6060490026874753,2.0545452265829867,1.1263139285272057
dpo,ordinary,737,79,0.7703728278157405,0.2773867037443476,0.8187903744249653,2.0550064777695862,1.1117034850842336
dpo,ordinary,737,80,0.5833619939503546,0.5120975228835004,0.7762442199006385,2.11466083824263,1.1361513219153738
dpo,ordinary,737,81,0.5588715485549471,0.45027855232502506,0.7176964417273678,2.1079392460820947,1.1462606771967154
dpo,ordinary,737,82,0.5627220711905024,0.3771165835819207,0.6774016880828011,2.0939683494224544,1.0587637910096461
dpo,ordinary,737,83,0.5154802983333583,0.42489079762595827,0.6680210534684301,2.1097151686286604,1.0196575046332454
dpo,ordinary,737,84,0.20267002776420698,0.44413555062262056,0.4881921010020571,2.1818655945184644,0.8446983866075181
dpo,ordinary,737,85,-0.02941142309222576,0.2524377594142102,0.25414534067414374,2.268459851761932,0.7172689976934038
dpo,ordinary,737,86,0.05098526637270581,0.15446491620559905,0.1626619430767335,2.1992587452303143,0.660948479536672
dpo,ordinary,737,87,-0.032948079306326164,0.2055325567803428,0.20815669056420164,2.27529823556472,0.6522050310538392
dpo,ordinary,737,88,-0.13090663098299507,0.26132001761801205,0.2922750376669143,2.323911926125611,0.6889145108595028
dpo,ordinary,737,89,-0.22341495353969057,0.04615562192121162,0.22813281855111492,2.4675760961993287,0.5556786611280663
dpo,ordinary,737,90,-0.23572294468084354,0.21352262991856658,0.31805222862974747,2.382858547992632,0.8213192226855172
dpo,ordinary,737,91,-0.5176965083698799,-0.03838972927490066,0.5191179500770179,2.5117805558214195,0.7325860227983014
dpo,ordinary,737,92,-0.3280253221970617,-0.17546529695185478,0.3720062935447312,2.578174846338957,0.7742823279528678
dpo,ordinary,737,93,-0.1060862174893876,-0.18155173024596802,0.21027438335781748,2.6658359785938566,0.8701756889184715
dpo,ordinary,737,94,0.18316355494973613,-0.03642945146507042,0.18675115206035794,2.9687533809215827,0.8452975656889519
dpo,ordinary,737,95,-0.07191408707898404,0.11140964673881752,0.13260371528306367,3.341227604926522,0.7388753947868059
dpo,ordinary,737,96,-0.0033313859657331246,0.21485466570323347,0.21488049121988922,3.2524675473461944,0.823123620730527
dpo,ordinary,737,97,0.03314747350349992,0.35128164829187336,0.35284210551792233,3.235026233786104,0.8803810142954378
dpo,ordinary,737,98,0.17220121833161783,0.4706648025071575,0.50117723004342,3.1941778918371355,0.8380244123656242
dpo,ordinary,737,99,-0.08799465091215122,0.38911916511477623,0.39894458668939453,3.2853956446660755,0.6897467764449361
dpo,ordinary,737,100,0.06146902231196846,0.6036425723511213,0.6067642012006543,3.2338488981140205,0.9456106226746246
dpo,ordinary,867,0,2.1208693612529137,5.551115123125783e-17,2.1208693612529137,0.0,1.3862943611198906
dpo,ordinary,867,1,2.1008408646463974,0.4551584663578835,2.149581719327154,0.033956957626092445,1.284163243087789
dpo,ordinary,867,2,2.1944017163477585,0.6962067868322133,2.302195209520953,0.04889558118275667,1.1936846318414098
dpo,ordinary,867,3,2.0731091786889633,1.1301241224574428,2.3611357857871353,0.07943428332462948,0.9991812108617197
dpo,ordinary,867,4,1.9517909637579351,1.6557208988881695,2.5594725357428976,0.11196729318958315,0.6495942682386505
dpo,ordinary,867,5,1.578370663208469,1.8610430590779,2.440232615596138,0.13805101045132023,0.5802756188748233
dpo,ordinary,867,6,1.245838631001809,2.5168266732789246,2.80829670758357,0.1768456044773025,0.3388578709800529
dpo,ordinary,867,7,0.6433550859056691,2.294806390131639,2.383283897220324,0.20649727241455373,0.5306734700050064
dpo,ordinary,867,8,0.1487432829283879,2.1663725767964017,2.1714729346026385,0.2390895344117888,0.5917978385739529
dpo,ordinary,867,9,-0.579504414302955,1.9465045483721521,2.0309370554081894,0.29605299978271143,0.7273144691145945
dpo,ordinary,867,10,-0.8183227320762637,1.6560886750488122,1.8472362581591157,0.32304263555161705,0.6947096670174292
dpo,ordinary,867,11,-0.6293505536865333,1.0841272590547295,1.2535605423157936,0.3337104038583739,0.5247268684551227
dpo,ordinary,867,12,-0.25807223721931744,0.8396467171016075,0.8784121408330435,0.2974589884304141,0.5975322905703176
dpo,ordinary,867,13,-0.45747989813669115,0.44144605840560924,0.6357377444206108,0.37783849215909104,0.3403850345707886
dpo,ordinary,867,14,-0.2762841929696914,-0.09343509051658068,0.29165574128543276,0.5519020858226362,0.3223250494854267
dpo,ordinary,867,15,-0.23713357422018594,-0.5749733820177165,0.6219539549286036,0.6877430829102483,0.253382970395417
dpo,ordinary,867,16,0.0424630589710675,-1.0494438496400913,1.050302577795844,0.7564362863783355,0.3362449272621316
dpo,ordinary,867,17,0.19151856626690472,-0.7129826196488936,0.7382571212974038,0.7917656723979157,0.4362948187446511
dpo,ordinary,867,18,0.4010937466729667,-0.561006926347429,0.6896411857117785,0.848786102628062,0.6170939647841271
dpo,ordinary,867,19,0.7130231593633937,-0.662692761844664,0.9734288481393306,0.88082006828499,0.7249827902226261
dpo,ordinary,867,20,0.8168823293934365,-0.07556160484389664,0.8203696095064907,0.9853199434622261,0.8311485215973539
dpo,ordinary,867,21,0.9619421585848457,0.5006889452990971,1.0844455433112328,1.0763802388777954,0.9424852388517093
dpo,ordinary,867,22,1.037010944213681,0.8813776946370631,1.3609622842028704,1.1121164411552016,0.9795052353944229
dpo,ordinary,867,23,0.13903131856481127,1.0089003472879694,1.018434886627346,1.228204955678519,0.6743743817134136
dpo,ordinary,867,24,0.24051268080227522,0.628473888934182,0.6729233081850796,1.1918291433390809,0.5776120331079272
dpo,ordinary,867,25,0.1828366754033442,0.5744955954079498,0.6028884134030796,1.2009611550793884,0.49930700184238047
dpo,ordinary,867,26,0.4327752870236988,0.10450167506613811,0.4452134871610175,1.0377090905457154,0.4777926417576343
dpo,ordinary,867,27,0.17955958111148396,0.5403194408251972,0.5693739907148775,1.1989368365658324,0.50070259786072
dpo,ordinary,867,28,0.27443321197305526,0.272782207939704,0.386941495322365,1.1245198149648088,0.42722869692305276
dpo,ordinary,867,29,0.3322641741876643,0.025227241254931282,0.33322049029125594,1.0120607394380752,0.3884462613059696
dpo,ordinary,867,30,0.45268726914901936,0.17027017602539612,0.48365038663616927,1.0572580207628344,0.39276392816258554
dpo,ordinary,867,31,0.3693132212511425,0.10092524298053451,0.38285527299695804,1.0424569270096888,0.33219924696680614
dpo,ordinary,867,32,0.5550385382518737,0.3457796103679754,0.6539352551216409,1.08867279791274,0.47337232695347586
dpo,ordinary,867,33,0.6808947944668624,0.6878944182563356,0.967892789414351,1.1258138689324781,0.582149041234542
dpo,ordinary,867,34,0.8237252126921858,1.158466089334794,1.421466463256674,1.1516259423546538,0.8130747564491422
dpo,ordinary,867,35,0.9929637638884228,1.5172693135015203,1.8133072563933665,1.1577711277580403,0.8989842202741922
dpo,ordinary,867,36,0.7659553682143639,1.4569114439964241,1.6459886335403862,1.1729648284300533,0.8600654418629372
dpo,ordinary,867,37,0.12784642744005004,1.58884206454535,1.5939773571409082,1.2372211045219512,0.650003554360929
dpo,ordinary,867,38,0.0806719860616435,1.4666988074311216,1.468915709309082,1.2412549043764631,0.6576148537111978
dpo,ordinary,867,39,0.2108397046335171,1.281619230688296,1.2988461161815932,1.2240497918071056,0.7134116867037884
dpo,ordinary,867,40,0.0017614355194418008,1.3009136037633071,1.3009147962535916,1.2497845045222618,0.7113760787027836
dpo,ordinary,867,41,-0.4269242829647831,1.1480273003746901,1.2248391836443644,1.306663835912993,0.5587312768115454
dpo,ordinary,867,42,-0.635362107363485,0.9865690973718877,1.1734579631851112,1.3410611438254245,0.5090298378737403
dpo,ordinary,867,43,-1.571621245344467,0.7867758648049824,1.757557851183773,1.4261300118735918,0.2528804563565032
dpo,ordinary,867,44,-1.286804270931469,0.009145039913303968,1.2868367664325127,1.4988689392497754,0.26267323172719204
dpo,ordinary,867,45,-1.0751973503910093,-0.45620013370655343,1.1679759861751113,1.5638645468328405,0.2976759782398823
dpo,ordinary,867,46,-0.5447367508078201,-0.7892525008034796,0.9589878193727007,1.6538522885922973,0.47085721233902694
dpo,ordinary,867,47,-0.33960454088119363,-0.9448047598268319,1.003985696301777,1.6950814520060267,0.47814515463380536
dpo,ordinary,867,48,-0.14906022843602307,-1.10492106311838,1.1149302702070878,1.7286579293320077,0.5398968518049094
dpo,ordinary,867,49,0.04277025584094227,-0.9508064525154453,0.9517679364896179,1.7571544653856543,0.6159231405795621
dpo,ordinary,867,50,0.14918576044121085,-0.5958185418324927,0.6142117923890914,1.7890476662966122,0.7823654792517373
dpo,ordinary,867,51,0.36795248194577795,-0.4840816237968666,0.6080493791361595,1.8534406073670935,0.8630078425063494
dpo,ordinary,867,52,0.5854449361424732,-0.5065894319854347,0.7741954700553276,1.8864726223702193,1.0089455060708388
dpo,ordinary,867,53,0.7683090130164769,-0.25504386981541727,0.8095345051403161,1.9489893498296726,1.0141074499325171
dpo,ordinary,867,54,0.6923804219486247,-0.2475159389374016,0.7352923151548771,1.9453576897186164,0.9792189536541074
dpo,ordinary,867,55,0.6780705270002911,-0.12327908593764002,0.6891860217793687,1.9713768952372903,0.9070813970028251
dpo,ordinary,867,56,0.7805147572251196,0.34398786269449255,0.8529542402305721,2.066066694905251,0.9727121149059288
dpo,ordinary,867,57,0.8948597454323328,0.389484160420429,0.9759466559262479,2.0653358142600218,1.051536516048541
dpo,ordinary,867,58,0.7246975524237269,0.5118777204042824,0.8872459315968855,2.097874496203355,0.9627919951714359
dpo,ordinary,867,59,0.36739596169636635,0.6569099180651459,0.7526688734916269,2.168840635615141,0.7957576424141438
dpo,ordinary,867,60,0.21229213610580427,0.7380229367885422,0.7679490909418084,2.20542258438436,0.758332939027411
dpo,ordinary,867,61,-0.18930888800014414,0.7232175943432597,0.7475838038932512,2.290746084139868,0.6140223032408714
dpo,ordinary,867,62,-0.244106810913992,0.6881807833431517,0.730192389509363,2.3042507442412385,0.5637137499149706
dpo,ordinary,867,63,-0.19162348016673536,0.211437518490547,0.2853513314786732,2.3671824101560914,0.5257319534517707
dpo,ordinary,867,64,-0.1151781624326646,0.33381886411112477,0.35313034865019294,2.3028779680823837,0.5401088923280514
dpo,ordinary,867,65,0.1113646854931723,0.11938294521771067,0.1632616941718053,2.130528257824642,0.5758969837042919
dpo,ordinary,867,66,0.0706646191384673,-0.09798817953826947,0.12081047854887741,1.8494373017829768,0.555392762672166
dpo,ordinary,867,67,0.17907829745896894,-0.1777638316709701,0.2523272012113398,1.875586261442778,0.5599125576814685
dpo,ordinary,867,68,0.263848322995586,-0.0022225524925475887,0.26385768377510865,1.9986593742751029,0.6941692326652515
dpo,ordinary,867,69,0.16823643950559736,0.010851168312033005,0.16858602383132648,2.010251216298785,0.5681111917524747
dpo,ordinary,867,70,0.33087782953241307,0.26302218960447754,0.42268287202158344,2.1068943725010825,0.6801389919556143
dpo,ordinary,867,71,0.43266374230151733,0.2863615058789289,0.518845666794666,2.09305238934988,0.7192434318235776
dpo,ordinary,867,72,0.37032422324899206,0.40531655310482584,0.5490187050964169,2.1321752655944866,0.7464030514883585
dpo,ordinary,867,73,0.14937627511934273,0.5162635481679683,0.5374395991509275,2.205174081665323,0.6749241705767632
dpo,ordinary,867,74,-0.21295756748498756,0.46611950518492495,0.5124629924813716,2.318206656447628,0.5170002391215747
dpo,ordinary,867,75,-0.1273073834212576,0.47212253894535616,0.48898554339957373,2.291918973814963,0.5491466214544074
dpo,ordinary,867,76,-0.18200155800109785,0.47318572102437595,0.5069805654028422,2.3084395962687454,0.6078674092772682
dpo,ordinary,867,77,0.003265881134244475,0.15378639538999855,0.15382106938463266,2.2466206177890604,0.6186730811930992
dpo,ordinary,867,78,0.13981879130996808,0.5128305077964919,0.5315490797002551,2.2076374019195075,0.727231730406136
dpo,ordinary,867,79,0.09010258390373119,0.6379774563984956,0.6443087074522764,2.2276699770593247,0.7558031759996242
dpo,ordinary,867,80,-0.21424710907696592,0.6197239854411659,0.6557130789292828,2.3029749219389446,0.6476813198624671
dpo,ordinary,867,81,-0.33800208042157015,0.43270157832738,0.5490683584548607,2.3555415209458963,0.5626977452912
dpo,ordinary,867,82,-0.20893060460782426,-0.022304823237233387,0.21011783047003701,2.5169268073992694,0.458874467597316
dpo,ordinary,867,83,-0.39249343652610413,-0.12905565308415837,0.41316638211385204,2.550559352937555,0.4203103559307986
dpo,ordinary,867,84,-0.28150853261792363,-0.5170313219536997,0.5887006385404104,2.6706472000089803,0.4154341878491773
dpo,ordinary,867,85,-0.08251791796917296,-0.6649240422881086,0.6700247673024674,2.7303491402420423,0.5541188461779442
dpo,ordinary,867,86,0.14319111627637066,-1.0341478781591125,1.0440141424719627,2.7718978221401116,0.5686945817257043
dpo,ordinary,867,87,0.4335596105403619,-1.1634041768824979,1.241564825000915,2.806774017075854,0.7146838607192747
dpo,ordinary,867,88,0.6915868236967558,-0.8895782814282881,1.126783853939998,2.855174015290436,0.7290714143785659
dpo,ordinary,867,89,0.8675612877953007,-0.7438492292945059,1.142792310090977,2.8871948059982837,0.8518678543832936
dpo,ordinary,867,90,1.0047388539857824,-0.413371793204499,1.0864512893479241,2.937879583125074,0.9718323453513779
dpo,ordinary,867,91,1.141129089287279,-0.21939496476428025,1.1620282909557471,2.96976954480357,1.0796588606006996
dpo,ordinary,867,92,0.9431782160990679,0.29968535857369655,0.9896446137211403,3.0489642481432404,1.0439050958857565
dpo,ordinary,867,93,1.002027692311412,0.8194339488233846,1.294423227790362,3.1090985210288364,0.9976592516209546
dpo,ordinary,867,94,0.8691471606450772,0.8871307743976415,1.2419411410130348,3.12662962873903,0.9362866916502248
dpo,ordinary,867,95,0.6284352203161904,1.2261234200412678,1.3777915180852123,3.1746197838867745,0.8705891387422823
dpo,ordinary,867,96,-0.13082087512650165,1.3207876452688687,1.3272505811879485,3.2657126696536034,0.7372126706658544
dpo,ordinary,867,97,-0.4098007623489211,1.0543905269824958,1.1312276730226245,3.3089977120118124,0.592295773975107
dpo,ordinary,867,98,-0.7348646819860797,0.7886591282474562,1.0779653618732559,3.369382695839938,0.449704701256523
dpo,ordinary,867,99,-0.7879446696930275,0.45184139738723944,0.9083047125775068,3.4171338452510627,0.32417422190635786
dpo,ordinary,867,100,-0.5557466502380897,0.08312682436717612,0.5619291843108247,3.4763692999236664,0.34088152533009675
dpo,ordinary,945,0,1.0569524390252636,0.0,1.0569524390252636,0.0,1.3862943611198906
dpo,ordinary,945,1,0.7662711959004684,0.16479111520997303,0.7837905698073183,0.033713721022776914,1.3477977793160898
dpo,ordinary,945,2,0.7039069476736757,0.31661296778632175,0.7718346729408657,0.06727199672156468,1.259041842068521
dpo,ordinary,945,3,0.7233910755918689,0.41618282875510915,0.8345674299878744,0.08309101858727613,1.2400558709274825
dpo,ordinary,945,4,0.48205039519753645,0.6554107980650161,0.8135944307394948,0.1490715531346885,1.2476976258740642
dpo,ordinary,945,5,0.08222646726120109,0.7710957554850562,0.7754675080526113,0.2330922680047521,1.0930959913612779
dpo,ordinary,945,6,-0.09059765533096797,1.1189045226428185,1.1225663748491768,0.2628587173034326,1.1274038271349576
dpo,ordinary,945,7,-0.30079006361767013,1.332108123480082,1.3656451643866891,0.2853444610759115,1.08919685935285
dpo,ordinary,945,8,-0.4150352314658508,1.5092060668306027,1.5652339107993443,0.2927121583553499,1.0832334056476856
dpo,ordinary,945,9,-0.7642913746011204,1.851452842388333,2.003002479498592,0.31230873053586433,0.790420324230198
dpo,ordinary,945,10,-0.9991691094040628,1.4597876874901778,1.7689881293370031,0.3455282087734623,0.8006312805769946
dpo,ordinary,945,11,-1.35518447674426,1.893762144419792,2.328703507457758,0.34885465392519666,0.4016620448744487
dpo,ordinary,945,12,-1.2439057383266903,1.466598611553172,1.923073834581439,0.36195326004435907,0.8158374275126586
dpo,ordinary,945,13,-1.0948453994145018,1.1321080479541912,1.5749143090535909,0.37233717768861807,0.8607176038902087
dpo,ordinary,945,14,-0.990463619407224,0.6766286823106076,1.1995184680089954,0.40461478261833644,0.8776633287266695
dpo,ordinary,945,15,-0.8297123610663266,0.605352020568223,1.0270704313299497,0.3996827371432024,0.7057245467924425
dpo,ordinary,945,16,-0.4653503026831938,0.2956333226017754,0.5513165747915669,0.40992369892729685,0.641582034411871
dpo,ordinary,945,17,-0.39184446424837743,0.27183625308389614,0.4769035884251554,0.40347110460677776,0.7295500893397678
dpo,ordinary,945,18,-0.1861554028194285,0.30414751074095236,0.35659436659709226,0.33741383155532845,0.7672226480468186
dpo,ordinary,945,19,-0.1559509384287489,0.26449901448788793,0.3070511746629076,0.3347888173790652,0.828452191368592
dpo,ordinary,945,20,-0.2556320252189696,0.39347701550485525,0.46922477987437966,0.3416965537050213,0.913122942272601
dpo,ordinary,945,21,-0.29036777731852603,0.29812393047980246,0.41616261728995696,0.37290250460530106,0.8197280492578052
dpo,ordinary,945,22,-0.1089704653730793,0.20220671744781427,0.22970006291824493,0.32866807043378843,0.790163073492018
dpo,ordinary,945,23,-0.16974323399638377,0.06913257814237922,0.18328141981161994,0.4384445677323766,0.8960798592748959
dpo,ordinary,945,24,-0.09058868185696403,0.2902185498377219,0.30402814993104255,0.2981533522457399,1.1258600830688477
dpo,ordinary,945,25,-0.07679495676079945,0.33974728639972146,0.3483183658664404,0.2853801203795581,1.1260207880918855
dpo,ordinary,945,26,0.1171250330136222,0.28392405015369737,0.30713374873843047,0.18772987586804663,1.1943789602115853
dpo,ordinary,945,27,0.015235196156967334,0.2806423173531738,0.2810555487644761,0.2413684471004789,1.1480992326432407
dpo,ordinary,945,28,-0.03608027132647229,0.4756499538620768,0.47701641962094726,0.26204957058922707,1.1416438325511227
dpo,ordinary,945,29,0.1831317919529138,0.36553116714720596,0.4088401733928356,0.17608068245508018,1.14975972304407
dpo,ordinary,945,30,0.3049240340370392,0.22024201118798892,0.3761451980625988,0.0995555867956263,1.1369297164062653
dpo,ordinary,945,31,0.16144763745023064,0.41487673411080117,0.4451831579751255,0.1909352709448054,1.136299674723277
dpo,ordinary,945,32,-0.14581377568121262,0.42060920149562775,0.44516711194921016,0.30311122439745264,0.9231963943183961
dpo,ordinary,945,33,-0.08459611234722675,0.3061745355300477,0.3176465778680845,0.2929041422155429,1.0399850228219625
dpo,ordinary,945,34,-0.12645977082696253,0.23615765046316348,0.2678852543718851,0.32824597106398284,0.9159794436572661
dpo,ordinary,945,35,-0.27273700623432773,0.2800029880715739,0.39087996610043046,0.37290796697445255,0.956224387203142
dpo,ordinary,945,36,-0.19929733575737119,0.11243245037234709,0.22882413320433806,0.41825203002504563,0.9008539208858372
dpo,ordinary,945,37,-0.14716808388307706,0.2582290718373174,0.29722163187725564,0.3324427059781509,0.8899913581713892
dpo,ordinary,945,38,-0.09332020142319108,0.15337155826807147,0.17953132005096326,0.3369965835483207,0.8202068045447399
dpo,ordinary,945,39,0.16472875644112767,-0.07346141580295348,0.1803666898582296,-0.06676295493529606,1.0292642691113392
dpo,ordinary,945,40,0.0834217885388657,0.13198841127159194,0.1561413958981478,0.16029313225402372,1.006729180697488
dpo,ordinary,945,41,0.14392648466422206,0.0872940567316984,0.1683302864266485,0.08677105829009428,1.1374542916179313
dpo,ordinary,945,42,-0.07387295990389023,0.5185203785068622,0.5237562382748882,0.27252303893568297,1.1221428573608474
dpo,ordinary,945,43,-0.15010362609909153,0.4502163914086117,0.47457970633086294,0.30121821151615136,1.1060469398343582
dpo,ordinary,945,44,-0.11285357445466933,0.16242055096943614,0.19777857478607433,0.3466457532299316,1.0812810684693652
dpo,ordinary,945,45,-0.15691351089001748,0.23282484904411427,0.2807654897458842,0.3443838996490951,1.112137027576724
dpo,ordinary,945,46,-0.13932294084188035,0.1330123865961497,0.19262184931319104,0.3786872785071357,1.110612509307176
dpo,ordinary,945,47,-0.16828690179938036,-0.053897684159873345,0.17670722021194196,0.5493301075140266,1.0934227236328276
dpo,ordinary,945,48,-0.16197161194521947,-0.06955333030322455,0.17627384613833733,0.5645541609464192,1.1266104861140642
dpo,ordinary,945,49,-0.2598113534090041,-0.23128333866831738,0.3478418061501263,0.6157649629503773,1.0746106192961888
dpo,ordinary,945,50,-0.024521413631324974,-0.3459769620820145,0.3468448615995028,0.738738588655144,1.0410979322239116
dpo,ordinary,945,51,0.15244318149224168,-0.5820011116396078,0.6016346212887151,0.7907714230165214,1.0269772340413401
dpo,ordinary,945,52,0.2105006909962281,-0.421930307268655,0.4715248934061818,0.8236515883804398,1.2228111033855844
dpo,ordinary,945,53,0.02770130065214238,-0.021346583996656232,0.034971970292602676,0.8955061197498315,1.1454119575151906
dpo,ordinary,945,54,0.06884991235539638,0.052501902250450955,0.08658383319801491,1.1036876202762593,1.1683041533627399
dpo,ordinary,945,55,0.007677472533279148,0.1422431372949107,0.14245017968397958,1.2414180519819764,1.097941253044215
dpo,ordinary,945,56,-0.09449849006103762,0.09076733275855466,0.13102928420745577,1.3782048645173932,1.1142347758487396
dpo,ordinary,945,57,0.016698005908347774,-0.04425578252850501,0.047301138342808906,1.8074217506036707,1.1818553368760445
dpo,ordinary,945,58,0.16722016274405133,0.001545170593951638,0.16722730153988438,2.0014706033951324,1.2067534788570504
dpo,ordinary,945,59,0.06025323089784847,0.05054550933412477,0.07864668046062424,2.1110910287854185,1.1655713547691966
dpo,ordinary,945,60,-0.03935945870727967,0.07342154927876794,0.08330600751581245,2.3283184650934383,1.1328685488008956
dpo,ordinary,945,61,-0.031555326406337056,0.03369517298241671,0.04616387447913636,2.3697824897551745,1.1638244985855908
dpo,ordinary,945,62,0.10381225634598436,0.045861910214705634,0.11349140661823735,2.0662076636174382,1.2020332807751215
dpo,ordinary,945,63,0.0986251214999575,0.06523959185449432,0.11825023863072066,2.0930118380996348,1.2028212395043905
dpo,ordinary,945,64,0.07467292720889687,0.12900759086949246,0.14906040574175142,2.166490645860952,1.1911778788263039
dpo,ordinary,945,65,0.007851555772242995,0.1342956495803142,0.13452497323635929,2.2407056330468142,1.1701677325224227
dpo,ordinary,945,66,0.13309536734825733,-0.02950784041172496,0.1363271413011048,1.9652762871245404,1.1649235289101658
dpo,ordinary,945,67,0.1588283183777761,0.06496323541464455,0.17160028168464858,2.06179255467529,1.1432277783540667
dpo,ordinary,945,68,0.031586377921909076,0.2560763046539166,0.25801700152399104,2.2304672940722567,1.1222840120767519
dpo,ordinary,945,69,-0.11156556358660333,0.5656104657396884,0.5765085202602505,2.28099511685622,1.1157952922371697
dpo,ordinary,945,70,-0.31304227429645265,0.6924239337520244,0.759898920600183,2.31757652256613,1.0373515235510826
dpo,ordinary,945,71,-0.21130596259172413,0.37738690945458214,0.4325171548672909,2.3312368811519018,1.0905329331009823
dpo,ordinary,945,72,-0.3650411047419778,0.3396296726015303,0.49860136648696257,2.380736868058357,1.0462819520390862
dpo,ordinary,945,73,-0.6098771953376029,0.5240641578712641,0.8041103375521159,2.3870214207638494,0.9702409534282459
dpo,ordinary,945,74,-0.6847606389417682,0.4934994703368953,0.8440609337404112,2.400611449263789,0.9553835970055254
dpo,ordinary,945,75,-0.7285204636703644,0.47120858468702886,0.8676287202883706,2.4086253483830435,0.9346598443016421
dpo,ordinary,945,76,-0.781594552141551,0.48448448444102077,0.9195734117521197,2.4116850049387195,0.9079881345690604
dpo,ordinary,945,77,-0.7704115704983713,0.3425198805912074,0.8431214957276216,2.433417738409039,0.9371103572840515
dpo,ordinary,945,78,-0.7906962869632926,0.18485821722720314,0.8120179669773062,2.4634474293904454,0.9195043011391152
dpo,ordinary,945,79,-0.6557523147485642,-0.017872666820333283,0.6559958311737741,2.504336727713329,0.8783462720248341
dpo,ordinary,945,80,-0.49508422180042216,-0.1118042356606963,0.5075515479115418,2.535348804489815,0.738290684225336
dpo,ordinary,945,81,-0.5453791298606886,-0.2251892155281739,0.5900411664263742,2.5623220150613784,0.7692528572905646
dpo,ordinary,945,82,-0.3013634158974051,-0.4982451210532781,0.5822955513265992,2.6634232388608345,0.7659018736104267
dpo,ordinary,945,83,-0.10606062991564247,-0.6372476023215661,0.6460134393978872,2.7237515683396523,0.8678468497423806
dpo,ordinary,945,84,0.07852101358955466,-0.8034142966550271,0.8072422694859474,2.7655056285156228,0.9179138693964146
dpo,ordinary,945,85,0.3100577818648724,-0.7921640016709453,0.8506818639410917,2.8093768760431965,0.9331812192136177
dpo,ordinary,945,86,0.4190727189206065,-0.9546647851826027,1.0425961806045783,2.815833917190911,0.9659959362118176
dpo,ordinary,945,87,0.6771214013481341,-0.9946389270443579,1.2032456055833374,2.8451275029497696,1.1038754227484788
dpo,ordinary,945,88,0.6073895388966908,-0.7545843363194112,0.9686689695555138,2.8578658943200095,1.1957434620434797
dpo,ordinary,945,89,0.7282510774348272,-0.662255265768835,0.9843432677798619,2.882548101827464,1.108484527005422
dpo,ordinary,945,90,0.6464831428686346,-0.36594752454008456,0.7428714860124349,2.9180210663814705,1.1841830143503513
dpo,ordinary,945,91,0.5678770466525819,-0.10968925993697362,0.5783736455444523,2.96963213961143,1.261716112397397
dpo,ordinary,945,92,0.5842998155531107,-0.07269965641362056,0.5888051583487169,2.980298896202003,1.2454829156384213
dpo,ordinary,945,93,0.45149950940986505,0.13645618312267657,0.4716694784589716,3.046712034037903,1.1861242956796314
dpo,ordinary,945,94,0.3001022118549812,0.27397482995151273,0.4063539651673308,3.11776153868851,1.1954440893432723
dpo,ordinary,945,95,0.056735932897278185,0.5639168434908921,0.566763771296698,3.2340410513772255,1.1635212346090293
dpo,ordinary,945,96,-0.12207299086506895,0.7931275713256022,0.8024669211223546,3.2743053559954074,1.1124899047653123
dpo,ordinary,945,97,-0.14499274678337132,0.6208864894022439,0.637591506642011,3.2865123794566835,1.0926222261516318
dpo,ordinary,945,98,-0.09315350479765971,0.6855291266116809,0.6918292844980339,3.271495200630377,1.1134035641343032
dpo,ordinary,945,99,0.13389851974323308,0.40727824858438855,0.4287241366652873,3.1994471793226165,1.060791845524084
dpo,ordinary,945,100,0.025885259785748904,0.690584456221466,0.6910694160855867,3.244037167745024,1.119837460144918
dpo,reference,54,0,2.533813529719409,-2.220446049250313e-16,2.533813529719409,0.0,1.3862943611198906
dpo,reference,54,1,2.588438185972453,0.1349695408037539,2.59195467158381,0.00829134455884894,1.3780191737957446
dpo,reference,54,2,2.1976382575890803,0.25183352954710275,2.212020352036418,0.018158803418904697,1.3172067806508112
dpo,reference,54,3,2.227854348255945,0.7488068736863046,2.3503290686886333,0.05160576395136238,1.220308081642774
dpo,reference,54,4,2.061291762316847,0.7871319611911125,2.2064678682736036,0.0580556349519026,1.1834334519704364
dpo,reference,54,5,1.8194251250022373,0.8459071593231322,2.0064562561101447,0.06926438177963712,1.011574099955418
dpo,reference,54,6,1.6542100996600986,1.252690561021407,2.075004745895681,0.10315473868132231,0.9550476203685163
dpo,reference,54,7,1.0824750697347423,1.6213052770359562,1.9494571239044665,0.15630746064871545,0.6565059762927506
dpo,reference,54,8,1.3191316522185719,1.5360498760032923,2.024736411845905,0.13706837924355966,0.9693993166172135
dpo,reference,54,9,0.3069284180550035,1.91853895016776,1.942935088241642,0.22475228939272263,0.6197081587064652
dpo,reference,54,10,0.45112906876263187,1.8089701665321398,1.8643740236567223,0.21110264996264427,0.6147982098141567
dpo,reference,54,11,0.1687959397404721,1.9336252024913378,1.940978746143949,0.2361416895704699,0.5956695256402312
dpo,reference,54,12,0.45621219059941687,1.8164813826003585,1.8728945982583294,0.21083798135575704,0.8123469474083906
dpo,reference,54,13,0.4373167854396457,1.7521809341856327,1.8059302303663067,0.21107271548825443,0.6777315372121491
dpo,reference,54,14,0.003987708434812137,2.2251564934390298,2.225160066627217,0.24971477833965963,0.6649627406261682
dpo,reference,54,15,0.04434921348280413,1.643374967843819,1.6439732776636657,0.2457059807179636,0.6747016884216113
dpo,reference,54,16,-0.33115458955304,2.28925458144879,2.3130823376754917,0.2728641299620066,0.5296361175554731
dpo,reference,54,17,-0.6712463350874777,2.1504462214375972,2.2527739774916635,0.29815382846237787,0.3797211244622452
dpo,reference,54,18,-0.9013128464063925,1.987464929400808,2.182288178196306,0.3177617561595229,0.5614308897734659
dpo,reference,54,19,-0.5607168162740913,1.9166586867512536,1.9969937079399107,0.2952966406726571,0.7620275678901476
dpo,reference,54,20,-1.3986072100939504,2.1219958117252378,2.5414500493037897,0.3427468677331009,0.5518044965529999
dpo,reference,54,21,-1.0735698936472229,1.5433854620013558,1.8800507974155507,0.3467284684003108,0.7740966526891142
dpo,reference,54,22,-1.3426353043869046,1.5159808131986283,2.0250598476520367,0.36536070194245046,0.7480506053564869
dpo,reference,54,23,-1.5647545385608188,1.7071653030597613,2.315787152982287,0.36807712849097296,0.6887139613689272
dpo,reference,54,24,-1.052531771705456,1.2727064331744589,1.651546183275866,0.3599745644581645,0.7447977337795989
dpo,reference,54,25,-1.0985916326572807,1.1321672211209772,1.5775633717620936,0.37260470864096024,0.7548179921959703
dpo,reference,54,26,-1.3910764962538622,0.9652419116396243,1.693158517805004,0.4034554000308403,0.5995058934176335
dpo,reference,54,27,-1.183859773107257,0.6790272286775444,1.3647717536888988,0.4171185629261076,0.6009016979745504
dpo,reference,54,28,-0.8512260236876774,0.6510580329152558,1.0716633359533285,0.3960820177098032,0.48856962835946244
dpo,reference,54,29,-0.3608740084198647,0.3298261452323623,0.48889194719473544,0.38214940724957813,0.4465224827663059
dpo,reference,54,30,-0.216973497995539,0.3221972985448176,0.38844381578549875,0.34432510776098596,0.4945775015581408
dpo,reference,54,31,-0.4523539409585619,0.7136793547341912,0.8449629040819211,0.3399108209577817,0.6087714363500064
dpo,reference,54,32,-0.2069128363277511,0.45889285247356526,0.503384119622898,0.31741780818255944,0.5276707744469846
dpo,reference,54,33,0.022239035555615072,0.4473469285867358,0.4478993739875398,0.24209441100891943,0.6652575462106795
dpo,reference,54,34,0.07817536208757137,0.33158168774227426,0.3406725743049152,0.21314977117721826,0.6486520641733252
dpo,reference,54,35,-0.026770752879997056,0.5433251571518332,0.543984282497046,0.2578355560358069,0.7467118406618891
dpo,reference,54,36,-0.15974620950726073,0.5537819572960485,0.5763621324120628,0.2946970872766031,0.7396508057793448
dpo,reference,54,37,-0.11694815535042583,0.4611176668580376,0.4757166948179005,0.2895311873537729,0.6988327999378081
dpo,reference,54,38,-0.27790467477241376,0.738427234501934,0.7889903604699714,0.30728795571977663,0.760391797352697
dpo,reference,54,39,-0.3813585975004346,0.9190360619559259,0.9950184234791608,0.3126006941345365,0.7772681432796502
dpo,reference,54,40,-0.6752314107491431,0.9904211499937363,1.1986957547339496,0.3452352105329337,0.7770659063700133
dpo,reference,54,41,-0.294633343266835,0.6707115353527886,0.7325727067123696,0.3158754201020555,0.7462132407096653
dpo,reference,54,42,-0.2303112798434199,0.650682074840903,0.6902394136402069,0.3041433386061178,0.7627364527581387
dpo,reference,54,43,-0.21959552692783843,0.6769631083255796,0.7116890089642705,0.2999227698121788,0.8041257964472719
dpo,reference,54,44,-0.23912209336452467,0.5081420792040545,0.561593935324138,0.32000220042604544,0.7885697200734487
dpo,reference,54,45,0.01853191200028917,0.6259215513066172,0.6261958321104258,0.24528921153087935,0.811256998241086
dpo,reference,54,46,-0.24740781165911652,0.28742278083826817,0.37923934423363304,0.36311448564834214,0.6934238260610751
dpo,reference,54,47,0.06335958838494951,0.3186228070653202,0.3248614021740571,0.2187588549319186,0.7326745410153794
dpo,reference,54,48,-0.22610490034135738,0.235284932584919,0.3263164498762896,0.3718337950774544,0.6317866376859144
dpo,reference,54,49,-0.2506039605703102,0.41807628326594626,0.4874321734179981,0.33594273153917775,0.7356754770892586
dpo,reference,54,50,-0.24304107986851464,0.3499124389769685,0.4260371831829523,0.3466193031863469,0.7315521354324551
dpo,reference,54,51,-0.15833840541485736,0.28093890244306335,0.32248677110113033,0.3316827772042539,0.7673555871880433
dpo,reference,54,52,-0.26160696023798624,0.43599316478034444,0.5084567251793803,0.3360134037798331,0.7449477826307384
dpo,reference,54,53,-0.16667613985878055,0.35681781527106315,0.3938272322897927,0.3195503889799884,0.7788414672951397
dpo,reference,54,54,-0.24211292361500214,0.39789243654032486,0.46576502534797554,0.33700007434022056,0.7775926847909034
dpo,reference,54,55,-0.11152677926111007,0.33676863708676974,0.35475532049235964,0.3008977364944067,0.7969294858599107
dpo,reference,54,56,-0.3386470682865591,0.36010688096537224,0.4943266152835494,0.3701136418406518,0.7783733995499877
dpo,reference,54,57,-0.525714440480488,0.4370740751947608,0.6836734747941213,0.3896116141534253,0.753967859850867
dpo,reference,54,58,-0.04231016006785063,0.28824704384524963,0.2913357306107378,0.2731958145356264,0.7511625189652673
dpo,reference,54,59,-0.17448104331567088,0.3533403084412156,0.39407233859515994,0.3230010232744529,0.7618172315637577
dpo,reference,54,60,-0.29217316769425233,0.39049033038885556,0.4876964814797122,0.3522350468116028,0.7768910906457467
dpo,reference,54,61,-0.2949822189937352,0.31574890489256024,0.43210170152791466,0.3695903398913796,0.7661321475396252
dpo,reference,54,62,-0.03162619212189236,0.18844440186944672,0.19107984881735796,0.27646398575860714,0.8035445893004318
dpo,reference,54,63,-0.032656287279368666,0.37480536652887925,0.37622532593875196,0.26383202513219717,0.8110610212857046
dpo,reference,54,64,-0.1785791193647137,0.3641980802629746,0.405623894193023,0.32255649061581065,0.7925428599689006
dpo,reference,54,65,-0.12001837812856014,0.38799453139089957,0.4061331893330731,0.2977455862667117,0.7958317566274936
dpo,reference,54,66,-0.1364501386139183,0.2642498432356525,0.2973997645893897,0.3258621630369231,0.7940394389176804
dpo,reference,54,67,-0.3389162157166904,0.4304617149702201,0.547869956587168,0.356151346755643,0.7808063567641789
dpo,reference,54,68,-0.11213854501051344,0.5825303901642416,0.5932256811214248,0.2802674699416054,0.7826867637101227
dpo,reference,54,69,-0.3732359160761152,0.5094183514423805,0.6315157209725262,0.35063650602046154,0.7638204121063875
dpo,reference,54,70,-0.44605443364388236,0.4742810433282887,0.6510814586777407,0.37012026127322756,0.7136331549945971
dpo,reference,54,71,-0.5909783097164233,0.2977529349277558,0.6617493277770466,0.4257212163320285,0.7075880829441008
dpo,reference,54,72,-0.5822463414853322,0.024008362201894756,0.5827411120117332,0.49344111610357516,0.7536788843570161
dpo,reference,54,73,-0.6037278893227022,-0.24031390583013754,0.6497985362259453,0.5602917505126874,0.7166742600865212
dpo,reference,54,74,-0.20719567946803158,-0.3070304221396206,0.37040211893218555,0.6555195611606526,0.7706287017929161
dpo,reference,54,75,-0.20253491116959,-0.21116972213017884,0.29259706387284656,0.6283213873550231,0.7871794346824112
dpo,reference,54,76,0.08393615780202918,-0.3007306094248712,0.3122245634661398,0.7933189298000928,0.7721226104876828
dpo,reference,54,77,0.0033514961328632437,-0.10949998315568514,0.10955126123155282,0.7548697788645142,0.7981855946667371
dpo,reference,54,78,0.2558882647930474,-0.11041705575675166,0.278694690047705,0.935165451755546,0.8158731071534675
dpo,reference,54,79,0.2103117352489231,-0.024477779171922148,0.21173140451194883,0.9815592303601399,0.8305621029631058
dpo,reference,54,80,0.2792307840519801,0.040379879918567806,0.2821353672699003,1.022857123223292,0.8494827439621584
dpo,reference,54,81,-0.017261954029328466,0.30690397719744633,0.30738904709914655,1.258942320400785,0.8084933000258648
dpo,reference,54,82,-0.1509352548936216,0.22501839566242196,0.2709515262114107,1.3440346244215855,0.793628782792891
dpo,reference,54,83,0.1584931970565268,0.123370279879848,0.2008489966886344,1.1052694567707688,0.806525952728993
dpo,reference,54,84,-0.013461399359694235,0.24739567460426876,0.24776163763912765,1.2586514754536653,0.8022848825456559
dpo,reference,54,85,0.07311278464254271,0.21035185013807814,0.2226957119809434,1.1967608046039677,0.7986982465269017
dpo,reference,54,86,0.05023740299474566,0.07327330957106803,0.08884128857211634,1.1543467078271834,0.783039153252625
dpo,reference,54,87,0.12601693457109311,0.23278808934902484,0.2647084478090277,1.1710323684360264,0.8185595251629552
dpo,reference,54,88,0.15951874650033976,0.13923779045339074,0.2117389732084814,1.1142123873080247,0.8210896155864622
dpo,reference,54,89,0.2904490085106588,0.011944174120566899,0.29069449571714834,1.0065412647167231,0.8404879509727621
dpo,reference,54,90,0.25069482318067887,0.23931467434601192,0.34658246886842037,1.121304395286887,0.8389681182624988
dpo,reference,54,91,0.24965315440870303,0.21397497891203604,0.32880387635583314,1.112776434961155,0.8364124487460762
dpo,reference,54,92,0.3170848787243642,0.3213688001826071,0.45146508840269495,1.1260678880341717,0.8522471105135965
dpo,reference,54,93,0.26015150566458783,0.5040542288239712,0.5672296461706496,1.174169230198751,0.8276040848327407
dpo,reference,54,94,0.38304574881004205,0.3146499516792177,0.4957102356953908,1.109447577018994,0.8489921210189417
dpo,reference,54,95,0.1193864414266774,0.5198891908621661,0.5334209343209575,1.2140747852785418,0.8092813166341645
dpo,reference,54,96,0.2036713595523989,0.28611420398432497,0.3512027340774933,1.1515408596125358,0.8284671712859792
dpo,reference,54,97,0.06008608398428732,0.5003778840466058,0.5039725829164968,1.2309795226550628,0.804996957240818
dpo,reference,54,98,0.16932243730829097,0.507163462866424,0.5346820231153118,1.1987161431219804,0.8423612264141135
dpo,reference,54,99,-0.32556322111947483,0.3258678363125027,0.4606313685461294,1.3749255776806701,0.7710414568182553
dpo,reference,54,100,-0.019430696584114587,0.2519251365275193,0.25267335907086275,1.2622511829548946,0.8054421921392663
dpo,reference,251,0,1.4345580071154436,-1.3877787807814457e-17,1.4345580071154436,0.0,1.3862943611198906
dpo,reference,251,1,1.3471080812916572,0.346680946362511,1.391002466299789,0.04008892182989041,1.2753563175777607
dpo,reference,251,2,1.3211284042918763,0.232446663804007,1.3414215266426925,0.027718897895115602,1.3561316181980905
dpo,reference,251,3,1.1636346165073843,0.8525155249153002,1.4425076224949027,0.10063245645350952,1.1731276293568984
dpo,reference,251,4,1.1652311731006915,0.8719570868153321,1.4553600406817189,0.10224435876539593,1.1337232105178854
dpo,reference,251,5,0.9067473792456491,1.2317973156767248,1.5295474614006712,0.14900714065860407,1.0422013822508933
dpo,reference,251,6,1.057166215740296,1.044349510831096,1.4860236567685616,0.12402935932174472,1.1064929237563559
dpo,reference,251,7,0.7823561658640549,1.3543420490804456,1.564072746445294,0.16662908892959244,0.9709294336929053
dpo,reference,251,8,0.6680097822708184,1.1343402289918667,1.3164212184247208,0.16529524476315624,1.010280190642689
dpo,reference,251,9,0.1003211602726854,1.3567344883678423,1.3604384613517837,0.23825296754983158,0.9258561515725581
dpo,reference,251,10,0.16623322116110503,1.099909939295778,1.1124007184370384,0.2261270283642279,1.0084917490261467
dpo,reference,251,11,0.0161142750013418,1.4733678781429678,1.4734559966969933,0.24825938633149186,0.8571590164256391
dpo,reference,251,12,0.18781677498503746,1.1474072803429451,1.1626773447305896,0.2241772538639095,0.9987259244162827
dpo,reference,251,13,-0.3033761917521126,1.2573985001996808,1.2934790690329787,0.2876796484607115,0.9574026233461037
dpo,reference,251,14,-0.6217019767037275,1.2053252627901914,1.3562161837102396,0.32579028799542203,1.0226811608727924
dpo,reference,251,15,-0.42412388456373123,1.2351164295119121,1.3059072187210252,0.3026440140933263,0.9822229885896244
dpo,reference,251,16,-0.3082626579974339,0.8346341685471714,0.8897415701326262,0.30630871353032435,1.126996190567594
dpo,reference,251,17,-0.9391928210504128,0.8301578831832616,1.2534932254001003,0.38479541949601526,0.9641076697197581
dpo,reference,251,18,-1.3138147611732724,0.7225927005913861,1.499416365665233,0.41997052128989276,1.078188877963022
dpo,reference,251,19,-2.209173936880947,0.9598240167005315,2.408674246640505,0.4347677990425865,0.5263941763952887
dpo,reference,251,20,-1.9893205878145328,0.1561190573788442,1.9954371854758086,0.4875352935508619,0.7713372264163045
dpo,reference,251,21,-1.9801352210850975,-0.34403438731327635,2.0097997794396707,0.5273787305655814,0.795785150664623
dpo,reference,251,22,-1.498804756015507,-1.0105269204561553,1.807644974440862,0.5944130828153726,0.669091769311837
dpo,reference,251,23,-1.0117264992961188,-0.88156426566669,1.3419187992864658,0.6140754141740493,0.605691824784804
dpo,reference,251,24,-0.7027177768692934,-1.090557455023003,1.2973541677716118,0.6588990504644107,0.7980103794666982
dpo,reference,251,25,-0.07302469458512578,-1.260656734348878,1.262769974254388,0.7407910950155137,0.7250600552147501
dpo,reference,251,26,0.11079276548138793,-1.3578893827754066,1.3624017809505347,0.7629570512631055,0.8401883410504332
dpo,reference,251,27,0.21466580361937804,-1.0511831383500856,1.0728780907424145,0.782060762884158,0.9167903120413657
dpo,reference,251,28,0.600502537153401,-1.0039416279216644,1.1698299403766657,0.8357931595519205,0.7258426595824675
dpo,reference,251,29,0.9478733342734449,-1.0519224150345698,1.4159818590217954,0.8667266517835425,1.0130536208214547
dpo,reference,251,30,0.9953742292055112,-0.862863003006125,1.3173087785797273,0.886330187956139,1.1219933798703439
dpo,reference,251,31,1.3683082833327016,-0.6236915455269226,1.5037482176876042,0.931933124724586,1.2298972960034757
dpo,reference,251,32,1.3266961218651967,-0.26452230995125425,1.3528099098669037,0.9686777626408509,1.3553993936067417
dpo,reference,251,33,1.2914928167240105,0.1717724703584148,1.3028658707721033,1.021044579695808,1.3644714687311406
dpo,reference,251,34,1.2730178630838522,0.47935068143302095,1.360276279114239,1.0573158322996123,1.300775929102912
dpo,reference,251,35,1.288235746136215,0.6665102474575011,1.450443810559027,1.0759895581992853,1.2223167084295832
dpo,reference,251,36,0.9031226698288263,0.8559317265928336,1.244286814744469,1.1207313026602406,1.1418592761080046
dpo,reference,251,37,0.6856562995568216,0.8499123710853037,1.0920053111802144,1.1419599304813377,1.1024208862405314
dpo,reference,251,38,0.36379969452765276,0.9727979063117226,1.0385980860096387,1.1930432888247626,1.0589329473508649
dpo,reference,251,39,0.35454701582403103,0.8784047516425415,0.9472584093783072,1.1889436526403845,1.0809962387180971
dpo,reference,251,40,0.168549269895763,0.8335495524985133,0.8504197274598387,1.2182459717259981,1.017769929655027
dpo,reference,251,41,0.008940489994092221,0.7267634045179027,0.7268183944478751,1.248042208241355,1.0287142499634967
dpo,reference,251,42,-0.3269690922575203,0.598215589092952,0.6817409173032922,1.3296107486536402,0.8559320345793526
dpo,reference,251,43,-0.2830595503043814,0.5296639090538057,0.6005552144246828,1.3281129149160373,0.8572942645391188
dpo,reference,251,44,-0.2824873606752375,0.48084453772784264,0.5576832240653867,1.3345373771164772,0.8954281815902965
dpo,reference,251,45,-0.10318862837751001,0.32284710657693,0.3389367894630612,1.2992359929982253,1.0880728458783782
dpo,reference,251,46,-0.13317748608576244,0.43231318198987706,0.45236150380236384,1.29756072689391,1.0427081828088718
dpo,reference,251,47,-0.32195131930578447,0.2877151384993147,0.4317784766803633,1.3839280631786206,0.9614324106941683
dpo,reference,251,48,-0.1370602729838621,0.29039434195953473,0.32111429783259726,1.3201843486809623,1.0049022771547187
dpo,reference,251,49,-0.42903387359470735,0.4351057001344726,0.6110540360567049,1.3738817254366313,0.8797867016940126
dpo,reference,251,50,-0.35337477977035225,0.14697421712623712,0.3827207277867444,1.4372688708125223,0.9922007267385242
dpo,reference,251,51,-0.24355120915002212,0.20362160082905423,0.3174570015019743,1.3891739045923894,0.9865427249710905
dpo,reference,251,52,-0.06371886124689397,0.060378336798421355,0.08778175683560067,1.3792831959684972,1.0965895751432575
dpo,reference,251,53,-0.09920817937660877,0.1564082658097732,0.1852182725025856,1.3399626181821334,1.1196103677677474
dpo,reference,251,54,-0.11322582480917076,0.12850397224175816,0.1712698405605248,1.3649542272039321,0.9936801162592882
dpo,reference,251,55,-0.11270737604227721,-0.13541287732539356,0.17618058905531384,1.6395238285237113,1.0591290183956268
dpo,reference,251,56,0.1285083680880641,0.002855539171144725,0.1285400901377283,2.003535944027572,1.1254142583577835
dpo,reference,251,57,-0.007046422218380408,-0.00014941902285132242,0.007048006251705152,2.5033743667299966,1.0970169100079665
dpo,reference,251,58,0.08336281016048554,0.10835841819758506,0.13671468433250278,2.1456334058641144,0.9666326222835788
dpo,reference,251,59,0.051939123223634004,0.022580285004470835,0.056635163918920255,2.0652687875085456,1.0782541363168447
dpo,reference,251,60,-0.041516135451287406,-0.052833485493332645,0.06719350185980662,1.64400004702337,0.9655736513710438
dpo,reference,251,61,0.11240205176749239,0.09290009587791194,0.14582403456106702,2.109926863912898,1.093084297667092
dpo,reference,251,62,0.04094296943012703,0.16338436318338756,0.16843626948670348,2.21092162763154,1.012098057229121
dpo,reference,251,63,0.10586100773888471,-0.0502245670141188,0.1171710719044932,1.9294958993966747,1.0151597485513655
dpo,reference,251,64,0.16218635344651888,-0.018733541361780175,0.16326468943477238,1.9816977125136908,0.9150961640990216
dpo,reference,251,65,0.08497650179287483,-0.1332485922069973,0.1580385813088093,1.840352339078036,0.9186876306657445
dpo,reference,251,66,0.12654037687830938,0.10669836611957689,0.16552041660499725,2.1114929439877934,0.8044237524533999
dpo,reference,251,67,0.1717390444667193,0.02952107384631183,0.1742578353916437,2.027093152753784,0.872865078905928
dpo,reference,251,68,0.18925847230537857,0.2033153174219227,0.27776948651308503,2.1306964092905587,0.9149615625132168
dpo,reference,251,69,0.2143398796600136,0.4782732468148467,0.5241057933580627,2.182945252874039,0.8070936801996836
dpo,reference,251,70,0.2147004827959753,0.463892877713757,0.5111681712571466,2.18101165507698,0.8289957387228909
dpo,reference,251,71,0.06330009557416344,0.4931134070793108,0.4971596668486536,2.229680685254349,0.912888756379792
dpo,reference,251,72,-0.05045021920412346,0.4301075819879442,0.4330562973809066,2.2685834402567595,0.8004464972997545
dpo,reference,251,73,0.0032308745269447603,0.22172050443058677,0.22174404306578951,2.247680984616417,0.9185472542010058
dpo,reference,251,74,0.1315205045800792,0.37465248190247263,0.39706690282706925,2.1962681840442078,1.0196333355922749
dpo,reference,251,75,-0.026477073520884215,0.37619994329778755,0.3771305248312431,2.2611829361473004,1.0094305422972267
dpo,reference,251,76,0.1178931108737711,0.5431539463087398,0.5558012189463538,2.2159826239018363,1.0057120429530586
dpo,reference,251,77,0.13107359441704908,0.6233933151537814,0.6370239497317404,2.217016803729033,0.9514064696310067
dpo,reference,251,78,0.014732582612272463,0.48854513930288607,0.48876722693620095,2.2452019725894923,0.9877776420062977
dpo,reference,251,79,0.13837548539259265,0.6045131900560728,0.6201483466956961,2.2141858085346664,1.0203663332203128
dpo,reference,251,80,-0.07908759606536887,0.6590786654568995,0.6638068507569402,2.269007265004239,0.9258738480791637
dpo,reference,251,81,-0.2949225947312266,0.5811707026975563,0.6517198190610523,2.3247391808466267,0.769803557114276
dpo,reference,251,82,-0.12117433359551599,0.5458731092606568,0.5591606840043516,2.284765899842643,0.7992763108056107
dpo,reference,251,83,0.004491190618470517,0.4671511815561034,0.4671727702065211,2.24846993180335,0.9999862166270177
dpo,reference,251,84,-0.09709790912415242,0.49132404517001227,0.5008266379881431,2.281052857199309,0.8427415567302408
dpo,reference,251,85,-0.06485160271946089,0.326833135468434,0.333205085218414,2.281175255496699,1.0047902970484242
dpo,reference,251,86,-0.20982566515902445,0.3306132762263599,0.3915762354593986,2.3400041524251955,0.8223692341208702
dpo,reference,251,87,-0.13127253310450013,0.13284499322251514,0.18676260378341852,2.374052460292225,0.9289267831704183
dpo,reference,251,88,0.053288509240128054,0.43044219240734805,0.43372819394348766,2.230396448576482,1.1308704562493392
dpo,reference,251,89,-0.06418325723250483,0.29384948818722745,0.30077734658193495,2.2842254533738124,1.0598102958650102
dpo,reference,251,90,-0.08891450618014311,0.37241473382531165,0.38288186608853186,2.2873001835918765,0.9971788583281422
dpo,reference,251,91,-0.6159749480077544,0.39169228954402574,0.7299643732822834,2.4098559127935357,0.8456200815346735
dpo,reference,251,92,-0.44901072104207174,0.5055436659893698,0.6761545872303854,2.365585135675974,0.9532022355944467
dpo,reference,251,93,-0.510122090509074,0.21342666226031282,0.5529696984364745,2.436934362681159,0.828064372456041
dpo,reference,251,94,-0.5658572797114401,0.3064358934134029,0.6435040153522752,2.4210071168690015,0.8594857467652143
dpo,reference,251,95,-0.6211683442792677,0.18392344752292347,0.647825552508825,2.4541843332568307,0.744003707637238
dpo,reference,251,96,-0.7739394714277517,0.09162295770041091,0.7793440009467185,2.4812457036996385,0.8411652392745206
dpo,reference,251,97,-0.5221028805386785,-0.1053436859102897,0.5326243610913337,2.5316869596237774,0.9413009193237596
dpo,reference,251,98,-0.5191460601856781,-0.3264380779732632,0.6132490934010338,2.5893377920291503,0.9508063837772247
dpo,reference,251,99,-0.4232070056431594,-0.51653104584701,0.6677637987711338,2.640753796007489,0.9352725126247028
dpo,reference,251,100,-0.17986029242598622,-0.41001942928263635,0.4477339133691126,2.684207565423989,0.9875674690638434
dpo,reference,612,0,2.367405643698792,-4.440892098500626e-16,2.367405643698792,0.0,1.3862943611198906
dpo,reference,612,1,2.574542131304423,1.1539336188419997,2.8213170652295205,0.0670621230532853,1.0952566080341122
dpo,reference,612,2,1.564332418849513,1.4603321096885304,2.140024716504677,0.11952975867613176,0.7812836870225349
dpo,reference,612,3,1.5388016922642211,1.768584587275849,2.344312711748353,0.13603965761395936,0.5552749963339323
dpo,reference,612,4,1.0033034243009302,2.031484010586807,2.2657327835567527,0.17698969124269212,0.3791668336377203
dpo,reference,612,5,0.9156145655179682,1.8259505589756704,2.042656475380092,0.17602425957606233,0.5277808567566054
dpo,reference,612,6,0.880624154694472,1.7106420215589637,1.924004944836341,0.17433602910310061,0.6521157262353056
dpo,reference,612,7,0.3146552733616279,1.9150149896336361,1.9406932657109406,0.22408091644865347,0.4131670766026431
dpo,reference,612,8,-0.03873713807524082,1.7782440232742065,1.7786658967261664,0.2534664714130511,0.4956837402923867
dpo,reference,612,9,-0.2291901425038826,1.5260460834450034,1.543160643037135,0.2737254590785079,0.3420362173287089
dpo,reference,612,10,-1.1651288147756502,0.6335543121681932,1.3262413888457198,0.4207340955364516,0.6972612658303575
dpo,reference,612,11,-1.1011163424035537,0.494215805779405,1.2069409522384957,0.43285541721643334,0.6968267092757892
dpo,reference,612,12,-1.0618377744688616,0.6650527709335974,1.2529144613322336,0.410944902337128,0.5811499218625443
dpo,reference,612,13,-1.564188862428619,-0.4622121565659394,1.6310508499194847,0.5457283878635224,0.7567931881347636
dpo,reference,612,14,-1.3423407632894817,0.04296556603387558,1.3430282069462276,0.4949075163475007,0.6302367223957186
dpo,reference,612,15,-1.2659986874196005,-0.5173119321285607,1.3676126321699198,0.5617385814347661,0.6440227357086667
dpo,reference,612,16,-1.1627358180672922,-0.2679679649492516,1.1932147387857974,0.5360499302042852,0.768061784832752
dpo,reference,612,17,-0.9134347383640056,-0.4608673773339636,1.0231137574780262,0.5743692278689658,0.7698643541762302
dpo,reference,612,18,-0.7725860549053362,-0.6598023093481978,1.015986367849198,0.6124942206273277,0.8533867018779202
dpo,reference,612,19,-0.9657645945218978,0.04048124061457353,0.9666126333096111,0.49333272281191487,0.7319015680693838
dpo,reference,612,20,-0.7831966389298117,-0.2661413476728927,0.8271808702890181,0.5521346966179862,0.7929831026922622
dpo,reference,612,21,-0.48978689844927237,0.00720054809773496,0.4898398246217488,0.49766036969370514,0.700149277012764
dpo,reference,612,22,-0.6393205584256406,-0.391919848707421,0.7498879544548778,0.5875260055682544,0.8540263179675047
dpo,reference,612,23,-0.3224686430790633,-0.28703580601688944,0.4317123807641121,0.6157581129905596,0.8800294301395053
dpo,reference,612,24,-0.3579311324318203,-0.18775680583405813,0.40418722604868834,0.5768882301997726,0.7086616735646243
dpo,reference,612,25,-0.19330311985226484,-0.18906691066695913,0.27039303403336223,0.6232368229839066,0.7916900638618426
dpo,reference,612,26,0.1019034739851877,-0.08335107259958946,0.13164998789879115,0.8908856795088217,0.7820909876175801
dpo,reference,612,27,0.026417502010622096,-0.09061632061419755,0.09438856908617836,0.7951473927477746,0.7560353509893691
dpo,reference,612,28,0.6292780715257686,0.18338933580370712,0.6554559785292337,1.0451322461404626,0.7550917240921593
dpo,reference,612,29,0.7060392178604114,0.08510801937907517,0.7111503020596774,1.0190928781015867,0.9085476255475546
dpo,reference,612,30,1.2742485994279906,0.5740642940677001,1.3975905361970802,1.0673670454353936,0.7382625701631792
dpo,reference,612,31,1.3738175109898556,0.7189766575226741,1.5505811773541036,1.0767359995196435,0.7329910245967103
dpo,reference,612,32,1.2167912103482883,0.7859833309200945,1.4485684816621889,1.0912787240863993,0.6424239033384229
dpo,reference,612,33,1.3518799818685878,1.0348018736576834,1.7024671518424273,1.1039788679628912,0.5396702259754514
dpo,reference,612,34,1.4501426123215282,0.9381323335068689,1.7271380579564997,1.0913883476926027,0.6880387065975817
dpo,reference,612,35,1.2441519306900117,1.0363856755680052,1.6192619600182778,1.1105402540065878,0.5580502035238617
dpo,reference,612,36,1.2872465630256251,0.9974721953242301,1.628482267163577,1.1049213409824594,0.7055358776287688
dpo,reference,612,37,0.9794575796794234,1.2116438827951073,1.558017345572981,1.1418026006190072,0.5274709397336754
dpo,reference,612,38,0.6639593988123392,1.2107566360264663,1.380859773819691,1.1701676312236065,0.5555454640736804
dpo,reference,612,39,0.5915603792671754,1.2963539800930284,1.424948182925176,1.1818653891518114,0.3561744974760531
dpo,reference,612,40,0.4269859020263632,1.1873999100057309,1.2618381460436536,1.1950598550042202,0.4776526616282709
dpo,reference,612,41,0.14457800523195752,1.3439972798125908,1.3517512669646348,1.2329447890292728,0.3162387882400173
dpo,reference,612,42,-0.25563100300413244,0.8451781926010271,0.8829911590413788,1.2967454647654368,0.47570740204402917
dpo,reference,612,43,-0.7710288413153661,0.35615901280085693,0.849314262531483,1.431129198686789,0.6219508953882362
dpo,reference,612,44,-0.8756296246788173,0.1105858136520173,0.882585101730278,1.480005712937458,0.7256433801474578
dpo,reference,612,45,-0.6207463080114934,0.03997021788960603,0.6220318297547501,1.489766048333804,0.7681296810701161
dpo,reference,612,46,-0.549887780403066,0.03431323978029388,0.5509573209068289,1.4900815216597665,0.7951809877435858
dpo,reference,612,47,-0.6054104534466376,-0.053546789406933526,0.6077738689662906,1.5140402549569227,0.7899758133053179
dpo,reference,612,48,-0.6128906092102051,-0.47849172252122274,0.7775533598277247,1.6054989568130669,0.8016596913900436
dpo,reference,612,49,-0.2924715318306865,-0.39355719955359775,0.49033342355162646,1.6482837806544144,0.8659000528773998
dpo,reference,612,50,-0.1594971164589546,-0.5507254363967647,0.5733566398439355,1.7051341912713787,0.9402625200562953
dpo,reference,612,51,0.356416559029498,-0.21726285123233852,0.4174157520698432,1.9128737019320783,0.9653862420457109
dpo,reference,612,52,0.2899097285039993,-0.3129801242255178,0.4266195129638155,1.868912690903708,0.9976356306735934
dpo,reference,612,53,0.6359075988972241,0.11556196916521377,0.6463227081362489,2.0286106198790557,0.9186318661331098
dpo,reference,612,54,0.6285129365838962,0.1351701413620648,0.6428837208773864,2.0337148701434624,0.9309675906559198
dpo,reference,612,55,0.572527577643951,0.38559822625328266,0.6902708303648127,2.0943342461381573,0.7616765508627367
dpo,reference,612,56,0.6047894997850565,0.3995092861662205,0.7248296412146111,2.0929105118193836,0.8215450454478304
dpo,reference,612,57,0.656363619315666,0.467245773357026,0.805687168497281,2.0984609300411203,0.7465054242718474
dpo,reference,612,58,0.5595632127216422,0.4733105204626491,0.7328941518473112,2.111740135735733,0.7526709769937585
dpo,reference,612,59,0.5333019699576882,0.5820843427908992,0.7894511848639306,2.1319563441782834,0.6814986765259229
dpo,reference,612,60,0.534844424007747,0.48642279602638316,0.7229562188585855,2.117459589171146,0.7078291377418636
dpo,reference,612,61,0.5242424715275418,0.5357649216063795,0.7495826973571331,2.1267299715774732,0.7021380926359908
dpo,reference,612,62,0.6518075649389871,0.6413690822682124,0.9144437661230247,2.123715334027999,0.6213425507141859
dpo,reference,612,63,0.6035839043098633,0.5711608627739722,0.8309863180020755,2.120608426811918,0.7359805221018332
dpo,reference,612,64,0.5382600522995007,0.5541911755256268,0.7725618052505167,2.1273207784780332,0.6690515261182267
dpo,reference,612,65,0.679054273798382,0.5225991505232412,0.8568690558606148,2.1043939627738877,0.7833661912743537
dpo,reference,612,66,0.4170275246870162,0.6027387959998287,0.7329433897306824,2.1536697750250084,0.7331535461147783
dpo,reference,612,67,0.41852760870554345,0.7755664318277868,0.8812880626826087,2.1712413113153124,0.6419122736902404
dpo,reference,612,68,0.33788652969685967,0.9175815069880371,0.9778154881760791,2.1938457707881573,0.5842256565005718
dpo,reference,612,69,-0.030543095500056794,0.6724647344377069,0.6731580050367827,2.2572237930057852,0.6531591215966059
dpo,reference,612,70,0.027984573503945454,0.6359002835427441,0.6365157554718814,2.243000457152646,0.6316227720135338
dpo,reference,612,71,-0.12088712920535025,0.46555305808434316,0.48099204556748637,2.290433762921209,0.6837850688000562
dpo,reference,612,72,0.1208423420965406,0.6261564774326426,0.637710597272958,2.219657619364294,0.5436424653268005
dpo,reference,612,73,-0.5159102684995899,0.35993513364347407,0.629060176433276,2.403049092848495,0.6249776578017179
dpo,reference,612,74,-0.20627075700930042,0.41146334516743377,0.46027134346335813,2.32395853663806,0.5555192795884909
dpo,reference,612,75,-0.4791520665571181,0.224684625266637,0.5292162919989954,2.4302142151318797,0.6147281630120505
dpo,reference,612,76,-0.21654949202112783,0.2841334391596632,0.35724710459751324,2.3536457757341163,0.6377804877579774
dpo,reference,612,77,-0.6607247287613869,0.0016340208226991448,0.6607267492851014,2.499606398929024,0.6880260163481747
dpo,reference,612,78,-0.4245208953529597,0.034302682746023105,0.42590452525754274,2.48716763759838,0.7089671108944755
dpo,reference,612,79,-0.36190477075268757,-0.07646256837327742,0.3698940219249203,2.53313861165826,0.7657140925874025
dpo,reference,612,80,-0.4801648181951963,-0.13510766247736877,0.4988109191793264,2.5436539357446337,0.7969072152351585
dpo,reference,612,81,-0.512854202162597,-0.2546102467645951,0.5725782133764451,2.5733401078853873,0.8330175203310728
dpo,reference,612,82,-0.4773965884245145,-0.4641682686997043,0.6658525995346464,2.622764132812,0.8963367604054895
dpo,reference,612,83,-0.013939951916277768,-0.35164057596664894,0.351916775567157,2.74369398388642,0.951850283609387
dpo,reference,612,84,-0.149207279633645,-0.24000287542530158,0.28260253450400186,2.6614755976102216,0.8809293039660584
dpo,reference,612,85,-0.06604957047559809,-0.4445985559802868,0.4494779435520359,2.7265276128887126,0.955865921589033
dpo,reference,612,86,-0.0753659933539268,-0.2899934889188279,0.29962686222957136,2.7095326781449804,0.9067910129316832
dpo,reference,612,87,0.1715155691988129,-0.3317453781401497,0.3734602875741191,2.825942780758345,0.9847305969108731
dpo,reference,612,88,0.15588671404586604,0.11201626990346006,0.19195914236915737,3.0991668702822794,0.7740828693206989
dpo,reference,612,89,0.428091092693727,0.003023952030340213,0.4281017728643401,3.001124220795391,0.924810284464149
dpo,reference,612,90,0.3275329016614607,0.032047529982879325,0.3290970158612497,3.0155231389298347,0.894901770126202
dpo,reference,612,91,0.4000054572350402,0.2412070676521238,0.4671030028838926,3.0863621493310203,0.7807713664297582
dpo,reference,612,92,0.22944175551312926,0.10274188686336416,0.2513949372783607,3.0670066440726202,0.7768940278970935
dpo,reference,612,93,0.31716783197840215,0.13176807766122722,0.3434505203554293,3.0626681935397224,0.7397938841054288
dpo,reference,612,94,0.4646910495677934,0.044456293133678174,0.4668127392730461,3.0151799151007452,0.8802074737698844
dpo,reference,612,95,0.6122906166009927,0.30289145697722464,0.6831127534217245,3.0731137431652202,0.7274153843138074
dpo,reference,612,96,0.7589023997633662,0.5633642699572184,0.9451519206090763,3.101633357676561,0.5845561128667675
dpo,reference,612,97,0.8732489635749485,0.5313870713906248,1.0222210974274728,3.087003429482199,0.6372924076321909
dpo,reference,612,98,0.9799976133144415,0.7460292150319088,1.231647235121781,3.103556743941697,0.5890689724852957
dpo,reference,612,99,0.7572010331452108,0.7949563928449173,1.0978656890171843,3.1288705915534383,0.4792706442635182
dpo,reference,612,100,0.7466326937688657,0.8603495606523162,1.1391495713553976,3.1362437345383385,0.44171141908120454
dpo,reference,737,0,2.3991037784120137,2.7755575615628914e-16,2.3991037784120137,0.0,1.3862943611198906
dpo,reference,737,1,2.1722975702491967,0.41861429111410964,2.2122645995530306,0.03029866825532881,1.3038366618809367
dpo,reference,737,2,2.3122315043085075,1.0320617866982769,2.532107039814791,0.06681538586610448,1.0156072557961398
dpo,reference,737,3,1.3145088702679213,1.18756424813981,1.7715085135197401,0.11693206826344786,0.941453506644971
dpo,reference,737,4,1.455571918255539,1.1494250793171052,1.854688012086465,0.10638105317894421,0.9391780259462298
dpo,reference,737,5,1.2145267610579744,1.613777337546911,2.0197407131872076,0.14731924406934668,0.7270035734314442
dpo,reference,737,6,0.9525533729628275,1.5991020781604626,1.8613128121624183,0.1644960616867471,0.6785881786445259
dpo,reference,737,7,0.23626705765832037,1.5334207282320336,1.5515157918326774,0.22566899300715976,0.7859638810583018
dpo,reference,737,8,0.6554231262343272,1.8915399833857907,2.0018748670059017,0.19691299062027348,0.5323890743106395
dpo,reference,737,9,-0.01136827341142932,1.7482844152992312,1.7483213761830323,0.2510348953474634,0.7164596460945725
dpo,reference,737,10,-0.49892885768847517,1.4916590146935051,1.5728879874774064,0.3013722626284676,0.736919339666711
dpo,reference,737,11,-0.36177432037700047,1.6437102510811585,1.6830520040668753,0.28447964952649646,0.7549849653704397
dpo,reference,737,12,-0.4635574995490086,1.7126850464530368,1.7743099007027971,0.2920691181685275,0.7180299352435471
dpo,reference,737,13,-0.6696306164501363,1.4640889683106224,1.60995703968033,0.31827206401621005,0.801224898667499
dpo,reference,737,14,-0.6518438604345984,1.7202348037824498,1.8395945745002413,0.30764739957474374,0.7259548851537349
dpo,reference,737,15,-1.102615013465579,1.4749989810765034,1.8415704879521777,0.35216511651139204,0.7859998228209248
dpo,reference,737,16,-1.1317035800025983,1.6763589473542568,2.0226053281264167,0.3445087138683686,0.7748155866813731
dpo,reference,737,17,-1.882700073135914,1.4058061401318473,2.3496490097498346,0.39792061156019465,0.7983256973315815
dpo,reference,737,18,-1.3988761095389117,1.0027225318096025,1.7211353362351784,0.4010189603377966,0.8997045075930721
dpo,reference,737,19,-1.4344281171126252,1.3237612546115556,1.951903656017384,0.38138235211208366,0.9440258854998443
dpo,reference,737,20,-2.094356233361545,0.9206280125709696,2.2877683383049807,0.43408577312264657,0.702935952623162
dpo,reference,737,21,-1.627605896386625,0.9622179435130858,1.8907576060328464,0.4150250325886282,1.0273564398709216
dpo,reference,737,22,-2.283652885893508,0.9729402788496332,2.4822738143600818,0.43589939936115835,0.8396437114793458
dpo,reference,737,23,-1.959081449240156,0.8323827788337306,2.128581972876749,0.43605590943485306,0.8681749400003713
dpo,reference,737,24,-2.4209865961536567,0.7851683238299685,2.545125811330676,0.45008670549468177,0.6041472118953974
dpo,reference,737,25,-1.676187832412166,0.29513930690193263,1.701973225407835,0.47226070100129897,0.7632602466356299
dpo,reference,737,26,-1.4327773504210306,0.33349260205402415,1.4710772418551896,0.46360322194898684,0.6144170317211071
dpo,reference,737,27,-1.7139700211989042,0.205916216228337,1.7262950853415435,0.48097034405852723,0.9470710401989012
dpo,reference,737,28,-1.4689682176417367,0.2577052493255326,1.49140189753516,0.47236026091270295,0.9080190671604357
dpo,reference,737,29,-0.9863456472661523,0.03461229342987048,0.9869527581081885,0.49441731393734034,0.8964701787983649
dpo,reference,737,30,-1.008918235514629,-0.014813535438569052,1.00902698020724,0.5023366392927174,0.7572744410351528
dpo,reference,737,31,-0.9502431471771475,0.06917323392998655,0.952757563627528,0.48843466838769967,0.8776792144873538
dpo,reference,737,32,-0.6014021325290267,-0.11393926913412562,0.612100222235934,0.5297996767658141,0.8800010712757159
dpo,reference,737,33,-0.4796486555833215,0.1966544302510617,0.5183973357765811,0.4380736836973426,1.0483746435393368
dpo,reference,737,34,-0.17944102368512932,-0.07038923714644275,0.19275301732327124,0.5594960048185255,1.01228036318444
dpo,reference,737,35,0.42142263462745355,-0.0917926701285118,0.4313037575371515,0.9658666196098938,1.041860720516629
dpo,reference,737,36,0.14293022087994478,0.024903831229946993,0.14508359263100526,1.0274551684335242,1.0287221820686279
dpo,reference,737,37,0.416429776555165,0.013254956968257237,0.4166406757459178,1.0050641909637485,1.0883202534522778
dpo,reference,737,38,0.28516500227609837,0.0482592943771034,0.2892197054436352,1.0266814491123604,1.0101686852113971
dpo,reference,737,39,0.33689355006963495,0.09459880955158868,0.349923132769326,1.0435683337276562,0.9865319309392546
dpo,reference,737,40,0.5338059109182257,0.14822058179369038,0.5540018875405541,1.043106244116939,1.1308831366945025
dpo,reference,737,41,0.7191127653279159,0.3780769855545282,0.8124440757760261,1.0770371238849559,1.164368006216011
dpo,reference,737,42,0.7129090237980775,0.3496914024821316,0.7940550063960607,1.0725793551583254,1.1642523540207799
dpo,reference,737,43,0.8051979104866379,0.45809552070460346,0.9263882453602645,1.0823237180545806,1.1468440304622922
dpo,reference,737,44,0.42640026155454164,0.5041733772087119,0.6603090014075377,1.1382706064298125,1.13797692084288
dpo,reference,737,45,0.5890041123133757,0.3450359421397893,0.6826240881263711,1.0843377188946968,1.1316037951582398
dpo,reference,737,46,0.29465326942145087,0.365112333499924,0.46917754129381534,1.1419326291046434,1.002417855919027
dpo,reference,737,47,-0.05264120165810926,0.3206293629713057,0.324921966803408,1.2758991367171957,1.054762949693926
dpo,reference,737,48,-0.0013700070861271674,0.2970882733471478,0.2970914321884858,1.2507339295213307,0.9897183511505782
dpo,reference,737,49,-0.14364771228998396,0.30678963060946,0.3387543987841854,1.3196953962543847,0.9822636504565032
dpo,reference,737,50,-0.30797409354623595,0.21959788034856503,0.3782476323114375,1.4014155758433553,0.8126669918079354
dpo,reference,737,51,-0.06216546252891253,0.13552611407915804,0.1491035624283692,1.3184466552804954,0.8857119483318248
dpo,reference,737,52,0.0170916930908096,0.18580256537938247,0.18658702868707172,1.2354006675687839,0.9558780957972546
dpo,reference,737,53,0.04964234273829865,0.1525170723248293,0.16039270414543152,1.199918328894546,0.9907186704006334
dpo,reference,737,54,0.059393339430229175,0.14186712564059722,0.1537980822578728,1.1868976319286466,0.9410461166279676
dpo,reference,737,55,-0.03319590928630034,0.482862281158981,0.4840020154497283,1.2609244256235344,0.9229392607662739
dpo,reference,737,56,-0.49032980989979874,0.24666779746677495,0.5488791531689673,1.4258184136933714,0.6764423327892459
dpo,reference,737,57,-0.1689753543229443,0.008953531521290803,0.16921239935438337,1.4915747037909508,0.7969733442881493
dpo,reference,737,58,-0.07880882397118388,0.20428162923104196,0.21895619373977515,1.3085996528743866,0.7766477387768654
dpo,reference,737,59,-0.08459543924394672,0.057566032569846645,0.10232417332531413,1.4049034765272883,0.7455287485855189
dpo,reference,737,60,0.03575443278764404,0.21361093465375613,0.21658257286221677,1.2236051523149205,0.7373973641381831
dpo,reference,737,61,-0.18801089420208322,0.29423618342465263,0.34917478141322406,1.3404937345086572,0.6559317908409782
dpo,reference,737,62,0.0825163489963897,0.23997247229601557,0.2537631480565213,1.1972891134838954,0.857911784965413
dpo,reference,737,63,-0.06881632822155886,0.2268776170246297,0.23708466870861103,1.296870988578211,0.8161811235431444
dpo,reference,737,64,0.04384511968062893,0.22438180424665027,0.2286254329614069,1.2192874689056419,0.9909239501661374
dpo,reference,737,65,0.12054884414630485,0.42904200922604085,0.44565577468010914,1.2064058815304202,0.9164300895666304
dpo,reference,737,66,0.1281100350222539,0.3199629962520245,0.3446570760103094,1.189387005569065,0.979386686281889
dpo,reference,737,67,-0.20590612582006626,0.3354405869115461,0.393595884122016,1.3376199367073156,0.8189598720217666
dpo,reference,737,68,-0.06534971833816391,0.2661227664614485,0.27402903589943167,1.2883241381935182,0.8502528638493847
dpo,reference,737,69,-0.09899714314088603,0.4560687222152992,0.46668952605897723,1.2840194184278542,0.9477258372987306
dpo,reference,737,70,-0.3314536155072013,0.39613265059113406,0.5165099961251023,1.3608889580617896,0.9524793497092189
dpo,reference,737,71,-0.10702693257940238,0.3748189510827055,0.3897999620165394,1.2942675636111625,1.0720346575412842
dpo,reference,737,72,-0.3673407570920256,0.2981517904186532,0.4731106867856517,1.3914875562944942,1.0245942971981434
dpo,reference,737,73,-0.12359380641138684,0.2646173549026998,0.2920578256081435,1.3195435710598675,1.0374634943346501
dpo,reference,737,74,-0.1637905208719494,0.38064620641032154,0.41438975516061394,1.3146722608439065,1.0144673181477701
dpo,reference,737,75,-0.3610520281903591,0.2669115066908806,0.44899924216458076,1.3986831838739124,0.961735326911545
dpo,reference,737,76,-0.13784323579117697,0.2962709833273398,0.3267678888984211,1.3193075177921596,1.079549757001734
dpo,reference,737,77,-0.15363959670231053,0.3748897286648242,0.4051511253017004,1.311903052611343,1.0951384994202773
dpo,reference,737,78,-0.3152043800924707,0.375012018648724,0.48988551250314566,1.3612434955505972,1.0432296865150184
dpo,reference,737,79,0.04065237965206325,0.27569334843116217,0.27867443072618214,1.2266997026770963,1.1052826397337088
dpo,reference,737,80,-0.1305417048725251,0.5043730202489369,0.5209925913734859,1.2903079365986838,1.109796512211497
dpo,reference,737,81,-0.03650016637544856,0.3188211961671147,0.32090375078964917,1.2681418295320983,1.0493861280759789
dpo,reference,737,82,0.039465163577742796,0.21195093015695593,0.21559382164296081,1.2207009514187936,0.9488668989547924
dpo,reference,737,83,0.09640128322994135,0.25094685507924425,0.2688262105571973,1.1916269758175355,1.0161740868431697
dpo,reference,737,84,0.041731992620125835,0.09410770277973884,0.10294570865522225,1.1835698399796515,0.8528138010213396
dpo,reference,737,85,0.04932785496621206,-0.1447879765100793,0.1529601105434058,0.8022596588757527,0.8670895646232786
dpo,reference,737,86,0.2196642486207363,-0.047096849936854514,0.22465639406900317,0.9663854839590155,0.8549881494651909
dpo,reference,737,87,0.12143494189024454,-0.04135484288573336,0.12828354587393803,0.9477601413883324,0.8161779873719988
dpo,reference,737,88,0.23411116308772376,0.023889232508657206,0.235326862283377,1.0161845110414438,0.8232924933107069
dpo,reference,737,89,0.09542983732994703,-0.02167433381689176,0.09786026057203306,0.9644552181319783,0.661098744663801
dpo,reference,737,90,0.2554698071734106,0.1818185176226798,0.3135646595643845,1.0984432103891506,0.9959494242968627
dpo,reference,737,91,-0.04183418578207268,0.03525055415446915,0.054705581691872486,1.3885601527648275,0.8140229678668123
dpo,reference,737,92,0.22856456377781578,0.13613054125685342,0.26603248688426584,1.0854932304568787,0.9392612662379842
dpo,reference,737,93,0.05319256104594425,0.20179304941622173,0.20868608804451774,1.2089799239143548,0.9336109587079722
dpo,reference,737,94,0.3385726486599801,0.2191373319532665,0.403302130760836,1.0914236339561103,0.8859841500864072
dpo,reference,737,95,-0.0696137220157042,0.3508178326635997,0.35765796790742016,1.2811765540298736,0.7842688396440841
dpo,reference,737,96,0.07843593907570723,0.2841652817547531,0.29479162792292163,1.2071369739465558,0.8095053709012933
dpo,reference,737,97,0.005389467304808132,0.3353011035902103,0.33534441463462983,1.2474420409156413,0.8519500895283261
dpo,reference,737,98,0.17670182946324275,0.46053541380563645,0.4932711261616533,1.1916911116336242,0.8741605537161666
dpo,reference,737,99,-0.10315594386234686,0.278147315443154,0.2966598689448323,1.3065227957350696,0.7114350635555613
dpo,reference,737,100,0.2166477682659904,0.6088607434311121,0.6462566521020273,1.1955921632586617,1.0055229196125763
dpo,reference,867,0,2.1208693612529137,5.551115123125783e-17,2.1208693612529137,0.0,1.3862943611198906
dpo,reference,867,1,2.06621986547182,0.49316764957070347,2.1242596034979995,0.03728961291638106,1.272239448484759
dpo,reference,867,2,2.086749769644693,0.5167845502121478,2.1497885645919115,0.03863742741624598,1.255002991385659
dpo,reference,867,3,1.9020484268823785,1.1051512076833094,2.199806221022572,0.08377211984818411,1.002609583993893
dpo,reference,867,4,1.7378807272016095,1.4043068129201917,2.234347118688782,0.1081671931978237,0.8217004229557476
dpo,reference,867,5,1.6737763372375791,1.5104177708046107,2.2545263514669363,0.11684203336767025,0.7783696702446328
dpo,reference,867,6,1.5129420577799237,2.2162922407347216,2.6834576513409494,0.15466881720619932,0.4351233817555541
dpo,reference,867,7,1.2153804331261586,1.8174254496980125,2.186363387553851,0.15618853119968254,0.6386634335432518
dpo,reference,867,8,0.993823380678273,1.9624445332325209,2.199743952826555,0.1753927289728225,0.5136027659127258
dpo,reference,867,9,0.3515183140429202,1.7694541243056883,1.8040324340571006,0.21878876347470463,0.7125441217056132
dpo,reference,867,10,0.2550687784313723,1.6945123403074,1.713602098850411,0.22622150545420763,0.7553720522593026
dpo,reference,867,11,0.10632958721214603,1.387181439497576,1.391250634214868,0.23782433786239643,0.7862060391835752
dpo,reference,867,12,0.41717775368434523,1.417074796377669,1.477206233637649,0.20443307927453733,0.8254565704503601
dpo,reference,867,13,0.12857430055814723,1.222635019981167,1.2293769734497086,0.23332429738480934,0.7521868647463166
dpo,reference,867,14,0.13191797234283992,0.971565520555133,0.9804804496565003,0.228521486444049,0.7392573774007337
dpo,reference,867,15,-0.23997104675813002,0.8859756030743863,0.9178991625038206,0.2920978670430597,0.5763573807235709
dpo,reference,867,16,-0.036239416097841426,0.43393507673035786,0.435445686734975,0.2632608066415601,0.4842644932998783
dpo,reference,867,17,-0.28006106467937,0.5222454590457578,0.5925997970327501,0.3283417374395216,0.45706011631047544
dpo,reference,867,18,-0.016044455899392435,0.4465254076349563,0.4468135676416636,0.25571626230770333,0.6062100258736806
dpo,reference,867,19,0.08528140304333193,0.08042669407230728,0.11722359329264623,0.1203386104729796,0.5205496134904354
dpo,reference,867,20,-0.1580062764467034,0.23711141588565315,0.2849347415459393,0.34355191717160594,0.4828311410965482
dpo,reference,867,21,0.0398868160110149,-0.08000080578507662,0.0893928801290019,0.8236109288603258,0.4916601307825522
dpo,reference,867,22,0.18537792683626894,0.021914882772218994,0.18666879183471774,1.0187279513961958,0.5821243784931156
dpo,reference,867,23,-0.03061996357591712,0.1063531914384572,0.1106733188195584,1.2946154092445075,0.5019707956644722
dpo,reference,867,24,0.2713622563617082,-0.374643770695105,0.46259639978966965,0.8497683164607808,0.5019555777337912
dpo,reference,867,25,0.11506602837118196,-0.24553902125346042,0.27116342276056504,0.8197472807930493,0.37215482072168893
dpo,reference,867,26,0.48121117466382746,-0.3174306925250247,0.5764776137702639,0.9071921702213731,0.577349196912451
dpo,reference,867,27,0.21107501708625354,0.06048561847070935,0.2195704280629485,1.044417152945618,0.5000787885750038
dpo,reference,867,28,0.4829441371055669,-0.3266405056644778,0.5830343553388483,0.9053540117916251,0.5063124245479153
dpo,reference,867,29,0.5657723022396065,0.07010079499340582,0.5700986050151431,1.019619756914203,0.5746537681498496
dpo,reference,867,30,0.38546957068343785,0.10825424903766262,0.4003820330104514,1.0435742360410343,0.4304055242716932
dpo,reference,867,31,0.3397032915408887,0.11898133789416479,0.35993733489428326,1.0536190140075061,0.4330503896346355
dpo,reference,867,32,0.44915374410370057,0.4597553100629569,0.6427394736387818,1.1268563079624463,0.5446396690083282
dpo,reference,867,33,0.48901308270548355,0.5421100285029453,0.7300801860484807,1.1331883373028915,0.5576736817053785
dpo,reference,867,34,0.5793429032432045,0.8845143447486121,1.057357000073453,1.1577106540974242,0.7059445870984256
dpo,reference,867,35,0.6771708449935134,1.0423465346270497,1.242999055332806,1.1583050815300244,0.8231115665360539
dpo,reference,867,36,0.5947001906022309,1.05293379668381,1.2092716390047824,1.16817252073453,0.7514792188808778
dpo,reference,867,37,0.46208399065404376,1.4276278059456669,1.500547488994602,1.2001795953024377,0.7693930286725497
dpo,reference,867,38,0.3145640842673982,1.4123622212055051,1.4469684194893595,1.2151219712811834,0.7598101604753631
dpo,reference,867,39,0.46806615861560136,1.3822045201322721,1.459306432629984,1.1980332685843469,0.8005427987715639
dpo,reference,867,40,0.01895316432053018,1.4533246449380133,1.4534482261236428,1.2479245388785831,0.7265689019492675
dpo,reference,867,41,-0.35634323774453586,1.1858387162460253,1.238222098023727,1.2964596267488524,0.5694675630053935
dpo,reference,867,42,-0.3280253212344244,1.2904025868851763,1.3314426189704542,1.289618648296773,0.6305711050599151
dpo,reference,867,43,-0.6964392981061122,1.0364941246584356,1.2487384699759958,1.344160758568655,0.46032032793562144
dpo,reference,867,44,-0.4447137113468033,0.6024659923760982,0.7488227807896637,1.3512030580149081,0.4980083700497584
dpo,reference,867,45,-0.6742156211568567,0.489648451195016,0.8332600491860894,1.4000305758497549,0.3770939858085651
dpo,reference,867,46,-0.4391798071854605,0.19420475891982344,0.4802024483762708,1.433736238684617,0.4774931434704531
dpo,reference,867,47,-0.6069689024892175,0.07313197560759727,0.6113587608313431,1.4809158629808212,0.408104930664809
dpo,reference,867,48,-0.33541809118706756,-0.3019855988746962,0.45133202614404055,1.6166597989226812,0.482032310595918
dpo,reference,867,49,-0.29212297400660153,-0.3717455659925515,0.4727902259750978,1.6439978645427,0.5035646275864971
dpo,reference,867,50,-0.2304331288521882,-0.41583434434415895,0.47541311383758206,1.669464241144604,0.5580756749879943
dpo,reference,867,51,-0.14726527679165474,-0.5457436948858858,0.5652638695832429,1.7080522046863749,0.6431176782424466
dpo,reference,867,52,0.08401827888163414,-0.6886174126730047,0.6937240173316009,1.7693230043604091,0.8093363524788766
dpo,reference,867,53,0.29277568951477845,-0.4201739294682135,0.5121169157288336,1.846857349095717,0.7131405635088568
dpo,reference,867,54,0.3616654961728413,-0.600337183842082,0.7008613739002808,1.836295351757982,0.8501610064076367
dpo,reference,867,55,0.43070828107425574,-0.3973563530419803,0.5860048589293121,1.8814068146865368,0.7791636572109154
dpo,reference,867,56,0.5190720406240906,-0.18183781652139597,0.5500007044313002,1.9463721272946823,0.8469332760411067
dpo,reference,867,57,0.6441177809651846,-0.19394059796449353,0.672681701322653,1.95345338393592,0.9861515921496782
dpo,reference,867,58,0.6481367062739989,-0.08491529029521665,0.6536756049797398,1.9792664893238812,0.9418022981166868
dpo,reference,867,59,0.6093460966956478,0.06008462588762538,0.6123012557771523,2.0156429195471635,0.8832886227638923
dpo,reference,867,60,0.4904480547880915,0.3290016529746715,0.5905771601624034,2.094040116607471,0.9118069361909984
dpo,reference,867,61,0.36697132439137076,0.4771513163997756,0.6019479476396572,2.1456570820423617,0.8757375558395061
dpo,reference,867,62,0.2622748647873362,0.5536955417415309,0.612671900484805,2.1795944183870457,0.8405930177960291
dpo,reference,867,63,0.1447953375192081,0.3076047854643499,0.3399799903051209,2.179979874692837,0.8261002301800285
dpo,reference,867,64,0.07497389411190128,0.6348174230481332,0.6392294153148579,2.231289980717852,0.8002980322890973
dpo,reference,867,65,0.2515397815929019,0.41193984944466766,0.4826662421221318,2.1627522716943677,0.8319174896827413
dpo,reference,867,66,-0.15532637276452743,0.38383386584281665,0.4140709101639794,2.311199287877991,0.6523920842763042
dpo,reference,867,67,0.17861012062252396,0.23211767705756547,0.292882555286915,2.145617791805291,0.7549506675685835
dpo,reference,867,68,-0.08121150541834969,0.37735330218492297,0.38599329434872365,2.283737691690178,0.7443647824304713
dpo,reference,867,69,-0.2315909962171825,0.1103953038394181,0.25655703583933237,2.4292047046699095,0.5940886827075476
dpo,reference,867,70,-0.09335878916243402,0.30473355309523803,0.31871366757000563,2.2973140985218743,0.7122901161144544
dpo,reference,867,71,-0.07522417565453686,0.13349757072825905,0.15323275757243013,2.331668621601521,0.652635001030046
dpo,reference,867,72,-0.08797474118244301,0.24276641363048768,0.25821519450475194,2.305332561537429,0.7153875341006564
dpo,reference,867,73,-0.0903130169831746,0.14487808828526136,0.1707222935114075,2.338717441760472,0.6621837270140585
dpo,reference,867,74,-0.26073962616267404,0.14817508570159774,0.29990166500726007,2.4177526930721074,0.6272554842441564
dpo,reference,867,75,-0.09113783487633462,0.065487572658646,0.11222623186522603,2.4008351820374214,0.6634688567248446
dpo,reference,867,76,-0.14342181007806334,0.18256782490670945,0.23216551487513168,2.3559791768916747,0.7455827409822774
dpo,reference,867,77,0.028174786381243443,-0.015823416548095427,0.03231406967380062,1.91855757696905,0.7732793006459656
dpo,reference,867,78,0.05416774584304619,0.360136027847714,0.3641869070184241,2.2262397508146603,0.8089213548268723
dpo,reference,867,79,0.050846228163041136,0.2828145245630963,0.2873489067705987,2.221688545888836,0.8083556527562477
dpo,reference,867,80,-0.016788253774344973,0.3539283899383513,0.35432633358127,2.257543707742073,0.73072752218914
dpo,reference,867,81,-0.1769816513074725,0.22792144122177682,0.28856660975956944,2.3550817817287055,0.6534579939723576
dpo,reference,867,82,-0.12526898736596187,-0.101054859364751,0.1609484507440911,2.6080367233652635,0.5042160823512671
dpo,reference,867,83,-0.29499608615513345,0.0190569006443827,0.2956109881398471,2.4897327745006432,0.508284485789855
dpo,reference,867,84,-0.0841679121275199,-0.4326149051069682,0.44072655190335086,2.719417470592272,0.5229606400610386
dpo,reference,867,85,-0.013141367513843066,-0.3014578436385892,0.3017441416686693,2.743066392865831,0.5976818639523287
dpo,reference,867,86,0.013652781257175173,-0.6574822378568848,0.6576239742689993,2.753304416855271,0.5249625771549304
dpo,reference,867,87,0.27933935898658246,-0.6589697303879325,0.715731502063853,2.813811783035779,0.6635563451379052
dpo,reference,867,88,0.3798765105135714,-0.506694775136625,0.633281736978671,2.8523873157747115,0.6541746570757548
dpo,reference,867,89,0.5761445001737249,-0.423960283569071,0.7153214711753019,2.8990339608033544,0.8382075912320762
dpo,reference,867,90,0.7015776225124408,-0.1866439830086605,0.7259801214933822,2.958617760980206,0.9809044379295311
dpo,reference,867,91,0.7891807495967218,-0.20368058349148777,0.8150411251130072,2.9598007613215502,1.0280473707148616
dpo,reference,867,92,0.5271011610971323,0.16900814875736292,0.5535335476521147,3.049382705802244,0.9456899373576855
dpo,reference,867,93,0.7654153691527747,0.46948062586257505,0.8979269153976807,3.0875655116299616,0.9941273698855458
dpo,reference,867,94,0.4803307795246167,0.35744308510381884,0.5987346798434695,3.1018198836301307,0.8480947149183047
dpo,reference,867,95,0.5941303859411952,0.5787134936411198,0.8293975061579001,3.1229080478209474,0.9061827938182074
dpo,reference,867,96,0.09267078844910888,0.6732001769968865,0.6795486394220939,3.2282280254621734,0.7425588090660226
dpo,reference,867,97,0.17186842040667624,0.4476200931428862,0.47948149257122746,3.1916532904072294,0.6636154545013795
dpo,reference,867,98,-0.14226600975881498,0.45430155507766656,0.476056215670672,3.298300324930375,0.5952457779298119
dpo,reference,867,99,0.007607259973328062,0.3452254807374254,0.3453092859375321,3.2464934884937406,0.6022262262681224
dpo,reference,867,100,0.06980973869610305,0.4300290999560642,0.4356586122479858,3.2243866648411923,0.6299501597784082
dpo,reference,945,0,1.0569524390252636,0.0,1.0569524390252636,0.0,1.3862943611198906
dpo,reference,945,1,0.6508060562822229,0.31377620182628363,0.7224984620925837,0.07150091806798867,1.3269632539839087
dpo,reference,945,2,0.7169608746832088,0.19946920150698183,0.744191412323701,0.043187110601170524,1.276634023013727
dpo,reference,945,3,0.6786850371488369,0.48829444572070047,0.8360890176120029,0.09926092870273888,1.296873424067396
dpo,reference,945,4,0.5237715540544842,0.5986404246697313,0.7954288144676466,0.13560049749212355,1.2693321791156817
dpo,reference,945,5,0.283768133380609,0.5781052369538424,0.6439953559737628,0.17737631522648392,1.1623934639693667
dpo,reference,945,6,0.12955420310302107,0.9781140920025482,0.9866567125984742,0.2290414371811835,1.1658411345276767
dpo,reference,945,7,0.09697477695372936,0.8867232102823037,0.8920101787639982,0.23266322452323204,1.1687280846492787
dpo,reference,945,8,-0.001444503168701261,1.1036331536860278,1.1036340990130615,0.2502083116908559,1.1474342112318552
dpo,reference,945,9,-0.29095617126343937,1.3223464416546964,1.3539776975094961,0.2844696382296925,0.9795459879675141
dpo,reference,945,10,-0.29405100388058414,1.0143833684948322,1.0561437455015779,0.2949052711420571,1.0753462188325824
dpo,reference,945,11,-0.83035028889867,1.787024990719301,1.9705176781062947,0.31922827162473905,0.5644995471708895
dpo,reference,945,12,-0.45333774456620124,0.9798484193903026,1.0796379187626028,0.3189670682391435,1.037469042118999
dpo,reference,945,13,-0.6177735594771193,1.17751647142107,1.329732759338115,0.32689819720235225,1.0118502005275425
dpo,reference,945,14,-0.513927328779438,0.645783651147799,0.8253228600712273,0.3569818446452391,0.9106037835044717
dpo,reference,945,15,-0.4713601772135615,0.8526273996246467,0.9742452972703985,0.330375682907306,0.7552811304504623
dpo,reference,945,16,-0.12337386600055839,0.5793503893810021,0.5923411048440269,0.2833935549093887,0.7878814474903749
dpo,reference,945,17,-0.35045381923871777,0.7255423106043183,0.8057478041521783,0.3216156212915929,0.869906496174175
dpo,reference,945,18,-0.3004811782919267,0.922455931861089,0.970161782762759,0.30011811973330565,0.9361102624942024
dpo,reference,945,19,-0.42775174064256805,0.8760376507175033,0.9748915411969628,0.32229259909860386,0.9814388772573616
dpo,reference,945,20,-0.8287683968031413,1.0455547799041613,1.3341820915152807,0.3566733874228171,0.9297795141251424
dpo,reference,945,21,-0.8254053415793594,1.0089819805646147,1.3035868268020474,0.3591253947843183,0.9174766736299174
dpo,reference,945,22,-0.7993987544909021,0.9454264147412553,1.2380910606139233,0.36171099620929503,0.9235462287704499
dpo,reference,945,23,-0.9126770250887499,0.7622379641867931,1.1891114607859423,0.389256868946733,0.8889344058020517
dpo,reference,945,24,-0.8914379701900124,0.7120250284307572,1.1408949538885294,0.39273422930196517,0.9123973990119375
dpo,reference,945,25,-0.7868263698641056,0.516652994382846,0.9412895691115923,0.4075276034305501,0.9182342401626488
dpo,reference,945,26,-0.6725653203163711,0.42023519837843415,0.7930584669798468,0.4111162606418179,0.9440070930048128
dpo,reference,945,27,-0.8246687210444476,0.5537210370740069,0.993320434888661,0.4058909635116371,0.9246852502663243
dpo,reference,945,28,-0.721360624425661,0.5025667737620603,0.8791669423729406,0.4031537498667529,0.8973463243910864
dpo,reference,945,29,-0.3679390627137693,0.20629332897416225,0.42182471649955383,0.41867179898057016,0.9591751253139598
dpo,reference,945,30,-0.405662733131161,0.27036141659373913,0.48750133193050554,0.4064383204520221,0.8929008917526754
dpo,reference,945,31,-0.283753059780649,0.11019670331393669,0.30439959322597715,0.4410447453634236,0.8794700141695745
dpo,reference,945,32,-0.3887293917041691,0.1350504626404192,0.4115205552995921,0.44678333547429605,0.7911902218075875
dpo,reference,945,33,-0.07509700439244182,-0.03571841489106428,0.08315867501979952,0.5706588302766954,0.9398211592076597
dpo,reference,945,34,-0.25652013698515086,0.09112985595254042,0.2722264339200206,0.4456727894839618,0.8741715523441047
dpo,reference,945,35,-0.33071524244058237,0.03525138060972588,0.33258868203446873,0.4830992757445667,0.9261194780399009
dpo,reference,945,36,-0.19694116479451748,-0.11150774398478491,0.22631791656693384,0.5819957318943169,0.8364155920437437
dpo,reference,945,37,-0.1586982984334797,-0.022818825949832755,0.16033043611058553,0.5227287026936565,0.7452058193570009
dpo,reference,945,38,0.05748543605537393,-0.19316772175223304,0.20153993173915835,0.7960351583163013,0.8323035785007867
dpo,reference,945,39,0.17337816398417535,-0.18091638790860848,0.25058077971069864,0.8716142166132139,1.034563828387246
dpo,reference,945,40,0.14173487842426868,-0.16801654893634016,0.2198143227326641,0.861528348499576,0.8555571734914346
dpo,reference,945,41,0.26031039497305863,-0.2358448772019877,0.3512610252126621,0.8828416112382239,1.0823782853899733
dpo,reference,945,42,0.21892198223953652,0.13701604082987776,0.2582638762049053,1.08900302863906,1.16808788828612
dpo,reference,945,43,0.13913135281541955,0.1372283510413284,0.19542045355021265,1.1239040828024884,1.1832009251477613
dpo,reference,945,44,0.2997404673785233,-0.0008068429028292405,0.2997415533084551,0.9995715869556887,1.206566025466501
dpo,reference,945,45,0.14167602369434426,0.3249222889365424,0.3544666268319238,1.184559251655913,1.2004158590473633
dpo,reference,945,46,0.2120687351188319,0.1742851302606319,0.27449673048119666,1.1094847261638805,1.2305645083881562
dpo,reference,945,47,0.1244086598547601,0.32851282560705064,0.3512807868859125,1.19238386963707,1.1917663511413548
dpo,reference,945,48,0.04788456672372397,0.18461760233196017,0.1907264816985847,1.2096097575457696,1.1596859990881618
dpo,reference,945,49,-0.0353840470941533,0.2915175422310529,0.29365712696475627,1.2692239949581974,1.1480957967206993
dpo,reference,945,50,0.08741137049271361,0.19639065392148253,0.21496519866974273,1.183351853710921,1.159877385258924
dpo,reference,945,51,0.003988948427558342,0.08128569502034075,0.08138351137974797,1.2421960195384691,1.0225956735672546
dpo,reference,945,52,0.030023984640988155,0.20494985074716282,0.20713734809301437,1.2268493795736846,1.1435282212203648
dpo,reference,945,53,-0.09718440988911194,0.43866945040433897,0.44930579369015455,1.2846993056358993,1.1241850044549613
dpo,reference,945,54,-0.07478151718611116,0.4112288882810333,0.41797305399931134,1.2786293045807096,1.124121805838052
dpo,reference,945,55,-0.1743967575529614,0.4581722370961484,0.4902407856254675,1.3078850460022375,1.1003922583438452
dpo,reference,945,56,-0.2677814131501379,0.24330130436705188,0.36180438075760457,1.3826174652197007,1.0422641456279886
dpo,reference,945,57,-0.1810907110727984,0.14585572967146804,0.23252470732128255,1.3920861658449857,1.0693685560477375
dpo,reference,945,58,-0.16919248440878,0.19682148357753054,0.25954728505240693,1.3630087416063972,0.9526710114256368
dpo,reference,945,59,-0.15769268878365536,0.2044175624562181,0.2581734377048898,1.3545763045233516,1.0143885624852167
dpo,reference,945,60,-0.29186592883772666,0.21209667575420224,0.36079179630680647,1.3999844165248547,0.8682490642494338
dpo,reference,945,61,-0.2281444330422589,0.12905753454654964,0.26211777801478403,1.4180663232206627,0.9965603291094597
dpo,reference,945,62,-0.08130831111270875,0.04605616025684439,0.09344630197929274,1.4179753134396924,1.0232840733485273
dpo,reference,945,63,-0.020019326569836404,-0.02867400490410474,0.0349710164786553,1.6529955969854386,0.9494231021841174
dpo,reference,945,64,0.07415075259063794,0.10384441167666279,0.12760092455084415,2.1513084119644255,1.1207142287101939
dpo,reference,945,65,-0.172118838042622,0.27067453768360117,0.32076408739036477,2.3401439260628214,1.0578901891601542
dpo,reference,945,66,-0.08862710310501551,0.13680718411751963,0.1630060398603437,2.341489366933714,1.029537737974568
dpo,reference,945,67,-0.01706050852320226,0.26043632739950223,0.2609945240429595,2.260410952754888,1.0588021076091683
dpo,reference,945,68,-0.23867844179108655,0.4741355817076315,0.5308219554775926,2.3242237436399407,1.0610188744541862
dpo,reference,945,69,-0.208196200606609,0.536064336159897,0.575074456439841,2.308958697125049,1.082143236619785
dpo,reference,945,70,-0.44010462527323724,0.42047517146573365,0.6086800892143875,2.378629626191298,1.0110499022960862
dpo,reference,945,71,-0.18138604025251123,0.16472638657138963,0.24502179093164864,2.3826547999683068,1.0966963947685264
dpo,reference,945,72,-0.31068294154027376,0.2514809091668342,0.3997080657673731,2.391699212666447,1.063393667128446
dpo,reference,945,73,-0.4485712424995016,0.3812327344874187,0.5886888460318416,2.387887168240749,1.0177800104904928
dpo,reference,945,74,-0.48210822241033535,0.3385582223730178,0.5891095042961293,2.4025603665900426,1.004667294528484
dpo,reference,945,75,-0.5880285325028312,0.43387583519406847,0.7307706859219134,2.398828619379694,0.9620447383908991
dpo,reference,945,76,-0.5474474061100193,0.2993972944150339,0.623969071637073,2.4203496866826013,0.9946142721179788
dpo,reference,945,77,-0.46512660951297363,0.1424047558807416,0.4864379481233838,2.452714799481592,0.9332818076414522
dpo,reference,945,78,-0.4895182012841439,0.1165296364221077,0.503197004713991,2.462805483763709,0.9691984174125708
dpo,reference,945,79,-0.5056023814060642,-0.04054969388849322,0.5072258330940309,2.5127370846555555,0.9432625008251481
dpo,reference,945,80,-0.4104931369122429,-0.108321247656161,0.42454458911384174,2.541061920802267,0.85975097543904
dpo,reference,945,81,-0.4268970593051774,-0.14405066032114303,0.4505459931931095,2.5517952048656567,0.9496281059548083
dpo,reference,945,82,-0.26100894272356284,-0.31614653350119626,0.4099686559073695,2.6401585995235743,0.9144027608895732
dpo,reference,945,83,-0.19926953257283694,-0.29426798234519275,0.35538991550873755,2.655264750317101,1.0165715121674095
dpo,reference,945,84,-0.10788696103957261,-0.5201803373136701,0.5312505808844992,2.717452243227732,0.9747869235080618
dpo,reference,945,85,0.0013843757252131501,-0.5107943358620759,0.5107962118545202,2.7504313471877544,0.9147151352751849
dpo,reference,945,86,0.005414338117237766,-0.7536744574076648,0.7536939052466762,2.751143336944553,0.9234735179155771
dpo,reference,945,87,0.19029905017940704,-0.8393914535730047,0.8606925936887025,2.785482344102888,1.0390892777054304
dpo,reference,945,88,0.15790511449283523,-0.7248481201870183,0.7418482476367046,2.784137879529818,1.1275213877793315
dpo,reference,945,89,0.41207854557713725,-0.7640750017452278,0.8681125134548741,2.8287187061003505,1.0106887730155623
dpo,reference,945,90,0.3261754733559434,-0.5089087884465534,0.60446554440854,2.8407140934532213,1.1272571219606218
dpo,reference,945,91,0.4345125475548729,-0.544917421378523,0.6969477384312575,2.8571348951728766,1.1553287240186283
dpo,reference,945,92,0.5264515291880533,-0.49837029240384756,0.7249304524815717,2.879359928246614,1.163121493674123
dpo,reference,945,93,0.5765883073619391,-0.4364754458610248,0.7231631150895946,2.8968733298265605,1.122878723041497
dpo,reference,945,94,0.6675529073954447,-0.1832728864396157,0.692254169417577,2.9573556174787963,1.2112155310040205
dpo,reference,945,95,0.39392181465845755,0.09866569604964279,0.40609028016042525,3.039059997744115,1.2679196800630856
dpo,reference,945,96,0.4416864563415655,0.40590127539682863,0.5998689615943984,3.1182844615732317,1.2647657679629796
dpo,reference,945,97,0.3257608589723394,0.27552478788347,0.4266544807881754,3.111733770295841,1.1946308492507305
dpo,reference,945,98,0.4944569871384308,0.6073231734382861,0.7831533369175954,3.141247133451902,1.2512200631626034
dpo,reference,945,99,0.4888532502537224,0.4026972131840699,0.6333581496987662,3.1096674827610506,1.2172027704177657
dpo,reference,945,100,0.41288312587664583,0.7587515102253339,0.8638149859216933,3.1706852310255185,1.2183564504706208
dpo,feedback,54,0,2.533813529719409,-2.220446049250313e-16,2.533813529719409,0.0,1.3862943611198906
dpo,feedback,54,1,2.5502202639060014,0.14156051438820916,2.5541461926974054,0.008825495691058791,1.3772135312227456
dpo,feedback,54,2,2.1411879534595606,0.353518614809347,2.1701753991456685,0.026042177004070365,1.2742920428992546
dpo,feedback,54,3,2.0281443598271065,0.9105950984317448,2.2231853223666316,0.06716416506945162,1.1261560460315434
dpo,feedback,54,4,1.565514725749929,1.0946003857589983,1.9102320175946228,0.09711405884010005,0.9751549821122119
dpo,feedback,54,5,1.0657271564351467,1.1409385810870196,1.5612543731808104,0.13042249682033494,0.7272370308924769
dpo,feedback,54,6,1.0734259950095602,1.3048825953193377,1.6896632665503486,0.14044030952572722,0.8448821967148961
dpo,feedback,54,7,0.5056398899998729,1.794323548034881,1.8642072560183773,0.20628382786600738,0.673470947977476
dpo,feedback,54,8,0.5552122124588144,1.8758000502457712,1.9562429372052568,0.20419982564781444,0.8825150519261526
dpo,feedback,54,9,-0.05861459507220937,2.2565240601009764,2.257285206740627,0.254133217725603,0.7984815983649856
dpo,feedback,54,10,-0.2294955399078362,2.3784847489086025,2.3895308961443473,0.26530917058298853,0.7840148995426017
dpo,feedback,54,11,-0.49020728142324477,2.18895233347193,2.243170857730765,0.2850635965009307,0.733616584305742
dpo,feedback,54,12,-0.4132411330319755,2.0842465235199383,2.124818063937357,0.2811514649186397,0.7601828224741745
dpo,feedback,54,13,-0.2548768209056299,1.7150966385257034,1.7339315653500076,0.27347983474451376,0.8146101201410658
dpo,feedback,54,14,-0.38649842970591525,1.889329577100449,1.9284572297750602,0.2821150848367296,0.8027947829110365
dpo,feedback,54,15,-0.027571923373244198,1.5766398806197026,1.5768809479852974,0.2527829821471392,0.9106123370189907
dpo,feedback,54,16,-0.29993937930070685,1.9428765515225201,1.965892399321828,0.27437773603298615,0.8428551455842379
dpo,feedback,54,17,-0.7035643424513245,2.0857355239505972,2.2012031845875653,0.30177883098778885,0.6595168261186795
dpo,feedback,54,18,-1.196374302774239,1.8648257657121494,2.215600733165263,0.3407836104113159,0.7479151592770193
dpo,feedback,54,19,-0.837675538211768,1.6232252920907093,1.8266254832891564,0.32582299629893474,0.8063145427549725
dpo,feedback,54,20,-0.9038415236047768,1.5791257493551019,1.8194965325794157,0.33273737192859193,0.7874597555668698
dpo,feedback,54,21,-0.836513233682113,1.2822235861848976,1.5309643088897158,0.3420003711623799,0.7772680852086573
dpo,feedback,54,22,-0.8541561208707772,1.1937657297232411,1.4678757768567052,0.34884514356182433,0.7337694169825839
dpo,feedback,54,23,-1.1235391455138108,1.3867491881271563,1.7847726808401208,0.3583729593223954,0.7661552387381338
dpo,feedback,54,24,-0.520142930827428,1.074619809693402,1.1938829104544677,0.3217448499727188,0.6871270050414968
dpo,feedback,54,25,-0.5331205952856422,1.15513203270279,1.2722215145538913,0.3188178737463471,0.7564870233250143
dpo,feedback,54,26,-0.97975998676476,1.1569798919344505,1.516091059932066,0.3618299294006773,0.6364168019187258
dpo,feedback,54,27,-0.910385299912301,1.0067183961812898,1.3573073798908772,0.3670092983456205,0.5882473568853205
dpo,feedback,54,28,-0.7103826011957105,0.9674800138470884,1.2002753922642695,0.3508010470240687,0.558849281041539
dpo,feedback,54,29,-0.2148793899365137,0.6890579851212999,0.7217853275586266,0.29811065598895997,0.6104158476695416
dpo,feedback,54,30,-0.17534095121236437,0.8929159466735672,0.9099688659487255,0.2808604177313117,0.7473173326769031
dpo,feedback,54,31,-0.4823615550850081,1.1249096021548408,1.2239666183536988,0.31447129799484574,0.793802237249488
dpo,feedback,54,32,-0.30845350881217054,0.974815595861102,1.0224524502550596,0.2987737192903653,0.7572106711799507
dpo,feedback,54,33,-0.11468057640952145,0.9131523401996202,0.9203253940958399,0.2698837801873129,0.828905661495218
dpo,feedback,54,34,-0.15880327013579545,0.873158218182166,0.8874816914082664,0.2786329068939026,0.8258538693001852
dpo,feedback,54,35,-0.09276921288718369,0.9247897354346144,0.9294311064435771,0.26591221238586227,0.833543052265421
dpo,feedback,54,36,-0.27281676109471426,1.091918176263794,1.1254840242266704,0.2889672333079276,0.7961473436680278
dpo,feedback,54,37,-0.5192418912055301,0.9917932114565114,1.119493597960219,0.3267605195703387,0.7818509292751444
dpo,feedback,54,38,-0.7876714858154952,0.8702722665601561,1.1737973366431453,0.36707725735883245,0.7637743946841674
dpo,feedback,54,39,-0.763294868821635,0.8334320274687206,1.1301451239465041,0.36801351751579403,0.7502834433047035
dpo,feedback,54,40,-0.8555702259803826,0.6114261341326173,1.0515903808444047,0.4012467219049589,0.7103196932445186
dpo,feedback,54,41,-0.48815229011568095,0.39239973807918305,0.6263147872993223,0.39223901204935907,0.615143802787858
dpo,feedback,54,42,-0.3111612245557628,0.34623026607986024,0.46550693315650266,0.3665178003666663,0.6121205569869083
dpo,feedback,54,43,-0.1264676262990309,0.33650232420430254,0.35948278776126247,0.3072158889775389,0.7424369580360276
dpo,feedback,54,44,-0.21451392677674,0.5148255734065956,0.5577289626822391,0.31283381985843,0.7673335106515209
dpo,feedback,54,45,-0.23601242441344045,0.5033398737666479,0.5559252584664012,0.3197820575924335,0.7155689569205836
dpo,feedback,54,46,-0.24843396127098824,0.19758573846847233,0.3174264594499432,0.3930663688293261,0.6086445362840771
dpo,feedback,54,47,0.056457689962785385,0.014676191322564036,0.05833404964230155,0.040476519051609074,0.601642373263142
dpo,feedback,54,48,0.0077287141174920415,-0.16081252859045825,0.16099814400659057,-0.24235683121601068,0.47780758181057004
dpo,feedback,54,49,0.1698260339038143,-0.16526198745747206,0.2369649895868441,-0.12283237360928287,0.5495146716390397
dpo,feedback,54,50,0.34123624774310957,-0.006149264722899728,0.3412916498105823,-0.002867749146193162,0.6664033435706653
dpo,feedback,54,51,0.2501186888475515,0.18536776051949136,0.3113206789643595,0.10150792792464118,0.7442932073250852
dpo,feedback,54,52,0.17663849806484638,0.42684101683369663,0.4619463309197605,0.1875524694839314,0.7212461985319264
dpo,feedback,54,53,0.1458148318767309,0.6032094038040677,0.620583233767154,0.21225135712548995,0.7765400474389321
dpo,feedback,54,54,-0.006270723189976651,0.7158120435931157,0.7158395097522056,0.25139420825952896,0.8044911199992246
dpo,feedback,54,55,-0.16759267665987665,0.7504220935483128,0.7689087226423269,0.2849703995505846,0.8117531155196562
dpo,feedback,54,56,-0.46439263509528195,0.864872479744152,0.9816643651215716,0.3284265049585607,0.7822411180753192
dpo,feedback,54,57,-1.0142512673650474,0.9386667035147341,1.381955431133299,0.3811567643442454,0.7491355122726724
dpo,feedback,54,58,-0.6123470859849239,0.6053934163792087,0.8610866055801344,0.37590881337970505,0.7546048255249436
dpo,feedback,54,59,-0.44445938735028995,0.44041154114918646,0.625704780692298,0.37572804995318165,0.7711355951698275
dpo,feedback,54,60,-0.4894339385207821,0.33089164083778855,0.5907917214656014,0.4053848636138294,0.7626114673902734
dpo,feedback,54,61,-0.3687559075022452,0.22705477285541692,0.4330528711303383,0.4121612996735525,0.7599495942182303
dpo,feedback,54,62,-0.10117987798650013,0.054446873203455454,0.11489921544987247,0.4214289872345879,0.7870167562935122
dpo,feedback,54,63,0.011591283590409299,0.16584978399040393,0.16625434943163722,0.23889467891030386,0.8020903851367702
dpo,feedback,54,64,-0.10706769126154744,0.26515018066010304,0.2859512350317153,0.3110801812319091,0.7982407010995693
dpo,feedback,54,65,-0.03734902622793312,0.34160191652753497,0.34363762764787537,0.2673323511049697,0.8014485112486893
dpo,feedback,54,66,-0.06852350762653137,0.27822396035263325,0.28653803100417047,0.2884332038316305,0.8031686998700258
dpo,feedback,54,67,-0.41849427553917795,0.522806271208256,0.6696744402123631,0.3574346140208816,0.7772129182155709
dpo,feedback,54,68,-0.2680889486458682,0.603206815636321,0.660098588709412,0.316561815131217,0.7813670226746314
dpo,feedback,54,69,-0.2223358292402877,0.5904662668867986,0.6309386921842711,0.30731528985325063,0.7940857058466979
dpo,feedback,54,70,-0.44402280328007276,0.4998872978634143,0.6686131619986853,0.36559152872261447,0.7482969617453354
dpo,feedback,54,71,-0.6301398252289966,0.2387945972710589,0.6738687253653174,0.4423487486862666,0.7312524387482272
dpo,feedback,54,72,-0.598777879216267,-0.07494281677869949,0.6034495624536123,0.5198167263609607,0.7422584292655741
dpo,feedback,54,73,-0.3629910559753676,-0.3983068962141987,0.5388978477317393,0.6323777473489903,0.6562499254502261
dpo,feedback,54,74,0.03199504092349112,-0.44018680878801886,0.4413480591037824,0.7615478919518708,0.7526814688600891
dpo,feedback,54,75,0.2355608214820833,-0.11031874069235931,0.2601136773898326,0.9302921902879361,0.8457446322398924
dpo,feedback,54,76,0.4636204819980413,-0.00799037402373919,0.4636893328567473,0.9972572790017596,0.8734282815844471
dpo,feedback,54,77,0.25923933252397136,0.3240910289530368,0.41501810391272376,1.1426216726684741,0.8479005336631666
dpo,feedback,54,78,0.12112407179577551,0.4917149098951905,0.5064134609008962,1.2115606665508807,0.8322943234060423
dpo,feedback,54,79,-0.040384436068174254,0.5519030161916764,0.5533785702012811,1.261625136618388,0.7947452793625572
dpo,feedback,54,80,-0.15641369885088455,0.4646540781436066,0.49027406368652626,1.301679073435023,0.7849252535297779
dpo,feedback,54,81,-0.35042564537475257,0.6237649909949952,0.7154585221571536,1.3314635874940248,0.7647179561583815
dpo,feedback,54,82,-0.6347106349062636,0.4069559243038622,0.7539699691560156,1.4092592248119036,0.7562232204939561
dpo,feedback,54,83,-0.29303682240841866,0.08261263256469303,0.3044592359356045,1.456266250140254,0.7418765084990353
dpo,feedback,54,84,-0.09011633634691275,0.042710247825222564,0.09972521920698815,1.4295599718178476,0.7842608082496576
dpo,feedback,54,85,0.0335955379292841,0.11242017066047777,0.11733266782993095,1.2037827779882038,0.7395770511837468
dpo,feedback,54,86,0.09336818643398648,-0.03812775093188642,0.10085307942296864,0.9382969520708997,0.7141800401778042
dpo,feedback,54,87,0.3193756394657086,0.008039700617537365,0.31947681585703513,1.0040055901523404,0.7836482433407121
dpo,feedback,54,88,0.3878787025052794,0.1374211506038461,0.41150268588487243,1.0541907647978999,0.8379055785973579
dpo,feedback,54,89,0.4617091559327704,0.13124719908321572,0.4800012207685941,1.0440792555078156,0.8703488606911569
dpo,feedback,54,90,0.4400948236284726,0.33570437023691013,0.5535168271884214,1.1037121982598028,0.8768807532763805
dpo,feedback,54,91,0.38668597588658793,0.4915396097800311,0.6254096512927092,1.1439123982851331,0.8428193938858556
dpo,feedback,54,92,0.28680860871527675,0.6551975684006384,0.715222365192324,1.1843302875120258,0.80199507013268
dpo,feedback,54,93,0.13018991641297895,0.8316402736747246,0.8417689464059536,1.2252855251277244,0.7585375251399702
dpo,feedback,54,94,0.07990696171131817,0.6301215161682544,0.6351678893553371,1.2299244015134696,0.7800405266413037
dpo,feedback,54,95,-0.22076026892433978,0.6511230615141488,0.6875291539790184,1.3020249754369713,0.7673131505617188
dpo,feedback,54,96,-0.23133636476405692,0.33896012122567,0.41037845635896836,1.345314124146281,0.7859221888317851
dpo,feedback,54,97,-0.19761399498897037,0.33532695409301555,0.38922417339728543,1.3347543976800462,0.791022283797385
dpo,feedback,54,98,-0.05528205725339459,0.37536534299570135,0.3794143468247453,1.273272301198976,0.7876050041656161
dpo,feedback,54,99,-0.34376813313399324,0.18529133638358414,0.3905245302119259,1.4213202560812654,0.7574977868918806
dpo,feedback,54,100,-0.0950488049602646,-0.05313207815075577,0.10889119823471702,1.5811252687727415,0.7362663726594747
dpo,feedback,251,0,1.4345580071154436,-1.3877787807814457e-17,1.4345580071154436,0.0,1.3862943611198906
dpo,feedback,251,1,1.2498537142623576,0.3739745551455855,1.3046038766429255,0.04627209447595724,1.2422560838865349
dpo,feedback,251,2,1.0600121614842188,0.4860927093616248,1.1661526077615103,0.06843027976783742,1.2540165402966204
dpo,feedback,251,3,0.6251845309348454,0.7840189069036663,1.002766844337527,0.14286330805848277,1.0794619056953527
dpo,feedback,251,4,0.5566334945922795,0.8019070737139009,0.9761638193328029,0.15342791243216658,1.1040356656711292
dpo,feedback,251,5,0.5156731518365308,0.8732734067674498,1.0141623353744948,0.16510526671382064,1.039832648631464
dpo,feedback,251,6,0.521599828705124,0.9091819271810004,1.0481784953040074,0.16710279005732548,1.0022886042318397
dpo,feedback,251,7,0.48879712922677665,1.0748305035925825,1.1807553705122085,0.18207094425180706,1.0250819449268695
dpo,feedback,251,8,0.11661764333334085,1.000742711130871,1.0075145897793183,0.23153677356977145,1.0332098784211343
dpo,feedback,251,9,-0.41033581503357575,0.8598439034024402,0.9527365949293717,0.3208651942299024,0.9818010698594861
dpo,feedback,251,10,-0.20617171649944616,0.5244615449409216,0.5635305571183752,0.3096120730430213,1.018121483098101
dpo,feedback,251,11,0.03929017295836809,0.6731254978239893,0.6742712017518558,0.24072069308898553,1.13447926504455
dpo,feedback,251,12,0.16334471345191962,0.7171567990704149,0.7355238744361825,0.21435778723286783,1.131865055880814
dpo,feedback,251,13,0.09530412379111591,0.8125428130147737,0.8181128889056534,0.23141742979588867,1.1034699459669943
dpo,feedback,251,14,-0.04061184967778719,0.8873438653133344,0.8882727383205341,0.2572791050435398,0.9861901847495578
dpo,feedback,251,15,-0.1657514223641915,0.9465093902412547,0.9609128783769236,0.2775912224610732,1.0009283410999756
dpo,feedback,251,16,0.007838807781591184,0.6433700237285825,0.6434177758967758,0.24806095523343,1.1140533942538309
dpo,feedback,251,17,-0.283595599477919,0.5562835644720179,0.6244020084408233,0.32503519442180223,1.155678172593647
dpo,feedback,251,18,-0.5545443399504029,0.40393924673459913,0.6860658423384328,0.3998049655788205,1.1132434127174542
dpo,feedback,251,19,-1.073232543352216,0.4530460252953228,1.1649372485873035,0.4364272930833947,0.9387548141342135
dpo,feedback,251,20,-1.0671849728882352,0.12039520791584747,1.0739547348224523,0.4821204230970408,0.8173928988559114
dpo,feedback,251,21,-1.0000775403179585,-0.3349053291442594,1.05466424331995,0.5514295407326306,0.8720270547313814
dpo,feedback,251,22,-0.5000552669089356,-0.8625956116510178,0.9970589045803465,0.6663852872098123,0.8127038888184142
dpo,feedback,251,23,0.35890656885591155,-0.7798432748388168,0.858469253077391,0.8186479536010982,0.8815903587437319
dpo,feedback,251,24,0.6600692691242778,-0.5696437944263756,0.8718861695030706,0.8866822419094003,1.1674644118837496
dpo,feedback,251,25,0.7492110303513243,-0.06956439137102308,0.7524336333171943,0.985264680527532,1.2752394943357084
dpo,feedback,251,26,0.7137151744308077,0.2348501020552147,0.7513613781983628,1.0505942898537703,1.2317766996491701
dpo,feedback,251,27,0.5290863972191194,0.3530037106676203,0.6360377626111651,1.0936417023488125,1.1949418035161725
dpo,feedback,251,28,0.5068046786921756,0.2805212230828386,0.5792608556981657,1.0804581839933662,1.2638804372567838
dpo,feedback,251,29,0.4548306168721149,0.12780511600673403,0.47244580400482267,1.0435974887693604,1.22949421146787
dpo,feedback,251,30,0.47252139830276896,0.2799343161322937,0.5492173460502308,1.0851212081277126,1.1426410618827048
dpo,feedback,251,31,0.4055816446068433,0.545941426389533,0.6801091908585192,1.1483089553612293,1.100606730793202
dpo,feedback,251,32,0.2941820821756708,0.6816513485044028,0.7424228299231402,1.185156369342237,1.0115042414112527
dpo,feedback,251,33,0.255567667959974,0.8274416198238177,0.8660106622456579,1.202321993260959,1.0584645515979632
dpo,feedback,251,34,-0.13138561498570256,0.8667152537680296,0.8766170834174699,1.2739440459245257,0.9993653046934804
dpo,feedback,251,35,-0.12262158924444358,0.8057788844486811,0.8150556206616785,1.2740354296774374,0.9869093706504833
dpo,feedback,251,36,-0.6410543558715698,0.6633112787772709,0.9224600477717458,1.3722845378070443,0.8695278442653361
dpo,feedback,251,37,-0.716503767134941,0.3509553507448973,0.7978391482843115,1.4275100718077571,1.0094934878826394
dpo,feedback,251,38,-0.713385823180815,0.2913446695999283,0.7705848747669919,1.4382917781471636,0.8432429325869004
dpo,feedback,251,39,-0.7841086163407123,-0.09242494792355534,0.7895370119370075,1.5186738459271019,0.6925457156539153
dpo,feedback,251,40,-0.5628051046573099,-0.5365232194942866,0.7775646281080694,1.621195772272151,0.8852563038996664
dpo,feedback,251,41,-0.34918501919154493,-0.777196792756908,0.8520358163243044,1.6827949977137038,0.9088975222302249
dpo,feedback,251,42,-0.06059995670097923,-0.7898270200578874,0.7921483928947171,1.7378126180951017,0.8954640520566465
dpo,feedback,251,43,0.370204216424193,-0.5640790020175294,0.6747119995785925,1.8424356423551438,1.0514691515671424
dpo,feedback,251,44,0.3206267313330125,-0.35807192387723863,0.4806422822790758,1.8662279896854588,1.1315148486697617
dpo,feedback,251,45,0.4467061655116875,-0.13162741147880153,0.46569536583346516,1.9543937461647891,1.2004239691264726
dpo,feedback,251,46,0.4730161298891609,-0.00997837706122945,0.47312136618852413,1.9966430901142167,1.2332807046079142
dpo,feedback,251,47,0.36342056140028645,-0.046916365417016125,0.36643641984994113,1.9795666486179015,1.1866407826746395
dpo,feedback,251,48,0.5586369882733645,0.19809838638493843,0.5927210603272433,2.054236185348877,1.2598061572632557
dpo,feedback,251,49,0.35173531861867013,0.5781153643569796,0.6767090282162493,2.1630081958412224,1.1514390839322357
dpo,feedback,251,50,0.18828431796696612,0.5577453321550566,0.588668701336363,2.198184129377067,1.115745275981903
dpo,feedback,251,51,-0.12965227009510216,0.4685373899268468,0.4861450368977095,2.2929657562740338,1.0203143154041263
dpo,feedback,251,52,0.011121682908016649,0.3852107063791188,0.3853712238086884,2.245406204452963,1.0921378540768663
dpo,feedback,251,53,-0.020327427308056298,0.3375786599580923,0.33819011806980054,2.2595720175170726,1.1194492640781668
dpo,feedback,251,54,-0.21198461934619467,0.34868993907044143,0.40807125903241365,2.3369370506425264,0.9851735254586129
dpo,feedback,251,55,-0.4842542158501024,0.2507672553226152,0.5453314239163514,2.423952704375498,0.8900395216666286
dpo,feedback,251,56,-0.3320742717000346,0.035680889988773064,0.33398570004642314,2.482964395558944,0.9005272314070804
dpo,feedback,251,57,-0.1332988528926039,-0.04389785208241175,0.14034103320103267,2.5506324971692798,1.0182369676187912
dpo,feedback,251,58,-0.057120253024499856,0.0052778026448724105,0.057363564275078896,2.4853360224309746,0.9382283002935276
dpo,feedback,251,59,0.010142509181885452,-0.015497761277755245,0.01852163861884041,2.842229832198775,1.017110733210374
dpo,feedback,251,60,0.03593528189037953,-0.10441077406200376,0.11042171083970687,2.802755658336247,0.9781064153457896
dpo,feedback,251,61,0.09418812090732534,0.14329935156521206,0.17148208734169054,3.1574549762617434,0.9916636606536344
dpo,feedback,251,62,0.06813968868904667,0.3298207438184207,0.3367858967171524,3.2175753839677155,0.9994037098959299
dpo,feedback,251,63,0.02446816028656687,0.05391347320954883,0.059206025549143795,3.1821930310878055,0.9521772711236483
dpo,feedback,251,64,0.07282336143338417,-0.09188825363994477,0.1172462925957837,2.85665988911733,0.9165716278572944
dpo,feedback,251,65,-0.0024348751869829877,-0.09825286892612128,0.09828303449420839,2.7460566737126246,0.8185741787405739
dpo,feedback,251,66,0.03633019812356503,-0.05550320395526757,0.06633618126631587,2.842242135774603,0.7452850750921357
dpo,feedback,251,67,0.037587563976023364,-0.1459963171366704,0.1507572538325201,2.790104381518149,0.7019752222092438
dpo,feedback,251,68,0.07896327594315439,0.011799507722151253,0.07984001083516867,3.0236078917304745,0.8248020744271591
dpo,feedback,251,69,0.13465604071779325,0.3776642653775729,0.4009520503064847,3.195489799608485,0.7215947540583547
dpo,feedback,251,70,0.15564503919017747,0.4486875072690224,0.4749166846972223,3.196857973949704,0.7061291235781958
dpo,feedback,251,71,-0.04048231840249006,0.47426849923237835,0.47599309602910533,3.263552200047449,0.7955183269435062
dpo,feedback,251,72,-0.2996286373374375,0.24434733601416855,0.386630237992207,3.3911187090090005,0.6464409644709238
dpo,feedback,251,73,-0.19371423288499234,-0.16784803342800425,0.2563165354554198,3.6136334049590695,0.8254091199434268
dpo,feedback,251,74,0.004589175719885763,-0.18575559804228467,0.18581227822142116,3.7539311948739313,0.9497954757022116
dpo,feedback,251,75,0.07270394922048487,-0.009624738080918658,0.07333825615175976,3.9790524572244963,1.018052635301332
dpo,feedback,251,76,0.15861520685732672,0.29181943177911224,0.3321405795898425,4.170761667333868,0.9997975297410215
dpo,feedback,251,77,0.1772103921875695,0.39978714316437763,0.4373022786800988,4.1835947682763575,0.9278018128054344
dpo,feedback,251,78,0.15783304523752723,0.41396584013044097,0.4430338440388647,4.1920267131988,0.9286106378749217
dpo,feedback,251,79,0.18607888441775275,0.49627057908998645,0.530009281896521,4.192906223924248,0.9282996357360931
dpo,feedback,251,80,0.1398342957408312,0.6253056513553974,0.6407501758738205,4.214984989524003,0.9049229982994949
dpo,feedback,251,81,-0.00392773476213204,0.7357051686763579,0.7357156531687157,4.2508496779555225,0.8069455241996147
dpo,feedback,251,82,-0.022319469242730705,0.7139748058312786,0.7143235835873608,4.254973701269864,0.7523804725824319
dpo,feedback,251,83,0.12272990399780098,0.7223279589240967,0.732680223275312,4.223213975721927,0.9384613152067907
dpo,feedback,251,84,-0.07176272806139433,0.7951428800196922,0.7983746543978112,4.2643251403085545,0.7723289382777936
dpo,feedback,251,85,-0.2011066027234396,0.5950944532359443,0.6281570455954075,4.301867225120308,0.7961202648083285
dpo,feedback,251,86,-0.27283195432437457,0.3843143328578673,0.4713117670294741,4.348254602816697,0.6902498626416086
dpo,feedback,251,87,-0.10893074988739546,0.07428814006482394,0.13185080972569416,4.404741546764425,0.8514207673527542
dpo,feedback,251,88,0.05955854904006027,0.39979324186706733,0.40420521645116936,4.22646324969459,1.019863791796576
dpo,feedback,251,89,-0.05085059715411476,0.36099188341103033,0.3645557887615735,4.272272586421965,0.9749537881954744
dpo,feedback,251,90,-0.12078651893403286,0.40911588677530075,0.4265737825606986,4.295690550860659,0.9428863896230051
dpo,feedback,251,91,-0.6945611662502833,0.31433569056106725,0.7623792625874978,4.4323612396724155,0.7465944785053187
dpo,feedback,251,92,-0.617326961425773,0.25434300625150247,0.6676697852473404,4.4377999941900175,0.8493144448815914
dpo,feedback,251,93,-0.5325464671261327,-0.06645546501933144,0.536676875297847,4.519758506076419,0.8607021769871845
dpo,feedback,251,94,-0.3282735580860894,-0.03452623482749165,0.33008421626891554,4.51667783646537,0.9398639045502298
dpo,feedback,251,95,-0.48344590264591086,-0.06057754409919107,0.4872264151646635,4.519839296767714,0.8245029048768465
dpo,feedback,251,96,-0.537640804628563,-0.08491687022096564,0.5443055296887704,4.524931534822122,0.8998212260645677
dpo,feedback,251,97,-0.3128741441702418,-0.23556733140927816,0.3916403933681381,4.6027127876302,1.0002424621450294
dpo,feedback,251,98,-0.014302506633381062,-0.3449454192591961,0.34524180506407465,4.743404720356488,1.0439538240985362
dpo,feedback,251,99,-0.0034559629972283346,-0.40100042805396774,0.4010153201309192,4.74862838057473,1.0485391419165837
dpo,feedback,251,100,0.12552016082666825,-0.19846414438933005,0.23482616417712385,4.839754496592363,1.1106422853060378
dpo,feedback,612,0,2.367405643698792,-4.440892098500626e-16,2.367405643698792,0.0,1.3862943611198906
dpo,feedback,612,1,2.549557262453574,1.1891091748856666,2.813222860764329,0.06945629363899303,1.0852621054111082
dpo,feedback,612,2,1.6732479096270731,2.072501306980395,2.6636479186459336,0.14190026093580485,0.5246681112903985
dpo,feedback,612,3,1.1645989840531397,2.3865608158768996,2.655553298568232,0.17774569981782345,0.29660301498047487
dpo,feedback,612,4,0.5665851209080137,2.389078176768078,2.4553438117591257,0.212940055532358,0.1837314200253004
dpo,feedback,612,5,0.13558302983586323,1.7537103297951444,1.758943625819107,0.23771982497726732,0.3364554843278645
dpo,feedback,612,6,0.009582097593748284,1.273240469110354,1.2732765248659266,0.24880226128213076,0.5713194191859169
dpo,feedback,612,7,-0.4238569985335743,1.2384595195128942,1.3089830925867603,0.302481310961488,0.5426568291441711
dpo,feedback,612,8,-0.957059786960366,0.7639322578277232,1.2245635673032185,0.39278575459183135,0.7155092494462209
dpo,feedback,612,9,-0.9626174858943992,0.5229825033151964,1.095510439440667,0.4207919857865861,0.6479333445720719
dpo,feedback,612,10,-1.8477732235317157,-0.43152346695908606,1.8974926582564626,0.5365141390151726,0.6904731260815001
dpo,feedback,612,11,-1.697254582151822,-0.9651528602374799,1.9524838437897365,0.5822915435830384,0.564809296917738
dpo,feedback,612,12,-1.184774300676764,-0.7014094718034192,1.3768316493601047,0.585073220593365,0.7951833423640415
dpo,feedback,612,13,-1.3327933985411846,-1.062933499080964,1.704748036122483,0.6071476914420202,0.8267724355166248
dpo,feedback,612,14,-0.9807044264535657,-0.8396964121568451,1.2910736759204315,0.612696446612226,0.9205024706941576
dpo,feedback,612,15,-0.4692907559082303,-0.7613077343827457,0.8943283960670753,0.6620810901122598,0.8706696710392563
dpo,feedback,612,16,-0.1274227569322556,-0.4743126013786811,0.4911303317967934,0.708229700332306,0.9324069036429261
dpo,feedback,612,17,0.04797324667432972,-0.35369343913444373,0.35693204014661745,0.7714560618422486,0.9583534008522594
dpo,feedback,612,18,0.31633666352661943,-0.3139751679296923,0.4457008983249104,0.8755962793653401,1.01234750267179
dpo,feedback,612,19,0.26072725142604036,0.25514078723748457,0.36479517670651984,1.1232765386308272,0.7736814061691389
dpo,feedback,612,20,-0.0643236597280217,0.13267787314526425,0.14744813061940512,1.3218461289495522,0.8058458924578471
dpo,feedback,612,21,0.10882710394590503,0.12784723124918054,0.16789357668277327,1.1377629198871702,0.830483229278882
dpo,feedback,612,22,0.0964741261688906,-0.06939111899924875,0.1188376388860824,0.9007600003327411,0.9004353456749667
dpo,feedback,612,23,0.2838455009627635,-0.13517274726907139,0.3143881995576017,0.9292647275227545,0.9569562624494999
dpo,feedback,612,24,0.41010387715653146,0.09549065130743728,0.42107440499980286,1.036409684810505,0.7944966973095748
dpo,feedback,612,25,0.597015867476334,0.18895951074923437,0.6262057511082995,1.0487859092116614,0.798227343409196
dpo,feedback,612,26,0.9038178401657858,0.6573802144820104,1.1176025387383297,1.1000827341936306,0.6074663512230372
dpo,feedback,612,27,0.7189454502793855,0.6208929439718994,0.9499424237034162,1.1133733956168919,0.5695866307086079
dpo,feedback,612,28,0.6075644811326373,0.5568118203229333,0.824120138077762,1.11806716638755,0.6284982156154293
dpo,feedback,612,29,0.5281040289625106,0.42276897269950453,0.6764816846625124,1.1074408524406938,0.7136018765009323
dpo,feedback,612,30,0.5777539189053471,0.6039734582453985,0.8358130945823908,1.1285306660510137,0.6049278479785191
dpo,feedback,612,31,0.6617150718632798,0.7742575962597281,1.0184997111913767,1.137448119789468,0.5580580924816004
dpo,feedback,612,32,0.43254135005208183,1.0193272334905497,1.1073030427305686,1.186129288645543,0.38084981493371184
dpo,feedback,612,33,0.20966722099984592,0.8063166234128989,0.8331307464940763,1.2095114626704253,0.3689487634537447
dpo,feedback,612,34,0.6482215421520838,0.8411342702814595,1.06193127289479,1.1455008208089659,0.4907751933656139
dpo,feedback,612,35,0.183257998910833,0.6821751188105762,0.7063613713171374,1.2082311024126098,0.49728235069044274
dpo,feedback,612,36,0.3542639470016778,0.6503805426873824,0.7406063694375992,1.1706187691546686,0.6083992310258284
dpo,feedback,612,37,0.2194768448990661,0.4891730542542427,0.5361533012630557,1.1828769413175382,0.7282262146282659
dpo,feedback,612,38,0.09846592949788255,0.3676597235255511,0.3806168829344892,1.2083527999938863,0.7989222565116814
dpo,feedback,612,39,0.0650880228126432,0.5472755717277806,0.5511324723908294,1.231160041025683,0.6528990704948985
dpo,feedback,612,40,0.22384414635050115,0.5211534063694272,0.5671922732423652,1.1854324003483065,0.7195076400861742
dpo,feedback,612,41,0.0960435664288461,0.6267524117650629,0.6340685706654251,1.2257993485451373,0.5791911789341468
dpo,feedback,612,42,-0.19860052129415676,0.30750570019791823,0.3660627305702163,1.3412670228312313,0.625807729133178
dpo,feedback,612,43,-0.2675288918211708,-0.000400565466787961,0.26752919170018974,1.5002382992206809,0.7743087324344007
dpo,feedback,612,44,-0.2568296509488208,-0.20619042927775325,0.3293568926441912,1.6076625717092337,0.8462715309299667
dpo,feedback,612,45,0.1605248951601561,-0.04593890894713529,0.1669689351988336,1.9556388120557642,0.8440421050910014
dpo,feedback,612,46,0.2696829332401513,-0.04756663321080931,0.273845703044659,1.9722140628152838,0.8986770939924285
dpo,feedback,612,47,0.2987201199211546,0.023789015533088237,0.2996658594263659,2.0126478453340075,0.8469171411428478
dpo,feedback,612,48,0.5615637183903591,-0.058233506970405816,0.5645750181742714,1.9835545969757364,0.9404017437572657
dpo,feedback,612,49,0.984350780823139,0.2806894569002986,1.023588311247304,2.0442099970831875,0.8795896650568509
dpo,feedback,612,50,1.3369471172601604,0.9277030945100855,1.6272862765702418,2.096546250814291,0.6012461623627996
dpo,feedback,612,51,1.0631458665226319,1.0012745052422605,1.4604210928195644,2.1202315011000117,0.5135818570629451
dpo,feedback,612,52,0.6663913851455827,0.8405254792748162,1.072641859851837,2.143310181712586,0.5012737724962282
dpo,feedback,612,53,0.39263620544993294,0.6511610659154963,0.7603774875641225,2.1636414473217913,0.5816825124280154
dpo,feedback,612,54,0.15970001590003474,0.7160812346164767,0.7336732444680867,2.2150768707659814,0.5344274426240481
dpo,feedback,612,55,-0.16331581523548563,0.4515831712250851,0.48020768011323584,2.3052294703888294,0.5753398114329785
dpo,feedback,612,56,-0.18621640239075912,0.16916436630709542,0.25158126191638014,2.3826307897927617,0.7288535089268289
dpo,feedback,612,57,0.16911859152692527,0.2615912100122406,0.3114980885265898,2.158659308890293,0.7395255426137594
dpo,feedback,612,58,0.24821538042400848,0.3406255214906995,0.42146959673248824,2.149775013392231,0.6975229557338036
dpo,feedback,612,59,0.09384277558435211,0.1307468989352581,0.16093855383518788,2.1509203893381277,0.8110013758522062
dpo,feedback,612,60,0.2531782893818065,0.2656704381247023,0.366987776237396,2.1288311806037377,0.7633566255120261
dpo,feedback,612,61,0.2711902467044047,0.3177158604666309,0.41771703089489615,2.1375477270473975,0.738877873102898
dpo,feedback,612,62,0.3415310539863851,0.348540878651344,0.4879797177425533,2.1266166573682095,0.7164834069802107
dpo,feedback,612,63,0.4565343217443075,0.4044524350757385,0.609922420615302,2.115384287057068,0.7962869195485308
dpo,feedback,612,64,0.43309087006172503,0.32041690258646005,0.5387343438039969,2.1013761877795964,0.8263067595653881
dpo,feedback,612,65,0.5857332805335063,0.309012559016239,0.6622478671572358,2.077262705978884,0.8892069556315589
dpo,feedback,612,66,0.5054403947974008,0.5033629305435898,0.713333184801032,2.1246722470779105,0.8217251674132882
dpo,feedback,612,67,0.29959636352317026,0.734366426607296,0.7931280032657255,2.188350616444289,0.7001579009885127
dpo,feedback,612,68,0.12880299079292973,0.9473427739363601,0.9560588589446997,2.2284927917814032,0.5658488906907343
dpo,feedback,612,69,-0.2741963797020116,0.7340742198010446,0.7836125412588814,2.3068944631765556,0.6247276377182551
dpo,feedback,612,70,-0.14418448352859442,0.5877776387794449,0.6052038647757854,2.288285435185269,0.682781313251479
dpo,feedback,612,71,-0.3090907374016814,0.2922855173827538,0.4254032294414551,2.3794463643727664,0.760987752813967
dpo,feedback,612,72,-0.20050102591300512,0.47763310709721685,0.5180096971944723,2.31325475098475,0.6126762302813337
dpo,feedback,612,73,-0.7095559237604407,0.19526512503141302,0.7359334738935753,2.4572595722149804,0.6606875501392082
dpo,feedback,612,74,-0.5954670428704298,0.12469791497913468,0.6083835707388866,2.467145817634464,0.6535317061444355
dpo,feedback,612,75,-0.6289247147955221,0.017213431010397573,0.6291602332377488,2.495645076746895,0.6651424237951618
dpo,feedback,612,76,-0.16700464452245048,0.064775022583929,0.17912664470373624,2.4411126104616327,0.7447071833047592
dpo,feedback,612,77,-0.2758777366775761,-0.014508678002979225,0.27625898597463966,2.5083624090359034,0.744032864087496
dpo,feedback,612,78,-0.15434440490163825,0.10392671328320102,0.18607245109980552,2.4056831257299893,0.7016364304125497
dpo,feedback,612,79,0.046432123187100494,0.14092160009163104,0.14837398503796972,2.1993430964086,0.7294168551387024
dpo,feedback,612,80,0.01127095244726084,0.2922567146685457,0.29247396745337895,2.24386519046083,0.6464208651421169
dpo,feedback,612,81,-0.26576510989901714,0.18428345261746282,0.32340606758106644,2.4035063349223305,0.6711015877320547
dpo,feedback,612,82,-0.45563437701838594,-0.27243440065105307,0.5308702178301502,2.5857671823966606,0.8474823022592137
dpo,feedback,612,83,-0.03386413479375379,-0.2701775455636069,0.2722915455024346,2.730154962861201,0.9271678917609907
dpo,feedback,612,84,-0.051905122860272795,0.023124336727651545,0.056823205895424694,2.433295752960477,0.7830538047021448
dpo,feedback,612,85,-0.21057147151380806,-0.2316284752190932,0.3130368910333294,2.632573037035352,0.884822097719391
dpo,feedback,612,86,-0.31609829029510916,-0.4135738462769487,0.5205395810616137,2.6461360782942105,0.9136887546641124
dpo,feedback,612,87,-0.023108154974230813,-0.3449673998899201,0.3457405006838584,2.739354672665076,0.9494467871238979
dpo,feedback,612,88,0.11573773528032216,0.06442323426688815,0.1324597164470175,3.080837991807775,0.8042180329673904
dpo,feedback,612,89,0.11465983175606781,-0.037318003576519626,0.12057989222613738,2.949921209264982,0.8774429609984569
dpo,feedback,612,90,0.15402815513195714,-0.037078627458531674,0.15842820830762064,2.9624025718049367,0.8949092323597508
dpo,feedback,612,91,0.21459263004726878,0.1392254857304839,0.2558001812890154,3.091597476148867,0.8081131785874963
dpo,feedback,612,92,0.026791002510747203,-0.06624284376142911,0.07145538583712197,2.811167192988742,0.8474399777219075
dpo,feedback,612,93,0.042900920803104176,-0.0005302772513194332,0.04290419792651395,2.9980328639458222,0.7869387766464678
dpo,feedback,612,94,0.2872414963019732,0.007683235720568199,0.28734423486288063,3.0042561170705504,0.8470318899745652
dpo,feedback,612,95,0.5856461441277645,0.2350373187685835,0.6310498770664986,3.0607418551451224,0.7411868639319742
dpo,feedback,612,96,0.7676178969197991,0.6594521035165244,1.0119853321584973,3.1129597588357485,0.5329771278682909
dpo,feedback,612,97,0.9011185152448463,0.7140092216002303,1.1497059393806937,3.106644045646663,0.5398968406173127
dpo,feedback,612,98,1.051868537543751,0.7654392497254174,1.300893794779051,3.1001199628995986,0.5862053100760242
dpo,feedback,612,99,0.9168921928623868,0.897297036363951,1.2829003331512256,3.1232810256514463,0.4743097538922575
dpo,feedback,612,100,0.7561910463304595,0.7939391001911529,1.096432484634915,3.1288749019011792,0.4739846744897236
dpo,feedback,737,0,2.3991037784120137,2.7755575615628914e-16,2.3991037784120137,0.0,1.3862943611198906
dpo,feedback,737,1,2.1027899728919346,0.3946738776426315,2.139507686312048,0.029528343621952106,1.3020847331903942
dpo,feedback,737,2,1.9692473029676,1.047988111887528,2.230742930707784,0.07783578020267641,1.019969573440404
dpo,feedback,737,3,0.9918277338559949,1.1983503037719698,1.5555596112641554,0.13996325183672384,0.8992657925063079
dpo,feedback,737,4,0.7313251454334633,1.0114037442994768,1.2481081693211842,0.15036134941107696,0.892441509413056
dpo,feedback,737,5,0.693109668958809,1.2333615727613045,1.4147726963609484,0.1685150252076403,0.8681589100058822
dpo,feedback,737,6,0.4989432787405933,1.3807191050133765,1.4681040979267623,0.1948109119557522,0.802303926600815
dpo,feedback,737,7,-0.5394241454445404,1.1724508855664142,1.2905888143611202,0.3186286997672094,0.7843513775472006
dpo,feedback,737,8,-0.36719766499539674,1.3148327568418832,1.3651444259280767,0.2933434128296539,0.8646904885517145
dpo,feedback,737,9,-0.9032736834571006,1.1868940491942825,1.49151628594493,0.3535349475215781,0.8554998706675501
dpo,feedback,737,10,-1.4617182651755398,0.8477695224175901,1.6897731948069061,0.4163529468837933,0.6009935847288598
dpo,feedback,737,11,-1.1576483394871255,0.7800784537008304,1.3959484488495906,0.40562788349054435,0.9025732017856505
dpo,feedback,737,12,-0.7133008506743463,1.0191099058575979,1.243938545021348,0.3471920813377269,1.018796991915305
dpo,feedback,737,13,-0.7397249183303836,0.8945930593336356,1.1608142386302842,0.35996336087835695,1.0124970974472738
dpo,feedback,737,14,-1.1178773888798816,0.9344936318678978,1.4570271804501644,0.3891831706580444,0.9478278608552906
dpo,feedback,737,15,-1.2872577865092407,0.6796388620911651,1.455658473610223,0.4226863982177559,0.9021714424372891
dpo,feedback,737,16,-0.8920447152619668,0.6962419152696835,1.1315902874296864,0.39452200419043265,1.0904578879072218
dpo,feedback,737,17,-1.0867661259655559,0.6846030233082387,1.284422793346865,0.4105314530464312,1.0593009825741562
dpo,feedback,737,18,-0.5028934946272102,0.5059842497453714,0.7133876421194542,0.37451242118405725,1.0934073469779388
dpo,feedback,737,19,-0.201784406547866,0.7618994877397328,0.7881673528787789,0.29120518878823637,1.0781651046251863
dpo,feedback,737,20,-0.5231791806846962,0.5188506091734059,0.7368326877531454,0.37566112274021934,1.0597199089817082
dpo,feedback,737,21,-0.2858882547013538,0.597374384841673,0.6622599563926189,0.3210405453354478,1.1136821921542355
dpo,feedback,737,22,-0.9896665294601228,0.6231262681448497,1.1694982623269568,0.4105670720259664,1.0777432300714083
dpo,feedback,737,23,-0.5874295921233562,0.49372775108803335,0.7673595102014827,0.38875927326117865,1.0655169872763217
dpo,feedback,737,24,-0.7526221776194169,0.5405060145069371,0.9265996406014663,0.40087627850264435,0.9858848969143776
dpo,feedback,737,25,-0.6577080238167545,0.35065819487265565,0.7453462378145407,0.422043369159611,0.9982979705489277
dpo,feedback,737,26,-0.5071824481800229,0.31813701165549146,0.5987029262722605,0.4108373729151309,0.9611403890046033
dpo,feedback,737,27,-0.7676585559130151,0.49663737696929267,0.9143021068932277,0.4086086578510319,1.0441953283955039
dpo,feedback,737,28,-0.8826069340819425,0.4725683078940458,1.0011572332632712,0.421762128854416,1.0164293109382454
dpo,feedback,737,29,-0.7381850654178216,0.37217937081092906,0.8267010795100806,0.425676656892951,0.9461623501091205
dpo,feedback,737,30,-0.6387103523387028,0.16109654818394667,0.6587131485111046,0.46067782900276955,0.7087110526082788
dpo,feedback,737,31,-0.4285188236530707,0.1366794105372733,0.44978844303719945,0.4508597583753206,0.8696349924987767
dpo,feedback,737,32,-0.4481883968853408,0.003223443684240071,0.44819998850048764,0.49885535155718336,0.7417555293535537
dpo,feedback,737,33,-0.3989020641603204,0.0449586734561071,0.401427626242013,0.4821376545840039,1.0154460243570416
dpo,feedback,737,34,-0.043008500074793676,0.02612615353902463,0.05032203272353191,0.41311885812262933,1.0468422261098302
dpo,feedback,737,35,0.40501895774040725,0.14621871456252064,0.43060453854719377,0.055140117425164566,1.115716399971486
dpo,feedback,737,36,0.15728057493821607,0.29529521395055464,0.3345690401621161,0.1721091006851505,0.9033678488969936
dpo,feedback,737,37,0.10316378483900027,0.2481164638223204,0.26870903617481934,0.1872862707966465,0.9024585278655084
dpo,feedback,737,38,0.06839021454023433,0.35177995406059653,0.35836623379405413,0.2194395973793408,0.8850864063047212
dpo,feedback,737,39,0.11945641294124215,0.21980467294889733,0.25016780137132016,0.17077059539527142,0.8259178975169569
dpo,feedback,737,40,0.27066987575812906,0.3079385358861603,0.4099857601510485,0.13523716376634626,0.9237407168912093
dpo,feedback,737,41,0.3444858354798239,0.5547949592917314,0.653045126849398,0.16156343626982841,0.8348450671847141
dpo,feedback,737,42,0.4436490796761432,0.6997347577035522,0.828524735319313,0.16006748764784146,0.8870124650002096
dpo,feedback,737,43,0.11926597809309261,0.6915327763590934,0.701742085320111,0.22281855880071713,0.8143257729256308
dpo,feedback,737,44,-0.24570804824293482,0.6745160870577012,0.7178749171485131,0.3055981116541094,0.7756001731732741
dpo,feedback,737,45,-0.25723417332638815,0.445384282786557,0.5143311960985898,0.33335783713726297,0.6896546009835135
dpo,feedback,737,46,-0.3945206871643858,0.2089357891030917,0.44643111066410995,0.4224849278800552,0.550490876653946
dpo,feedback,737,47,-0.08827679054355031,-0.03589744197041498,0.0952964746918225,0.5614692831257119,0.7078749535136619
dpo,feedback,737,48,0.18301095897947547,0.03366420764198695,0.18608140687008487,1.02895232829803,0.8882062485843616
dpo,feedback,737,49,0.2900477200760871,0.20456592372226207,0.35492942547734546,1.0977630347945508,0.9194376702990061
dpo,feedback,737,50,0.15671394883100637,0.1678961393810166,0.22967014472337724,1.1304804132521578,0.7709513774942879
dpo,feedback,737,51,0.2638955371552612,0.14830978550208018,0.30271545551249424,1.0814890781832212,0.7817571390809003
dpo,feedback,737,52,0.4590181257421411,0.33714455275746286,0.5695297088070628,1.1008248242350422,0.9395638923554729
dpo,feedback,737,53,0.3730542491700833,0.43461556233565607,0.5727653619486719,1.137107521165646,0.8757552749155658
dpo,feedback,737,54,0.16315356419836152,0.4645826587710607,0.49239834721637393,1.1962488573217955,0.7665407020877357
dpo,feedback,737,55,-0.09781617357245767,0.6329050624293411,0.6404192547550748,1.2744044850861456,0.6831811735010738
dpo,feedback,737,56,-0.7104074365427103,0.5342336604176185,0.8888668796948126,1.3973790547058103,0.4788208625984288
dpo,feedback,737,57,-0.6140874891582677,0.06490781459721215,0.6175082742251247,1.4832398722913505,0.4289218084982722
dpo,feedback,737,58,-0.20118276008053168,-0.030131873678081927,0.2034267257883601,1.5236613359437516,0.4553216744366777
dpo,feedback,737,59,-0.0631122010704114,-0.12357365225346528,0.13875733297816156,1.6748484594810433,0.44526846170564405
dpo,feedback,737,60,0.05585273175236588,0.06656575628449109,0.08689377166361237,2.1388924945418775,0.5135493941273055
dpo,feedback,737,61,0.10459859198923172,0.13392535848069761,0.16993194840968878,2.1444705455242112,0.47836488079079514
dpo,feedback,737,62,0.3280502184884386,0.22311067319681,0.39673078824896624,2.0950557335265376,0.693248378335391
dpo,feedback,737,63,0.31512909350144847,0.35451346608530904,0.474327042457906,2.1343497717694,0.7910759274728253
dpo,feedback,737,64,0.3216841461597518,0.4273730648465742,0.534909736728434,2.147308849489347,0.9106898668152535
dpo,feedback,737,65,0.2587856860554308,0.8473937569470471,0.8860283351112487,2.2028273504323392,0.8549008792580668
dpo,feedback,737,66,0.028357452178306125,0.7821989499052722,0.7827128096096009,2.2442326015961793,0.8402587241723327
dpo,feedback,737,67,-0.7793609589094683,0.5794116212692351,0.9711443410400585,2.398253458829584,0.6132279662331975
dpo,feedback,737,68,-0.6317385370977633,0.3275693977924511,0.7116145653543996,2.423867594355743,0.6871846640863472
dpo,feedback,737,69,-0.5920299867497082,0.36842709216842096,0.697307699265208,2.4114042199300108,0.7438206732027375
dpo,feedback,737,70,-0.5428124062411566,0.42513721607079846,0.6894831113651322,2.3942542360404397,0.91297605516768
dpo,feedback,737,71,-0.40680118625137957,0.357506291101312,0.5415698969778007,2.3852506845059747,1.0177312936394942
dpo,feedback,737,72,-0.6085306385708835,0.31205153330981084,0.6838754985525444,2.4245874191778163,1.00745910251095
dpo,feedback,737,73,-0.35533154758169905,0.16308329930732293,0.3909688877900225,2.4315186829551108,1.0243668844331
dpo,feedback,737,74,-0.2568635663913029,0.32756520871987543,0.4162665704845332,2.3558392408650612,1.0376477976865988
dpo,feedback,737,75,-0.4203969149313637,0.22040728841609575,0.47467140094042354,2.423146404985452,1.0109957664333074
dpo,feedback,737,76,-0.11537203560062981,0.18135814733520905,0.21494530514410495,2.3401742091982025,1.08058084555126
dpo,feedback,737,77,0.08100118167208215,0.26692437691134785,0.278944106268236,2.2031083159754172,1.0944366564282904
dpo,feedback,737,78,-0.03288055225826714,0.2855638377643517,0.2874505803708067,2.2682451609125027,1.1025164062433337
dpo,feedback,737,79,0.17014353823377038,0.2825268469006712,0.32980333961672037,2.1637299314268197,1.0935595617053422
dpo,feedback,737,80,0.10721198473169513,0.4151299004691568,0.4287507946740639,2.209775377508994,1.1146937757732913
dpo,feedback,737,81,0.3112915737044087,0.26619174989026967,0.4095857560621599,2.112595624369337,1.1271357938334587
dpo,feedback,737,82,0.37825167096984663,0.19379920024896152,0.42500877239019225,2.075357131629907,1.0996595258087973
dpo,feedback,737,83,0.4481631235528039,0.252092037673346,0.5141989700212414,2.0815493911143625,1.1212044744063054
dpo,feedback,737,84,0.46728635623995096,0.12561222883312723,0.4838749536403349,2.0417947759101525,1.0472365627781177
dpo,feedback,737,85,0.3635395716336724,0.00017888902319347644,0.36353961564714876,2.000078316288596,0.9478764881459795
dpo,feedback,737,86,0.505340229534806,0.09249431994018759,0.513735288653104,2.0288118070518544,0.9145339125558878
dpo,feedback,737,87,0.2583154439413221,0.12082808369099975,0.2851776540808231,2.069633419094561,0.7325691317400433
dpo,feedback,737,88,0.15306838507454876,0.261965120334432,0.3034067480811259,2.1658386193593073,0.7174994955935271
dpo,feedback,737,89,-0.047819705652028525,0.139335946602052,0.1473133743559509,2.302616879460735,0.583355566254401
dpo,feedback,737,90,-0.042868061724871856,0.16360837575113787,0.1691312251832078,2.290784371012318,0.7804680078336397
dpo,feedback,737,91,-0.28179614938114944,0.04709910781683917,0.28570508529458366,2.4736426451278133,0.7652291151134435
dpo,feedback,737,92,-0.1889161957611549,-0.005056223192650332,0.1889838469653978,2.504258665300308,0.8258796957848209
dpo,feedback,737,93,-0.1366370900420063,0.09615354904810475,0.16707842281304197,2.402403833050692,0.9352635032989829
dpo,feedback,737,94,0.10889333419544775,0.1641461804988888,0.19698153924816214,2.1567777931774055,0.9078824476901104
dpo,feedback,737,95,-0.17963883290300794,0.21230669151443488,0.2781083270032744,2.3617653506373633,0.7030432494147885
dpo,feedback,737,96,-0.0988119186834363,0.20842934662149004,0.2306655323340773,2.3204573186813446,0.7637518334480075
dpo,feedback,737,97,-0.02125000469796992,0.31569751566267684,0.3164118899397585,2.260696787793478,0.8532221764511718
dpo,feedback,737,98,0.12724381142675578,0.3681337091655509,0.3895040633554343,2.1970347624744604,0.8284902102508186
dpo,feedback,737,99,0.015837312602362374,0.3051953340143383,0.3056059756853397,2.2417484723418295,0.7262573946100168
dpo,feedback,737,100,0.15943159091738082,0.5878091602317365,0.6090468299193309,2.207846526891329,0.9500165952904229
dpo,feedback,867,0,2.1208693612529137,5.551115123125783e-17,2.1208693612529137,0.0,1.3862943611198906
dpo,feedback,867,1,2.187588567573071,0.444199685329197,2.2322314175333524,0.03188364324548928,1.2841230774349819
dpo,feedback,867,2,2.260381732231477,0.6855340095648319,2.3620504765300443,0.04686563173220452,1.1944097690180029
dpo,feedback,867,3,2.2170962079233707,1.202475857643203,2.5221942398243136,0.07909406701448018,0.9591094866352587
dpo,feedback,867,4,1.8157412733415028,1.6481012583781796,2.452173348192081,0.11730336403638306,0.6661041355747278
dpo,feedback,867,5,1.163416189114173,1.7678806139337357,2.1163504185780924,0.15736576203405406,0.6498394369092096
dpo,feedback,867,6,0.8827826559598725,2.27269687865997,2.4381255750954125,0.19103432836625908,0.42460345879842765
dpo,feedback,867,7,0.2251523222631372,2.0813636390003585,2.0935061896190557,0.2328500403563001,0.6017649463327559
dpo,feedback,867,8,-0.44594771847417963,1.8556709971013108,1.9085031352070918,0.2875357217327214,0.7184141219839154
dpo,feedback,867,9,-1.0360651101954053,1.5833743297596228,1.8922222862829705,0.34221757586713963,0.7150253388648979
dpo,feedback,867,10,-1.1344783893282482,1.2279380600350298,1.671787395315388,0.36870694531461007,0.5903515463614643
dpo,feedback,867,11,-0.8239582758368275,0.5353742040522779,0.9826152750108291,0.40829401533072623,0.41935395144824245
dpo,feedback,867,12,-0.2826014821930106,0.1916231087643701,0.3414425479494436,0.4051668005011477,0.545267475539566
dpo,feedback,867,13,-0.24542542700689016,-0.004283250264553479,0.24546280055100642,0.5027773456942348,0.3679582496901889
dpo,feedback,867,14,-0.016525270104813528,-0.29282069078828743,0.29328662005922956,0.7410276436589507,0.4231611159369925
dpo,feedback,867,15,0.05989344843819083,-0.599134914535003,0.6021211431104904,0.7658574871616903,0.3739754626804771
dpo,feedback,867,16,0.3333501124238202,-0.7941896007199503,0.8613126141794788,0.8132487653898081,0.49133472470498635
dpo,feedback,867,17,0.42949503826256397,-0.4275768568752661,0.6060428668233734,0.8753561982857526,0.5271642348532446
dpo,feedback,867,18,0.5832571994481779,-0.1432253371439461,0.6005850963086984,0.9616760269346702,0.6807119286183525
dpo,feedback,867,19,0.7290721750733926,-0.22514828224804123,0.7630452053879189,0.9523292708308878,0.7099993222273535
dpo,feedback,867,20,0.8168138281681007,0.23565390784295856,0.8501279869338999,1.0447029240672754,0.8386346925185606
dpo,feedback,867,21,0.7817848251692904,0.5647724826372933,0.964445680175545,1.0995691175631883,0.8619404732302339
dpo,feedback,867,22,0.6984400450346242,0.7264542401411617,1.0077471208229973,1.1281286694996406,0.8823874939330001
dpo,feedback,867,23,0.17630595289422554,0.9154960498894364,0.9323179749361814,1.2197206797933033,0.7022191169637874
dpo,feedback,867,24,0.2664841556526148,0.39992453141814116,0.4805761500989274,1.156452907020182,0.5782563384817986
dpo,feedback,867,25,0.2091772110373697,0.3398062939990786,0.39902809808177736,1.162179083566322,0.4942144420063576
dpo,feedback,867,26,0.4946369621911709,0.0592822030601112,0.49817677983359493,1.0189841574679726,0.5118997402830159
dpo,feedback,867,27,0.35938400305321017,0.6133865203682061,0.7109148226193946,1.165649733436529,0.5867320875555837
dpo,feedback,867,28,0.31127572183793334,0.3772316634996712,0.4890769908229742,1.1401999525102557,0.5110860247037508
dpo,feedback,867,29,0.3369391181142439,0.17476230174151883,0.3795653190500919,1.0761519310344607,0.444666259919961
dpo,feedback,867,30,0.4772369235508031,0.5593521288260427,0.7352753805360689,1.1375814621666063,0.5294327322469042
dpo,feedback,867,31,0.26056384605523575,0.6308952196611172,0.6825850101359874,1.1876640418379358,0.44232333730312723
dpo,feedback,867,32,0.48144002563810917,0.6619528503664915,0.8185145535631886,1.1499208537859307,0.5768302432761109
dpo,feedback,867,33,0.6524757825770365,0.9666504841611631,1.1662494610410448,1.1555033093044798,0.6822445425679916
dpo,feedback,867,34,0.6886797505974764,1.377604871758404,1.5401542070765157,1.1762195306611587,0.8290723443545793
dpo,feedback,867,35,0.5877823846860295,1.4864092332766645,1.598405624526302,1.1900674587986535,0.8377478713570183
dpo,feedback,867,36,0.14430499251839557,1.3145621979085018,1.3224589608134405,1.2325985706918419,0.740355299947987
dpo,feedback,867,37,-0.42779603256538956,1.223690579678556,1.2963132647137143,1.303526022316912,0.4966262094837864
dpo,feedback,867,38,-0.42758849896501694,0.7370838668562765,0.8521294216414297,1.3336621606896752,0.38066441000403584
dpo,feedback,867,39,-0.24872169306580594,0.30627804997169933,0.3945487606063257,1.3585535964347,0.3790120864439926
dpo,feedback,867,40,-0.19028437967212516,0.44519320329906426,0.4841540389286115,1.3142856153295803,0.4893260188690601
dpo,feedback,867,41,-0.24553568213668847,0.23345159663511614,0.3388029208460486,1.3790143739742318,0.4253511317419561
dpo,feedback,867,42,-0.21586774646338686,0.10149128106890268,0.23853587591007788,1.4300533502289836,0.4394985909030267
dpo,feedback,867,43,-0.6622448473462599,0.062281993254336455,0.6651671102214873,1.485075887555187,0.3094716755005732
dpo,feedback,867,44,-0.4609624668537064,-0.5993969711065074,0.7561501999070751,1.6456615061721076,0.4285030142490357
dpo,feedback,867,45,-0.18826051181999134,-0.6046627205243558,0.6332922120969436,1.7019614693310379,0.500094590460002
dpo,feedback,867,46,0.051979374178709264,-0.693697122799966,0.6956418284727862,1.7619033842308165,0.5965522013287575
dpo,feedback,867,47,0.28349039276756005,-0.55969684040246,0.6273972871697823,1.8246181532664836,0.6907162855931693
dpo,feedback,867,48,0.4480984367401038,-0.45253535253552446,0.6368519877517665,1.8742159395120905,0.7479322597471535
dpo,feedback,867,49,0.4411976345170411,-0.1493863404221924,0.4658021376165718,1.948039638780889,0.8048737987834615
dpo,feedback,867,50,0.39439888108990445,0.19329424643879672,0.4392187872932018,2.0725261069614005,0.9167817844085213
dpo,feedback,867,51,0.20886168148519543,0.37385744901690815,0.4282436154553309,2.16891490215525,0.8551732644556743
dpo,feedback,867,52,0.3293620603482832,0.20910800611280406,0.3901352650265529,2.0900304785469923,0.9141876189221092
dpo,feedback,867,53,0.3590173021684314,0.4838295483561855,0.6024819126902062,2.148398277870666,0.8383437428101278
dpo,feedback,867,54,0.0023689595682081094,0.46717581323975305,0.4671818194725266,2.249192962514158,0.7017086948945387
dpo,feedback,867,55,-0.2837496837153374,0.4666754124621023,0.5461683106929834,2.33694608416174,0.5822138380992644
dpo,feedback,867,56,-0.1983832847047011,0.4408606279523965,0.48343978004381044,2.3172980923203794,0.6036358479893957
dpo,feedback,867,57,0.020058651609455316,0.289847606903785,0.29054084864652097,2.2390033532763387,0.7389400647207666
dpo,feedback,867,58,-0.10170625644353574,0.3268556283738129,0.34231383904159984,2.2980120816441367,0.6315513935556792
dpo,feedback,867,59,-0.13007380970776172,0.21033485479018896,0.24730537218487772,2.3381477378773825,0.5715731516118192
dpo,feedback,867,60,-0.20618726345589858,0.15671051239640804,0.25898141305309325,2.3965658973822324,0.5917985141897518
dpo,feedback,867,61,-0.32329483905611567,0.11785834766470318,0.34410774922191706,2.4443624533200428,0.618223585560431
dpo,feedback,867,62,-0.25278942020941864,0.0452303072905778,0.2568039557082681,2.471821405955157,0.5969069734781504
dpo,feedback,867,63,-0.05803253425150767,-0.38863459915581666,0.39294354135505866,2.7264086359615822,0.7037123723177491
dpo,feedback,867,64,0.3047399901451487,-0.15821318633283327,0.34336259831736643,2.9237856062455627,0.7933572572348322
dpo,feedback,867,65,0.5714403576941757,-0.019979648215274065,0.5717895318598039,2.9944376260209857,0.8826656233494928
dpo,feedback,867,66,0.48282807517946935,0.10960216357555126,0.49511168885611384,3.0355261890521175,0.8332887279172962
dpo,feedback,867,67,0.5720250136151317,0.10361809989683014,0.5813340922633224,3.0285204801349885,0.8599537646944724
dpo,feedback,867,68,0.49729239905397365,0.4706664149981839,0.684709138513646,3.120623172611622,0.9465580832766746
dpo,feedback,867,69,0.1221414524915799,0.3539252195593479,0.3744083271735359,3.1971116019416908,0.7246063139361326
dpo,feedback,867,70,0.24029284470159543,0.559066994215504,0.6085199711069008,3.185392946610566,0.8126719839820101
dpo,feedback,867,71,0.16204044339412585,0.608947501692624,0.6301382111196346,3.20860817209236,0.761896016774977
dpo,feedback,867,72,0.07801144313934348,0.7182294995239081,0.7224537350218674,3.232780679495832,0.8106772503177635
dpo,feedback,867,73,-0.2392783879760889,0.6923072646471848,0.7324912938975472,3.3029622394177567,0.6831865306443907
dpo,feedback,867,74,-0.667373951190328,0.5086292833558762,0.8391017450908458,3.3963547034727837,0.5391470346024809
dpo,feedback,867,75,-0.6308809128312926,0.19315223452122257,0.6597867169588869,3.452714897876368,0.4715888336004896
dpo,feedback,867,76,-0.4241975216207333,0.08818698505403325,0.43326721740987145,3.4673777359183395,0.6030244819089056
dpo,feedback,867,77,-0.2469876120432315,-0.09502668294090597,0.2646373952667485,3.558455182795312,0.6808770835344928
dpo,feedback,867,78,0.1025512746053712,0.08938980061971209,0.1360415391636618,3.1141037401540914,0.8120170660151595
dpo,feedback,867,79,0.15921996687849554,0.13750764870204926,0.2103790657464649,3.113374944128883,0.8679549285632907
dpo,feedback,867,80,0.2016480352924322,0.22965967621826425,0.3056231290625367,3.1353219549620857,0.8488667960986022
dpo,feedback,867,81,0.18444738610198483,0.24943142048668415,0.3102206823631521,3.1486614893206495,0.8127841265042712
dpo,feedback,867,82,0.04496775959291063,-0.02426898700561765,0.051098758625671564,2.9212343744997833,0.631553129282288
dpo,feedback,867,83,-0.15319529571575255,0.021124125452306006,0.15464484247966898,2.478191623138874,0.6137323839875184
dpo,feedback,867,84,-0.11170956977006413,-0.3454453174864265,0.3630585288235367,2.700221974233011,0.5909102992528837
dpo,feedback,867,85,0.05209968912145134,-0.4305402882228524,0.43368112408723614,2.769166152764846,0.7010844649490529
dpo,feedback,867,86,0.1143715990639973,-0.6410244723032476,0.6511476305448042,2.7781007345390862,0.6336062324106859
dpo,feedback,867,87,0.4168240799622386,-0.6923031890061212,0.8081002531520528,2.836253992040637,0.7296627699214339
dpo,feedback,867,88,0.6305409583037407,-0.30277814709881723,0.6994687315807567,2.9287506785885835,0.7741570594498659
dpo,feedback,867,89,0.7811118690034435,-0.06916873908166196,0.7841683915870364,2.9859432333874905,0.9548951502938761
dpo,feedback,867,90,0.8890905076237655,0.20836964353110496,0.913181164442174,3.03663872821387,1.071470201454244
dpo,feedback,867,91,0.9380815258015842,0.32958890473817254,0.9942966333930416,3.053773880330854,1.1149392192321823
dpo,feedback,867,92,0.5452032345369648,0.639768396247959,0.840565385789383,3.1376742984075507,1.0018663482086627
dpo,feedback,867,93,0.44843444238274893,0.8858614677982346,0.9928967666604467,3.1754191162722036,0.9157495782022902
dpo,feedback,867,94,0.10291840672955946,0.6794405180570853,0.6871911058951734,3.2260738555496955,0.764765529665635
dpo,feedback,867,95,-0.08806155039858117,0.644897415098624,0.6508821035022309,3.271599219946741,0.6879370727684537
dpo,feedback,867,96,-0.5444184056471438,0.5648319028235026,0.7844912229302483,3.372071407361677,0.5185261945396225
dpo,feedback,867,97,-0.47103516580257,0.16411390118670857,0.4988060745273411,3.4466419274886655,0.4370810909722824
dpo,feedback,867,98,-0.4118845045661212,-0.1160613138320548,0.42792414476178114,3.543713441444074,0.4502231833186614
dpo,feedback,867,99,-0.157270671576108,-0.28426031260562223,0.3248661100525047,3.669571872568182,0.49377031371609287
dpo,feedback,867,100,0.1803177279107394,-0.2944103861798806,0.34524188403129463,3.837461798663171,0.5491396586109741
dpo,feedback,945,0,1.0569524390252636,0.0,1.0569524390252636,0.0,1.3862943611198906
dpo,feedback,945,1,0.7186074506809732,0.2537536694615248,0.7620942152643571,0.054025207762356565,1.3369396518576224
dpo,feedback,945,2,0.503652687401843,0.35822119893031035,0.6180521473873928,0.09839501665175836,1.2388650235927345
dpo,feedback,945,3,0.537724409539945,0.3556892842761957,0.6447188593208631,0.09300970429759095,1.2328650523555433
dpo,feedback,945,4,0.3197897805455927,0.5786544799111869,0.6611403110253409,0.16964733348378885,1.2258865041280407
dpo,feedback,945,5,0.008276225809662363,0.6052507474288762,0.6053073295251478,0.24782384381027078,1.0518749758405594
dpo,feedback,945,6,-0.08910045973244346,0.9072070857076686,0.9115720422888879,0.2655812768677366,1.1068142430704593
dpo,feedback,945,7,-0.38299283640391546,1.1640093959185673,1.2253984603072685,0.3005908453834297,1.056304105659559
dpo,feedback,945,8,-0.5720498995631327,1.204288335175879,1.3332484696525553,0.32057839007540034,1.0313559672587398
dpo,feedback,945,9,-0.7647508851098702,1.2980621693142715,1.5065886338616798,0.33473440397909193,0.928438480127702
dpo,feedback,945,10,-0.9451030174256944,1.000427729724696,1.3762541029727258,0.37047535851033603,0.8754518465989015
dpo,feedback,945,11,-1.2523856187608267,1.2874341699064284,1.7960947858956646,0.3728038614602363,0.5643306120422265
dpo,feedback,945,12,-1.2171798803713736,0.8026883385303634,1.4580244956767725,0.40721255487619396,0.854795962890776
dpo,feedback,945,13,-0.796640836909275,0.5311289217473809,0.9574625603897238,0.4064116340928437,0.7622381636892237
dpo,feedback,945,14,-0.556687203943007,0.13475544999844913,0.5727649381187431,0.46220098270029836,0.8296033045025712
dpo,feedback,945,15,-0.329760849385837,0.12287673619454287,0.35191037223345945,0.44323169363214693,0.6242965484900015
dpo,feedback,945,16,0.18265022887168864,-0.16552267456767567,0.24649312749631969,0.8828229501601931,0.6517650998075071
dpo,feedback,945,17,0.20204294165249476,-0.01990587794540527,0.2030211669958844,0.9843700186265151,0.8180026999533603
dpo,feedback,945,18,0.12347056882244617,0.2520002116969441,0.280622679163041,1.177491372718413,0.8107427237819469
dpo,feedback,945,19,-0.005366963406491176,0.39401476171572014,0.39405131232632934,1.2521677511020894,0.835095022247193
dpo,feedback,945,20,-0.0774459802391313,0.4961254470569162,0.502133786029804,1.2746454427091303,0.9117118252120303
dpo,feedback,945,21,-0.29474013149705497,0.7725477491061743,0.8268626063403265,1.3080075145754355,0.986593861977708
dpo,feedback,945,22,-0.2972631062092101,0.7004149814216326,0.7608853399251521,1.3138801446981112,0.9650131420663116
dpo,feedback,945,23,-0.4216868187370965,0.6538210585813433,0.7780114072049594,1.3411674939877058,0.9893488578728024
dpo,feedback,945,24,-0.35469757571284893,0.6878546632266861,0.7739214481711111,1.325772902466172,1.0469880867826864
dpo,feedback,945,25,-0.42032916252016767,0.5963150173300904,0.7295671351961323,1.3477198773592074,0.9798406124818962
dpo,feedback,945,26,-0.2560960472252772,0.48308609493393334,0.5467699338139659,1.3275810657481801,1.0682739748374916
dpo,feedback,945,27,-0.38578091860718705,0.48597936551569215,0.6204859876487461,1.3567869596810516,1.029606766171175
dpo,feedback,945,28,-0.3510498201611254,0.6136021186607752,0.7069254106765087,1.3327067765866019,1.0490411228817482
dpo,feedback,945,29,-0.0682450767193856,0.5134042471080595,0.517920178642451,1.2710326239893535,1.1182222322635422
dpo,feedback,945,30,0.07709784123745886,0.49440007872293873,0.5003753740590402,1.2253793233448562,1.1471240115442898
dpo,feedback,945,31,-0.017266287071279918,0.616493351595591,0.6167350948590431,1.2544563282749959,1.1435508330065574
dpo,feedback,945,32,-0.20387642687217938,0.49198557657200337,0.53255554169406,1.3125246638530488,1.0177116813148024
dpo,feedback,945,33,-0.11999151780543443,0.3914487540824167,0.40942653970880816,1.297338808930909,1.1095826925019745
dpo,feedback,945,34,-0.2023055568117965,0.36070769515059503,0.4135668986485568,1.3313505760885764,1.0657181308883104
dpo,feedback,945,35,-0.3639872010893308,0.29248033955677577,0.4669383595123577,1.3922681463183506,1.032052284817577
dpo,feedback,945,36,-0.24611408494191153,0.011464448562818919,0.24638095784301994,1.4925916241508184,0.9908986304307538
dpo,feedback,945,37,-0.180462130033824,0.09777036661487881,0.205245280005053,1.4209781967210777,0.9508209583235705
dpo,feedback,945,38,-0.050413170112072525,0.029375126819598585,0.05834711472229164,1.4160310475069213,0.9741841348154857
dpo,feedback,945,39,0.20497760800870846,-0.05972519948280132,0.21350156729689868,0.9548756570064351,1.1782441585519186
dpo,feedback,945,40,0.053204059181947386,0.10474381618856227,0.11748165364506699,1.1751998670346389,1.1266295211768163
dpo,feedback,945,41,0.06545402285687318,0.08582562245037326,0.1079364006123147,1.1463039448093872,1.1800651403016391
dpo,feedback,945,42,-0.07055907973034564,0.4668787211290814,0.47218039346792007,1.273872329081129,1.0743543540719482
dpo,feedback,945,43,-0.20046917262470598,0.37824568906348544,0.4280860783393277,1.3275651845024357,1.0779028925154233
dpo,feedback,945,44,-0.1739466881862372,0.03530570519535911,0.17749350171288422,1.4681294950948913,1.1016144019552216
dpo,feedback,945,45,-0.1684398272784214,0.006072708493632291,0.16854926046124638,1.4942645206607106,1.1185090948017522
dpo,feedback,945,46,-0.07216527799637774,-0.03643281062642029,0.0808404418495785,1.5744084300770982,1.1465094483675258
dpo,feedback,945,47,-0.09881530843103324,0.014700421586379672,0.09990279062737702,1.4764954391236818,1.0867849769430322
dpo,feedback,945,48,-0.06795474806370264,0.007943519502532956,0.06841744869905936,1.4814797518479186,1.0879180261061467
dpo,feedback,945,49,-0.0749581518268023,-0.1467258350660944,0.16476405919111328,1.6748299267454805,1.0823243702786618
dpo,feedback,945,50,0.3200625761649434,-0.4579484689139795,0.5587099899250042,1.847083056765889,1.1043998181264005
dpo,feedback,945,51,0.41700615169604205,-0.45068596352311757,0.6140130033387756,1.8688254377763784,1.102966335823743
dpo,feedback,945,52,0.518403812416724,-0.37776207064135264,0.6414411077748574,1.8997752472259022,1.2835791521746573
dpo,feedback,945,53,0.40924731229101374,-0.06787157063596463,0.4148372123110598,1.9738430453733662,1.2906119636698379
dpo,feedback,945,54,0.4291709871019331,0.13005317069370187,0.44844348961439146,2.046829346178158,1.2939063000569195
dpo,feedback,945,55,0.33317573517412574,0.27829430149665557,0.4341126452366143,2.1107534969520914,1.2495713835849673
dpo,feedback,945,56,0.20554096534010902,0.18134669423107347,0.2741052935305744,2.1150600861286306,1.2240155756343853
dpo,feedback,945,57,0.300832417889056,0.04030321181375246,0.3035201682516004,2.021196142034404,1.249623176889779
dpo,feedback,945,58,0.3930731880168853,0.1274573756131512,0.4132213858647076,2.049904817205836,1.185799435843632
dpo,feedback,945,59,0.2069767598571424,0.3230566525122452,0.38367301163018847,2.159313950102655,1.1841029189905719
dpo,feedback,945,60,-0.08225744340962599,0.6267162390990916,0.6320913947735703,2.2707705958918667,1.1253977017210834
dpo,feedback,945,61,-0.34831841866553126,0.6705322447038442,0.755605195832607,2.3262508986576997,1.0470788018404649
dpo,feedback,945,62,-0.2847460249014486,0.4887042568974788,0.5656077699315077,2.3339650956709668,1.0674764712554525
dpo,feedback,945,63,-0.3206621781951403,0.3533648987621445,0.4771697645513938,2.3672841062735888,1.0246541972637826
dpo,feedback,945,64,-0.2508451920499164,0.40760694996055674,0.47860916835211925,2.337801490749835,1.074892385628186
dpo,feedback,945,65,-0.4317159313344779,0.38116842313411925,0.5759062529288483,2.3848839898298517,1.00216894745293
dpo,feedback,945,66,-0.304481270302562,0.16581648297015278,0.34670441299419996,2.4206329771850488,0.9772056502376026
dpo,feedback,945,67,-0.1453985835872286,0.1881907335832757,0.23781610608994455,2.354694822854352,1.016901566306684
dpo,feedback,945,68,-0.32531574965009136,0.5333515533554017,0.6247353171039883,2.3371692893229854,1.0365115066187411
dpo,feedback,945,69,-0.4057911035577489,0.6190913088718248,0.7402300105016311,2.342342600899403,1.0343499250837476
dpo,feedback,945,70,-0.5931762174835328,0.4839563441641877,0.7655532431156158,2.391083138671843,0.9720496124983925
dpo,feedback,945,71,-0.41313696554649426,0.08543147208278229,0.4218775755159267,2.4675462066743665,0.9950167192744253
dpo,feedback,945,72,-0.4805613307442833,0.1369544003606193,0.4996956077301993,2.4558140646036986,1.0029698436552592
dpo,feedback,945,73,-0.5999358864283965,0.20104734163105434,0.6327267193674847,2.448536781675353,0.9607337239712607
dpo,feedback,945,74,-0.6582282378161639,0.09636991361440927,0.6652454985256354,2.476862818035069,0.9144820389983358
dpo,feedback,945,75,-0.5884616466582496,-0.00958149408690162,0.5885396457475707,2.502591175509631,0.8156442082238603
dpo,feedback,945,76,-0.3903528508906705,-0.2164099896498704,0.446327942009831,2.580566119233157,0.9823311618353725
dpo,feedback,945,77,-0.26683127587829203,-0.16357308005551968,0.3129777664718161,2.5875254356793813,0.9827494827860737
dpo,feedback,945,78,-0.23791465277722362,-0.2162503889795908,0.3215083400783426,2.617413852389612,0.9494984941068991
dpo,feedback,945,79,-0.06644078558983774,-0.3426813192056849,0.34906283749826944,2.719520404238969,0.9943546977808055
dpo,feedback,945,80,0.09720530066164693,-0.30653185051586995,0.3215752569110454,2.7988736369991747,0.9137391925320418
dpo,feedback,945,81,-0.008326817014525076,-0.18818531753030265,0.1883694497936813,2.742962308521659,0.9852809276281831
dpo,feedback,945,82,0.04747902424302374,-0.27984033741498715,0.2838395183683968,2.7767482558073295,0.9521327996002251
dpo,feedback,945,83,0.12976641471738018,-0.26832316907654113,0.2980547692151246,2.8216925919825533,1.0537886663570872
dpo,feedback,945,84,0.20730070589564714,-0.39585839183917093,0.44685282706314855,2.826777436580664,1.115579208218679
dpo,feedback,945,85,0.2557877810567656,-0.29261932843876054,0.38865596652295853,2.864327029287367,1.0744421778290671
dpo,feedback,945,86,0.06433722647252492,-0.3003911149978794,0.30720367946990185,2.7835801859503757,0.9987695934725761
dpo,feedback,945,87,0.20529821454139846,-0.4286897661295995,0.4753128153943851,2.8210822707507823,1.1252429041942245
dpo,feedback,945,88,0.23189344929021372,-0.33372218695318956,0.40638044968789105,2.846650743575062,1.1890964625675045
dpo,feedback,945,89,0.35040540089937766,-0.4247122552811199,0.5506037093640296,2.8597890535581563,1.0282802725962794
dpo,feedback,945,90,0.22745800017017284,-0.22956578726897325,0.3231680561655775,2.874265984908185,1.0396700090962456
dpo,feedback,945,91,0.21864432148026622,-0.2670950812162387,0.3451740455559705,2.8591772033937337,1.0705131631690157
dpo,feedback,945,92,0.3680454949435878,-0.3839649760177316,0.5318708387913063,2.8716313158813365,1.0076982064830062
dpo,feedback,945,93,0.36662127780335835,-0.26358534846009773,0.45154002841497715,2.9007929066770988,1.037700643892623
dpo,feedback,945,94,0.34832692706314217,-0.04509136835358281,0.3512333691682071,2.979511129427214,1.1017317527424022
dpo,feedback,945,95,0.15690283549570633,0.14317724866250578,0.21241050897061964,3.117725363646911,1.1888276644418774
dpo,feedback,945,96,0.0952465485931483,0.27139680791463844,0.28762498564130706,3.196281965502615,1.1532119863779142
dpo,feedback,945,97,0.12054613305982517,0.10163600757248015,0.1576745008901259,3.111486743645345,1.0549976867764175
dpo,feedback,945,98,0.25265481863802075,0.21355270962777823,0.3308159868724263,3.1116824065066804,1.1511628878117275
dpo,feedback,945,99,0.525317777991705,0.03436682349104864,0.5264407340157172,3.0103972620779405,1.1546504578409151
dpo,feedback,945,100,0.5810016517420304,0.3698294728817185,0.6887211034511266,3.0902174763564982,1.240160789384675
