method,alpha,lambda_on,beta,prompt_id,iter,valid,pi_1,pi_2,pi_3,pi_4
ipo,0.1,0.1,0.01,814,0,True,0.35179094826225493,0.16945177146262802,0.21047465186737022,0.26828262840774686
ipo,0.1,0.1,0.01,814,1,True,0.35421680638152453,0.16929248899109395,0.2070167686736875,0.26947393595369407
ipo,0.1,0.1,0.01,814,2,True,0.35885531889937644,0.16893285479759265,0.20120132316786538,0.27101050313516567
ipo,0.1,0.1,0.01,814,3,True,0.3689050679750379,0.16791030996376421,0.1906392869677997,0.27254533509339823
ipo,0.1,0.1,0.01,814,4,True,0.3842547323194057,0.16836098350658474,0.17034556950389818,0.2770387146701114
ipo,0.1,0.1,0.01,814,5,True,0.39181876114802544,0.16737109139668804,0.16269757979715394,0.2781125676581326
ipo,0.1,0.1,0.01,814,6,True,0.4139736627414356,0.1641054791261153,0.14439891303690153,0.2775219450955474
ipo,0.1,0.1,0.01,814,7,True,0.48244957848283454,0.15107004482385536,0.10004641489604843,0.26643396179726175
ipo,0.1,0.1,0.01,814,8,True,0.5773781963277453,0.13474975339576778,0.055953060265718786,0.23191899001076818
ipo,0.1,0.1,0.01,814,9,True,0.6389738796438947,0.11959156671516886,0.02823953514491481,0.21319501849602154
ipo,0.1,0.1,0.01,814,10,True,0.6771059766430289,0.08795384377109254,0.023124084057214313,0.21181609552866437
ipo,0.1,0.1,0.01,814,11,True,0.7749855263027025,0.06864966335677633,0.008167068064587306,0.148197742275934
ipo,0.1,0.1,0.01,814,12,True,0.8169258398635756,0.04083152968898981,0.003027968914360393,0.13921466153307424
ipo,0.1,0.1,0.01,814,13,True,0.8944675989052794,0.009298214846233627,9.856366737870446e-05,0.09613562258110829
ipo,0.1,0.1,0.01,814,14,True,0.9579133643627775,0.0019228718813461393,3.3274296165232592e-06,0.04016043632625986
ipo,0.1,0.1,0.01,814,15,True,0.9918234757425956,5.223422454076381e-05,5.68876513906791e-09,0.008124284344098696
ipo,0.1,0.1,0.01,814,16,True,0.9486807132660624,0.000841750646033628,2.5167888561570878e-06,0.05047501929904769
ipo,0.1,0.1,0.01,814,17,True,0.9594600699958479,0.00047014080179885265,1.330885790089226e-06,0.040068458316563145
ipo,0.1,0.1,0.01,814,18,True,0.9946284156299356,2.847957018930118e-05,1.0228238410394525e-09,0.00534310377705134
ipo,0.1,0.1,0.01,814,19,True,0.9774416941358508,0.00027828100739332913,4.207743873872807e-08,0.022279982779317073
ipo,0.1,0.1,0.01,814,20,True,0.9881253189621599,9.79850395869434e-05,7.449858871009e-09,0.011776688548394275
ipo,0.1,0.1,0.01,814,21,True,0.9992610697464693,6.704716685134861e-05,3.3101275604390576e-10,0.0006718827556666571
ipo,0.1,0.1,0.01,814,22,True,0.9973704600937001,0.0003520097255941709,1.3118181604880597e-09,0.0022775288688874503
ipo,0.1,0.1,0.01,814,23,True,0.9941658131684049,0.0012834608993691832,4.619161193557199e-07,0.004550264016106601
ipo,0.1,0.1,0.01,814,24,True,0.9341387877108478,0.0032653763437623883,1.2438764941486459e-05,0.06258339718044838
ipo,0.1,0.1,0.01,814,25,True,0.9847902973950098,0.0004882409341049478,3.951535301942609e-08,0.01472142215553224
ipo,0.1,0.1,0.01,814,26,True,0.9459892255819194,0.0036746207480820208,4.336283776132627e-06,0.05033181738622229
ipo,0.1,0.1,0.01,814,27,True,0.9521607206424737,0.0011683690999850032,5.702754003824132e-07,0.04667033998214113
ipo,0.1,0.1,0.01,814,28,True,0.9685533942367353,0.0003124662274475269,4.169481039706814e-08,0.031134097841006885
ipo,0.1,0.1,0.01,814,29,True,0.970348737927129,0.00034922740822514994,4.1772097323337734e-08,0.029301992892548364
ipo,0.1,0.1,0.01,814,30,True,0.9605959469636436,0.0006716142540048034,2.3661085625486012e-06,0.03873007267378915
ipo,0.1,0.1,0.01,814,31,True,0.9577284719245508,0.000191846310348742,2.9464904098702233e-08,0.0420796523001964
ipo,0.1,0.1,0.01,814,32,True,0.9527773642817617,0.00015577093140636182,2.2828661245371164e-08,0.04706684195817082
ipo,0.1,0.1,0.01,814,33,True,0.940482154508672,0.0007869859951868076,5.949430769948828e-07,0.05873026455306409
ipo,0.1,0.1,0.01,814,34,True,0.9434075130011405,0.0003758268806465515,1.5359185616333704e-06,0.05621512419965149
ipo,0.1,0.1,0.01,814,35,True,0.9842860578639769,0.0001726444613321645,3.3853064566616697e-07,0.015540959144045314
ipo,0.1,0.1,0.01,814,36,True,0.9973654707638474,0.00010364769001622202,3.266332311791748e-08,0.002530848882813287
ipo,0.1,0.1,0.01,814,37,True,0.9877666390319484,0.00018156963672184918,2.0286069916914798e-07,0.012051588470630417
ipo,0.1,0.1,0.01,814,38,True,0.9967807984162502,2.1713000088851317e-05,7.130143422573215e-08,0.0031974172822268688
ipo,0.1,0.1,0.01,814,39,True,0.999255333336607,9.56370980679025e-07,8.145950176404812e-09,0.0007437021464623652
ipo,0.1,0.1,0.01,814,40,True,0.9999253326828484,2.1232244238696966e-06,6.285694014146265e-10,7.254346415820844e-05
ipo,0.1,0.1,0.01,814,41,True,0.9724469879065438,0.0007097512750569332,1.153775480854671e-06,0.026842107042918378
ipo,0.1,0.1,0.01,814,42,True,0.9994295990152651,5.516079658862707e-05,2.9278189882088473e-09,0.0005152372603273625
ipo,0.1,0.1,0.01,814,43,True,0.9831485846149473,0.0005833737385542289,7.784411652530383e-08,0.016267963802382115
ipo,0.1,0.1,0.01,814,44,True,0.9437009833024586,0.0009377675839263402,4.4363733649084606e-07,0.05536080547627867
ipo,0.1,0.1,0.01,814,45,True,0.8855491503299195,0.0009816901611602842,1.2046038291571696e-06,0.113467954905091
ipo,0.1,0.1,0.01,814,46,True,0.9020033551521427,0.0006713217422647792,3.380702782548755e-07,0.0973249850353144
ipo,0.1,0.1,0.01,814,47,True,0.927276617848823,0.0006585281053687737,1.4715883006973124e-07,0.07206470688697818
ipo,0.1,0.1,0.01,814,48,True,0.9994353514255792,0.00024721496206771894,3.3176726527451107e-09,0.000317430294680447
ipo,0.1,0.1,0.01,814,49,True,0.9680323874892617,0.0008489143720879171,1.3480320980940141e-06,0.0311173501065524
ipo,0.1,0.1,0.01,814,50,True,0.9999465180361942,3.3868599766617937e-05,1.1722306950428198e-08,1.960164173209561e-05
ipo,0.1,0.1,0.01,814,51,True,0.9998629479754492,5.738302320197623e-05,5.634108168594453e-10,7.96684379379694e-05
ipo,0.1,0.1,0.01,814,52,True,0.9945979972711894,0.00018282536574204712,6.072599035670278e-09,0.005219171290469523
ipo,0.1,0.1,0.01,814,53,True,0.9990470427144209,0.00014584229932512198,2.217834291381678e-09,0.000807112768419688
ipo,0.1,0.1,0.01,814,54,True,0.9838370505513003,0.0005071988132371318,4.7247906320004194e-08,0.0156557033875562
ipo,0.1,0.1,0.01,814,55,True,0.9631699726492892,0.0006326138335976287,2.8114356812619035e-07,0.03619713237354514
ipo,0.1,0.1,0.01,814,56,True,0.9613084889624035,0.0008299480800901768,6.081176847671063e-07,0.03786095483982144
ipo,0.1,0.1,0.01,814,57,True,0.9778470916474089,0.0005493488066140426,1.0337507385348618e-07,0.02160345617090331
ipo,0.1,0.1,0.01,814,58,True,0.9961550428378702,0.0002522468546432938,1.4252231186282568e-08,0.0035926960552552334
ipo,0.1,0.1,0.01,814,59,True,0.9910847793039264,0.0004073530926713934,3.195442400928736e-08,0.008507835648978232
ipo,0.1,0.1,0.01,814,60,True,0.9830461174897057,0.000939442217097438,3.5710919096382754e-07,0.01601408318400586
ipo,0.1,0.1,0.01,814,61,True,0.9919338379039494,0.0006962389625336574,6.972877855981207e-07,0.007369225845731421
ipo,0.1,0.1,0.01,814,62,True,0.9995899244676492,0.0002002317405115252,2.729465158347089e-09,0.00020984106237420769
ipo,0.1,0.1,0.01,814,63,True,0.9989303488049828,0.0002843989011815005,1.7474072419123442e-09,0.0007852505464284841
ipo,0.1,0.1,0.01,814,64,True,0.9978878135291938,0.0010890746151173412,2.0935869180470247e-08,0.0010230909198197886
ipo,0.1,0.1,0.01,814,65,True,0.9827758003093936,0.002124767250357431,8.66520116847835e-07,0.015098565920132083
ipo,0.1,0.1,0.01,814,66,True,0.9657845040017601,0.0011667133911504074,1.4541855836141538e-06,0.03304732842150592
ipo,0.1,0.1,0.01,814,67,True,0.9762529885083444,0.001143074728980901,6.175714808879435e-07,0.022603319191193863
ipo,0.1,0.1,0.01,814,68,True,0.9887485086342028,0.0006053203304500147,1.0954392043608632e-07,0.010646061491426738
ipo,0.1,0.1,0.01,814,69,True,0.9664747535128357,0.0010925330800463265,1.415972686272553e-06,0.03243129743443156
ipo,0.1,0.1,0.01,814,70,True,0.9773956921565916,0.00032532814710966993,4.549441791931753e-08,0.022278934201880835
ipo,0.1,0.1,0.01,814,71,True,0.9889930716919115,0.00019051960548693408,2.1407907951139268e-08,0.010816387294693506
ipo,0.1,0.1,0.01,814,72,True,0.9522371372677243,0.0003535878171905872,1.7945951790570018e-07,0.047409095455567235
ipo,0.1,0.1,0.01,814,73,True,0.9899382973965491,4.859510930733137e-05,2.3719041711408876e-08,0.010013083775101848
ipo,0.1,0.1,0.01,814,74,True,0.9999807735682056,4.6017139473487025e-06,5.011670052306491e-10,1.4624216680087978e-05
ipo,0.1,0.1,0.01,814,75,True,0.958134679674948,0.00041920859296577876,1.2731493465648498e-06,0.04144483858273971
ipo,0.1,0.1,0.01,814,76,True,0.9582424641357251,0.00158225467612855,1.0473818970563931e-06,0.040174233806249335
ipo,0.1,0.1,0.01,814,77,True,0.9984167895841235,1.0114055528931554e-05,1.0570864217752504e-10,0.0015730962546389117
ipo,0.1,0.1,0.01,814,78,True,0.9899971381857726,6.694656951954263e-05,1.6337123235828592e-07,0.009935751873475583
ipo,0.1,0.1,0.01,814,79,True,0.9842626473734487,7.483405472762568e-05,4.2703391250300285e-08,0.015662475868432484
ipo,0.1,0.1,0.01,814,80,True,0.9783142778356471,0.00024010738118335895,3.687712808809098e-08,0.021445577906041326
ipo,0.1,0.1,0.01,814,81,True,0.9603262195016934,0.0004970159249329659,1.1573374529519247e-06,0.03917560723592062
ipo,0.1,0.1,0.01,814,82,True,0.9658524129566071,0.00031403872926291247,1.462615707009022e-07,0.03383340205255936
ipo,0.1,0.1,0.01,814,83,True,0.981840644850318,0.0001762995078847554,1.6944436960414722e-08,0.017983038697360326
ipo,0.1,0.1,0.01,814,84,True,0.9842320697778889,0.0003487322694296078,2.5300135981454745e-08,0.015419172652545436
ipo,0.1,0.1,0.01,814,85,True,0.9852843961444249,0.00032795391830147427,3.408145465240899e-08,0.014387615855819305
ipo,0.1,0.1,0.01,814,86,True,0.9731162736994283,0.0005424366770302126,2.39191415538537e-07,0.026341050432125784
ipo,0.1,0.1,0.01,814,87,True,0.995915737623381,0.00010846395786386354,1.7285764546471846e-09,0.003975796690178605
ipo,0.1,0.1,0.01,814,88,True,0.9945815998864531,0.00011712039526485881,5.8398651397221234e-09,0.005301273878417042
ipo,0.1,0.1,0.01,814,89,True,0.9841130395276606,0.00034869009473263593,4.303177627792033e-08,0.015538227345830375
ipo,0.1,0.1,0.01,814,90,True,0.9757223971566024,0.0006020306729739323,3.7145906690022865e-07,0.023675200711356762
ipo,0.1,0.1,0.01,814,91,True,0.9888231167569045,0.00044636890170875426,1.451330667032219e-07,0.010730369208320123
ipo,0.1,0.1,0.01,814,92,True,0.9803487573567918,0.0008332645361766565,5.515838908979884e-07,0.018817426523140723
ipo,0.1,0.1,0.01,814,93,True,0.9850312841180863,0.00024365204932107307,3.9217436601422165e-08,0.01472502461515605
ipo,0.1,0.1,0.01,814,94,True,0.9365122527159183,0.000986781990713916,3.1653436702553074e-06,0.06249779994969762
ipo,0.1,0.1,0.01,814,95,True,0.9711510237352228,0.0004249035786445326,1.2579046524001246e-07,0.028423946895667625
ipo,0.1,0.1,0.01,814,96,True,0.9986302125121412,2.7656199727780466e-06,2.9070836293355063e-12,0.001367021864978953
ipo,0.1,0.1,0.01,814,97,True,0.9607126703617107,0.0005525219455124312,2.8872033625194273e-08,0.03873477882074319
ipo,0.1,0.1,0.01,814,98,True,0.9586152304333784,0.001194813103974625,9.446107385578674e-08,0.04018986200157307
ipo,0.1,0.1,0.01,814,99,True,0.9645095442572871,0.00035814484760799466,5.33136707851298e-08,0.035132257581434075
ipo,0.1,0.1,0.01,439,0,True,0.3101642700999805,0.23458199501399768,0.2882591417138307,0.1669945931721911
ipo,0.1,0.1,0.01,439,1,True,0.3133824047051249,0.2337975184732548,0.2918194014074406,0.16100067541417964
ipo,0.1,0.1,0.01,439,2,True,0.319175712453357,0.23124462869906265,0.299252784365845,0.1503268744817354
ipo,0.1,0.1,0.01,439,3,True,0.3275450124963846,0.2216280415965203,0.315612789758604,0.13521415614849108
ipo,0.1,0.1,0.01,439,4,True,0.3315292096629729,0.21530923441236463,0.33250191080386426,0.12065964512079813
ipo,0.1,0.1,0.01,439,5,True,0.33454731310521607,0.21099634558563513,0.3381604548485644,0.11629588646058447
ipo,0.1,0.1,0.01,439,6,True,0.34465355112696916,0.19561206991975705,0.35943447745933577,0.10029990149393804
ipo,0.1,0.1,0.01,439,7,True,0.35519145012076764,0.15306460164061206,0.43180298899111363,0.05994095924750648
ipo,0.1,0.1,0.01,439,8,True,0.35258847193863235,0.12352869163095388,0.4991755437571952,0.024707292673218487
ipo,0.1,0.1,0.01,439,9,True,0.3076479565634846,0.07364591166747977,0.6130271688517216,0.005678962917314089
ipo,0.1,0.1,0.01,439,10,True,0.3107790428754221,0.03446221259271363,0.6527992707930117,0.0019594737388525466
ipo,0.1,0.1,0.01,439,11,True,0.3471803451044167,0.008967387378208314,0.6435706887700066,0.0002815787473686051
ipo,0.1,0.1,0.01,439,12,True,0.3919840481957103,0.0008709646796748922,0.6071167704267785,2.8216697836373612e-05
ipo,0.1,0.1,0.01,439,13,True,0.31398914222588337,0.00019373450394458565,0.6858153390370748,1.7842330970323432e-06
ipo,0.1,0.1,0.01,439,14,True,0.3503885350155035,9.371285919838418e-05,0.6495177333533113,1.8771986838099876e-08
ipo,0.1,0.1,0.01,439,15,True,0.12252295784438041,2.0785669759021003e-06,0.8774749635798662,8.777479208637785e-12
ipo,0.1,0.1,0.01,439,16,True,0.22000418856787357,1.3232181621254404e-05,0.7799825792317886,1.8716629786373644e-11
ipo,0.1,0.1,0.01,439,17,True,0.09946988006494965,3.355950921543139e-06,0.900526763984114,1.487416776583486e-14
ipo,0.1,0.1,0.01,439,18,True,0.008711384332209738,1.4405949372972506e-08,0.9912886012618402,7.193925023403163e-16
ipo,0.1,0.1,0.01,439,19,True,0.05665239015359233,6.205273841962255e-07,0.9433469893190196,3.8785264249080655e-15
ipo,0.1,0.1,0.01,439,20,True,0.05834582600971511,2.502657568020718e-07,0.9416539237245282,2.6914474231126024e-17
ipo,0.1,0.1,0.01,439,21,True,0.00021995337243205213,5.763796224377237e-14,0.9997800466275104,9.626519995549625e-19
ipo,0.1,0.1,0.01,439,22,True,0.05877655577030725,1.3229692231975478e-09,0.9412234429067234,2.813402089169595e-18
ipo,0.1,0.1,0.01,439,23,True,0.38121809407196894,3.861774974440652e-06,0.6187780441530558,6.533729056863238e-16
ipo,0.1,0.1,0.01,439,24,True,0.2146910721270383,1.6162043397803863e-06,0.7853073116686203,1.5735689198857215e-15
ipo,0.1,0.1,0.01,439,25,True,0.020964239619834187,5.715853191226163e-08,0.9790357032212482,3.8571132495530073e-13
ipo,0.1,0.1,0.01,439,26,True,0.2893615241266434,3.515641600843887e-05,0.7106033194167616,4.0586791932105935e-11
ipo,0.1,0.1,0.01,439,27,True,0.09947018082963056,3.3228514376325914e-07,0.9005294868852037,2.198266141262833e-14
ipo,0.1,0.1,0.01,439,28,True,0.009559399309468966,3.934998297902501e-09,0.990440596754869,6.637602448771392e-13
ipo,0.1,0.1,0.01,439,29,True,0.01566364866008427,3.2931785194776723e-09,0.9843363480466821,5.5001682281180274e-14
ipo,0.1,0.1,0.01,439,30,True,0.1993079908712594,3.52860209726314e-08,0.8006919738427194,2.619104669116229e-16
ipo,0.1,0.1,0.01,439,31,True,0.008577485413083012,7.327955385272511e-11,0.9914225145135886,4.888824167757309e-14
ipo,0.1,0.1,0.01,439,32,True,4.0063692229206904e-05,8.435814981984235e-15,0.9999599363077623,2.797766508715128e-16
ipo,0.1,0.1,0.01,439,33,True,0.013020490112878005,7.409996915917872e-11,0.9869795098130218,1.2642834108960332e-16
ipo,0.1,0.1,0.01,439,34,True,0.08035746882025946,2.4236890624135117e-11,0.9196425311555037,2.483419488197899e-18
ipo,0.1,0.1,0.01,439,35,True,0.019419348182447924,3.4827803327587604e-14,0.9805806518175172,2.424817796163724e-19
ipo,0.1,0.1,0.01,439,36,True,0.00453843172479537,2.7693223000336463e-15,0.9954615682752019,1.2185882361581252e-19
ipo,0.1,0.1,0.01,439,37,True,0.0026730060327885764,2.846285232889206e-14,0.9973269939671829,2.085523694233165e-17
ipo,0.1,0.1,0.01,439,38,True,0.055823141134613015,2.5313418104881085e-14,0.9441768588653616,8.861890175793574e-20
ipo,0.1,0.1,0.01,439,39,True,0.04603390239924034,9.316009228538556e-16,0.9539660976007587,2.789632335066495e-21
ipo,0.1,0.1,0.01,439,40,True,0.00011774459228387069,1.4596604342286688e-17,0.9998822554077161,6.486961254038731e-21
ipo,0.1,0.1,0.01,439,41,True,0.29098084169261135,8.427459765023989e-08,0.709019074032791,3.114321248716547e-17
ipo,0.1,0.1,0.01,439,42,True,0.0007096703991005866,2.065901044851703e-15,0.9992903296008973,5.397343265059635e-19
ipo,0.1,0.1,0.01,439,43,True,0.00014883848257288122,6.403454679136973e-16,0.9998511615174264,5.102231588103113e-20
ipo,0.1,0.1,0.01,439,44,True,0.0011513995656771924,1.8694873314625093e-14,0.9988486004343041,6.610039991201637e-19
ipo,0.1,0.1,0.01,439,45,True,0.013222821752293565,8.760869756560667e-13,0.9867771782468304,7.35750331928535e-18
ipo,0.1,0.1,0.01,439,46,True,0.0070117953814859135,1.596373704628309e-12,0.9929882046169176,1.617141504627763e-17
ipo,0.1,0.1,0.01,439,47,True,0.01032815251927724,2.7064539105347056e-12,0.9896718474780164,2.657311036331533e-17
ipo,0.1,0.1,0.01,439,48,True,0.08035746882220006,8.741187625876196e-14,0.9196425311777126,1.5875969636338198e-19
ipo,0.1,0.1,0.01,439,49,True,0.30735795325059584,2.0697253386825394e-07,0.6926418397768688,1.512436090475729e-15
ipo,0.1,0.1,0.01,439,50,True,0.04208772791561872,2.7068275832599045e-15,0.9579122720843785,4.2469572300403275e-20
ipo,0.1,0.1,0.01,439,51,True,0.0008830458477845482,9.363443750983056e-17,0.9991169541522155,1.1555407588854629e-20
ipo,0.1,0.1,0.01,439,52,True,0.06656918897044477,8.550311990244672e-13,0.9334308110287003,1.370455597313578e-18
ipo,0.1,0.1,0.01,439,53,True,0.0005112579049909173,2.741541313041171e-18,0.9994887420950092,1.6653337673823098e-21
ipo,0.1,0.1,0.01,439,54,True,0.0018102110262026357,7.091093383062331e-15,0.9981897889737903,9.611207980518667e-19
ipo,0.1,0.1,0.01,439,55,True,0.0026316739748845595,7.660990258736228e-15,0.9973683260251077,3.5884904405451886e-19
ipo,0.1,0.1,0.01,439,56,True,0.0019570169401945995,1.7275986272708186e-14,0.998042983059788,3.1689738614927374e-19
ipo,0.1,0.1,0.01,439,57,True,0.0030278350245682133,5.484406445409289e-14,0.996972164975377,7.433518097848245e-18
ipo,0.1,0.1,0.01,439,58,True,0.00041731576067771984,6.502547902162228e-16,0.9995826842393216,1.8264318797217318e-18
ipo,0.1,0.1,0.01,439,59,True,0.0009850082967450666,2.912584703379882e-15,0.999014991703252,2.5198795106914263e-17
ipo,0.1,0.1,0.01,439,60,True,0.0010005044009099814,7.322123559595616e-15,0.9989994955990826,4.7818168845777855e-17
ipo,0.1,0.1,0.01,439,61,True,0.0015011822567369854,4.041634077204829e-15,0.998498817743259,8.654412190630982e-17
ipo,0.1,0.1,0.01,439,62,True,1.3211958228877664e-05,6.895668506806678e-18,0.9999867880417712,3.0297452947258594e-19
ipo,0.1,0.1,0.01,439,63,True,5.8628140118863515e-06,5.257027316653487e-17,0.9999941371859881,2.5367933201568154e-18
ipo,0.1,0.1,0.01,439,64,True,0.0009110511944006177,3.0352076343395686e-14,0.9990889488055691,1.0609874397643895e-16
ipo,0.1,0.1,0.01,439,65,True,0.0011335690050871359,3.313804738037579e-13,0.9988664309945815,5.589765681899533e-17
ipo,0.1,0.1,0.01,439,66,True,0.0007096703991005129,1.0596050947516926e-13,0.9992903296007936,3.9487806875071155e-19
ipo,0.1,0.1,0.01,439,67,True,0.03410042571225857,1.5528247712640347e-12,0.9658995742861886,1.2639619221109013e-17
ipo,0.1,0.1,0.01,439,68,True,0.0021489492836253257,4.7691354463500525e-14,0.9978510507163268,1.1589395573463953e-18
ipo,0.1,0.1,0.01,439,69,True,0.10158944591442613,4.3210368926660466e-11,0.8984105540423634,8.097099837971631e-17
ipo,0.1,0.1,0.01,439,70,True,0.00014883848257288065,4.444878548189223e-15,0.9998511615174226,2.082029038135419e-19
ipo,0.1,0.1,0.01,439,71,True,4.757645425657624e-05,8.753371236330307e-16,0.9999524235457425,1.3311314332647335e-20
ipo,0.1,0.1,0.01,439,72,True,9.080474758713809e-06,2.283541226100739e-16,0.9999909195252412,8.867588362358382e-21
ipo,0.1,0.1,0.01,439,73,True,8.267873072601934e-06,5.146043772771938e-16,0.9999917321269268,1.1747655455377397e-20
ipo,0.1,0.1,0.01,439,74,True,1.095312282149538e-05,2.5620574515506868e-17,0.9999890468771786,1.728901252688096e-22
ipo,0.1,0.1,0.01,439,75,True,0.0008295891883590795,2.8073370596695935e-14,0.9991704108116127,1.70786990834798e-20
ipo,0.1,0.1,0.01,439,76,True,0.0004044814978420387,1.0434960326881845e-13,0.9995955185020536,4.546406785795491e-19
ipo,0.1,0.1,0.01,439,77,True,2.601616431687516e-06,7.487491934793901e-16,0.9999973983835676,1.462027627577829e-20
ipo,0.1,0.1,0.01,439,78,True,0.05749327879891238,2.5627958577164468e-11,0.9425067211754596,1.028338553926348e-18
ipo,0.1,0.1,0.01,439,79,True,0.007815888789243025,5.8345638923207795e-12,0.9921841112049224,1.8414624780601793e-18
ipo,0.1,0.1,0.01,439,80,True,0.03067580170705053,1.1812459564784592e-10,0.9693241981748245,1.0787795271742424e-16
ipo,0.1,0.1,0.01,439,81,True,0.16451646237548137,3.167352921123232e-09,0.8354835344571651,7.0886282801586e-16
ipo,0.1,0.1,0.01,439,82,True,0.044680870271625935,2.2924043375620113e-11,0.9553191297054501,3.911268530786908e-17
ipo,0.1,0.1,0.01,439,83,True,2.318747750466432e-05,1.95318876318097e-16,0.9999768125224952,7.125206905693234e-21
ipo,0.1,0.1,0.01,439,84,True,0.0005274784125231454,5.114086429700608e-15,0.9994725215874718,3.949500634630692e-19
ipo,0.1,0.1,0.01,439,85,True,0.00017130819343483177,8.752288114952488e-16,0.9998286918065643,1.8192158143714605e-20
ipo,0.1,0.1,0.01,439,86,True,0.0012448433020883654,7.095109728823176e-15,0.9987551566979045,8.856630026785166e-21
ipo,0.1,0.1,0.01,439,87,True,9.223470110117275e-06,2.858186570266012e-17,0.9999907765298898,1.145140949422466e-21
ipo,0.1,0.1,0.01,439,88,True,3.1875652166284766e-06,2.797869683641847e-16,0.9999968124347832,1.0308292540248349e-19
ipo,0.1,0.1,0.01,439,89,True,0.00030061635882426606,9.209777029486465e-14,0.9996993836410836,7.112515739178345e-18
ipo,0.1,0.1,0.01,439,90,True,0.00030061635882428856,1.730465833813179e-14,0.9996993836411584,3.274994223712892e-19
ipo,0.1,0.1,0.01,439,91,True,0.00175461441009919,1.6914735183113705e-13,0.9982453855897315,6.776938954344632e-18
ipo,0.1,0.1,0.01,439,92,True,0.060086650171553645,4.0840675237317756e-11,0.9399133497876058,4.4989947901416804e-17
ipo,0.1,0.1,0.01,439,93,True,7.843789122138342e-05,5.015926448927481e-17,0.9999215621087787,2.554977979177669e-22
ipo,0.1,0.1,0.01,439,94,True,0.0002868540823874568,2.1202402477715342e-14,0.9997131459175914,4.2356857677698546e-23
ipo,0.1,0.1,0.01,439,95,True,8.851569304133282e-07,6.788844760536061e-18,0.9999991148430695,1.3541937431179599e-23
ipo,0.1,0.1,0.01,439,96,True,3.0765403823688114e-08,2.754501430160714e-16,0.9999999692345959,1.9561763697303122e-19
ipo,0.1,0.1,0.01,439,97,True,1.1610741114742279e-07,4.1176456579683745e-18,0.9999998838925889,2.326516140054398e-22
ipo,0.1,0.1,0.01,439,98,True,3.966985914946731e-06,1.4515145389186363e-16,0.999996033014085,7.553062966133643e-23
ipo,0.1,0.1,0.01,439,99,True,1.459376221076886e-06,1.5298889047928103e-17,0.9999985406237789,7.320698006349279e-23
ipo,0.1,0.1,0.01,543,0,True,0.3020147282632628,0.19898699227669764,0.3063217259190489,0.1926765535409907
ipo,0.1,0.1,0.01,543,1,True,0.31127589363942093,0.18705492550104033,0.3103652870923998,0.19130389376713894
ipo,0.1,0.1,0.01,543,2,True,0.32287366489053315,0.17181215215149495,0.31872276931278043,0.18659141364519136
ipo,0.1,0.1,0.01,543,3,True,0.3625094496381137,0.1291936266338213,0.34321704864606856,0.16507987508199648
ipo,0.1,0.1,0.01,543,4,True,0.4107169966289702,0.09418379645601165,0.34908196396352525,0.1460172429514929
ipo,0.1,0.1,0.01,543,5,True,0.4285985446311415,0.088619224279575,0.35358993814962447,0.12919229293965892
ipo,0.1,0.1,0.01,543,6,True,0.46907769626185225,0.07586770309304597,0.36478333502042376,0.09027126562467803
ipo,0.1,0.1,0.01,543,7,True,0.5292165587230933,0.06168147602624767,0.3508170664342878,0.058284898816371174
ipo,0.1,0.1,0.01,543,8,True,0.6360853736350708,0.03945099828757293,0.28754733124555953,0.036916296831796834
ipo,0.1,0.1,0.01,543,9,True,0.7322944908392282,0.02442951708905723,0.22333720132800325,0.019938790743711264
ipo,0.1,0.1,0.01,543,10,True,0.7808110148158761,0.020365631854068048,0.1850970009433846,0.013726352386671291
ipo,0.1,0.1,0.01,543,11,True,0.9198035398144202,0.02329826405128567,0.052503448521251196,0.00439474761304293
ipo,0.1,0.1,0.01,543,12,True,0.9462567963191615,0.0018338548689674364,0.05113888859844734,0.0007704602134239228
ipo,0.1,0.1,0.01,543,13,True,0.9949803094535186,7.301379620772103e-07,0.004943311483784499,7.564892473492753e-05
ipo,0.1,0.1,0.01,543,14,True,0.9999123988946989,3.5259091750143306e-10,8.750298902114447e-05,9.77636891977302e-08
ipo,0.1,0.1,0.01,543,15,True,0.9999994457564257,2.940076109765278e-11,5.539172363420579e-07,2.9693716824310526e-10
ipo,0.1,0.1,0.01,543,16,True,0.9999998256977483,2.3659771967395366e-14,1.7429785788676004e-07,4.370034665244571e-12
ipo,0.1,0.1,0.01,543,17,True,0.9999923528713925,7.360284315107734e-13,7.64653734560015e-06,5.905258840324893e-10
ipo,0.1,0.1,0.01,543,18,True,0.9999999967962561,1.8217017883094047e-12,3.1923771703447777e-09,9.54503489226078e-12
ipo,0.1,0.1,0.01,543,19,True,0.9999998991108745,4.1287764666547234e-13,1.0087586848373912e-07,1.2844247105680258e-11
ipo,0.1,0.1,0.01,543,20,True,0.9999999604961105,5.415776468976783e-14,3.950356011907648e-08,2.750358232116362e-13
ipo,0.1,0.1,0.01,543,21,True,0.9999998362245206,1.2645114716353954e-11,1.637376862428588e-07,2.514781344357956e-11
ipo,0.1,0.1,0.01,543,22,True,0.9996485585404269,6.160571891091097e-12,0.0003514382621570975,3.1912552468764884e-09
ipo,0.1,0.1,0.01,543,23,True,0.9998232514645032,3.2655540588558695e-13,0.00017674513750297983,3.3976671806347496e-09
ipo,0.1,0.1,0.01,543,24,True,0.9999999692345946,6.0854863124780116e-18,3.0765403823688075e-08,1.74089850850675e-15
ipo,0.1,0.1,0.01,543,25,True,0.9999999941283197,6.617659522689944e-19,5.871680218193272e-09,2.903223220206893e-17
ipo,0.1,0.1,0.01,543,26,True,0.9999998951056942,1.3133145887211835e-19,1.0489430583111977e-07,6.003748210928205e-17
ipo,0.1,0.1,0.01,543,27,True,0.9999999867679623,3.428032476810425e-16,1.3232035533697668e-08,1.740898539030565e-15
ipo,0.1,0.1,0.01,543,28,True,0.9999999996687425,1.2486607545108766e-17,3.3125753214646825e-10,4.094200993020225e-17
ipo,0.1,0.1,0.01,543,29,True,0.9999999972693958,8.436152942384518e-15,2.7305848969492456e-09,1.0832234797086796e-14
ipo,0.1,0.1,0.01,543,30,True,0.9999999467703546,3.0334056635745036e-11,5.3157849714670576e-08,4.146173951945108e-11
ipo,0.1,0.1,0.01,543,31,True,0.9999999777631949,5.051074069506869e-10,2.1477713469789238e-08,2.5398395448182416e-10
ipo,0.1,0.1,0.01,543,32,True,0.9999982797653575,3.466321449765467e-07,1.2098650660487816e-06,1.6373743139179496e-07
ipo,0.1,0.1,0.01,543,33,True,0.999999999974013,1.3066169316415618e-14,2.5946094982090405e-11,2.7661080659915885e-14
ipo,0.1,0.1,0.01,543,34,True,0.9999999911095355,1.1628232926840577e-10,8.6777808023876e-09,9.64014368933494e-11
ipo,0.1,0.1,0.01,543,35,True,0.9999999558788724,1.997738504086277e-09,4.012565048669861e-08,1.997738504086277e-09
ipo,0.1,0.1,0.01,543,36,True,0.9999999880044254,1.5079721857470415e-09,9.237449551162078e-09,1.2501528513904405e-09
ipo,0.1,0.1,0.01,543,37,True,0.9999999880949341,6.903999753211443e-10,1.0145353577302749e-08,1.069312399953646e-09
ipo,0.1,0.1,0.01,543,38,True,0.9999995481282667,4.2713515187095836e-08,3.5763588401912046e-07,5.152233407777746e-08
ipo,0.1,0.1,0.01,543,39,True,0.999999640108738,2.8453337849722646e-08,2.873685324029086e-07,4.4069391758923804e-08
ipo,0.1,0.1,0.01,543,40,True,0.9999999917810142,1.1997352671187728e-10,7.90120933966415e-09,1.9780290541078205e-10
ipo,0.1,0.1,0.01,543,41,True,0.9999999957707864,8.533047589655984e-17,4.229212615049815e-09,1.1779508848464705e-15
ipo,0.1,0.1,0.01,543,42,True,0.9999999999483888,4.6588861448629474e-15,5.159997127890207e-11,6.3679423464075955e-15
ipo,0.1,0.1,0.01,543,43,True,0.9999999999175408,6.305116759627075e-16,8.245651931872525e-11,2.067368194693171e-15
ipo,0.1,0.1,0.01,543,44,True,0.999999999779327,7.970414409982522e-16,2.2066508856117714e-10,7.103953035612259e-15
ipo,0.1,0.1,0.01,543,45,True,0.9999999176675122,1.4975963740617689e-16,8.233248585221204e-08,1.713908290431668e-15
ipo,0.1,0.1,0.01,543,46,True,0.9999994956516954,1.1287442194886378e-13,5.043474082009995e-07,7.835037833474349e-13
ipo,0.1,0.1,0.01,543,47,True,0.9999980657789067,1.277109084296726e-10,1.933358456886861e-06,7.349255354045168e-10
ipo,0.1,0.1,0.01,543,48,True,0.9999875650556741,1.4593602035704054e-06,9.516223918890745e-06,1.4593602035704054e-06
ipo,0.1,0.1,0.01,543,49,True,0.9999531570458797,1.9946402612624423e-06,4.0063420616063476e-05,4.784893243094549e-06
ipo,0.1,0.1,0.01,543,50,True,0.9999972828204297,5.6586085726346725e-08,2.5612818114605163e-06,9.93116732731795e-08
ipo,0.1,0.1,0.01,543,51,True,0.9999814080105592,3.966927897533584e-06,1.2218998148425928e-05,2.4060633947234946e-06
ipo,0.1,0.1,0.01,543,52,True,0.999496415360303,1.7769914780911874e-05,0.0004582921424992705,2.752258241682283e-05
ipo,0.1,0.1,0.01,543,53,True,0.9999923520980677,4.1811570022267475e-07,6.540429983582875e-06,6.893562485708022e-07
ipo,0.1,0.1,0.01,543,54,True,0.9999999899963058,7.991959813004809e-11,9.833213881331887e-09,9.056076899078642e-11
ipo,0.1,0.1,0.01,543,55,True,0.9999999783134306,1.2378189359235385e-10,2.1477713481607042e-08,8.507396837446973e-11
ipo,0.1,0.1,0.01,543,56,True,0.9999999592170034,3.695444663681914e-10,4.01256506206433e-08,2.8780151978725186e-10
ipo,0.1,0.1,0.01,543,57,True,0.999999988136251,1.0709232255456432e-12,1.1861120010626478e-08,1.5581840988841425e-12
ipo,0.1,0.1,0.01,543,58,True,0.9999999992155331,8.083752702878748e-13,7.823256727324598e-10,1.3327855028315845e-12
ipo,0.1,0.1,0.01,543,59,True,0.9999999174983413,4.146173830578243e-11,8.233248583828378e-08,1.2771114491490118e-10
ipo,0.1,0.1,0.01,543,60,True,0.9999995405820762,1.2645110977920719e-11,4.5921356153482533e-07,1.9171706329753555e-10
ipo,0.1,0.1,0.01,543,61,True,0.9999999910445078,5.167770165963817e-14,8.953243134003472e-09,2.1973917898442553e-12
ipo,0.1,0.1,0.01,543,62,True,0.9999999999992433,8.703945206719825e-15,7.360340600573331e-13,1.1896882546442461e-14
ipo,0.1,0.1,0.01,543,63,True,0.9999999942793478,5.159997098637971e-11,5.602796405485618e-09,6.625567424686158e-11
ipo,0.1,0.1,0.01,543,64,True,0.99999983606002,7.052878694863178e-11,1.6373768621592384e-07,1.317651210993798e-10
ipo,0.1,0.1,0.01,543,65,True,0.9999989314920252,1.3594767205856152e-10,1.0677028691845332e-06,6.691578941279679e-10
ipo,0.1,0.1,0.01,543,66,True,0.999999933841024,8.340358013801356e-13,6.615601200016271e-08,2.1297850300513795e-12
ipo,0.1,0.1,0.01,543,67,True,0.9998464376021897,8.789323336948657e-14,0.00015356239764957653,7.286604975432958e-14
ipo,0.1,0.1,0.01,543,68,True,0.9999936594918377,6.691543663236552e-10,6.339210395750821e-06,6.286123527631155e-10
ipo,0.1,0.1,0.01,543,69,True,0.9998365352975415,2.416603197732651e-15,0.00016346470245419233,2.0034344180082354e-15
ipo,0.1,0.1,0.01,543,70,True,0.9999990577547416,3.9397027120824875e-13,9.4224459390651e-07,2.7077154356380096e-13
ipo,0.1,0.1,0.01,543,71,True,0.9999251233268405,1.8952596819501628e-08,7.484622523169868e-05,1.1495331052199882e-08
ipo,0.1,0.1,0.01,543,72,True,0.9965165758062692,3.464667621397898e-13,0.0034834241930783954,3.057558444368782e-13
ipo,0.1,0.1,0.01,543,73,True,0.9998686477047042,2.8776372813290536e-10,0.00013135179699981566,2.10532440945986e-10
ipo,0.1,0.1,0.01,543,74,True,0.9950823311230401,4.473095871346907e-06,0.004905345253348457,7.850527740037273e-06
ipo,0.1,0.1,0.01,543,75,True,0.20689403634813028,9.407124412852573e-09,0.7931059033903113,5.0854434108329604e-08
ipo,0.1,0.1,0.01,543,76,True,0.8397339673541595,1.2152268742066174e-10,0.1602660322670541,2.572635312883577e-10
ipo,0.1,0.1,0.01,543,77,True,0.9668276999508357,3.112544271848236e-05,0.033083024623913646,5.8149982532092885e-05
ipo,0.1,0.1,0.01,543,78,True,0.0005357805369727282,6.900300788951171e-10,0.9994642168973011,1.875696224550758e-09
ipo,0.1,0.1,0.01,543,79,True,0.9783846670146242,1.1026854951095089e-10,0.021615332757726945,1.1738025994731687e-10
ipo,0.1,0.1,0.01,543,80,True,0.9879462204516324,6.219746768518909e-13,0.01205377951584442,3.190121511585654e-11
ipo,0.1,0.1,0.01,543,81,True,0.9989515307321735,7.0965047607403436e-15,0.0010484692671603104,6.590849117627249e-13
ipo,0.1,0.1,0.01,543,82,True,0.999836535295514,9.356093327766881e-14,0.00016346470245386083,1.9388744763089123e-12
ipo,0.1,0.1,0.01,543,83,True,0.9999263541069628,8.058859154175759e-07,7.254353826138514e-05,2.9646886021175406e-07
ipo,0.1,0.1,0.01,543,84,True,0.9999992661434559,2.9400755816891836e-11,7.338209804993108e-07,6.162733210069406e-12
ipo,0.1,0.1,0.01,543,85,True,0.999999987705981,4.8473686466766126e-11,1.223763237125407e-08,7.913111787799745e-12
ipo,0.1,0.1,0.01,543,86,True,0.9999999943831497,9.545034869227595e-12,5.602796406067199e-09,4.508755216969822e-12
ipo,0.1,0.1,0.01,543,87,True,0.9999999913565282,1.199735266609502e-10,8.410793557252261e-09,1.1270469813709741e-10
ipo,0.1,0.1,0.01,543,88,True,0.999999938948229,2.6465734773311093e-09,5.658623602663047e-08,1.8189615765022133e-09
ipo,0.1,0.1,0.01,543,89,True,0.9999999993856834,2.9110711764233677e-12,6.092758466445718e-10,2.129785169647423e-12
ipo,0.1,0.1,0.01,543,90,True,0.9999999985084536,4.5536814761515094e-11,1.4166087845302584e-09,2.94007773489921e-11
ipo,0.1,0.1,0.01,543,91,True,0.9999999999881166,3.516711763440159e-15,1.1878987890663599e-11,7.846844589722697e-16
ipo,0.1,0.1,0.01,543,92,True,0.9999999999677087,6.711761853789864e-16,3.2290436923016923e-11,1.9229519664940382e-16
ipo,0.1,0.1,0.01,543,93,True,0.9999999991544226,8.690853189631878e-12,8.327813436419987e-10,4.1052683615646625e-12
ipo,0.1,0.1,0.01,543,94,True,0.9999999893677608,1.9148832663606102e-18,1.0632239274823535e-08,4.548246418981585e-19
ipo,0.1,0.1,0.01,543,95,True,0.999999999996543,2.2387253727584267e-18,3.456982559429226e-12,3.4674056876492445e-18
ipo,0.1,0.1,0.01,543,96,True,0.9999999999989955,1.5275899568977113e-14,9.45086440661253e-13,4.4202281036367324e-14
ipo,0.1,0.1,0.01,543,97,True,0.9999999999408755,5.732239023064186e-13,5.667148169550295e-11,1.879528816427957e-12
ipo,0.1,0.1,0.01,543,98,True,0.9999999997723301,1.11291921625387e-16,2.276697503866072e-10,6.341222547344551e-17
ipo,0.1,0.1,0.01,543,99,True,0.9999999999873499,2.270559767935031e-15,1.2645116787154056e-11,2.5728812886313526e-15
ipo,0.5,0.5,5.0,814,0,True,0.35167961155749644,0.16948087658203284,0.21051080309684048,0.26832870876363013
ipo,0.5,0.5,5.0,814,1,True,0.3530104935080142,0.16904579560790348,0.2083363900380022,0.26960732084608013
ipo,0.5,0.5,5.0,814,2,True,0.35451373591334495,0.1689387384806474,0.20658419019353313,0.26996333541247447
ipo,0.5,0.5,5.0,814,3,True,0.35547573724304127,0.16865437938948097,0.2058340534758962,0.2700358298915815
ipo,0.5,0.5,5.0,814,4,True,0.35749636418346975,0.16780079565630585,0.20339712488031003,0.27130571527991443
ipo,0.5,0.5,5.0,814,5,True,0.35624180751783024,0.1675388397730308,0.2050725135295983,0.2711468391795407
ipo,0.5,0.5,5.0,814,6,True,0.35757067391483566,0.1672629971445758,0.2039366883333919,0.27122964060719673
ipo,0.5,0.5,5.0,814,7,True,0.3568556124165582,0.16750004111142672,0.20482490079888635,0.2708194456731287
ipo,0.5,0.5,5.0,814,8,True,0.3578055163167964,0.16704626972697567,0.2042700133004186,0.27087820065580936
ipo,0.5,0.5,5.0,814,9,True,0.3580414142893042,0.16683024310731995,0.20380672118899285,0.271321621414383
ipo,0.5,0.5,5.0,814,10,True,0.3582355357455806,0.16667636072165812,0.20322142738872426,0.27186667614403703
ipo,0.5,0.5,5.0,814,11,True,0.3581299630088541,0.16679004225597222,0.20355872525361776,0.27152126948155597
ipo,0.5,0.5,5.0,814,12,True,0.3577630822101931,0.1667819702474924,0.2039468186653179,0.2715081288769967
ipo,0.5,0.5,5.0,814,13,True,0.35779499076823146,0.16630889785992767,0.2043637669362274,0.27153234443561347
ipo,0.5,0.5,5.0,814,14,True,0.3584170644059793,0.16635418629080356,0.20362246249909668,0.2716062868041204
ipo,0.5,0.5,5.0,814,15,True,0.3582744393807917,0.16628798891248084,0.20393936528533319,0.27149820642139433
ipo,0.5,0.5,5.0,814,16,True,0.35779678264581893,0.16663487186374196,0.2045644628840685,0.27100388260637065
ipo,0.5,0.5,5.0,814,17,True,0.3563770910223087,0.16694904288732537,0.2059533261319367,0.2707205399584291
ipo,0.5,0.5,5.0,814,18,True,0.35704847652471866,0.16644883541581218,0.2055368768843142,0.27096581117515506
ipo,0.5,0.5,5.0,814,19,True,0.3568297826373658,0.16691642594993303,0.2061142741235546,0.27013951728914654
ipo,0.5,0.5,5.0,814,20,True,0.3573984919493165,0.16628690909052504,0.20614059056183048,0.27017400839832784
ipo,0.5,0.5,5.0,814,21,True,0.3566141253006582,0.16681554661299244,0.20659407510885153,0.26997625297749783
ipo,0.5,0.5,5.0,814,22,True,0.3565737110089623,0.16655248962310207,0.2062682900328754,0.2706055093350602
ipo,0.5,0.5,5.0,814,23,True,0.35730907462462896,0.16657032102097102,0.20548612352504772,0.2706344808293525
ipo,0.5,0.5,5.0,814,24,True,0.35642147604378,0.16664404087539839,0.20618022620488732,0.2707542568759344
ipo,0.5,0.5,5.0,814,25,True,0.35710649502691005,0.16631338772943693,0.20557027554731366,0.2710098416963394
ipo,0.5,0.5,5.0,814,26,True,0.3569036497360607,0.16605667369786567,0.2056542427538403,0.27138543381223335
ipo,0.5,0.5,5.0,814,27,True,0.35619293552817666,0.16572599947416883,0.20444454324473355,0.2736365217529209
ipo,0.5,0.5,5.0,814,28,True,0.35492176842707396,0.1661049887543787,0.2055132843348737,0.2734599584836737
ipo,0.5,0.5,5.0,814,29,True,0.35477834754830573,0.16660635035279206,0.20593238955407153,0.2726829125448307
ipo,0.5,0.5,5.0,814,30,True,0.35479111728477164,0.16620607482288918,0.20644319876174844,0.2725596091305908
ipo,0.5,0.5,5.0,814,31,True,0.3545188146512721,0.1662407767137217,0.20688998935088027,0.272350419284126
ipo,0.5,0.5,5.0,814,32,True,0.35500599395417326,0.16606330128517988,0.2068710415011948,0.272059663259452
ipo,0.5,0.5,5.0,814,33,True,0.3556115840862744,0.1653747448008831,0.2070216659637548,0.27199200514908767
ipo,0.5,0.5,5.0,814,34,True,0.3554295517154451,0.16569412515419119,0.20742147702860353,0.27145484610176024
ipo,0.5,0.5,5.0,814,35,True,0.3554485158133926,0.16651404090127533,0.20723007212702313,0.270807371158309
ipo,0.5,0.5,5.0,814,36,True,0.3555018747848315,0.1662952624610066,0.206957797958963,0.271245064795199
ipo,0.5,0.5,5.0,814,37,True,0.3554556458057244,0.16603025105808472,0.20743670501041125,0.2710773981257797
ipo,0.5,0.5,5.0,814,38,True,0.3559514302637224,0.16561363424359343,0.20671421974654045,0.2717207157461437
ipo,0.5,0.5,5.0,814,39,True,0.35554383982837723,0.16566649238501271,0.2069822281901924,0.2718074395964176
ipo,0.5,0.5,5.0,814,40,True,0.355800413036598,0.16546255841795357,0.20713159400217518,0.2716054345432733
ipo,0.5,0.5,5.0,814,41,True,0.35622022584840246,0.16557692165857585,0.20707243980056383,0.27113041269245786
ipo,0.5,0.5,5.0,814,42,True,0.3572347667196123,0.16483676406386516,0.2069536257570906,0.270974843459432
ipo,0.5,0.5,5.0,814,43,True,0.3577876908610273,0.16485023984475763,0.20636507302416124,0.2709969962700539
ipo,0.5,0.5,5.0,814,44,True,0.3575535724118761,0.16482283030878417,0.20693613183726758,0.27068746544207223
ipo,0.5,0.5,5.0,814,45,True,0.35699827799620826,0.16537236820893458,0.20762608023302107,0.2700032735618362
ipo,0.5,0.5,5.0,814,46,True,0.35738824923145035,0.16506870583084174,0.20724483014898046,0.27029821478872756
ipo,0.5,0.5,5.0,814,47,True,0.3578250218604763,0.16454574759317714,0.20739681625140588,0.27023241429494066
ipo,0.5,0.5,5.0,814,48,True,0.3566536818808629,0.16513209030451956,0.2101783883451348,0.2680358394694827
ipo,0.5,0.5,5.0,814,49,True,0.35729024500608475,0.16478188353664866,0.20993756593383206,0.2679903055234346
ipo,0.5,0.5,5.0,814,50,True,0.35852274471394385,0.16438429451125378,0.20922660172177143,0.267866359053031
ipo,0.5,0.5,5.0,814,51,True,0.3574840424523078,0.16446923593790422,0.21056488536532025,0.2674818362444677
ipo,0.5,0.5,5.0,814,52,True,0.35735194970605777,0.1644887606267205,0.21038432842420007,0.2677749612430218
ipo,0.5,0.5,5.0,814,53,True,0.35798189043674616,0.164537523363911,0.2096262429972648,0.2678543432020781
ipo,0.5,0.5,5.0,814,54,True,0.3573865578595948,0.16458503489638773,0.21009671894724055,0.26793168829677694
ipo,0.5,0.5,5.0,814,55,True,0.35761086779853907,0.164527585025738,0.21002338281838134,0.26783816435734153
ipo,0.5,0.5,5.0,814,56,True,0.35733184137377744,0.16447950478060636,0.21016714841274545,0.26802150543287084
ipo,0.5,0.5,5.0,814,57,True,0.35744220545322014,0.16436970956320543,0.20982185102843912,0.26836623395513526
ipo,0.5,0.5,5.0,814,58,True,0.3574625608871403,0.16437907000444726,0.21003881576403646,0.2681195533443759
ipo,0.5,0.5,5.0,814,59,True,0.35733184137377744,0.16447950478060636,0.21016714841274545,0.26802150543287084
ipo,0.5,0.5,5.0,814,60,True,0.3573358700739563,0.16432081126541284,0.21058040638744496,0.267762912273186
ipo,0.5,0.5,5.0,814,61,True,0.35758125973955757,0.16395261940670522,0.21051933045074134,0.2679467904029958
ipo,0.5,0.5,5.0,814,62,True,0.3578192840653357,0.16430225557401487,0.2101457848294177,0.2677326755312317
ipo,0.5,0.5,5.0,814,63,True,0.35789269512959,0.1643359642196307,0.20998373644040239,0.26778760421037695
ipo,0.5,0.5,5.0,814,64,True,0.3583398810534377,0.1641400793588223,0.2095287226006787,0.26799131698706125
ipo,0.5,0.5,5.0,814,65,True,0.357505340891224,0.1641581002030618,0.2105774305500454,0.2677591283556686
ipo,0.5,0.5,5.0,814,66,True,0.3606965887799308,0.16377382324393341,0.20682743265195558,0.2687021553241802
ipo,0.5,0.5,5.0,814,67,True,0.3610880649226147,0.16347194852882213,0.20644619973528847,0.26899378681327457
ipo,0.5,0.5,5.0,814,68,True,0.36182190086336824,0.16316555911841443,0.20626059331959648,0.26875194669862074
ipo,0.5,0.5,5.0,814,69,True,0.3609245076444813,0.16347770641944134,0.20685709475779188,0.2687406911782856
ipo,0.5,0.5,5.0,814,70,True,0.36044368566141916,0.164299536094996,0.20648067541882628,0.26877610282475856
ipo,0.5,0.5,5.0,814,71,True,0.3618269234816837,0.16372648081101668,0.20555965793626305,0.26888693777103656
ipo,0.5,0.5,5.0,814,72,True,0.36173935906533977,0.1635270855408687,0.2059116899715505,0.26882186542224096
ipo,0.5,0.5,5.0,814,73,True,0.361481085281249,0.16349014055554623,0.2062676425321858,0.26876113163101895
ipo,0.5,0.5,5.0,814,74,True,0.3611758679230564,0.1636714561291769,0.20609347998953073,0.269059195958236
ipo,0.5,0.5,5.0,814,75,True,0.3611402414093086,0.16381520922208265,0.20627449246340282,0.26877005690520595
ipo,0.5,0.5,5.0,814,76,True,0.36149319319760265,0.1638952635785334,0.2059726127411313,0.2686389304827327
ipo,0.5,0.5,5.0,814,77,True,0.3621829546927134,0.16356780418359432,0.20536043840198948,0.2688888027217028
ipo,0.5,0.5,5.0,814,78,True,0.3613582978098207,0.16391412081036955,0.20579524117173645,0.2689323402080732
ipo,0.5,0.5,5.0,814,79,True,0.36155337830733897,0.16400261040208988,0.20510358768264456,0.2693404236079266
ipo,0.5,0.5,5.0,814,80,True,0.3609814770650588,0.16438406557485002,0.20598255705153587,0.26865190030855524
ipo,0.5,0.5,5.0,814,81,True,0.3613552116455314,0.1641530033791339,0.20569302301583042,0.26879876195950414
ipo,0.5,0.5,5.0,814,82,True,0.3607235609991734,0.1643468434213968,0.20633852721479704,0.2685910683646328
ipo,0.5,0.5,5.0,814,83,True,0.36052023764066654,0.1644146914776854,0.2066253950069697,0.2684396758746785
ipo,0.5,0.5,5.0,814,84,True,0.3610285422548614,0.16416484609819482,0.20651298042476335,0.2682936312221805
ipo,0.5,0.5,5.0,814,85,True,0.3610285422548614,0.16416484609819482,0.20651298042476335,0.2682936312221805
ipo,0.5,0.5,5.0,814,86,True,0.3613695666664653,0.16383921327582418,0.20650628598772713,0.2682849340699834
ipo,0.5,0.5,5.0,814,87,True,0.36157308172709945,0.1637714725705999,0.206219419704106,0.2684360259981946
ipo,0.5,0.5,5.0,814,88,True,0.3599152064923046,0.16381849730208725,0.20749084457878797,0.2687754516268203
ipo,0.5,0.5,5.0,814,89,True,0.3604354396419134,0.16397520032172952,0.2070817486541746,0.26850761138218254
ipo,0.5,0.5,5.0,814,90,True,0.36096153861728786,0.16365421984876727,0.20687831836352819,0.2685059231704167
ipo,0.5,0.5,5.0,814,91,True,0.36113185450862545,0.16349177296957726,0.20687489391682162,0.2685014786049757
ipo,0.5,0.5,5.0,814,92,True,0.36004942901670595,0.16411982373934775,0.2078725015832824,0.26795824566066384
ipo,0.5,0.5,5.0,814,93,True,0.35977891520071015,0.16439738782541385,0.20741227275217006,0.2684114242217059
ipo,0.5,0.5,5.0,814,94,True,0.3590466424708682,0.1647049066808556,0.2075974236116374,0.26865102723663886
ipo,0.5,0.5,5.0,814,95,True,0.35971079447903254,0.16460720806265933,0.20666541670959046,0.26901658074871776
ipo,0.5,0.5,5.0,814,96,True,0.3597466087361438,0.1644629102616539,0.2064842498850872,0.26930623111711505
ipo,0.5,0.5,5.0,814,97,True,0.3596309764034376,0.16473147457998996,0.20641788023794816,0.2692196687786242
ipo,0.5,0.5,5.0,814,98,True,0.35960144351484447,0.16439654606478896,0.20680444995556074,0.2691975604648058
ipo,0.5,0.5,5.0,814,99,True,0.36014753957975165,0.16376424157072952,0.20661346259219318,0.2694747562573256
ipo,0.5,0.5,5.0,439,0,True,0.30976269985564053,0.23496564982667184,0.28816720800398554,0.16710444231370217
ipo,0.5,0.5,5.0,439,1,True,0.3116539831664211,0.23410289280864052,0.29049345446319536,0.16374966956174294
ipo,0.5,0.5,5.0,439,2,True,0.3132215502513945,0.2339058258986658,0.2919545876500398,0.16091803619989975
ipo,0.5,0.5,5.0,439,3,True,0.31459628397324274,0.2335599095491169,0.29380926657023587,0.15803453990740446
ipo,0.5,0.5,5.0,439,4,True,0.31700018098478605,0.23260274288712074,0.29605432556760153,0.15434275056049165
ipo,0.5,0.5,5.0,439,5,True,0.3164960114529007,0.23314173584300926,0.2941437083899291,0.156218544314161
ipo,0.5,0.5,5.0,439,6,True,0.3163864062862224,0.23374479400242146,0.29461670569147574,0.15525209401988044
ipo,0.5,0.5,5.0,439,7,True,0.31736643196542663,0.23196360412690195,0.2952408364734832,0.1554291274341882
ipo,0.5,0.5,5.0,439,8,True,0.3191652017594588,0.23396276238524152,0.29117136225693413,0.1557006735983655
ipo,0.5,0.5,5.0,439,9,True,0.31933075064544303,0.235229901229289,0.2913223909229241,0.1541169572023438
ipo,0.5,0.5,5.0,439,10,True,0.31999440696454157,0.23457060791256065,0.29249856696800275,0.15293641815489492
ipo,0.5,0.5,5.0,439,11,True,0.31907224454804184,0.23412314475803603,0.2925113550439196,0.15429325565000254
ipo,0.5,0.5,5.0,439,12,True,0.3177847885436134,0.2340910929191511,0.29218583266654646,0.15593828587068895
ipo,0.5,0.5,5.0,439,13,True,0.3175843901938824,0.23485910153647133,0.2917165586827411,0.15583994958690525
ipo,0.5,0.5,5.0,439,14,True,0.31788946837202725,0.2350847120797784,0.29285350136112465,0.15417231818706967
ipo,0.5,0.5,5.0,439,15,True,0.3176165635619473,0.2348828942937681,0.2934605792926399,0.15403996285164473
ipo,0.5,0.5,5.0,439,16,True,0.31907142850312165,0.23252755671810377,0.2936554610757606,0.154745553703014
ipo,0.5,0.5,5.0,439,17,True,0.3181103719081017,0.23478905354561772,0.29191448623942723,0.15518608830685326
ipo,0.5,0.5,5.0,439,18,True,0.31935315607696596,0.23341570377860263,0.2921976261643221,0.15503351398010928
ipo,0.5,0.5,5.0,439,19,True,0.3195284723165333,0.23286063348948477,0.2926436800987959,0.15496721409518613
ipo,0.5,0.5,5.0,439,20,True,0.32030551439801275,0.23502807152789484,0.29306900268079733,0.15159741139329513
ipo,0.5,0.5,5.0,439,21,True,0.31933253261734806,0.23408542359494816,0.2924642265614278,0.15411781722627596
ipo,0.5,0.5,5.0,439,22,True,0.31970865105581225,0.23481931959024124,0.2925228923686967,0.1529491369852498
ipo,0.5,0.5,5.0,439,23,True,0.32074592772887406,0.23397625125041077,0.29347196638214174,0.1518058546385735
ipo,0.5,0.5,5.0,439,24,True,0.3216568484542771,0.23395432740211652,0.2923004361551187,0.1520883879884876
ipo,0.5,0.5,5.0,439,25,True,0.32189059660388153,0.23458206305081636,0.2925128509891512,0.15101448935615105
ipo,0.5,0.5,5.0,439,26,True,0.32230566268479727,0.23488454799008118,0.29174816551351396,0.15106162381160768
ipo,0.5,0.5,5.0,439,27,True,0.32241920213449826,0.23450881875946136,0.29327947861841874,0.14979250048762158
ipo,0.5,0.5,5.0,439,28,True,0.32172285923255695,0.23423096929818657,0.2920750535155908,0.15197111795366564
ipo,0.5,0.5,5.0,439,29,True,0.3206394417225287,0.2338985723325466,0.2925162972810982,0.1529456886638266
ipo,0.5,0.5,5.0,439,30,True,0.3197933316421652,0.23442321045941938,0.2917443991438306,0.15403905875458482
ipo,0.5,0.5,5.0,439,31,True,0.3184444496993157,0.23549513028646954,0.2922210532532636,0.15383936676095122
ipo,0.5,0.5,5.0,439,32,True,0.3194159850781542,0.23483358027614493,0.29368562917937474,0.15206480546632611
ipo,0.5,0.5,5.0,439,33,True,0.3196082156725689,0.23497490757607314,0.2941494899033592,0.15126738684799873
ipo,0.5,0.5,5.0,439,34,True,0.31909656152152677,0.23459874112929066,0.29454024016113867,0.15176445718804404
ipo,0.5,0.5,5.0,439,35,True,0.3191653117225046,0.23350633027381118,0.29374186592938395,0.15358649207430025
ipo,0.5,0.5,5.0,439,36,True,0.3198951196974431,0.23541562432252364,0.29269350503809366,0.1519957509419396
ipo,0.5,0.5,5.0,439,37,True,0.3197479571539299,0.2357673589209182,0.29255885615469734,0.15192582777045463
ipo,0.5,0.5,5.0,439,38,True,0.32152393044738414,0.23592209914069007,0.29332320788882527,0.14923076252310047
ipo,0.5,0.5,5.0,439,39,True,0.32091461781189407,0.23616588830071786,0.2916259461153797,0.15129354777200837
ipo,0.5,0.5,5.0,439,40,True,0.31952297599620094,0.2369859978488371,0.29092898034352493,0.15256204581143698
ipo,0.5,0.5,5.0,439,41,True,0.32000645565315206,0.23757648340131243,0.29051682209708085,0.15190023884845477
ipo,0.5,0.5,5.0,439,42,True,0.32170986632816284,0.23790996186910843,0.29120885604988306,0.14917131575284573
ipo,0.5,0.5,5.0,439,43,True,0.3212375844441726,0.2373288216871422,0.29306197716764293,0.14837161670104226
ipo,0.5,0.5,5.0,439,44,True,0.32083831554962805,0.23726543512563364,0.2929837052118413,0.148912544112897
ipo,0.5,0.5,5.0,439,45,True,0.3202241083840164,0.2372741922827654,0.2927085310628888,0.14979316827032937
ipo,0.5,0.5,5.0,439,46,True,0.32055317825116203,0.23636109172575495,0.2938690097181565,0.14921672030492658
ipo,0.5,0.5,5.0,439,47,True,0.32121287311152985,0.23638537885636515,0.29418635716865277,0.1482153908634522
ipo,0.5,0.5,5.0,439,48,True,0.32149915180778754,0.23613440495598337,0.2938740151031032,0.14849242813312585
ipo,0.5,0.5,5.0,439,49,True,0.3222871751682816,0.23671319163792437,0.29344581233062245,0.14755382086317148
ipo,0.5,0.5,5.0,439,50,True,0.32230723964561886,0.23580501384738545,0.294612667183907,0.14727507932308875
ipo,0.5,0.5,5.0,439,51,True,0.32109008390299126,0.23652588599607388,0.2935000967678406,0.14888393333309421
ipo,0.5,0.5,5.0,439,52,True,0.32171269305267614,0.23491077581025396,0.29522016193896605,0.14815636919810374
ipo,0.5,0.5,5.0,439,53,True,0.322433953926807,0.23406194937463745,0.2961711165481883,0.14733298015036733
ipo,0.5,0.5,5.0,439,54,True,0.32060023318671205,0.2352443250278735,0.29506248722774386,0.14909295455767047
ipo,0.5,0.5,5.0,439,55,True,0.3195746841212018,0.23610027872285397,0.2949815684683547,0.1493434686875896
ipo,0.5,0.5,5.0,439,56,True,0.3199632778697711,0.23661832975884814,0.2944762692509151,0.14894212312046562
ipo,0.5,0.5,5.0,439,57,True,0.3192387137122947,0.23516210369131255,0.2955360140214853,0.15006316857490745
ipo,0.5,0.5,5.0,439,58,True,0.32033406651336516,0.23573865187859394,0.2953939004977607,0.1485333811102801
ipo,0.5,0.5,5.0,439,59,True,0.32021359923948006,0.23703481302288043,0.29441899202830685,0.14833259570933266
ipo,0.5,0.5,5.0,439,60,True,0.31929266682443186,0.23704655834254337,0.2935722447508375,0.15008853008218717
ipo,0.5,0.5,5.0,439,61,True,0.3189049594037077,0.238848778441656,0.2932157688601114,0.14903049329452484
ipo,0.5,0.5,5.0,439,62,True,0.31884400299376836,0.23857003185726156,0.29401984846566204,0.1485661166833081
ipo,0.5,0.5,5.0,439,63,True,0.3195516236042748,0.23933310754916254,0.2938103414284344,0.14730492741812823
ipo,0.5,0.5,5.0,439,64,True,0.32101549923907263,0.23786058356623568,0.29486819759835997,0.1462557195963318
ipo,0.5,0.5,5.0,439,65,True,0.3201711568485997,0.23886223614994714,0.29466758941286836,0.1462990175885848
ipo,0.5,0.5,5.0,439,66,True,0.3207488808608718,0.23976107085425852,0.2951992942163796,0.14429075406849
ipo,0.5,0.5,5.0,439,67,True,0.32171304096387043,0.2386103402927529,0.2957976471577226,0.143878971585654
ipo,0.5,0.5,5.0,439,68,True,0.3213018760391357,0.2397058040620836,0.29599715861564785,0.14299516128313275
ipo,0.5,0.5,5.0,439,69,True,0.3203533318808088,0.23969936355954657,0.2954116659265071,0.14453563863313768
ipo,0.5,0.5,5.0,439,70,True,0.32064098925337664,0.23944647278605435,0.29538832117852226,0.1445242167820468
ipo,0.5,0.5,5.0,439,71,True,0.32149145243482563,0.24078597221275788,0.29617180457525616,0.14155077077716038
ipo,0.5,0.5,5.0,439,72,True,0.3217464870068628,0.24050678543699264,0.29525117301450954,0.14249555454163504
ipo,0.5,0.5,5.0,439,73,True,0.3213387826940354,0.2387987063932395,0.2951651490225254,0.1446973618901998
ipo,0.5,0.5,5.0,439,74,True,0.32069833523331503,0.2383227662535195,0.29515277485350466,0.1458261236596607
ipo,0.5,0.5,5.0,439,75,True,0.32075898414657367,0.23860073148900282,0.2954970231679038,0.14514326119651977
ipo,0.5,0.5,5.0,439,76,True,0.3209991714546669,0.23901269483577894,0.2960072225368116,0.14398091117274248
ipo,0.5,0.5,5.0,439,77,True,0.3219377634146288,0.23807849567184824,0.2960042672313096,0.14397947368221325
ipo,0.5,0.5,5.0,439,78,True,0.3218708638986748,0.2382615860879677,0.29478898529761166,0.1450785647157458
ipo,0.5,0.5,5.0,439,79,True,0.3218398389874154,0.23847138875807983,0.2950485635084788,0.14464020874602604
ipo,0.5,0.5,5.0,439,80,True,0.32033840281061277,0.23875373740923836,0.2942462519168165,0.14666160786333238
ipo,0.5,0.5,5.0,439,81,True,0.3218321432365495,0.23893189491939487,0.2938912505514855,0.14534471129257007
ipo,0.5,0.5,5.0,439,82,True,0.321348953220758,0.23764306043832312,0.2931635778378053,0.14784440850311362
ipo,0.5,0.5,5.0,439,83,True,0.32152372242900834,0.23707672612593578,0.29275068070109017,0.14864887074396568
ipo,0.5,0.5,5.0,439,84,True,0.3215168999254354,0.23753517865549562,0.2941773805651149,0.14677054085395422
ipo,0.5,0.5,5.0,439,85,True,0.32165534135336776,0.23763745853355134,0.29401678390550495,0.1466904162075759
ipo,0.5,0.5,5.0,439,86,True,0.3217741412599015,0.23935586927714847,0.2935514728209998,0.14531851664195025
ipo,0.5,0.5,5.0,439,87,True,0.3218787691655094,0.23896651054680462,0.2936469238590139,0.14550779642867212
ipo,0.5,0.5,5.0,439,88,True,0.3209476224888072,0.23874105256703448,0.29308352231751084,0.1472278026266475
ipo,0.5,0.5,5.0,439,89,True,0.3202682382077517,0.2396356935513248,0.29274886898730934,0.1473471992536141
ipo,0.5,0.5,5.0,439,90,True,0.32052240179180946,0.238890875023882,0.2935539813852344,0.14703274179907422
ipo,0.5,0.5,5.0,439,91,True,0.32168820243787016,0.2381263728262226,0.29462169278150335,0.14556373195440384
ipo,0.5,0.5,5.0,439,92,True,0.3213020925345777,0.23760840615746573,0.2951314473439008,0.14595805396405592
ipo,0.5,0.5,5.0,439,93,True,0.3212656719682539,0.23711789906653516,0.29567491978909255,0.1459415091761183
ipo,0.5,0.5,5.0,439,94,True,0.3211766380716178,0.23589752536002692,0.29559297798035494,0.14733285858800035
ipo,0.5,0.5,5.0,439,95,True,0.321554530661391,0.2357142502888767,0.29622991496061724,0.1465013040891151
ipo,0.5,0.5,5.0,439,96,True,0.3214668786816916,0.23634139049912511,0.29672814774085077,0.14546358307833263
ipo,0.5,0.5,5.0,439,97,True,0.3208957350830144,0.2368448582013914,0.2962009569371682,0.14605844977842602
ipo,0.5,0.5,5.0,439,98,True,0.3205616705617743,0.23706085141403424,0.296471080581661,0.14590639744253045
ipo,0.5,0.5,5.0,439,99,True,0.3207113423506737,0.2367087626857146,0.2963199880273015,0.1462599069363103
ipo,0.5,0.5,5.0,543,0,True,0.3019637271850804,0.19895338944146923,0.30634477959721035,0.19273810377623996
ipo,0.5,0.5,5.0,543,1,True,0.30642829662850757,0.19335629339736876,0.3088316435457712,0.1913837664283524
ipo,0.5,0.5,5.0,543,2,True,0.30938835844578316,0.19019028016659617,0.31143452019234097,0.1889868411952797
ipo,0.5,0.5,5.0,543,3,True,0.31264091392281984,0.1863221504279446,0.31371133909436805,0.18732559655486758
ipo,0.5,0.5,5.0,543,4,True,0.315104736886191,0.18294835680016683,0.3176536766689102,0.18429322964473183
ipo,0.5,0.5,5.0,543,5,True,0.3140069971908573,0.18631571243135808,0.31508209958106564,0.18459519079671885
ipo,0.5,0.5,5.0,543,6,True,0.31343788676524736,0.18761980818766144,0.3162048536525716,0.1827374513945195
ipo,0.5,0.5,5.0,543,7,True,0.3114998938411029,0.18856558406091325,0.3160964646647054,0.18383805743327847
ipo,0.5,0.5,5.0,543,8,True,0.31314051691370626,0.18817543298262185,0.31683171823669054,0.18185233186698146
ipo,0.5,0.5,5.0,543,9,True,0.31423454904363995,0.1883264301838447,0.31747325697667317,0.17996576379584223
ipo,0.5,0.5,5.0,543,10,True,0.3156367721855266,0.1863250050689461,0.3185008999104094,0.17953732283511786
ipo,0.5,0.5,5.0,543,11,True,0.3157478063164551,0.18548265836945535,0.3197818760959851,0.17898765921810453
ipo,0.5,0.5,5.0,543,12,True,0.3134084324277198,0.1877854719435148,0.31865493164982844,0.1801511639789369
ipo,0.5,0.5,5.0,543,13,True,0.31338522340293984,0.18873673383945644,0.3190984212424903,0.17877962151511348
ipo,0.5,0.5,5.0,543,14,True,0.31451332077009037,0.19080855036776093,0.31915435847979695,0.17552377038235187
ipo,0.5,0.5,5.0,543,15,True,0.31359331423167724,0.191836201496352,0.31853169035893064,0.17603879391304006
ipo,0.5,0.5,5.0,543,16,True,0.31076403612608583,0.1913159932713903,0.3176679180159465,0.1802520525865773
ipo,0.5,0.5,5.0,543,17,True,0.3070522619711768,0.19393931702333214,0.31726354835163867,0.18174487265385234
ipo,0.5,0.5,5.0,543,18,True,0.31350612808327794,0.186929036980763,0.31820998190547306,0.181354853030486
ipo,0.5,0.5,5.0,543,19,True,0.3123557693467513,0.18880691059977336,0.31735212606713636,0.18148519398633892
ipo,0.5,0.5,5.0,543,20,True,0.31335199423464966,0.18857855187202785,0.3175104510997416,0.18055900279358092
ipo,0.5,0.5,5.0,543,21,True,0.31344053710841707,0.18821781868053591,0.31698046156535264,0.1813611826456943
ipo,0.5,0.5,5.0,543,22,True,0.3135240882153172,0.18877427229156313,0.31721981095542734,0.1804818285376923
ipo,0.5,0.5,5.0,543,23,True,0.31499406764423776,0.18640013055392832,0.3178523633873687,0.1807534384144652
ipo,0.5,0.5,5.0,543,24,True,0.3146788413960332,0.1874451297700268,0.3176118092173959,0.18026421961654412
ipo,0.5,0.5,5.0,543,25,True,0.31510593195741754,0.187196135680019,0.31688030270984935,0.18081762965271406
ipo,0.5,0.5,5.0,543,26,True,0.31340973300762737,0.18949024724970076,0.3160221060113641,0.1810779137313078
ipo,0.5,0.5,5.0,543,27,True,0.31272718053126886,0.18967862311770228,0.31633626961287714,0.18125792673815183
ipo,0.5,0.5,5.0,543,28,True,0.312029283490335,0.1908328324414682,0.3153992284432972,0.18173865562489977
ipo,0.5,0.5,5.0,543,29,True,0.3115346846526826,0.1904838320532578,0.31613176885825606,0.18184971443580347
ipo,0.5,0.5,5.0,543,30,True,0.31171628744208474,0.19082767253379895,0.31554473736779215,0.1819113026563242
ipo,0.5,0.5,5.0,543,31,True,0.31149443374780855,0.19106466627477542,0.31601376278463505,0.1814271371927809
ipo,0.5,0.5,5.0,543,32,True,0.312320970984913,0.19091798008179564,0.31662030728515805,0.18014074164813337
ipo,0.5,0.5,5.0,543,33,True,0.3125088035545174,0.19052046055340166,0.31650149105712777,0.18046924483495316
ipo,0.5,0.5,5.0,543,34,True,0.3110538485214267,0.19126079557456968,0.3169566049762739,0.1807287509277297
ipo,0.5,0.5,5.0,543,35,True,0.3112814627366388,0.19112058406365906,0.31602908374447053,0.18156886945523149
ipo,0.5,0.5,5.0,543,36,True,0.31164577575610364,0.19050524151723935,0.3174822452238812,0.1803667375027758
ipo,0.5,0.5,5.0,543,37,True,0.31128784155715666,0.1911711674831381,0.31618991177257716,0.18135107918712806
ipo,0.5,0.5,5.0,543,38,True,0.31146387544159143,0.19123258181130737,0.31598276112205054,0.18132078162505058
ipo,0.5,0.5,5.0,543,39,True,0.30964380583311024,0.19400682261055252,0.31382966099059717,0.18251971056574004
ipo,0.5,0.5,5.0,543,40,True,0.31023592772692526,0.19305359233106853,0.31366307282425404,0.1830474071177521
ipo,0.5,0.5,5.0,543,41,True,0.31047922622183466,0.1935354587155715,0.3139090590131714,0.18207625604942246
ipo,0.5,0.5,5.0,543,42,True,0.31251329753523016,0.193004484933805,0.3139663116014038,0.18051590592956093
ipo,0.5,0.5,5.0,543,43,True,0.3123510008239601,0.192810083883516,0.3144167562150022,0.1804221590775218
ipo,0.5,0.5,5.0,543,44,True,0.3135692807969641,0.19149395940302485,0.3137224281838092,0.1812143316162018
ipo,0.5,0.5,5.0,543,45,True,0.31565126634772184,0.18912931461837854,0.31342432348901783,0.18179509554488177
ipo,0.5,0.5,5.0,543,46,True,0.3159532553835071,0.1887564496531626,0.3140307028854948,0.1812595920778355
ipo,0.5,0.5,5.0,543,47,True,0.31747178466135045,0.18740823978362156,0.315155046369175,0.17996492918585297
ipo,0.5,0.5,5.0,543,48,True,0.3159644448858528,0.18890143936492804,0.3137352925295691,0.18139882321965015
ipo,0.5,0.5,5.0,543,49,True,0.3158613132452881,0.18944007855494094,0.31340326100441274,0.18129534719535823
ipo,0.5,0.5,5.0,543,50,True,0.31702326648292256,0.18778421788168262,0.31424913803189813,0.18094337760349677
ipo,0.5,0.5,5.0,543,51,True,0.3172331922134448,0.18777098644471069,0.3130019408092237,0.18199388053262072
ipo,0.5,0.5,5.0,543,52,True,0.3178204733885046,0.18701956494752797,0.31442465816875936,0.18073530349520806
ipo,0.5,0.5,5.0,543,53,True,0.31619710508299,0.1922989738281068,0.3143498049676161,0.1771541161212871
ipo,0.5,0.5,5.0,543,54,True,0.3139929789938685,0.194297435379866,0.3131508674015575,0.17855871822470806
ipo,0.5,0.5,5.0,543,55,True,0.3132826396067992,0.19485433304611904,0.3124424331049595,0.17942059424212228
ipo,0.5,0.5,5.0,543,56,True,0.31313201549795844,0.1950461514175504,0.31275000747473275,0.1790718256097583
ipo,0.5,0.5,5.0,543,57,True,0.31274692669317306,0.19528246657159054,0.31259425550914527,0.1793763512260911
ipo,0.5,0.5,5.0,543,58,True,0.313999522171288,0.19458631414801117,0.3128517245403949,0.17856243914030587
ipo,0.5,0.5,5.0,543,59,True,0.31306752844998204,0.195578127498237,0.31161867388918585,0.17973567016259506
ipo,0.5,0.5,5.0,543,60,True,0.3126354104490267,0.19578558584008007,0.31103664525359365,0.1805423584572995
ipo,0.5,0.5,5.0,543,61,True,0.3128092822489792,0.19584665179230518,0.311361622833486,0.17998244312522974
ipo,0.5,0.5,5.0,543,62,True,0.3131526296446971,0.19606161804065142,0.31200792775493413,0.1787778245597174
ipo,0.5,0.5,5.0,543,63,True,0.3141611152420021,0.19492425326520407,0.31247824989889317,0.1784363815939007
ipo,0.5,0.5,5.0,543,64,True,0.3149597429311747,0.19309591182769387,0.31327259958294373,0.17867174565818766
ipo,0.5,0.5,5.0,543,65,True,0.3139080869780731,0.1933459527917694,0.31314264457073726,0.17960331565942042
ipo,0.5,0.5,5.0,543,66,True,0.31421404412736437,0.1924507059354171,0.31421404412736437,0.1791212058098542
ipo,0.5,0.5,5.0,543,67,True,0.3143702201332698,0.19207685053384846,0.31521561075552257,0.1783373185773592
ipo,0.5,0.5,5.0,543,68,True,0.31581650975567327,0.19052630820690472,0.31589362280858174,0.1777635592288402
ipo,0.5,0.5,5.0,543,69,True,0.314644726461053,0.19154183785394488,0.31579910229879393,0.17801433338620828
ipo,0.5,0.5,5.0,543,70,True,0.3139731509636554,0.1925850635157057,0.31489434292276536,0.1785474425978736
ipo,0.5,0.5,5.0,543,71,True,0.31526757360676966,0.1926251239324305,0.3153445526257028,0.17676274983509702
ipo,0.5,0.5,5.0,543,72,True,0.3152541349193625,0.19167869320694117,0.31579335994242375,0.17727381193127256
ipo,0.5,0.5,5.0,543,73,True,0.3154125286562131,0.19116730268562426,0.31479708977136023,0.17862307888680248
ipo,0.5,0.5,5.0,543,74,True,0.3151403872373015,0.19100236142211763,0.31460227718138856,0.17925497415919237
ipo,0.5,0.5,5.0,543,75,True,0.31444004218318417,0.19160425728762331,0.3135201792355275,0.18043552129366502
ipo,0.5,0.5,5.0,543,76,True,0.3149710020085078,0.18992347017604688,0.3152017781628048,0.17990374965264044
ipo,0.5,0.5,5.0,543,77,True,0.3146506431443474,0.19019407253005127,0.31411336933866424,0.18104191498693697
ipo,0.5,0.5,5.0,543,78,True,0.31463454366228955,0.19013791496307786,0.3143274333463602,0.1809001080282724
ipo,0.5,0.5,5.0,543,79,True,0.3138533182742581,0.1909201781042095,0.31446691205413196,0.18075959156740046
ipo,0.5,0.5,5.0,543,80,True,0.3124164494212492,0.19228631958816297,0.313333074044142,0.18196415694644572
ipo,0.5,0.5,5.0,543,81,True,0.3135346928964319,0.1913326493313434,0.31407097690758634,0.18106168086463845
ipo,0.5,0.5,5.0,543,82,True,0.3126542023013346,0.1914018488500069,0.314107871496774,0.18183607735188453
ipo,0.5,0.5,5.0,543,83,True,0.3086694091096989,0.20026743398214464,0.30889556814887786,0.18216758875927855
ipo,0.5,0.5,5.0,543,84,True,0.3103687298255579,0.19912114043988524,0.30938523437006327,0.1811248953644935
ipo,0.5,0.5,5.0,543,85,True,0.30981388558753853,0.20022631676468305,0.30951148064758954,0.18044831700018885
ipo,0.5,0.5,5.0,543,86,True,0.3101576523640231,0.1989857209184483,0.30985491187819886,0.1810017148393298
ipo,0.5,0.5,5.0,543,87,True,0.31181919286529464,0.19719075439377118,0.3108311011870789,0.18015895155385525
ipo,0.5,0.5,5.0,543,88,True,0.3102883892508436,0.1981483167573938,0.3109709248437738,0.18059236914798887
ipo,0.5,0.5,5.0,543,89,True,0.3100888281896959,0.1980208782526782,0.31061921823699656,0.18127107532062936
ipo,0.5,0.5,5.0,543,90,True,0.31058605836734227,0.19746871450030687,0.3107377487469247,0.18120747838542614
ipo,0.5,0.5,5.0,543,91,True,0.31140389688728265,0.19823052421167686,0.3099627414966592,0.18040283740438134
ipo,0.5,0.5,5.0,543,92,True,0.3121505174313834,0.19793112029898793,0.31040263110411664,0.17951573116551214
ipo,0.5,0.5,5.0,543,93,True,0.31048424124071894,0.19783820565363971,0.3110153076205017,0.18066224548513965
ipo,0.5,0.5,5.0,543,94,True,0.31003061195149717,0.19779045262636294,0.3114720829022146,0.18070685251992527
ipo,0.5,0.5,5.0,543,95,True,0.31077267392833385,0.19681704340374076,0.31206518227260216,0.1803451003953232
ipo,0.5,0.5,5.0,543,96,True,0.3108237023051649,0.19718606055489626,0.31165955578706045,0.1803306813528784
ipo,0.5,0.5,5.0,543,97,True,0.30969119017805946,0.19796017510692737,0.3116632557725552,0.18068537894245798
ipo,0.5,0.5,5.0,543,98,True,0.3101927881115034,0.1968819198812133,0.3121680478040497,0.18075724420323355
ipo,0.5,0.5,5.0,543,99,True,0.31137683576939224,0.1966227803125206,0.3118332884154466,0.18016709550264048
ipo,0.99,0.8,1.0,814,0,True,0.35179094826225493,0.16945177146262802,0.21047465186737022,0.26828262840774686
ipo,0.99,0.8,1.0,814,1,True,0.3638515245976716,0.16723535555512214,0.1966669148079467,0.27224620503925945
ipo,0.99,0.8,1.0,814,2,True,0.3973606890180465,0.16387471734916395,0.16054823143132185,0.27821636220146767
ipo,0.99,0.8,1.0,814,3,True,0.5482799601274564,0.13436178268634988,0.06535493199179912,0.2520033251943947
ipo,0.99,0.8,1.0,814,4,True,0.9630714239865074,0.0020740486720639624,4.764703274296389e-05,0.03480688030868588
ipo,0.99,0.8,1.0,814,5,True,0.9989235608376588,3.6157017049647345e-05,1.2586016687746154e-09,0.0010402808866899517
ipo,0.99,0.8,1.0,814,6,True,0.9995307312143079,2.5060456837178252e-05,1.1027383087249486e-09,0.0004442072261165677
ipo,0.99,0.8,1.0,814,7,True,0.9996860465167413,2.7101025139263657e-05,6.151536168781631e-09,0.0002868463065831715
ipo,0.99,0.8,1.0,814,8,True,0.9999854885596361,1.0051114726548095e-05,1.7051428980470338e-10,4.460155123222046e-06
ipo,0.99,0.8,1.0,814,9,True,0.9999998006458493,1.4005225984908383e-07,3.284833949502975e-14,5.930185799230842e-08
ipo,0.99,0.8,1.0,814,10,True,0.99999987125299,8.953242061480878e-09,7.133885808680059e-13,1.1979305449900493e-07
ipo,0.99,0.8,1.0,814,11,True,0.9999999916483507,6.308882793674242e-12,4.9772825656030505e-17,8.345340244944738e-09
ipo,0.99,0.8,1.0,814,12,True,0.9999993497259342,7.718173066951045e-09,7.189833818841934e-13,6.425551737813725e-07
ipo,0.99,0.8,1.0,814,13,True,0.9999999323111911,4.0671937659820235e-09,1.7923881993899958e-16,6.362161488292176e-08
ipo,0.99,0.8,1.0,814,14,True,0.9999999979651217,1.7087563665674643e-09,3.179970893726896e-22,3.2612185957381455e-10
ipo,0.99,0.8,1.0,814,15,True,0.9999999601844378,2.7577929502760305e-08,5.651869910921564e-16,1.2237632034455537e-08
ipo,0.99,0.8,1.0,814,16,True,0.9999828047051682,2.106822445744509e-06,2.589115781934802e-12,1.5088469796794888e-05
ipo,0.99,0.8,1.0,814,17,True,0.9999984779549171,8.380492041268386e-07,5.2903122990790484e-14,6.83995825750629e-07
ipo,0.99,0.8,1.0,814,18,True,0.9999886337200514,3.1627335199239257e-06,3.987291413265782e-11,8.20350655580445e-06
ipo,0.99,0.8,1.0,814,19,True,0.9999997818467748,1.0822399626811697e-07,9.524986376941169e-13,1.0992827622343384e-07
ipo,0.99,0.8,1.0,814,20,True,0.9999999949412781,7.292077062739503e-10,8.636210524060023e-15,4.329505498390432e-09
ipo,0.99,0.8,1.0,814,21,True,0.9999999970839426,1.4247208887958728e-10,5.596109241586654e-17,2.773585351663237e-09
ipo,0.99,0.8,1.0,814,22,True,0.9999999938632402,7.868055991018903e-11,1.1712438406576875e-14,6.058067354457932e-09
ipo,0.99,0.8,1.0,814,23,True,0.9999999978289433,1.0986267829168642e-11,2.700418258914049e-18,2.160070445399961e-09
ipo,0.99,0.8,1.0,814,24,True,0.9999999947331484,3.5114220948823725e-12,1.2702349134857656e-20,5.263340133986083e-09
ipo,0.99,0.8,1.0,814,25,True,0.9999999094477434,1.2771114388675004e-10,4.3334387583716015e-16,9.042454503281986e-08
ipo,0.99,0.8,1.0,814,26,True,0.9999999842827125,3.856542667855334e-12,2.6323230654692853e-19,1.5713430950979604e-08
ipo,0.99,0.8,1.0,814,27,True,0.9999998744380627,1.9893558589591264e-11,1.2755871065262863e-18,1.2554204361890585e-07
ipo,0.99,0.8,1.0,814,28,True,0.9999987505174184,1.211688192292713e-09,6.441074225549787e-17,1.2482708934861268e-06
ipo,0.99,0.8,1.0,814,29,True,0.9999999622310546,6.587842415976821e-10,6.607705381732235e-16,3.7110160467881966e-08
ipo,0.99,0.8,1.0,814,30,True,0.999999996703274,5.4076305429122227e-11,1.0786782883700921e-16,3.2426497954206476e-09
ipo,0.99,0.8,1.0,814,31,True,0.9999999986436827,4.579757799727571e-12,8.942557119430227e-17,1.3517375454520764e-09
ipo,0.99,0.8,1.0,814,32,True,0.9999999977613585,1.0003110690678124e-11,1.4009585370369004e-18,2.2286384416244383e-09
ipo,0.99,0.8,1.0,814,33,True,0.9999999565882832,2.5543836955833853e-11,6.4779663775309375e-18,4.338617289849286e-08
ipo,0.99,0.8,1.0,814,34,True,0.9999999890253818,4.875126754105411e-12,1.1846963261935813e-16,1.0969742774996414e-08
ipo,0.99,0.8,1.0,814,35,True,0.9999999956016179,6.96863038845251e-13,4.557818771465147e-18,4.397685292207505e-09
ipo,0.99,0.8,1.0,814,36,True,0.9999999788521199,3.147618372915804e-12,3.577472883713399e-18,2.1144732409055602e-08
ipo,0.99,0.8,1.0,814,37,True,0.9999999997379019,5.1677702108892805e-14,1.383397225470477e-24,2.620462764055643e-10
ipo,0.99,0.8,1.0,814,38,True,0.9999999483235964,1.5404905093314178e-10,8.533047184786853e-17,5.152235469678425e-08
ipo,0.99,0.8,1.0,814,39,True,0.9999999945664846,3.098819121884344e-12,5.57262803063604e-19,5.430416483760532e-09
ipo,0.99,0.8,1.0,814,40,True,0.9999999934450154,4.651878466771714e-12,7.467325824175782e-21,6.550332622320275e-09
ipo,0.99,0.8,1.0,814,41,True,0.9999999875654829,4.169916883067808e-12,1.3713855353666183e-17,1.2430347037881129e-08
ipo,0.99,0.8,1.0,814,42,True,0.9999999977691982,2.1633244023542936e-12,9.439584370544953e-21,2.2286384416419104e-09
ipo,0.99,0.8,1.0,814,43,True,0.9999999973325782,2.084827296212075e-11,5.628154952078554e-18,2.646573631849589e-09
ipo,0.99,0.8,1.0,814,44,True,0.9999999981657854,1.5252922348342085e-11,7.456093906490528e-18,1.8189616842166799e-09
ipo,0.99,0.8,1.0,814,45,True,0.9999999938087805,3.775134520906411e-11,4.712396429499423e-17,6.1534680334193334e-09
ipo,0.99,0.8,1.0,814,46,True,0.9999999978382448,1.6847987387073322e-12,4.889825763818749e-18,2.160070445420053e-09
ipo,0.99,0.8,1.0,814,47,True,0.9999999943895339,7.66965098412255e-12,5.175554976764593e-17,5.6027964061029686e-09
ipo,0.99,0.8,1.0,814,48,True,0.9999999844906162,3.9563069724467713e-11,4.047710365502695e-15,1.546981678758616e-08
ipo,0.99,0.8,1.0,814,49,True,0.9999999590217968,2.2066507956741316e-10,4.541405051699433e-16,4.0757537665512226e-08
ipo,0.99,0.8,1.0,814,50,True,0.9999999985809012,2.4899711262091644e-12,4.574291660625704e-20,1.4166087846328883e-09
ipo,0.99,0.8,1.0,814,51,True,0.9999999991655599,1.6586783575301636e-12,7.781132234640908e-20,8.327813436512735e-10
ipo,0.99,0.8,1.0,814,52,True,0.9999999988594765,1.989356106477626e-11,3.090465045533377e-17,1.1206297855592989e-09
ipo,0.99,0.8,1.0,814,53,True,0.9999999984684036,2.3624188282975026e-11,1.2828918216439124e-19,1.5079722015264297e-09
ipo,0.99,0.8,1.0,814,54,True,0.9999999990487485,5.079998782795877e-11,1.8931393578062043e-16,9.004513296156582e-10
ipo,0.99,0.8,1.0,814,55,True,0.9999999994171551,1.0483170013365056e-11,4.8619839769261673e-17,5.723616892126639e-10
ipo,0.99,0.8,1.0,814,56,True,0.999999843639221,1.1861118296729843e-08,1.658678099561991e-12,1.4449800201710078e-07
ipo,0.99,0.8,1.0,814,57,True,0.9999999744065431,8.727473331854894e-10,1.2863596808430938e-14,2.4720696588847285e-08
ipo,0.99,0.8,1.0,814,58,True,0.9999999981076855,3.3647407870460027e-10,1.019127204375389e-17,1.5558403770555825e-09
ipo,0.99,0.8,1.0,814,59,True,0.9999999984171033,6.092758460544394e-10,7.8468445773952e-16,9.736200297598167e-10
ipo,0.99,0.8,1.0,814,60,True,0.9999999968509756,9.88952312713809e-10,1.7408985565840682e-15,2.160070443287482e-09
ipo,0.99,0.8,1.0,814,61,True,0.9999999990492916,6.42172017590091e-11,4.42688678622649e-17,8.864911257038795e-10
ipo,0.99,0.8,1.0,814,62,True,0.9999998969554267,8.280395507824358e-09,6.953994195403988e-14,9.476410837201963e-08
ipo,0.99,0.8,1.0,814,63,True,0.9999999875769986,1.7907612781986885e-09,8.484461871175264e-16,1.0632239255783723e-08
ipo,0.99,0.8,1.0,814,64,True,0.9999999985579038,5.130617018692915e-10,2.0586935435636765e-17,9.290347226487451e-10
ipo,0.99,0.8,1.0,814,65,True,0.9999999994448254,1.4930946753682358e-10,8.631055178972188e-19,4.0586521242224325e-10
ipo,0.99,0.8,1.0,814,66,True,0.9999999929127041,6.385156008964788e-10,1.0559083458592525e-15,6.448779124441847e-09
ipo,0.99,0.8,1.0,814,67,True,0.9999999977420855,4.67147995198156e-10,5.197363057568585e-15,1.7907612964019326e-09
ipo,0.99,0.8,1.0,814,68,True,0.9999999939617354,1.6656674665337073e-10,1.7582452521553803e-14,5.8716802172151425e-09
ipo,0.99,0.8,1.0,814,69,True,0.999999979783301,3.526218004326798e-10,4.3950600254245753e-13,1.9863637853258932e-08
ipo,0.99,0.8,1.0,814,70,True,0.9999999875931759,1.6918979016240506e-10,1.9421126638045722e-15,1.2237632369873601e-08
ipo,0.99,0.8,1.0,814,71,True,0.9999999982457066,4.553681474955043e-11,6.050836815832938e-17,1.7087563670469155e-09
ipo,0.99,0.8,1.0,814,72,True,0.9999999728892789,3.812750721660533e-10,8.270513126021027e-17,2.6729446151714338e-08
ipo,0.99,0.8,1.0,814,73,True,0.9999999858506576,4.972764464696969e-10,5.309440559915423e-16,1.3652065417163336e-08
ipo,0.99,0.8,1.0,814,74,True,0.9999999761934276,9.436648696233588e-10,3.706586840544709e-16,2.2862906942926673e-08
ipo,0.99,0.8,1.0,814,75,True,0.9999999960819144,1.858186340045344e-10,3.5571034533435363e-17,3.732267034314372e-09
ipo,0.99,0.8,1.0,814,76,True,0.9999999637105172,3.210657977820162e-10,1.600900471505533e-14,3.5968400915435295e-08
ipo,0.99,0.8,1.0,814,77,True,0.9999999934918276,5.939120250482067e-11,2.2353579870200476e-15,6.448779128176486e-09
ipo,0.99,0.8,1.0,814,78,True,0.999999997919008,1.4471569793784648e-10,1.5605313821281524e-15,1.9362746333547237e-09
ipo,0.99,0.8,1.0,814,79,True,0.9999999839477947,1.9667664945464714e-09,1.0336190513029011e-14,1.4085428466102118e-08
ipo,0.99,0.8,1.0,814,80,True,0.9999999998996196,3.97896253543783e-12,2.323016988156972e-19,9.640143774072614e-11
ipo,0.99,0.8,1.0,814,81,True,0.9999999990846502,2.4616969495620707e-10,2.154247125938471e-14,6.691586085167639e-10
ipo,0.99,0.8,1.0,814,82,True,0.999999999856712,1.755600603855003e-11,7.970414410599311e-16,1.257311774896165e-10
ipo,0.99,0.8,1.0,814,83,True,0.9999999959269021,1.1206297822729686e-09,1.853176865309369e-15,2.9524662347651354e-09
ipo,0.99,0.8,1.0,814,84,True,0.9999999842881366,3.850741862265286e-09,1.4659835453189208e-15,1.186111996498353e-08
ipo,0.99,0.8,1.0,814,85,True,0.9999998310716326,4.338616745280552e-08,1.6168519856233407e-13,1.255420381745949e-07
ipo,0.99,0.8,1.0,814,86,True,0.9999999409826982,5.022313971161029e-09,2.403236193213515e-14,5.3994963728567726e-08
ipo,0.99,0.8,1.0,814,87,True,0.9999998992005692,1.9102672297827204e-08,4.990736605136866e-12,8.169176785552512e-08
ipo,0.99,0.8,1.0,814,88,True,0.9999999776714079,1.1861119886501717e-08,7.063504239644403e-14,1.0467401561022314e-08
ipo,0.99,0.8,1.0,814,89,True,0.9999999419874972,4.205132007597378e-08,3.0206775209481466e-13,1.5960880807423713e-08
ipo,0.99,0.8,1.0,814,90,True,0.9999999914020842,5.780648238287006e-09,4.80677502517109e-15,2.8172629495142406e-09
ipo,0.99,0.8,1.0,814,91,True,0.9999999814801371,4.867793811957323e-09,3.57209184936198e-15,1.3652065357496704e-08
ipo,0.99,0.8,1.0,814,92,True,0.9999998373478032,1.255420389625183e-07,1.972696191688156e-15,3.711015583344429e-08
ipo,0.99,0.8,1.0,814,93,True,0.9999999029517203,8.902264182435305e-08,3.572091568851257e-15,8.02563456891606e-09
ipo,0.99,0.8,1.0,814,94,True,0.9999997683804972,2.3090713237250438e-07,5.501061481740815e-14,7.123154665691059e-10
ipo,0.99,0.8,1.0,814,95,True,0.999999854719668,1.444980036182035e-07,2.6545529222023888e-15,7.823255596896349e-10
ipo,0.99,0.8,1.0,814,96,True,0.9999999712926683,2.8453347273014298e-08,3.7065868223796184e-16,2.5398395283841413e-10
ipo,0.99,0.8,1.0,814,97,True,0.9999999255228713,7.265816431742316e-08,2.825757076661322e-15,1.8189615520820022e-09
ipo,0.99,0.8,1.0,814,98,True,0.9999999970664535,2.8172629654722586e-09,1.2937259545155715e-15,1.1628232996109007e-10
ipo,0.99,0.8,1.0,814,99,True,0.99999999501647,4.1636447477141635e-09,1.503906862277788e-14,8.198702622275399e-10
ipo,0.99,0.8,1.0,439,0,True,0.3101642700999805,0.23458199501399768,0.2882591417138307,0.1669945931721911
ipo,0.99,0.8,1.0,439,1,True,0.3236990820999643,0.22864214033105698,0.3070712945030746,0.14058748306590405
ipo,0.99,0.8,1.0,439,2,True,0.3366221737882587,0.21272000711215264,0.34494163122713445,0.10571618787245417
ipo,0.99,0.8,1.0,439,3,True,0.3412130169662667,0.15621870263790075,0.4783762661119376,0.024192014283894937
ipo,0.99,0.8,1.0,439,4,True,0.12420530374999623,6.157870734926905e-05,0.8757326689135808,4.486290737063138e-07
ipo,0.99,0.8,1.0,439,5,True,0.00609756212712493,1.07338210036275e-08,0.9939024271390151,3.877051968633768e-14
ipo,0.99,0.8,1.0,439,6,True,0.010489091227317806,3.1099179535049765e-09,0.9895109056627643,2.963962597081372e-17
ipo,0.99,0.8,1.0,439,7,True,0.004982269714840579,3.1272252544519075e-09,0.9950177271579341,5.187060853009429e-21
ipo,0.99,0.8,1.0,439,8,True,0.0009547317105756566,5.288426436778303e-10,0.9990452677605818,1.7645169153603323e-23
ipo,0.99,0.8,1.0,439,9,True,0.0005703157070460338,5.6639161059489374e-11,0.9994296842363148,1.8135873523320919e-25
ipo,0.99,0.8,1.0,439,10,True,0.0003250358452361005,1.3746457028295661e-12,0.9996749641533893,8.753664582807411e-27
ipo,0.99,0.8,1.0,439,11,True,0.005469274598277655,7.703707735212431e-11,0.9945307253246852,1.1071766594083932e-27
ipo,0.99,0.8,1.0,439,12,True,0.0875638258131838,1.56570051505099e-07,0.9124360176167646,1.83162835588289e-29
ipo,0.99,0.8,1.0,439,13,True,0.00020027376671776878,1.8500188386686313e-12,0.9997997262314323,1.3349410372450003e-26
ipo,0.99,0.8,1.0,439,14,True,1.933358458554646e-06,1.4975936019717584e-16,0.9999980666415413,2.4840260980389682e-28
ipo,0.99,0.8,1.0,439,15,True,2.4682904407606936e-05,1.4127548869646784e-14,0.9999753170955783,4.377871882048935e-26
ipo,0.99,0.8,1.0,439,16,True,8.664653147910907e-06,1.6100540183762238e-15,0.9999913353468504,4.780851459106884e-25
ipo,0.99,0.8,1.0,439,17,True,7.112436985392046e-07,6.856491513009349e-17,0.9999992887563014,1.2348650669755604e-26
ipo,0.99,0.8,1.0,439,18,True,3.2192334497026255e-05,3.587028041551725e-13,0.9999678076651443,3.0562241770921496e-26
ipo,0.99,0.8,1.0,439,19,True,1.7061832388634163e-06,2.1789863284685985e-16,0.999998293816761,2.3567788782840884e-27
ipo,0.99,0.8,1.0,439,20,True,0.0005274784125214359,3.2458215698650256e-12,0.9994725215842327,2.3690285728594198e-28
ipo,0.99,0.8,1.0,439,21,True,2.3187477504664193e-05,5.5324359020505094e-15,0.9999768125224898,1.1666650838109768e-27
ipo,0.99,0.8,1.0,439,22,True,1.4738981974494874e-05,3.743465010161235e-15,0.9999852610180217,8.238250889778054e-30
ipo,0.99,0.8,1.0,439,23,True,0.016403032499441597,1.0194128091265897e-09,0.9835969664811456,3.704352420185659e-27
ipo,0.99,0.8,1.0,439,24,True,0.022629200032997586,1.7528743848407463e-12,0.9773707999652494,7.8489024992584195e-31
ipo,0.99,0.8,1.0,439,25,True,0.0004728544345203105,3.822438316120339e-16,0.9995271455654793,2.704048270517239e-32
ipo,0.99,0.8,1.0,439,26,True,0.010013570623170143,2.990429926743731e-13,0.9899864293765309,7.405990584404558e-35
ipo,0.99,0.8,1.0,439,27,True,0.024053552894421227,2.0580494083721965e-13,0.975946447105373,9.617127255137044e-34
ipo,0.99,0.8,1.0,439,28,True,0.010818448652863175,8.659085307646662e-16,0.989181551347136,2.985360715409755e-32
ipo,0.99,0.8,1.0,439,29,True,0.01472861384965826,4.373475312634294e-12,0.9852713861459683,1.3886605271379984e-30
ipo,0.99,0.8,1.0,439,30,True,0.01665704000882982,2.396810018708677e-11,0.983342959967202,1.0402076620408766e-29
ipo,0.99,0.8,1.0,439,31,True,0.021287351793450766,1.3401735315826607e-14,0.9787126482065357,8.029166952342841e-32
ipo,0.99,0.8,1.0,439,32,True,0.009708476481474064,1.2104359414400995e-16,0.9902915235185258,3.837580403742914e-32
ipo,0.99,0.8,1.0,439,33,True,0.029312230751356316,1.7263098050523334e-16,0.9706877692486436,7.884766844910956e-33
ipo,0.99,0.8,1.0,439,34,True,0.014281933925111153,8.02600326452027e-17,0.9857180660748888,5.73428502150128e-32
ipo,0.99,0.8,1.0,439,35,True,9.170196905195048e-05,1.3029749338701084e-19,0.999908298030948,3.113527318918961e-32
ipo,0.99,0.8,1.0,439,36,True,0.0011513995656769074,2.662669380195537e-13,0.9988486004340569,1.4218241130486862e-29
ipo,0.99,0.8,1.0,439,37,True,3.84493505874534e-06,2.444749676672247e-17,0.9999961550649413,1.1022777920794573e-28
ipo,0.99,0.8,1.0,439,38,True,0.0006563728324301555,6.870518164201045e-12,0.9993436271606995,3.77951515867812e-25
ipo,0.99,0.8,1.0,439,39,True,0.0011695102650499084,4.7939318549043145e-12,0.9988304897301562,2.2556927459072517e-25
ipo,0.99,0.8,1.0,439,40,True,0.0021827164453289906,7.417455055244183e-12,0.9978172835472535,2.955823569632912e-26
ipo,0.99,0.8,1.0,439,41,True,0.002359660682061539,6.379685234493453e-13,0.9976403393173005,8.515560651585972e-28
ipo,0.99,0.8,1.0,439,42,True,7.368592981140818e-05,3.6488527359205556e-16,0.9999263140701883,1.6289471977470606e-28
ipo,0.99,0.8,1.0,439,43,True,7.33820980525408e-07,2.658550209195744e-18,0.9999992661790194,3.258337066742783e-29
ipo,0.99,0.8,1.0,439,44,True,2.1691717963671818e-07,7.226692459208396e-18,0.9999997830828204,1.210619711683099e-28
ipo,0.99,0.8,1.0,439,45,True,6.439037799292635e-06,2.3795108845077947e-15,0.9999935609621984,1.1437773590115854e-29
ipo,0.99,0.8,1.0,439,46,True,0.0009110511943977353,3.194273417075996e-12,0.999088948802408,2.784466325359379e-29
ipo,0.99,0.8,1.0,439,47,True,0.0001465312939071611,1.2590212921735002e-13,0.9998534687059668,9.084876081030425e-28
ipo,0.99,0.8,1.0,439,48,True,0.00407013771573323,4.002253508565365e-11,0.9959298622442443,4.4288235060664603e-26
ipo,0.99,0.8,1.0,439,49,True,0.0018969200744303506,2.549538344488147e-11,0.9981030799000743,4.799149411693581e-26
ipo,0.99,0.8,1.0,439,50,True,8.664653147910828e-06,1.0832140969107637e-14,0.9999913353468413,4.49795990323207e-28
ipo,0.99,0.8,1.0,439,51,True,2.318747750464804e-05,7.023123212583475e-13,0.999976812521793,2.5230901898480958e-28
ipo,0.99,0.8,1.0,439,52,True,4.710908830435769e-06,2.750345384078063e-13,0.9999952890908946,2.716714046606337e-30
ipo,0.99,0.8,1.0,439,53,True,3.1561260290508956e-07,7.846842113252893e-16,0.9999996843873963,4.183789359529825e-29
ipo,0.99,0.8,1.0,439,54,True,1.3156693129733418e-07,2.178989759541859e-16,0.9999998684330684,6.0182551750156064e-27
ipo,0.99,0.8,1.0,439,55,True,7.265816444958577e-08,1.7335936498358656e-17,0.9999999273418356,2.1247040693050953e-28
ipo,0.99,0.8,1.0,439,56,True,2.0580491096132554e-06,6.233507923172863e-14,0.9999979419508281,1.0237377187681293e-26
ipo,0.99,0.8,1.0,439,57,True,4.052545676292791e-07,2.7388167653177015e-15,0.9999995947454295,6.544547096544534e-28
ipo,0.99,0.8,1.0,439,58,True,2.0816913725037726e-08,1.7709774983043507e-18,0.9999999791830863,1.1243582146745407e-26
ipo,0.99,0.8,1.0,439,59,True,4.944450477491054e-09,1.5147973519847806e-18,0.9999999950555496,6.897904652144999e-29
ipo,0.99,0.8,1.0,439,60,True,5.8382476131504246e-08,2.6283635534933055e-16,0.9999999416175237,7.575865773871739e-29
ipo,0.99,0.8,1.0,439,61,True,1.0467401685178159e-08,1.0411039738101278e-18,0.9999999895325983,9.937373788325825e-30
ipo,0.99,0.8,1.0,439,62,True,1.955568070542584e-08,8.188916997118658e-18,0.9999999804443193,2.537597271607575e-29
ipo,0.99,0.8,1.0,439,63,True,1.0467401685178159e-08,1.903980263356726e-17,0.9999999895325983,8.584580993635519e-29
ipo,0.99,0.8,1.0,439,64,True,1.7983066482170168e-07,4.33343837148905e-16,0.9999998201693346,4.1362820591840605e-27
ipo,0.99,0.8,1.0,439,65,True,8.677780804233222e-09,6.579979732827239e-18,0.9999999913222192,7.575866150427862e-29
ipo,0.99,0.8,1.0,439,66,True,1.3574331344399587e-07,3.706586425641447e-16,0.9999998642566863,2.9041259524853194e-28
ipo,0.99,0.8,1.0,439,67,True,9.625642658854208e-08,2.5474972118482614e-16,0.9999999037435731,8.320460489281239e-29
ipo,0.99,0.8,1.0,439,68,True,5.539172365228219e-07,3.5925452478809983e-16,0.9999994460827633,7.116863743441309e-29
ipo,0.99,0.8,1.0,439,69,True,0.0002165440498950303,3.3690797687536266e-13,0.9997834559497681,8.681300245446125e-31
ipo,0.99,0.8,1.0,439,70,True,1.0799672678739146e-08,4.7194952205571196e-20,0.9999999892003274,3.7345893721386224e-31
ipo,0.99,0.8,1.0,439,71,True,7.901209342174968e-09,1.8665965744862996e-19,0.9999999920987906,5.327105651265217e-33
ipo,0.99,0.8,1.0,439,72,True,5.30750782266546e-05,3.5869531321528737e-13,0.9999469249214146,2.0419799468005621e-32
ipo,0.99,0.8,1.0,439,73,True,0.0001767451381033195,1.3535345486578346e-12,0.9998232548605432,3.212088070920498e-32
ipo,0.99,0.8,1.0,439,74,True,2.9311538559601125e-05,2.1329309846024843e-15,0.9999706884614382,3.936112904406827e-32
ipo,0.99,0.8,1.0,439,75,True,1.3211958228877637e-05,1.7961368837374544e-15,0.9999867880417692,2.747893900130081e-32
ipo,0.99,0.8,1.0,439,76,True,0.001284308120125288,6.759750508662251e-12,0.9987156918731149,5.098022652014684e-31
ipo,0.99,0.8,1.0,439,77,True,0.00037409560473024197,6.402012040643962e-16,0.9996259043952691,6.386739004627495e-32
ipo,0.99,0.8,1.0,439,78,True,0.00020342697805520634,9.763569297020945e-16,0.9997965730219439,1.1053806044994226e-34
ipo,0.99,0.8,1.0,439,79,True,0.0003006163588242208,2.426453065892799e-13,0.9996993836409331,2.9242771275379104e-32
ipo,0.99,0.8,1.0,439,80,True,9.640143774110972e-11,6.069080669155703e-23,0.9999999999035987,2.6220933196148405e-32
ipo,0.99,0.8,1.0,439,81,True,2.730584896949298e-09,9.39997600048181e-23,0.9999999972694151,3.583976625107062e-32
ipo,0.99,0.8,1.0,439,82,True,5.723616892186641e-10,2.5590275531601217e-25,0.9999999994276383,4.416325732888809e-33
ipo,0.99,0.8,1.0,439,83,True,4.599055376537186e-10,1.0651568287997552e-22,0.9999999995400946,9.061712033233532e-33
ipo,0.99,0.8,1.0,439,84,True,1.275190428876251e-07,1.0741520357684433e-18,0.9999998724809571,5.670673769528042e-33
ipo,0.99,0.8,1.0,439,85,True,1.2029639084556393e-05,5.0875901586067264e-14,0.9999879703608646,2.830860324697314e-29
ipo,0.99,0.8,1.0,439,86,True,0.0012065897122450985,1.0696310732877846e-12,0.9987934102866853,1.1836349771591856e-27
ipo,0.99,0.8,1.0,439,87,True,0.004905405705481692,4.899550891820999e-11,0.9950945942455227,2.28608358160106e-28
ipo,0.99,0.8,1.0,439,88,True,0.0003199982440736104,1.0874397351302795e-12,0.999680001754839,1.9450207538469295e-29
ipo,0.99,0.8,1.0,439,89,True,0.00012533751425636432,7.712603921398203e-13,0.9998746624849724,5.125445004784975e-29
ipo,0.99,0.8,1.0,439,90,True,1.3925466113719622e-06,1.635420572835634e-15,0.999998607453387,2.3468906028029415e-29
ipo,0.99,0.8,1.0,439,91,True,2.796930302582463e-05,7.63725566290568e-14,0.9999720306968978,3.0434131555362536e-28
ipo,0.99,0.8,1.0,439,92,True,9.314593042563438e-05,1.2519194902004265e-12,0.9999068540683224,1.1242535086845839e-26
ipo,0.99,0.8,1.0,439,93,True,3.071818545474322e-05,4.826880936690414e-13,0.9999692818140625,7.771606386615745e-28
ipo,0.99,0.8,1.0,439,94,True,8.939696304797873e-06,1.4493240411006222e-13,0.9999910603035503,1.445866443998535e-29
ipo,0.99,0.8,1.0,439,95,True,1.5534977545950116e-06,3.374880561137785e-16,0.9999984465022451,1.5568060666541341e-31
ipo,0.99,0.8,1.0,439,96,True,3.3931448129766113e-06,4.2000989929189214e-16,0.9999966068551867,7.587252850873781e-32
ipo,0.99,0.8,1.0,439,97,True,2.046293282993142e-05,1.814020837685483e-14,0.9999795370671518,3.453859908423933e-31
ipo,0.99,0.8,1.0,439,98,True,6.023573475052082e-08,3.792220758662806e-20,0.9999999397642653,2.383851928132761e-29
ipo,0.99,0.8,1.0,439,99,True,1.4510478554719283e-05,5.256981855378229e-17,0.9999854895214452,3.2077770396838105e-29
ipo,0.99,0.8,1.0,543,0,True,0.3020147282632628,0.19898699227669764,0.3063217259190489,0.1926765535409907
ipo,0.99,0.8,1.0,543,1,True,0.3431800780657936,0.15098951487047715,0.3272249636068084,0.17860544345692086
ipo,0.99,0.8,1.0,543,2,True,0.44624377693755163,0.08566760613801853,0.35979461563048254,0.10829400129394731
ipo,0.99,0.8,1.0,543,3,True,0.6148854507293641,0.05106782961309786,0.2904513206916347,0.04359539896590337
ipo,0.99,0.8,1.0,543,4,True,0.9998176337303463,3.472989238238288e-06,0.00017813036592561644,7.629144898590226e-07
ipo,0.99,0.8,1.0,543,5,True,0.999999999813507,4.111452591781277e-15,1.8581863469793386e-10,6.701666378863419e-13
ipo,0.99,0.8,1.0,543,6,True,0.9999999999998048,7.573510314414869e-18,1.9502961033552063e-13,2.35604999983395e-16
ipo,0.99,0.8,1.0,543,7,True,0.9999999999999922,4.692623308358709e-19,7.802166058179282e-15,1.4311692491012902e-19
ipo,0.99,0.8,1.0,543,8,True,0.9999999999999987,3.170411809795733e-16,1.1065824532574389e-15,5.864672148586649e-17
ipo,0.99,0.8,1.0,543,9,True,0.9999996926553686,1.8370856619955306e-08,2.873685475031622e-07,1.6052275618273867e-09
ipo,0.99,0.8,1.0,543,10,True,0.9999999447042103,8.071593113596917e-10,5.315784960483878e-08,1.3307807254823913e-09
ipo,0.99,0.8,1.0,543,11,True,0.9999978097985723,3.653474211859085e-08,2.1233783205430248e-06,3.0288365041523706e-08
ipo,0.99,0.8,1.0,543,12,True,0.9999591970441274,1.3845631312514508e-05,1.4738597812391304e-05,1.221872674762234e-05
ipo,0.99,0.8,1.0,543,13,True,0.9999999999693849,4.651878497122288e-12,2.362418831843449e-11,2.339111405237089e-12
ipo,0.99,0.8,1.0,543,14,True,0.9999999997632487,7.507751519144841e-11,1.5893910090753464e-10,2.7346982909444312e-12
ipo,0.99,0.8,1.0,543,15,True,0.9999999995509938,3.581747928674954e-10,9.056076985606633e-11,2.707717985756662e-13
ipo,0.99,0.8,1.0,543,16,True,0.9999999999999725,2.5185700548476092e-14,2.342635071929231e-15,1.788623949458546e-17
ipo,0.99,0.8,1.0,543,17,True,0.9999999999999993,4.2001132445113894e-16,1.2033525919085296e-16,1.716490284598379e-18
ipo,0.99,0.8,1.0,543,18,True,1.0,1.1914804158830814e-17,9.371719408893681e-17,3.4136485451547706e-18
ipo,0.99,0.8,1.0,543,19,True,0.9999999999998193,1.239683628704838e-13,5.5010627558932404e-14,1.7683137253002794e-15
ipo,0.99,0.8,1.0,543,20,True,0.999999999990947,1.6586783588992152e-12,6.56020016809439e-12,8.340358565515432e-13
ipo,0.99,0.8,1.0,543,21,True,0.9999999999883087,1.2917800047708936e-12,1.0160636785422516e-11,2.3895527365478407e-13
ipo,0.99,0.8,1.0,543,22,True,0.9999999619685976,2.2159488930609506e-08,8.677780549508926e-09,7.194132756722416e-09
ipo,0.99,0.8,1.0,543,23,True,0.999999993711387,2.3355930241116965e-09,3.39826779812468e-09,5.547519681606483e-10
ipo,0.99,0.8,1.0,543,24,True,0.9999999964939763,3.1923771693797867e-09,2.620462755555057e-10,5.159997110065448e-11
ipo,0.99,0.8,1.0,543,25,True,0.9999667705466945,3.3214194441114235e-05,1.8189012444505848e-09,1.3439963333660143e-08
ipo,0.99,0.8,1.0,543,26,True,0.9999655544466465,3.321415404798854e-05,1.637320730229501e-07,1.0676672323793394e-06
ipo,0.99,0.8,1.0,543,27,True,0.999991971475009,7.889261487558686e-06,1.1253427122779651e-07,2.6729232278336673e-08
ipo,0.99,0.8,1.0,543,28,True,0.9999994731654056,1.0571695746188909e-07,4.181186776755023e-07,2.9989592449009976e-09
ipo,0.99,0.8,1.0,543,29,True,0.999995296233137,2.1233729832809822e-06,2.406096811288737e-06,1.7429706841064332e-07
ipo,0.99,0.8,1.0,543,30,True,0.9999994278194734,5.211409506019799e-10,5.715004466450584e-07,1.589390100033052e-10
ipo,0.99,0.8,1.0,543,31,True,0.9999897074937774,2.2603061425265676e-06,5.771893937550723e-06,2.2603061425265676e-06
ipo,0.99,0.8,1.0,543,32,True,0.9999999895518817,2.4374100301144828e-11,9.833213876961769e-09,5.905303937244724e-10
ipo,0.99,0.8,1.0,543,33,True,0.9999999993708115,2.2447770536085862e-13,6.286163381146225e-10,3.4767787143076364e-13
ipo,0.99,0.8,1.0,543,34,True,0.9999999992804351,3.737889379921282e-12,7.12315631042741e-10,3.511422110849816e-12
ipo,0.99,0.8,1.0,543,35,True,0.9999999479916208,6.75826219281928e-09,4.139937503473716e-08,3.850741722496771e-09
ipo,0.99,0.8,1.0,543,36,True,0.9999997097927845,8.152018348694935e-09,2.5360185741785655e-07,2.845333983246708e-08
ipo,0.99,0.8,1.0,543,37,True,0.9999999992867465,1.5428112020914722e-13,7.123156310472368e-10,7.835041779476019e-13
ipo,0.99,0.8,1.0,543,38,True,0.9999999995679412,2.1789900452834414e-16,4.32041269744189e-10,1.7309861958329127e-14
ipo,0.99,0.8,1.0,543,39,True,0.9999999981232826,8.891639791718636e-16,1.876701726104259e-09,1.480590952100384e-14
ipo,0.99,0.8,1.0,543,40,True,0.9999998801933133,1.3750924924902837e-12,1.197930555699937e-07,1.2256065975740651e-11
ipo,0.99,0.8,1.0,543,41,True,0.9999995504080191,1.5079715258638243e-09,4.4508504993518267e-07,2.9989594765485694e-09
ipo,0.99,0.8,1.0,543,42,True,0.9999999769340718,5.492788224258422e-11,2.0816913678220183e-08,2.1940865594556744e-09
ipo,0.99,0.8,1.0,543,43,True,0.9999997017200389,1.8189611449932247e-09,2.2380285185425462e-07,7.265814805631898e-08
ipo,0.99,0.8,1.0,543,44,True,0.9999997273512578,9.056074520544866e-11,2.3823690179517243e-07,3.432127980560612e-08
ipo,0.99,0.8,1.0,543,45,True,0.9999974310522802,7.433661575615175e-12,2.5612821911250905e-06,7.658095074202902e-09
ipo,0.99,0.8,1.0,543,46,True,0.9987929286714221,1.2610856078373007e-08,0.0011694662855717011,3.7592432150259745e-05
ipo,0.99,0.8,1.0,543,47,True,0.9997635125195035,2.645947757377303e-09,0.0001910956413014009,4.538919324748061e-05
ipo,0.99,0.8,1.0,543,48,True,0.9990764893108516,1.4436457914063547e-07,0.0005190948493820575,0.00040427147518707946
ipo,0.99,0.8,1.0,543,49,True,0.9998655746956826,1.2499848142072352e-09,5.4755407099262646e-05,7.966864723335165e-05
ipo,0.99,0.8,1.0,543,50,True,0.9703495676468178,1.1028653587263733e-06,0.0021226310607600166,0.027526698427063394
ipo,0.99,0.8,1.0,543,51,True,0.9520344573773359,5.111237774619748e-07,0.015388203799566003,0.03257682769932045
ipo,0.99,0.8,1.0,543,52,True,0.06536011331549775,2.3339972841293456e-05,0.13836736097471503,0.7962491857369459
ipo,0.99,0.8,1.0,543,53,True,0.9949192059244316,4.159945219353894e-07,0.0007521357398405572,0.00432824234120602
ipo,0.99,0.8,1.0,543,54,True,0.9995906886599286,1.6045710171392235e-09,0.000277994453717029,0.00013131528178343454
ipo,0.99,0.8,1.0,543,55,True,0.9998869548587499,4.895115535241899e-10,5.4756577936185354e-05,5.8288073802373225e-05
ipo,0.99,0.8,1.0,543,56,True,0.9996329065859039,1.8975600223609165e-11,0.00035696702021240307,1.0126374907986476e-05
ipo,0.99,0.8,1.0,543,57,True,0.9819976823510226,1.6779947950863195e-09,0.01798591493951522,1.640103146734148e-05
ipo,0.99,0.8,1.0,543,58,True,0.9999905561143647,1.1743988422043178e-09,6.540418236987378e-06,2.902292999468388e-06
ipo,0.99,0.8,1.0,543,59,True,0.9999997982461063,2.5690107796670704e-12,1.8553909882835464e-07,1.621222577679749e-08
ipo,0.99,0.8,1.0,543,60,True,0.9999999865591964,1.1548224017798373e-17,1.344040977048511e-08,3.939706371299365e-13
ipo,0.99,0.8,1.0,543,61,True,0.9990549131591048,1.2739854256396867e-07,0.0003567606198529236,0.0005881988224996775
ipo,0.99,0.8,1.0,543,62,True,0.9999972027232059,7.991937537229984e-11,2.260323084214057e-06,5.368737903828951e-07
ipo,0.99,0.8,1.0,543,63,True,0.9999785136175462,2.5945537495044685e-11,1.670134193111485e-05,4.785014577266635e-06
ipo,0.99,0.8,1.0,543,64,True,0.7606680883238318,9.79662053356389e-07,0.058656424615662124,0.18067450739845284
ipo,0.99,0.8,1.0,543,65,True,0.0774163670929229,3.1326158970940034e-05,0.03656890244941692,0.8859834042986893
ipo,0.99,0.8,1.0,543,66,True,0.017041861996280626,1.1369428771147365e-05,0.05249263045787947,0.9304541381170688
ipo,0.99,0.8,1.0,543,67,True,7.541122395979563e-05,9.682992826790917e-05,0.05339413154876671,0.9464336272990055
ipo,0.99,0.8,1.0,543,68,True,3.917533132631913e-06,3.491659273677981e-05,0.012431168080891822,0.9875299977932387
ipo,0.99,0.8,1.0,543,69,True,9.29227121241605e-05,3.835378381261519e-06,0.033082777052612734,0.9668204648568819
ipo,0.99,0.8,1.0,543,70,True,0.1345698955889167,4.8054655186105264e-05,0.04104149934186597,0.8243405504140313
ipo,0.99,0.8,1.0,543,71,True,0.881608958459543,2.8707949340227475e-07,0.03638834750630416,0.08200240695465945
ipo,0.99,0.8,1.0,543,72,True,0.019268109713330372,0.0001011097602381467,0.8193008731067271,0.16132990741970443
ipo,0.99,0.8,1.0,543,73,True,0.016494261220964736,9.032714104897414e-07,0.1887668235633097,0.7947380119443151
ipo,0.99,0.8,1.0,543,74,True,0.5138137043898415,4.094034617718964e-05,0.00346204950758252,0.4826833057563989
ipo,0.99,0.8,1.0,543,75,True,0.903556637914396,1.0371836192206353e-05,0.0011988212655093615,0.09523416898390256
ipo,0.99,0.8,1.0,543,76,True,0.12392623667432533,9.972753347234506e-05,0.015755452929099256,0.8602185828631032
ipo,0.99,0.8,1.0,543,77,True,0.0846489995128799,0.012194844609102614,0.04823154605309524,0.8549246098249222
ipo,0.99,0.8,1.0,543,78,True,0.01163403971092414,0.00027360638920023153,0.004279924027421141,0.9838124298724545
ipo,0.99,0.8,1.0,543,79,True,0.12436040662535357,0.005816413617790003,0.006590860093395564,0.8632323196634608
ipo,0.99,0.8,1.0,543,80,True,0.3248586517480275,0.008132677214488362,0.06009280817234957,0.6069158628651345
ipo,0.99,0.8,1.0,543,81,True,0.7901711105896972,0.006422127940508993,0.05723980326660231,0.14616695820319153
ipo,0.99,0.8,1.0,543,82,True,0.08455386664492874,0.05128451251740267,0.2772414553198416,0.5869201655178269
ipo,0.99,0.8,1.0,543,83,True,0.004517493157566797,0.008439788329351895,0.011535822904033979,0.9755068956090472
ipo,0.99,0.8,1.0,543,84,True,0.0012356617769970987,0.004591040461189486,0.002784606799692652,0.9913886909621207
ipo,0.99,0.8,1.0,543,85,True,0.9820024858512816,0.00010694868272868037,0.0020179736003669985,0.015872591865622624
ipo,0.99,0.8,1.0,543,86,True,0.9698767262934751,0.0004177671651288822,0.0004177671651288822,0.029287739376267125
ipo,0.99,0.8,1.0,543,87,True,0.9964240117040246,0.0010960062395789845,1.0093868502484872e-05,0.002469888187893976
ipo,0.99,0.8,1.0,543,88,True,0.9806040276612324,0.008483887162277458,1.8558427815147743e-05,0.010893526748675093
ipo,0.99,0.8,1.0,543,89,True,0.999130392474833,0.0005882432613428778,3.497822290424771e-06,0.000277866441533667
ipo,0.99,0.8,1.0,543,90,True,0.03543424448462031,0.628087011913458,0.00028799237090011866,0.33619075123102155
ipo,0.99,0.8,1.0,543,91,True,0.5408966285114043,0.0010441761337814633,0.036808477509449745,0.4212507178453645
ipo,0.99,0.8,1.0,543,92,True,0.9970156871775446,2.0961595320778192e-07,0.002981022922555618,3.080283946631198e-06
ipo,0.99,0.8,1.0,543,93,True,0.9961249692591604,0.0023195488854802788,0.0003139168053976428,0.0012415650499618056
ipo,0.99,0.8,1.0,543,94,True,0.999872244820625,2.901949622185993e-06,0.00012339403784502183,1.4591919077159587e-06
ipo,0.99,0.8,1.0,543,95,True,0.7326382423996863,0.0011014770478978914,0.028407467476272964,0.2378528130761429
ipo,0.99,0.8,1.0,543,96,True,0.2534103344218133,3.543731386812216e-05,0.5364696821808023,0.21008454608351626
ipo,0.99,0.8,1.0,543,97,True,0.004723025807090128,2.9895409315551696e-05,0.03714947558932916,0.9580976031942652
ipo,0.99,0.8,1.0,543,98,True,1.2622054536243778e-08,0.0003150370858962962,5.092100232956332e-06,0.9996798581918163
ipo,0.99,0.8,1.0,543,99,True,2.4616681819335037e-10,3.2887214455901987e-06,8.3980444139646e-06,0.9999883129879736
ipo,0.99,0.8,10.0,814,0,True,0.35167961155749644,0.16948087658203284,0.21051080309684048,0.26832870876363013
ipo,0.99,0.8,10.0,814,1,True,0.3655133252070461,0.16718085215693004,0.19488243630337077,0.2724233863326532
ipo,0.99,0.8,10.0,814,2,True,0.3913932774461008,0.16387556837178452,0.16759801560344917,0.2771331385786655
ipo,0.99,0.8,10.0,814,3,True,0.4308972147066661,0.15514888522165876,0.1411267811122976,0.2728271189593776
ipo,0.99,0.8,10.0,814,4,True,0.5145950554123355,0.14081991193210136,0.08658734980100805,0.2579976828545551
ipo,0.99,0.8,10.0,814,5,True,0.5822101762869663,0.12615794266593064,0.036785831600433166,0.25484604944667
ipo,0.99,0.8,10.0,814,6,True,0.5993390132596593,0.11686995003194323,0.02195921300615819,0.2618318237022392
ipo,0.99,0.8,10.0,814,7,True,0.6397680903151426,0.110309853047542,0.016396095903127392,0.2335259607341881
ipo,0.99,0.8,10.0,814,8,True,0.6747973401743126,0.1090871150880773,0.009911634647309183,0.206203910090301
ipo,0.99,0.8,10.0,814,9,True,0.7313143767836389,0.08598891832788433,0.007631950370427589,0.17506475451804918
ipo,0.99,0.8,10.0,814,10,True,0.7942119583726331,0.05959112333898986,0.004910682212875233,0.14128623607550186
ipo,0.99,0.8,10.0,814,11,True,0.8298962230135796,0.04213302649487014,0.0046176892168754095,0.12335306127467505
ipo,0.99,0.8,10.0,814,12,True,0.8375887830834876,0.04370236710218088,0.004464477863980731,0.11424437195035088
ipo,0.99,0.8,10.0,814,13,True,0.823060529263367,0.04698124573076956,0.003737804829310358,0.12622042017655294
ipo,0.99,0.8,10.0,814,14,True,0.8566934618310442,0.039911875737185125,0.002663504314231796,0.10073115811753891
ipo,0.99,0.8,10.0,814,15,True,0.8062289127164812,0.06290253487649863,0.004297324900738564,0.12657122750628172
ipo,0.99,0.8,10.0,814,16,True,0.7686394379404571,0.058809857664707206,0.006320768116612011,0.16622993627822374
ipo,0.99,0.8,10.0,814,17,True,0.8050729202151664,0.037801134198786265,0.00347508992866453,0.15365085565738276
ipo,0.99,0.8,10.0,814,18,True,0.7829925550365888,0.0496655079773901,0.004495005707607817,0.16284693127841335
ipo,0.99,0.8,10.0,814,19,True,0.7821012035531651,0.054378481964107384,0.005555111658780557,0.1579652028239469
ipo,0.99,0.8,10.0,814,20,True,0.7648216069730855,0.055079810760482774,0.005737734741686731,0.1743608475247449
ipo,0.99,0.8,10.0,814,21,True,0.7989949143394292,0.042677296490318886,0.0046409406905105165,0.15368684847974134
ipo,0.99,0.8,10.0,814,22,True,0.8239224976032327,0.03779002652170192,0.0037858255314802587,0.13450165034358502
ipo,0.99,0.8,10.0,814,23,True,0.8271287980488078,0.03084263309265075,0.004340373586253903,0.13768819527228746
ipo,0.99,0.8,10.0,814,24,True,0.8000132400204593,0.03936627666387213,0.004314459377406201,0.15630602393826243
ipo,0.99,0.8,10.0,814,25,True,0.8654566213051894,0.01831624742805043,0.0018135540862864402,0.1144135771804736
ipo,0.99,0.8,10.0,814,26,True,0.8568462573910043,0.02468963466158091,0.002502577013171456,0.11596153093424312
ipo,0.99,0.8,10.0,814,27,True,0.8423116673138223,0.03177902074136133,0.004087874271634104,0.12182143767318208
ipo,0.99,0.8,10.0,814,28,True,0.8362058236689452,0.03280541303547532,0.005723038000367093,0.12526572529521252
ipo,0.99,0.8,10.0,814,29,True,0.839682955132219,0.028788543452877152,0.005002698722000956,0.12652580269290278
ipo,0.99,0.8,10.0,814,30,True,0.8453632595502871,0.02412203656361349,0.005596762485315105,0.12491794140078442
ipo,0.99,0.8,10.0,814,31,True,0.8478463868274463,0.019401603586934678,0.004245350872283415,0.1285066587133356
ipo,0.99,0.8,10.0,814,32,True,0.7860978078523099,0.0317564815292713,0.00708582880937696,0.17505988180904186
ipo,0.99,0.8,10.0,814,33,True,0.8283578409406668,0.02611249632312397,0.006011437989538052,0.13951822474667128
ipo,0.99,0.8,10.0,814,34,True,0.7861975566856135,0.03407405452211954,0.010033003213447562,0.16969538557881922
ipo,0.99,0.8,10.0,814,35,True,0.7919266145127398,0.034862852152222706,0.010106114170230362,0.16310441916480709
ipo,0.99,0.8,10.0,814,36,True,0.7930548978591195,0.038644639511435736,0.010606206220755,0.1576942564086897
ipo,0.99,0.8,10.0,814,37,True,0.8380902391229906,0.02560645654825066,0.005243069077042123,0.1310602352517166
ipo,0.99,0.8,10.0,814,38,True,0.8648664662621591,0.02173624993560429,0.005988966566316488,0.10740831723592012
ipo,0.99,0.8,10.0,814,39,True,0.8537852574453431,0.021499702163698464,0.008033851743935148,0.11668118864702319
ipo,0.99,0.8,10.0,814,40,True,0.852384759265018,0.02150639903256267,0.00984634696867996,0.1162624947337392
ipo,0.99,0.8,10.0,814,41,True,0.847302336994332,0.020004631692490685,0.008705304751252191,0.12398772656192512
ipo,0.99,0.8,10.0,814,42,True,0.8330610044743066,0.02126660759785289,0.009146653952431756,0.13652573397540865
ipo,0.99,0.8,10.0,814,43,True,0.8035846813137892,0.028648417189159035,0.008601814721980808,0.15916508677507096
ipo,0.99,0.8,10.0,814,44,True,0.814275763074003,0.027700202091988653,0.0076920683143384405,0.15033196651967
ipo,0.99,0.8,10.0,814,45,True,0.8269529632783919,0.026948285892356736,0.0076308629772594404,0.1384678878519921
ipo,0.99,0.8,10.0,814,46,True,0.7875829335824174,0.032762388902252804,0.009991964076997541,0.1696627134383321
ipo,0.99,0.8,10.0,814,47,True,0.7248383672783609,0.03752514300035252,0.013967454409641752,0.2236690353116447
ipo,0.99,0.8,10.0,814,48,True,0.7428352515138084,0.03605637410369489,0.012806174161085497,0.20830220022141122
ipo,0.99,0.8,10.0,814,49,True,0.7404137507912809,0.03759008815099134,0.014778104396177808,0.20721805666155002
ipo,0.99,0.8,10.0,814,50,True,0.7377561409642392,0.04465319394549252,0.016685679518713765,0.20090498557155453
ipo,0.99,0.8,10.0,814,51,True,0.8243018839550443,0.019768071326064823,0.009862656722935475,0.14606738799595537
ipo,0.99,0.8,10.0,814,52,True,0.8465540839491492,0.01303119327235921,0.007252951328240054,0.1331617714502516
ipo,0.99,0.8,10.0,814,53,True,0.8039470712518063,0.020483333597397613,0.009341392305436434,0.16622820284535955
ipo,0.99,0.8,10.0,814,54,True,0.853821587193008,0.011644108950921946,0.00885837095572165,0.12567593290034831
ipo,0.99,0.8,10.0,814,55,True,0.8011768005693407,0.017874002315732208,0.014645432652469098,0.16630376446245798
ipo,0.99,0.8,10.0,814,56,True,0.7487469046079421,0.02078884698679982,0.014684028262424534,0.21578022014283363
ipo,0.99,0.8,10.0,814,57,True,0.8134435480397768,0.013277118702350332,0.008983747893517129,0.16429558536435565
ipo,0.99,0.8,10.0,814,58,True,0.7878863662313876,0.015361338627794156,0.009612880079394915,0.18713941506142331
ipo,0.99,0.8,10.0,814,59,True,0.7586447650222347,0.02242214894603205,0.013546700505732574,0.20538638552600075
ipo,0.99,0.8,10.0,814,60,True,0.7604282543104781,0.020344040463687714,0.008887653061509845,0.21034005216432447
ipo,0.99,0.8,10.0,814,61,True,0.7396023017189058,0.02438585464727127,0.008232302433508604,0.22777954120031418
ipo,0.99,0.8,10.0,814,62,True,0.7004935068625057,0.030359613486777074,0.013954045572823568,0.25519283407789367
ipo,0.99,0.8,10.0,814,63,True,0.7745450740620238,0.022669623483239316,0.009231193583321935,0.1935541088714149
ipo,0.99,0.8,10.0,814,64,True,0.7675270123463919,0.022508134992372947,0.007778603311118302,0.20218624935011686
ipo,0.99,0.8,10.0,814,65,True,0.6766782667583984,0.028648083609807314,0.013691912105111816,0.2809817375266824
ipo,0.99,0.8,10.0,814,66,True,0.7322207646966488,0.025549386627433935,0.008198035559109917,0.23403181311680743
ipo,0.99,0.8,10.0,814,67,True,0.7625552694683633,0.02629785798431008,0.0075050883742814305,0.2036417841730452
ipo,0.99,0.8,10.0,814,68,True,0.806371534679238,0.0217848869986174,0.005114081034877684,0.16672949728726694
ipo,0.99,0.8,10.0,814,69,True,0.7785731502601011,0.02478397623880414,0.006217605252268814,0.19042526824882605
ipo,0.99,0.8,10.0,814,70,True,0.8768827343637294,0.0113664967427321,0.002637239289121188,0.10911352960441717
ipo,0.99,0.8,10.0,814,71,True,0.8933754262830738,0.009268740738634531,0.0015249475678038157,0.09583088541048791
ipo,0.99,0.8,10.0,814,72,True,0.8295472050330317,0.019547221250930693,0.003044869797563817,0.14786070391847395
ipo,0.99,0.8,10.0,814,73,True,0.8480080244643702,0.01508337620145028,0.0024719306217312245,0.1344366687124483
ipo,0.99,0.8,10.0,814,74,True,0.8033804073417407,0.02174651107777788,0.0038235223711664493,0.171049559209315
ipo,0.99,0.8,10.0,814,75,True,0.8703919045697629,0.011595118612064312,0.0027219960422507033,0.11529098077592201
ipo,0.99,0.8,10.0,814,76,True,0.8670062150150584,0.01080793428227566,0.0023011419970565728,0.11988470870560959
ipo,0.99,0.8,10.0,814,77,True,0.8797101280797135,0.011292329651123496,0.0026926610789196844,0.10630488119024338
ipo,0.99,0.8,10.0,814,78,True,0.8551248543411336,0.012984385066127986,0.002786217626824165,0.12910454296591437
ipo,0.99,0.8,10.0,814,79,True,0.8519609827007835,0.014180072101577873,0.003461428467777623,0.13039751672986108
ipo,0.99,0.8,10.0,814,80,True,0.8427674473316452,0.010505778422641911,0.002827591903011915,0.14389918234270102
ipo,0.99,0.8,10.0,814,81,True,0.8529205879546539,0.007855127048531665,0.0021474722349904595,0.13707681276182407
ipo,0.99,0.8,10.0,814,82,True,0.8513229189739244,0.010346365150612012,0.002575413914907005,0.13575530196055666
ipo,0.99,0.8,10.0,814,83,True,0.8563777772971957,0.01107904357229252,0.0032494730911671963,0.12929370603934476
ipo,0.99,0.8,10.0,814,84,True,0.8357237932289776,0.013587599055571152,0.0034624278807046634,0.1472261798347466
ipo,0.99,0.8,10.0,814,85,True,0.8078826945241816,0.016507121072219372,0.004272629167871336,0.1713375552357276
ipo,0.99,0.8,10.0,814,86,True,0.914750461543525,0.003797246916331261,0.001522286998659232,0.07993000454148456
ipo,0.99,0.8,10.0,814,87,True,0.862203039717338,0.011712570454161445,0.0030793704071986317,0.12300501942130207
ipo,0.99,0.8,10.0,814,88,True,0.9091911912670023,0.005260424113739904,0.0019656768786018314,0.08358270774065593
ipo,0.99,0.8,10.0,814,89,True,0.8811044085683247,0.0102779852692984,0.0027662822075240016,0.10585132395485285
ipo,0.99,0.8,10.0,814,90,True,0.8913768912988356,0.008807290427060386,0.0025036942374143684,0.0973121240366895
ipo,0.99,0.8,10.0,814,91,True,0.8987475560974648,0.007247739954158146,0.0018325156405072575,0.09217218830786975
ipo,0.99,0.8,10.0,814,92,True,0.7516640540264434,0.030424805237807242,0.004231692314782077,0.2136794484209673
ipo,0.99,0.8,10.0,814,93,True,0.8045209011144003,0.024919174599219787,0.0035620102816621493,0.16699791400471778
ipo,0.99,0.8,10.0,814,94,True,0.8245578837546602,0.020926561122554373,0.0034699639998104987,0.15104559112297491
ipo,0.99,0.8,10.0,814,95,True,0.7977926429665534,0.021427201602424256,0.004153852503730528,0.1766263029272919
ipo,0.99,0.8,10.0,814,96,True,0.8418743200626174,0.015239823815330442,0.002743043963955852,0.14014281215809613
ipo,0.99,0.8,10.0,814,97,True,0.8952081603900358,0.006272147328659966,0.0019278998940620515,0.09659179238724211
ipo,0.99,0.8,10.0,814,98,True,0.8807095316037955,0.010094370260703601,0.002770448217585176,0.10642564991791571
ipo,0.99,0.8,10.0,814,99,True,0.8097642076129966,0.019648344857080786,0.004134636239790247,0.16645281129013256
ipo,0.99,0.8,10.0,439,0,True,0.30976269985564053,0.23496564982667184,0.28816720800398554,0.16710444231370217
ipo,0.99,0.8,10.0,439,1,True,0.32472585535332266,0.2275824418204737,0.30925097973725,0.1384407230889535
ipo,0.99,0.8,10.0,439,2,True,0.3341191674449642,0.21656786620714194,0.33706870453597,0.11224426181192376
ipo,0.99,0.8,10.0,439,3,True,0.3467762027536683,0.20306444120796613,0.370948201974714,0.07921115406365165
ipo,0.99,0.8,10.0,439,4,True,0.34339740814408326,0.15752615780944934,0.4721268860359351,0.026949548010532384
ipo,0.99,0.8,10.0,439,5,True,0.31019836131356143,0.047384999769198084,0.6364857107697149,0.00593092814752553
ipo,0.99,0.8,10.0,439,6,True,0.3235926827193261,0.01513463116967785,0.6588020254899002,0.0024706606210957126
ipo,0.99,0.8,10.0,439,7,True,0.3131246934278013,0.0066528078109519715,0.6786048455033461,0.0016176532579006949
ipo,0.99,0.8,10.0,439,8,True,0.34558037641062966,0.003509176884366717,0.6481560622093223,0.002754384495681292
ipo,0.99,0.8,10.0,439,9,True,0.3487388544905239,0.004897370234318138,0.6439394012086326,0.0024243740665253464
ipo,0.99,0.8,10.0,439,10,True,0.34152272380229387,0.010074190104443338,0.6430527241158651,0.005350361977397801
ipo,0.99,0.8,10.0,439,11,True,0.30721059248648386,0.033147622063328074,0.650364829397476,0.009276956052711992
ipo,0.99,0.8,10.0,439,12,True,0.3172751320858912,0.011647386522465103,0.6664444711268723,0.004633010264771321
ipo,0.99,0.8,10.0,439,13,True,0.3867981806225465,0.00596570990320937,0.6037834214680639,0.003452688006180364
ipo,0.99,0.8,10.0,439,14,True,0.3703058053132374,0.0046251863642295145,0.6201455230663482,0.004923485256184759
ipo,0.99,0.8,10.0,439,15,True,0.4925393916652033,0.0068629469942615385,0.4964024259920382,0.004195235348497099
ipo,0.99,0.8,10.0,439,16,True,0.4295154228869725,0.0031784944767852727,0.5645873722376515,0.002718710398590734
ipo,0.99,0.8,10.0,439,17,True,0.48909165996502896,0.017402474619169744,0.48528551847078116,0.008220346945020215
ipo,0.99,0.8,10.0,439,18,True,0.44765438687793335,0.013838561083461279,0.5316027377403464,0.0069043142982589765
ipo,0.99,0.8,10.0,439,19,True,0.4348642642936358,0.010068471888307794,0.5497199387623241,0.005347325055732342
ipo,0.99,0.8,10.0,439,20,True,0.41394435858679335,0.01662467130542277,0.5613918043587911,0.008039165748992752
ipo,0.99,0.8,10.0,439,21,True,0.43460508749808674,0.020486175113061774,0.540874770328812,0.004033967060039464
ipo,0.99,0.8,10.0,439,22,True,0.44607599814342985,0.015996410237778907,0.5338830657199444,0.004044525898846927
ipo,0.99,0.8,10.0,439,23,True,0.4025922137725875,0.01661696519473546,0.5766867202154854,0.004104100817191578
ipo,0.99,0.8,10.0,439,24,True,0.4160312488053899,0.018859379470104052,0.5598312364123765,0.005278135312129478
ipo,0.99,0.8,10.0,439,25,True,0.34130274718277237,0.01571545943165764,0.6326753434658012,0.010306449919768812
ipo,0.99,0.8,10.0,439,26,True,0.27547189243297615,0.018169340752454553,0.6925362612811244,0.01382250553344484
ipo,0.99,0.8,10.0,439,27,True,0.3052833965396182,0.014503144879912304,0.6668002422503799,0.01341321633008957
ipo,0.99,0.8,10.0,439,28,True,0.31358946018225364,0.021676087161427743,0.6535765592216789,0.01115789343463966
ipo,0.99,0.8,10.0,439,29,True,0.2811229412477546,0.014667982937910959,0.6957859618701117,0.008423113944222835
ipo,0.99,0.8,10.0,439,30,True,0.3070841632028883,0.0161482124164795,0.6707334782563841,0.006034146124248074
ipo,0.99,0.8,10.0,439,31,True,0.33225283915466053,0.011729959884963687,0.6505194794102567,0.005497721550119118
ipo,0.99,0.8,10.0,439,32,True,0.36381113124377695,0.006162668382745479,0.6237173885215883,0.006308811851889248
ipo,0.99,0.8,10.0,439,33,True,0.3699866999621298,0.00890759745255622,0.6147892701610428,0.006316432424271236
ipo,0.99,0.8,10.0,439,34,True,0.3672744560563521,0.007445962247232738,0.6174762802599598,0.007803301436455456
ipo,0.99,0.8,10.0,439,35,True,0.35332943303229636,0.007247685016364432,0.6323430893775487,0.00707979257379054
ipo,0.99,0.8,10.0,439,36,True,0.33593909148677537,0.0075387385592831525,0.6500739451534664,0.006448224800475135
ipo,0.99,0.8,10.0,439,37,True,0.2912269329078924,0.005858260997414652,0.6931804129303384,0.009734393164354557
ipo,0.99,0.8,10.0,439,38,True,0.2545633874966244,0.004554484590149711,0.7366035855948566,0.004278542318369318
ipo,0.99,0.8,10.0,439,39,True,0.2367088134898214,0.0066626563120004536,0.7522590535111692,0.00436947668700903
ipo,0.99,0.8,10.0,439,40,True,0.24401897915932083,0.005967383196145936,0.7457821293271732,0.004231508317360125
ipo,0.99,0.8,10.0,439,41,True,0.22418929392577505,0.006823027287458535,0.7643709875907869,0.004616691195979497
ipo,0.99,0.8,10.0,439,42,True,0.253443641222931,0.009159842422204065,0.733363492318796,0.004033024036068789
ipo,0.99,0.8,10.0,439,43,True,0.26704984774375606,0.007516667112883843,0.7230866672170846,0.0023468179262756002
ipo,0.99,0.8,10.0,439,44,True,0.26549035351392525,0.0051762378402959545,0.7273377911847286,0.001995617461050139
ipo,0.99,0.8,10.0,439,45,True,0.2389945095560509,0.005983110475265703,0.7536123258593059,0.0014100541093775263
ipo,0.99,0.8,10.0,439,46,True,0.23255464337434847,0.003970185117397248,0.7625173197724845,0.0009578517357697776
ipo,0.99,0.8,10.0,439,47,True,0.26619284586053776,0.004010470357383915,0.7292623403253908,0.0005343434566874748
ipo,0.99,0.8,10.0,439,48,True,0.2648978872542357,0.005412545071603711,0.7285550365936838,0.001134531080476692
ipo,0.99,0.8,10.0,439,49,True,0.26110514615084285,0.005090739907923279,0.7322874916504962,0.00151662229073758
ipo,0.99,0.8,10.0,439,50,True,0.25898049140096563,0.004780596053367153,0.7348904835119985,0.0013484290336685442
ipo,0.99,0.8,10.0,439,51,True,0.2047759198886414,0.0027226449273204424,0.791143057229321,0.001358377954717173
ipo,0.99,0.8,10.0,439,52,True,0.19005570127789925,0.001983409222924208,0.8064401568970684,0.0015207326021081484
ipo,0.99,0.8,10.0,439,53,True,0.2664553006942273,0.0026951571175576903,0.7299813620016774,0.000868180186537794
ipo,0.99,0.8,10.0,439,54,True,0.2646035277989043,0.0032537073984052296,0.7305937678654777,0.0015489969372126965
ipo,0.99,0.8,10.0,439,55,True,0.2670506861562129,0.007116659729117438,0.7230889373732907,0.0027437167413789268
ipo,0.99,0.8,10.0,439,56,True,0.2950042441796553,0.008770245010052186,0.6939906538116998,0.0022348569985927652
ipo,0.99,0.8,10.0,439,57,True,0.3068667310708775,0.005238844991629721,0.6861532865814408,0.001741137356051981
ipo,0.99,0.8,10.0,439,58,True,0.27173591347613163,0.004786350342457041,0.7215438758280102,0.0019338603534011897
ipo,0.99,0.8,10.0,439,59,True,0.2696041282132981,0.0025220692392879007,0.7271568408129215,0.0007169617344925854
ipo,0.99,0.8,10.0,439,60,True,0.31159726323431,0.0015848052530037888,0.6859289363359593,0.0008889951767268404
ipo,0.99,0.8,10.0,439,61,True,0.22866465453866705,0.0023677592401657255,0.7675426436105972,0.0014249426105700902
ipo,0.99,0.8,10.0,439,62,True,0.2543171830290528,0.002695832979909921,0.7416628353206024,0.0013241486704349244
ipo,0.99,0.8,10.0,439,63,True,0.2111516601026255,0.0030593474559835404,0.7845235913457892,0.0012654010956016557
ipo,0.99,0.8,10.0,439,64,True,0.23353000362017776,0.003864174454516585,0.7597565583563988,0.0028492635689067692
ipo,0.99,0.8,10.0,439,65,True,0.30318169228832614,0.003786794073805645,0.6912841952370468,0.0017473184008214703
ipo,0.99,0.8,10.0,439,66,True,0.2743424135410211,0.005390776893602585,0.7171711468409986,0.0030956627243776407
ipo,0.99,0.8,10.0,439,67,True,0.25103303424799245,0.005903731100907116,0.7407148926656949,0.0023483419854056203
ipo,0.99,0.8,10.0,439,68,True,0.24467945540214872,0.005577267764940338,0.7478007074740173,0.001942569358893702
ipo,0.99,0.8,10.0,439,69,True,0.27244842788877494,0.005437866740875568,0.7206154155457628,0.0014982898245866519
ipo,0.99,0.8,10.0,439,70,True,0.24827548013225384,0.005152793200419823,0.7412136695210697,0.0053580571462566685
ipo,0.99,0.8,10.0,439,71,True,0.2551757867790346,0.006240218311438523,0.7326295369996493,0.0059544579098776305
ipo,0.99,0.8,10.0,439,72,True,0.22586138939079942,0.004579015367878969,0.7640792314182138,0.0054803638231078165
ipo,0.99,0.8,10.0,439,73,True,0.24649527643766275,0.004731384334257753,0.7416706901022232,0.007102649125856099
ipo,0.99,0.8,10.0,439,74,True,0.22730090103033543,0.007193297537572585,0.7599905088965845,0.005515292535507641
ipo,0.99,0.8,10.0,439,75,True,0.21073261364738907,0.012075940635894252,0.7708278721828192,0.006363573533897517
ipo,0.99,0.8,10.0,439,76,True,0.20612126221725635,0.014471984067050385,0.7718399015777424,0.007566852137950859
ipo,0.99,0.8,10.0,439,77,True,0.21298765050842391,0.008454270389031137,0.7730136332177998,0.005544445884745165
ipo,0.99,0.8,10.0,439,78,True,0.25323696534501644,0.004638196810538213,0.7385126065363588,0.0036122313080864522
ipo,0.99,0.8,10.0,439,79,True,0.1957651585209371,0.002926452006640178,0.7988440698108485,0.002464319661574196
ipo,0.99,0.8,10.0,439,80,True,0.20390008949112057,0.0036196600640777004,0.7877593237381671,0.004720926706634505
ipo,0.99,0.8,10.0,439,81,True,0.1725252271470782,0.0012182537368269973,0.8230718258770638,0.003184693239031048
ipo,0.99,0.8,10.0,439,82,True,0.21877502208763772,0.0024303709630254518,0.7756248056466559,0.003169801302680996
ipo,0.99,0.8,10.0,439,83,True,0.1671081464152245,0.0012463305650094547,0.8289863473234909,0.002659175696275173
ipo,0.99,0.8,10.0,439,84,True,0.17258954823970818,0.0013489867053733194,0.823378684647974,0.0026827804069442874
ipo,0.99,0.8,10.0,439,85,True,0.17824085162368833,0.002091378116762515,0.8177635488146734,0.0019042214448757328
ipo,0.99,0.8,10.0,439,86,True,0.14089223357393516,0.0022773108548869033,0.8563531052839107,0.00047735028726709626
ipo,0.99,0.8,10.0,439,87,True,0.14673482263192544,0.001567629381370252,0.8510233189912669,0.0006742289954372417
ipo,0.99,0.8,10.0,439,88,True,0.15985008440646292,0.0016812690640929024,0.8375545563944828,0.0009140901349612593
ipo,0.99,0.8,10.0,439,89,True,0.14579644843294717,0.0013853619761421574,0.8522129697659436,0.0006052198249672227
ipo,0.99,0.8,10.0,439,90,True,0.14079594529207495,0.002598993216640725,0.8557678581976677,0.0008372032936166316
ipo,0.99,0.8,10.0,439,91,True,0.14091145523423954,0.0015172230391956388,0.8564699359144774,0.0011013858120874481
ipo,0.99,0.8,10.0,439,92,True,0.1728283156981862,0.0015427224910392926,0.8245177804849093,0.0011111813258651505
ipo,0.99,0.8,10.0,439,93,True,0.15113607563259224,0.0015527935423348383,0.8462686345577893,0.0010424962672834538
ipo,0.99,0.8,10.0,439,94,True,0.1759888401808397,0.0025103459817129845,0.8201465837591193,0.0013542300783279827
ipo,0.99,0.8,10.0,439,95,True,0.20067876866499637,0.003095131718721551,0.7936999267312905,0.0025261728849914813
ipo,0.99,0.8,10.0,439,96,True,0.16480967246246805,0.0032132770616928037,0.8304592058672056,0.0015178446086336066
ipo,0.99,0.8,10.0,439,97,True,0.16009498916939008,0.0046857093893708296,0.8323098783200708,0.0029094231211683474
ipo,0.99,0.8,10.0,439,98,True,0.1853614380572765,0.0035858485416631783,0.8083247436863343,0.00272796971472608
ipo,0.99,0.8,10.0,439,99,True,0.21213697903864215,0.0035101883379091998,0.7820507949088693,0.002302037714579353
ipo,0.99,0.8,10.0,543,0,True,0.3019637271850804,0.19895338944146923,0.30634477959721035,0.19273810377623996
ipo,0.99,0.8,10.0,543,1,True,0.35025177699606946,0.14476436286309266,0.33104548218024965,0.17393837796058823
ipo,0.99,0.8,10.0,543,2,True,0.4295529668225519,0.0951467881121466,0.35265118745263224,0.12264905761266934
ipo,0.99,0.8,10.0,543,3,True,0.48329051688715924,0.08853096094957626,0.3430391290669602,0.0851393930963044
ipo,0.99,0.8,10.0,543,4,True,0.5368226466151401,0.07430131948491518,0.33790917553806515,0.05096685836187961
ipo,0.99,0.8,10.0,543,5,True,0.6197624346510975,0.0820929268342836,0.27075415572276923,0.027390482791849847
ipo,0.99,0.8,10.0,543,6,True,0.5849273146255669,0.03813066602784954,0.34520686326551586,0.031735156081067695
ipo,0.99,0.8,10.0,543,7,True,0.6748764474369043,0.04092721553595247,0.24973216617797683,0.034464170849166274
ipo,0.99,0.8,10.0,543,8,True,0.6810527634456189,0.053032525155755725,0.242836841218061,0.02307787018056427
ipo,0.99,0.8,10.0,543,9,True,0.5897636297458071,0.1381790011027368,0.24923437132749468,0.022822997823961442
ipo,0.99,0.8,10.0,543,10,True,0.7312251625461865,0.12806448578086038,0.13110144754218586,0.009608904130767279
ipo,0.99,0.8,10.0,543,11,True,0.8484509086755203,0.08302929326221882,0.06003782176645883,0.008481976295802116
ipo,0.99,0.8,10.0,543,12,True,0.6253298298679325,0.1295491684623684,0.21951141557224654,0.025609586097452494
ipo,0.99,0.8,10.0,543,13,True,0.6444793433461501,0.13067843962050785,0.18939473767900097,0.03544747935434103
ipo,0.99,0.8,10.0,543,14,True,0.5698990366622837,0.10197789677085049,0.31166958103048237,0.01645348553638343
ipo,0.99,0.8,10.0,543,15,True,0.49717053696574315,0.05427639131423052,0.4294256958600815,0.019127375859944742
ipo,0.99,0.8,10.0,543,16,True,0.5266553145616729,0.04100983465157692,0.42566627936399487,0.006668571422755245
ipo,0.99,0.8,10.0,543,17,True,0.51136901623421,0.05337411282445108,0.4231126052374101,0.012144265703928767
ipo,0.99,0.8,10.0,543,18,True,0.49070911267156975,0.05071999764424446,0.4485444405610472,0.010026449123138733
ipo,0.99,0.8,10.0,543,19,True,0.5634667424587745,0.03464127229686776,0.3941322201519183,0.007759765092439571
ipo,0.99,0.8,10.0,543,20,True,0.6739468729615318,0.0515647749985898,0.2628924555540447,0.011595896485833677
ipo,0.99,0.8,10.0,543,21,True,0.7672340799018211,0.056123665512905256,0.16431352140857183,0.012328733176701754
ipo,0.99,0.8,10.0,543,22,True,0.7778504897948127,0.04114412753581937,0.1725479136530417,0.008457469016326241
ipo,0.99,0.8,10.0,543,23,True,0.7475962038102414,0.06269911750961824,0.18001404447960062,0.009690634200539776
ipo,0.99,0.8,10.0,543,24,True,0.733666405587266,0.029987745413812165,0.22683577828757331,0.009510070711348427
ipo,0.99,0.8,10.0,543,25,True,0.7830778816677839,0.023832368001450915,0.18672527271818803,0.006364477612577048
ipo,0.99,0.8,10.0,543,26,True,0.7772051974727741,0.041513426495067215,0.17546211574689477,0.005819260285264006
ipo,0.99,0.8,10.0,543,27,True,0.7396784622210962,0.04682653157382188,0.20500050781037832,0.008494498394703634
ipo,0.99,0.8,10.0,543,28,True,0.7370112486741983,0.05761454365609989,0.19567033519671304,0.009703872472988892
ipo,0.99,0.8,10.0,543,29,True,0.7527666030762048,0.05142690472164677,0.18737842285849135,0.00842806934365727
ipo,0.99,0.8,10.0,543,30,True,0.7593513693331317,0.045424806634764246,0.1853615713676904,0.009862252664413559
ipo,0.99,0.8,10.0,543,31,True,0.738892603056046,0.024940193728226655,0.23024338797299962,0.005923815242727803
ipo,0.99,0.8,10.0,543,32,True,0.7081210021268745,0.018254504309402182,0.2630595969947612,0.010564896568962232
ipo,0.99,0.8,10.0,543,33,True,0.7477163550356055,0.027990563949126416,0.2150627727000074,0.009230308315260711
ipo,0.99,0.8,10.0,543,34,True,0.7380098876258993,0.024668317361992643,0.2304179243325055,0.006903870679602571
ipo,0.99,0.8,10.0,543,35,True,0.796320948962154,0.015048108568630505,0.18048132445450274,0.008149618014712793
ipo,0.99,0.8,10.0,543,36,True,0.7680616363261007,0.02022968814442429,0.20036084894132178,0.011347826588153257
ipo,0.99,0.8,10.0,543,37,True,0.7687212736390202,0.01607943217775252,0.2044880831742775,0.010711211008949909
ipo,0.99,0.8,10.0,543,38,True,0.8359349462013378,0.011647753100589124,0.14583225816335954,0.006585042534713684
ipo,0.99,0.8,10.0,543,39,True,0.8183298611122575,0.016786026066174818,0.15802199915794216,0.0068621136636256635
ipo,0.99,0.8,10.0,543,40,True,0.8212324261897027,0.0056646418486882835,0.16361644206100687,0.00948648990060201
ipo,0.99,0.8,10.0,543,41,True,0.7115507833717664,0.009460585658370105,0.25972783390338305,0.01926079706648042
ipo,0.99,0.8,10.0,543,42,True,0.6529910554492593,0.0388340642696584,0.29260660346227746,0.015568276818804808
ipo,0.99,0.8,10.0,543,43,True,0.722352573772357,0.024911407946744808,0.2391389106078696,0.013597107673028538
ipo,0.99,0.8,10.0,543,44,True,0.6483951443153433,0.032281693379419,0.30628017913425143,0.01304298317098638
ipo,0.99,0.8,10.0,543,45,True,0.5901181404322283,0.03816968082831361,0.356529328686398,0.01518285005306021
ipo,0.99,0.8,10.0,543,46,True,0.5644924378833744,0.03947907313112325,0.3789822943997387,0.017046194585763567
ipo,0.99,0.8,10.0,543,47,True,0.5655485130129666,0.04049090292305295,0.379691309700585,0.01426927436339545
ipo,0.99,0.8,10.0,543,48,True,0.6200879945792859,0.032353959033448454,0.3371359949209863,0.010422051466279376
ipo,0.99,0.8,10.0,543,49,True,0.5525247960258687,0.035321728473606144,0.39487166448420247,0.017281811016322684
ipo,0.99,0.8,10.0,543,50,True,0.4636236818593296,0.03926459383947054,0.4654382536447643,0.031673470656435526
ipo,0.99,0.8,10.0,543,51,True,0.4434732972805165,0.03366681354457895,0.49473021355772623,0.028129675617178447
ipo,0.99,0.8,10.0,543,52,True,0.37961320687414657,0.04498550639072388,0.5458990713689365,0.029502215366193178
ipo,0.99,0.8,10.0,543,53,True,0.3571708664086284,0.0328350169109175,0.5958166792915026,0.014177437388951494
ipo,0.99,0.8,10.0,543,54,True,0.46807225230980415,0.0286643422294552,0.4886230920040686,0.014640313456672122
ipo,0.99,0.8,10.0,543,55,True,0.4445547483835649,0.017854033799066936,0.5207532602672456,0.016837957550122563
ipo,0.99,0.8,10.0,543,56,True,0.4445248234224707,0.032772312378782795,0.5106466042349439,0.012056259963802557
ipo,0.99,0.8,10.0,543,57,True,0.6029011221568068,0.04266230343409467,0.3435227044159487,0.010913869993149755
ipo,0.99,0.8,10.0,543,58,True,0.6061525456013968,0.03800054226691853,0.34402881892413206,0.011818093207552642
ipo,0.99,0.8,10.0,543,59,True,0.6739050205986323,0.052784320268046796,0.2628761298303196,0.010434529303001424
ipo,0.99,0.8,10.0,543,60,True,0.5546098512502838,0.07389461051229847,0.3608915132395223,0.010604024997895598
ipo,0.99,0.8,10.0,543,61,True,0.39012861979871055,0.09673209296140145,0.4970367560063177,0.016102531233570437
ipo,0.99,0.8,10.0,543,62,True,0.3542520708949555,0.07310404675661011,0.5551439638373176,0.017499918511116923
ipo,0.99,0.8,10.0,543,63,True,0.42388193463468515,0.07689368168602811,0.4765832696037977,0.022641114075488813
ipo,0.99,0.8,10.0,543,64,True,0.44671922670057607,0.07040568544547161,0.4537540309027263,0.029121056951226083
ipo,0.99,0.8,10.0,543,65,True,0.32976624593792364,0.09086015423419076,0.5631467817921405,0.016226818035745025
ipo,0.99,0.8,10.0,543,66,True,0.31168832188834206,0.10040291294182054,0.5688212403626232,0.019087524807214235
ipo,0.99,0.8,10.0,543,67,True,0.36059871415852346,0.10494020848088245,0.5185554654878815,0.01590561187271253
ipo,0.99,0.8,10.0,543,68,True,0.40960230959738725,0.11781233326392355,0.4587328261005278,0.013852531038161394
ipo,0.99,0.8,10.0,543,69,True,0.4182151630723103,0.0951569177077796,0.47389986508447896,0.012728054135430898
ipo,0.99,0.8,10.0,543,70,True,0.44925312552517704,0.08607704203496247,0.4545487792069085,0.010121053232951902
ipo,0.99,0.8,10.0,543,71,True,0.5519717170303807,0.050545393195865804,0.3868465325649292,0.01063635720882415
ipo,0.99,0.8,10.0,543,72,True,0.3667645637321976,0.10105426264462568,0.5212775505452071,0.010903623077969616
ipo,0.99,0.8,10.0,543,73,True,0.4435585248685499,0.01313523749973562,0.5308700447202609,0.012436192911453514
ipo,0.99,0.8,10.0,543,74,True,0.3219620005001822,0.049956482562840424,0.6085945471197918,0.01948696981718552
ipo,0.99,0.8,10.0,543,75,True,0.5203521150559205,0.08297739545221207,0.36898490183052973,0.027685587661337625
ipo,0.99,0.8,10.0,543,76,True,0.4672102095105448,0.1312689187345387,0.37983921084607364,0.021681660908842756
ipo,0.99,0.8,10.0,543,77,True,0.7124635286463183,0.06423053514720116,0.19175695733786685,0.03154897886861374
ipo,0.99,0.8,10.0,543,78,True,0.8699362814548047,0.018483112350343885,0.09684458424193215,0.014736021952919287
ipo,0.99,0.8,10.0,543,79,True,0.6846985773304795,0.04732807675645518,0.22934529545635113,0.03862805045671421
ipo,0.99,0.8,10.0,543,80,True,0.7523026844384711,0.038643892771281045,0.17386775801793736,0.03518566477231039
ipo,0.99,0.8,10.0,543,81,True,0.7277023584617835,0.011049576664541568,0.23258764374258614,0.028660421131088822
ipo,0.99,0.8,10.0,543,82,True,0.9093394825325,0.002494980697219485,0.07945719846473734,0.008708338305543264
ipo,0.99,0.8,10.0,543,83,True,0.9099493940040146,0.0022643669712486525,0.08107869587080799,0.006707543153928737
ipo,0.99,0.8,10.0,543,84,True,0.9169803785146086,0.0017840723255286312,0.07765966996497059,0.0035758791948921668
ipo,0.99,0.8,10.0,543,85,True,0.7162098746247761,0.0058437896262439875,0.2614284794614812,0.01651785628749862
ipo,0.99,0.8,10.0,543,86,True,0.8281070848717013,0.002254419418168275,0.1630639533305484,0.006574542379582337
ipo,0.99,0.8,10.0,543,87,True,0.7495590144433983,0.006587079329043986,0.2322025504049891,0.011651355822568666
ipo,0.99,0.8,10.0,543,88,True,0.8462306592522335,0.0009831235002288822,0.1459084644569511,0.006877752790586487
ipo,0.99,0.8,10.0,543,89,True,0.7484152589150134,0.0009255616680052524,0.2382753011998872,0.012383878217094035
ipo,0.99,0.8,10.0,543,90,True,0.7337040453818003,0.0009509138963776315,0.2515881032623942,0.01375693745942769
ipo,0.99,0.8,10.0,543,91,True,0.7444434104146708,0.0007368787556677632,0.2464522071902725,0.008367503639388941
ipo,0.99,0.8,10.0,543,92,True,0.7497883287732133,0.0006348110955909345,0.2396467438468686,0.009930116284327176
ipo,0.99,0.8,10.0,543,93,True,0.7448243800747432,0.0009283452851784494,0.24370560480281886,0.010541669837259593
ipo,0.99,0.8,10.0,543,94,True,0.7382038988163209,0.0016022478861487885,0.24438658153802031,0.01580727175950993
ipo,0.99,0.8,10.0,543,95,True,0.7352628330613779,0.0026004819189463135,0.24436561631527273,0.017771068704403096
ipo,0.99,0.8,10.0,543,96,True,0.7848711125936874,0.003220142993608867,0.19690217199191623,0.015006572420787545
ipo,0.99,0.8,10.0,543,97,True,0.842432351462316,0.0009560389386091344,0.1475409647002788,0.009070644898796052
ipo,0.99,0.8,10.0,543,98,True,0.8453101972107746,0.0008734570307026618,0.14405172079610848,0.009764624962414148
ipo,0.99,0.8,10.0,543,99,True,0.7949104996073635,0.002912041929817583,0.18515591968209794,0.017021538780720945
ipo,0.0,0.0,0.01,814,0,True,0.35179094826225493,0.16945177146262802,0.21047465186737022,0.26828262840774686
ipo,0.0,0.0,0.01,814,1,True,0.35401497176047514,0.16936133642867807,0.20730330353971893,0.26932038827112786
ipo,0.0,0.0,0.01,814,2,True,0.35824258762732986,0.16897411410946808,0.20223553484953005,0.2705477634136721
ipo,0.0,0.0,0.01,814,3,True,0.3642608026194911,0.16832513653037381,0.19526057440600716,0.272153486444128
ipo,0.0,0.0,0.01,814,4,True,0.3772592769582382,0.16855609895300144,0.17925189716965512,0.27493272691910525
ipo,0.0,0.0,0.01,814,5,True,0.38144861409380304,0.1686892354226737,0.17336547328587654,0.2764966771976467
ipo,0.0,0.0,0.01,814,6,True,0.3904065668709465,0.16766598763385054,0.16250744750602766,0.2794199979891753
ipo,0.0,0.0,0.01,814,7,True,0.4145273885945077,0.16233125778524918,0.14565497078580328,0.27748638283443977
ipo,0.0,0.0,0.01,814,8,True,0.43412163374391466,0.15892651799442203,0.1342221995062587,0.2727296487554046
ipo,0.0,0.0,0.01,814,9,True,0.5062179545614125,0.14250672502962108,0.08813946960783078,0.2631358508011356
ipo,0.0,0.0,0.01,814,10,True,0.5648745975000842,0.12877776028728202,0.05347326878644135,0.25287437342619234
ipo,0.0,0.0,0.01,814,11,True,0.5861753729194604,0.12179386121816112,0.03368907845902157,0.25834168740335695
ipo,0.0,0.0,0.01,814,12,True,0.613992114277429,0.11844802684832166,0.02165541464745025,0.24590444422679902
ipo,0.0,0.0,0.01,814,13,True,0.6449238501411507,0.106730196607876,0.009697485479917736,0.2386484677710555
ipo,0.0,0.0,0.01,814,14,True,0.6363531997859669,0.10167377258426347,0.012286340658970525,0.2496866869707991
ipo,0.0,0.0,0.01,814,15,True,0.7045757119382688,0.08631353475793435,0.006060161316453695,0.20305059198734313
ipo,0.0,0.0,0.01,814,16,True,0.8019891845450073,0.05994006355335695,0.0019343113509794905,0.13613644055065635
ipo,0.0,0.0,0.01,814,17,True,0.6924337767276318,0.08109986967996143,0.008156428213493883,0.21830992537891286
ipo,0.0,0.0,0.01,814,18,True,0.7364800846079859,0.058823324119451376,0.007248455741096307,0.1974481355314666
ipo,0.0,0.0,0.01,814,19,True,0.7402254147432255,0.05207358837958723,0.0057294906176428365,0.2019715062595444
ipo,0.0,0.0,0.01,814,20,True,0.8976455612028955,0.007645752710353118,0.000466393907149696,0.09424229217960155
ipo,0.0,0.0,0.01,814,21,True,0.926057248349566,0.003740492570164502,0.00017358373144994824,0.07002867534881956
ipo,0.0,0.0,0.01,814,22,True,0.8427778654857065,0.013516226390360252,0.0023123536883877974,0.14139355443554558
ipo,0.0,0.0,0.01,814,23,True,0.9061978447994098,0.002545323245564114,0.00011811992629940735,0.09113871202872656
ipo,0.0,0.0,0.01,814,24,True,0.8352524033984626,0.01293278045461309,0.002062312051837713,0.14975250409508667
ipo,0.0,0.0,0.01,814,25,True,0.8394858458798183,0.01048532977775657,0.0018507706431131845,0.1481780536993119
ipo,0.0,0.0,0.01,814,26,True,0.8453477035150531,0.014319511189963975,0.0012512249433734776,0.1390815603516096
ipo,0.0,0.0,0.01,814,27,True,0.8664449953031638,0.014676882369398908,0.0011585985497754561,0.11771952377766205
ipo,0.0,0.0,0.01,814,28,True,0.8898919955897959,0.009847265989050166,0.0011946089007305518,0.0990661295204233
ipo,0.0,0.0,0.01,814,29,True,0.9172874209271396,0.007998334714078428,0.0002959272473853089,0.07441831711139679
ipo,0.0,0.0,0.01,814,30,True,0.9309553762038335,0.008742905706307593,0.00032095803229628103,0.05998076005756238
ipo,0.0,0.0,0.01,814,31,True,0.9056249465264126,0.009232111193306946,0.00024602742981049384,0.0848969148504699
ipo,0.0,0.0,0.01,814,32,True,0.973492025226636,0.0017516831626453093,1.609856286394614e-06,0.02475468175443239
ipo,0.0,0.0,0.01,814,33,True,0.9637883333507804,0.0037291644454097513,1.4771349769782288e-05,0.032467730854040054
ipo,0.0,0.0,0.01,814,34,True,0.9219683388509375,0.012402736494772328,0.00013354285162735788,0.06549538180266294
ipo,0.0,0.0,0.01,814,35,True,0.9851958350901951,0.0026820741687893566,7.592479498799882e-06,0.012114498261516607
ipo,0.0,0.0,0.01,814,36,True,0.9962668352604597,0.00118487837073826,3.974824119927034e-07,0.0025478888863902666
ipo,0.0,0.0,0.01,814,37,True,0.9991158395756566,0.0003485175217097426,4.911950888020262e-08,0.0005355937831247123
ipo,0.0,0.0,0.01,814,38,True,0.9993988521654623,0.00016726790178564203,2.0007396063128216e-08,0.00043385992535570144
ipo,0.0,0.0,0.01,814,39,True,0.9741187508870759,0.004993293524733484,2.9003412515781923e-05,0.020858952175674864
ipo,0.0,0.0,0.01,814,40,True,0.8814241637416442,0.025200188312667498,0.0011971891895937385,0.09217845875609443
ipo,0.0,0.0,0.01,814,41,True,0.9549527916488727,0.008624704111625607,0.0001111436418463791,0.03631136059765519
ipo,0.0,0.0,0.01,814,42,True,0.9939392986941893,0.0005944023316327081,2.7683916202607603e-07,0.0054660221350157885
ipo,0.0,0.0,0.01,814,43,True,0.9300977717686528,0.012858945429955273,0.0007484803795855835,0.056294802421806255
ipo,0.0,0.0,0.01,814,44,True,0.8517759512229477,0.01968280474891758,0.0036552030628105034,0.12488604096532406
ipo,0.0,0.0,0.01,814,45,True,0.9322482731598688,0.016229294581542594,0.0005467262366545734,0.05097570602193397
ipo,0.0,0.0,0.01,814,46,True,0.9305613590651994,0.013748699886664615,0.00024028471793093988,0.05544965633020503
ipo,0.0,0.0,0.01,814,47,True,0.9905795379118942,0.0013666365711417251,2.8749792092731773e-06,0.008050950537754842
ipo,0.0,0.0,0.01,814,48,True,0.9896039952090222,0.001419677677634126,3.6879108678474285e-06,0.008972639202475844
ipo,0.0,0.0,0.01,814,49,True,0.9836366021315588,0.0033983423617196893,3.9256049158724805e-05,0.012925799457562878
ipo,0.0,0.0,0.01,439,0,True,0.3101642700999805,0.23458199501399768,0.2882591417138307,0.1669945931721911
ipo,0.0,0.0,0.01,439,1,True,0.3128047912619446,0.23382283211718513,0.29156612555726036,0.16180625106360982
ipo,0.0,0.0,0.01,439,2,True,0.3175384570685534,0.23208933753441596,0.29771772636016397,0.15265447903686666
ipo,0.0,0.0,0.01,439,3,True,0.32515328028735596,0.22413003353972782,0.3108700029347884,0.1398466832381278
ipo,0.0,0.0,0.01,439,4,True,0.3287816840879478,0.21794901162457794,0.325268751661362,0.1280005526261123
ipo,0.0,0.0,0.01,439,5,True,0.33130044379969376,0.21432183215215467,0.32936490631938076,0.12501281772877088
ipo,0.0,0.0,0.01,439,6,True,0.3366136902091375,0.20677500411338695,0.339253784102469,0.11735752157500653
ipo,0.0,0.0,0.01,439,7,True,0.34850653372171964,0.18563347510579148,0.3663032952003604,0.09955669597212849
ipo,0.0,0.0,0.01,439,8,True,0.35707138373236824,0.17884678082175803,0.3764066561329927,0.08767517931288105
ipo,0.0,0.0,0.01,439,9,True,0.3629064133905027,0.15854207042935667,0.42056789300224645,0.05798362317789413
ipo,0.0,0.0,0.01,439,10,True,0.370747204820485,0.12130802132264241,0.4741928956368854,0.03375187821998733
ipo,0.0,0.0,0.01,439,11,True,0.34074901167002636,0.060854752612216075,0.5876126927776917,0.010783542940065907
ipo,0.0,0.0,0.01,439,12,True,0.31739330315081804,0.029870174039793064,0.6487097945143291,0.004026728295059853
ipo,0.0,0.0,0.01,439,13,True,0.3013851357024591,0.007143490107281455,0.6898774460986029,0.0015939280916564354
ipo,0.0,0.0,0.01,439,14,True,0.316345900733176,0.00432264501765004,0.677598539204359,0.0017329150448149881
ipo,0.0,0.0,0.01,439,15,True,0.30856536163517534,0.0010956071561049577,0.6899514205150651,0.00038761069365462976
ipo,0.0,0.0,0.01,439,16,True,0.34325710796480835,0.00022722086800713168,0.656496427682774,1.924348441039938e-05
ipo,0.0,0.0,0.01,439,17,True,0.33772360393506845,0.0035107214972077668,0.6586528226101166,0.00011285195760707516
ipo,0.0,0.0,0.01,439,18,True,0.35297558724735484,0.0027805504080212753,0.644169182019249,7.468032537481383e-05
ipo,0.0,0.0,0.01,439,19,True,0.462614498436744,0.0007346078867796685,0.5366422065964322,8.687080044171352e-06
ipo,0.0,0.0,0.01,439,20,True,0.3683704030845659,8.626890679106164e-05,0.6315337989661369,9.529042506051049e-06
ipo,0.0,0.0,0.01,439,21,True,0.26892602174161356,5.6454872864373125e-05,0.7310167181000102,8.05285511840233e-07
ipo,0.0,0.0,0.01,439,22,True,0.339710391126713,0.0003428905303779642,0.6599446473332575,2.0710096517009254e-06
ipo,0.0,0.0,0.01,439,23,True,0.27512218461518684,2.7281821074152413e-05,0.7248504130093678,1.20554371224639e-07
ipo,0.0,0.0,0.01,439,24,True,0.35925618428944606,0.0002982824982733141,0.6404433937789008,2.13943337992464e-06
ipo,0.0,0.0,0.01,439,25,True,0.3188809915931448,0.0007425374039171273,0.6803657124802888,1.0758522649276765e-05
ipo,0.0,0.0,0.01,439,26,True,0.32413142098031716,0.000319586934683576,0.6755478922564175,1.0998285816997492e-06
ipo,0.0,0.0,0.01,439,27,True,0.3007020885788085,0.00014449578169080095,0.699153302936551,1.1270294969192556e-07
ipo,0.0,0.0,0.01,439,28,True,0.3539601544182226,7.315384048854192e-05,0.6459659856850403,7.060562486457194e-07
ipo,0.0,0.0,0.01,439,29,True,0.22541483951916672,7.846540349161697e-06,0.7745772803345389,3.360594526673045e-08
ipo,0.0,0.0,0.01,439,30,True,0.2704791913488995,3.7451079725992708e-06,0.7295169980902326,6.54528951999141e-08
ipo,0.0,0.0,0.01,439,31,True,0.3276653460381211,8.745139672582733e-06,0.6723256363590608,2.7246314548570613e-07
ipo,0.0,0.0,0.01,439,32,True,0.08632345940950832,1.6952271924481662e-07,0.913676341609141,2.945863142761445e-08
ipo,0.0,0.0,0.01,439,33,True,0.12085295982296375,2.216833613534518e-06,0.8791447839899132,3.935350945476359e-08
ipo,0.0,0.0,0.01,439,34,True,0.22815519358034886,5.72035776624107e-06,0.7718390709680462,1.509383872299392e-08
ipo,0.0,0.0,0.01,439,35,True,0.1441480172274953,5.775333178823832e-06,0.8558461845630309,2.287629512462056e-08
ipo,0.0,0.0,0.01,439,36,True,0.07807807745228097,1.0981089872921186e-06,0.9219207994082369,2.503049488625692e-08
ipo,0.0,0.0,0.01,439,37,True,0.13477503664006996,6.118777197195498e-06,0.8652184281947188,4.1638801385791184e-07
ipo,0.0,0.0,0.01,439,38,True,0.1602648227533516,7.0521523505887524e-06,0.839727629955488,4.951388098359319e-07
ipo,0.0,0.0,0.01,439,39,True,0.27202314342897543,5.148175745735623e-06,0.7279716817989629,2.6596315915451077e-08
ipo,0.0,0.0,0.01,439,40,True,0.2893562046057766,5.236436224016857e-05,0.7105902559343339,1.1750976494135387e-06
ipo,0.0,0.0,0.01,439,41,True,0.2598241391062653,5.748910123424082e-06,0.7401700921992741,1.9784337158917584e-08
ipo,0.0,0.0,0.01,439,42,True,0.012821213954996928,2.3652922902314792e-08,0.9871787617417422,6.503378364379468e-10
ipo,0.0,0.0,0.01,439,43,True,0.19314655972272474,4.240334071160133e-06,0.806849193262173,6.681031123823807e-09
ipo,0.0,0.0,0.01,439,44,True,0.23507686816469134,0.00013310061396686754,0.7647890615224358,9.696989060684827e-07
ipo,0.0,0.0,0.01,439,45,True,0.19559019150971668,1.985516926631314e-05,0.8043899070868223,4.6234194668316617e-08
ipo,0.0,0.0,0.01,439,46,True,0.19929783084014052,5.086210372778425e-05,0.8006511573388988,1.4971723292967217e-07
ipo,0.0,0.0,0.01,439,47,True,0.043365767274509595,7.242820695582863e-07,0.9566335065911157,1.8523051960841885e-09
ipo,0.0,0.0,0.01,439,48,True,0.03410041530893518,3.048500819965563e-07,0.9658992796105234,2.3045955952764053e-10
ipo,0.0,0.0,0.01,439,49,True,0.08388996907123808,4.9673491478303264e-06,0.9161050561115068,7.468107394051859e-09
ipo,0.0,0.0,0.01,543,0,True,0.3020147282632628,0.19898699227669764,0.3063217259190489,0.1926765535409907
ipo,0.0,0.0,0.01,543,1,True,0.30994307405419064,0.18831152379391627,0.3100944503999267,0.19165095175196636
ipo,0.0,0.0,0.01,543,2,True,0.3198784872905839,0.17480886020128136,0.31731169502033146,0.18800095748780338
ipo,0.0,0.0,0.01,543,3,True,0.34493148647841204,0.14633871966761033,0.33358527898466517,0.1751445148693124
ipo,0.0,0.0,0.01,543,4,True,0.39141211306500334,0.1073724864852702,0.3471107228346527,0.15410467761507365
ipo,0.0,0.0,0.01,543,5,True,0.40549914894657646,0.09942037335872562,0.34785943030940036,0.14722104738529745
ipo,0.0,0.0,0.01,543,6,True,0.42310239912392866,0.0893826621828952,0.354898906343535,0.13261603234964114
ipo,0.0,0.0,0.01,543,7,True,0.44976654903805696,0.07777700762828242,0.374328935753208,0.09812750758045272
ipo,0.0,0.0,0.01,543,8,True,0.46628955269616806,0.07604537764463845,0.3820639675396574,0.07560110211953609
ipo,0.0,0.0,0.01,543,9,True,0.5404911332596735,0.06524963287464472,0.33790056632915433,0.05635866753652746
ipo,0.0,0.0,0.01,543,10,True,0.5666115569200546,0.055938020255725966,0.33179514128793397,0.045655281536285355
ipo,0.0,0.0,0.01,543,11,True,0.5954097713345224,0.04484949639654324,0.32562103466627446,0.03411969760265984
ipo,0.0,0.0,0.01,543,12,True,0.7351798519877977,0.038284190904709664,0.2045511959022361,0.021984761205256494
ipo,0.0,0.0,0.01,543,13,True,0.8918213146503303,0.02719495335353456,0.07597278375129506,0.005010948244840171
ipo,0.0,0.0,0.01,543,14,True,0.9486833125456556,0.020116882973434856,0.027176174757845326,0.004023629723064223
ipo,0.0,0.0,0.01,543,15,True,0.9484685756418465,0.01594126703935743,0.02776007002758779,0.00783008729120843
ipo,0.0,0.0,0.01,543,16,True,0.934493475387074,0.01126877802510574,0.049720180399375355,0.0045175661884450475
ipo,0.0,0.0,0.01,543,17,True,0.9366960135753283,0.00977530008260629,0.04609203020116203,0.0074366561409034936
ipo,0.0,0.0,0.01,543,18,True,0.9722821655840054,0.003896640634402436,0.017192784777762767,0.006628409003829447
ipo,0.0,0.0,0.01,543,19,True,0.9866455130669359,0.0014154334637090276,0.01148665376174056,0.0004523997076144961
ipo,0.0,0.0,0.01,543,20,True,0.9921731491890142,0.00016736095993161214,0.007575335475481125,8.415437557314395e-05
ipo,0.0,0.0,0.01,543,21,True,0.9969439034954648,3.963201622191927e-05,0.003004187062430444,1.2277425882544006e-05
ipo,0.0,0.0,0.01,543,22,True,0.9961681684758313,2.341364469763449e-06,0.0038244554349044584,5.034724794395897e-06
ipo,0.0,0.0,0.01,543,23,True,0.9999398324583124,1.1996630918570883e-10,6.014151621178372e-05,2.5905509487137614e-08
ipo,0.0,0.0,0.01,543,24,True,0.9979796651870383,1.8049508572429284e-08,0.0020190112281123717,1.3055353408396933e-06
ipo,0.0,0.0,0.01,543,25,True,0.9947767343191022,4.862772246317382e-07,0.00522010921641706,2.6701872561516784e-06
ipo,0.0,0.0,0.01,543,26,True,0.9976212960854272,1.375530002802892e-07,0.00237812233504859,4.440265240153485e-07
ipo,0.0,0.0,0.01,543,27,True,0.9993486565877375,8.604641623448802e-09,0.0006512681761645291,6.663145619746691e-08
ipo,0.0,0.0,0.01,543,28,True,0.9997467986521891,9.287994911442255e-10,0.0002531563607621683,4.4058249185712146e-08
ipo,0.0,0.0,0.01,543,29,True,0.9999816546449752,1.4106388366367406e-11,1.8342893282731376e-05,2.4476355854668307e-09
ipo,0.0,0.0,0.01,543,30,True,0.9999942262232773,9.107883363094643e-12,5.771920019446577e-06,1.8475954984735026e-09
ipo,0.0,0.0,0.01,543,31,True,0.9999892161838478,6.6634364306238775e-12,1.0783312217551192e-05,4.972710909679803e-10
ipo,0.0,0.0,0.01,543,32,True,0.9999999797061911,3.2290436268763665e-11,2.0176444632087707e-08,8.50739684929574e-11
ipo,0.0,0.0,0.01,543,33,True,0.9999989724887015,1.3946448700659476e-09,1.0188092368181452e-06,7.30741663235993e-09
ipo,0.0,0.0,0.01,543,34,True,0.9999830351457095,2.451326118382064e-12,1.6964426503286165e-05,4.253358750026595e-10
ipo,0.0,0.0,0.01,543,35,True,0.999999417305302,2.2766961777648427e-10,5.805002630325028e-07,1.9667653800929845e-09
ipo,0.0,0.0,0.01,543,36,True,0.9999997820229887,3.8727920697533026e-10,2.1355419025127964e-07,4.035542006493112e-09
ipo,0.0,0.0,0.01,543,37,True,0.9999851962038202,1.9444046682443978e-07,1.4064033938100095e-05,5.453217748682849e-07
ipo,0.0,0.0,0.01,543,38,True,0.9999850710737381,3.124942287177621e-08,1.4738979174868239e-05,1.5869766401291895e-07
ipo,0.0,0.0,0.01,543,39,True,0.9999203078658778,4.67110768232164e-10,7.967300833722262e-05,1.865867418352133e-08
ipo,0.0,0.0,0.01,543,40,True,0.997324321464971,2.6394922586321143e-09,0.002672998870027939,2.677025508893376e-06
ipo,0.0,0.0,0.01,543,41,True,0.9999512893440355,3.2221051011999223e-12,4.8704642112055116e-05,6.010630341160565e-09
ipo,0.0,0.0,0.01,543,42,True,0.9999999983729795,4.5087552349589875e-12,1.6052280525738726e-09,1.7283825367353364e-11
ipo,0.0,0.0,0.01,543,43,True,0.9997388088439085,4.650663467742008e-12,0.0002611903188770471,8.325638292240785e-10
ipo,0.0,0.0,0.01,543,44,True,0.9981895710613149,6.798936937230355e-09,0.0018102106310197055,2.115087285131692e-07
ipo,0.0,0.0,0.01,543,45,True,0.9990745992121458,2.1704295574515287e-10,0.000925384871921235,1.5698889976341644e-08
ipo,0.0,0.0,0.01,543,46,True,0.9987055992506764,3.0358552809648864e-10,0.0012943679930556029,3.245268225218792e-08
ipo,0.0,0.0,0.01,543,47,True,0.999998096228827,4.4830746604508625e-11,1.9033845702174077e-06,3.417721244325985e-10
ipo,0.0,0.0,0.01,543,48,True,0.9999988982301729,1.0483158469434697e-11,1.1015953598078763e-06,1.6398418892097646e-10
ipo,0.0,0.0,0.01,543,49,True,0.9995269275196936,1.1248193742503296e-07,0.0004728543313676176,1.0566700134764394e-07
dpo,0.1,0.1,0.01,814,0,True,0.35167961155749644,0.16948087658203284,0.21051080309684048,0.26832870876363013
dpo,0.1,0.1,0.01,814,1,True,0.3526098153346178,0.16934933781509237,0.20952735300310596,0.26851349384718387
dpo,0.1,0.1,0.01,814,2,True,0.35489259901932074,0.16887172861853297,0.2069059670254207,0.2693297053367256
dpo,0.1,0.1,0.01,814,3,True,0.35726051272859827,0.1686755356157566,0.20425785932333798,0.2698060923323071
dpo,0.1,0.1,0.01,814,4,True,0.35896958407211843,0.1689041528041596,0.20195448462348392,0.27017177850023805
dpo,0.1,0.1,0.01,814,5,True,0.36252307968207725,0.1684243315241468,0.1980651373000309,0.27098745149374515
dpo,0.1,0.1,0.01,814,6,True,0.3681170016520525,0.1681252808198809,0.19219269396773592,0.2715650235603306
dpo,0.1,0.1,0.01,814,7,True,0.3763446477974725,0.16765555217776437,0.18413360164694195,0.27186619837782106
dpo,0.1,0.1,0.01,814,8,True,0.38392468196831653,0.16747876194906733,0.1756877218452023,0.27290883423741386
dpo,0.1,0.1,0.01,814,9,True,0.39040321042521237,0.16807438351468015,0.1679103284925583,0.27361207756754913
dpo,0.1,0.1,0.01,814,10,True,0.3960614790978704,0.1675392893346732,0.16365824587735114,0.2727409856901053
dpo,0.1,0.1,0.01,814,11,True,0.4047034946856769,0.16714761486648755,0.15763521428268135,0.27051367616515415
dpo,0.1,0.1,0.01,814,12,True,0.4176625838416613,0.1654869998308655,0.14718718452603885,0.26966323180143453
dpo,0.1,0.1,0.01,814,13,True,0.4355005218171802,0.1633715810136209,0.13491176801301621,0.26621612915618276
dpo,0.1,0.1,0.01,814,14,True,0.44693857286162975,0.16100333362722197,0.12686757431658582,0.26519051919456255
dpo,0.1,0.1,0.01,814,15,True,0.4705865427709661,0.15480456861510372,0.11281589291069334,0.2617929957032368
dpo,0.1,0.1,0.01,814,16,True,0.5015816251833446,0.14696982502049316,0.09676240528961733,0.2546861445065449
dpo,0.1,0.1,0.01,814,17,True,0.5515427724735653,0.1405455860894438,0.0727718181770094,0.2351398232599813
dpo,0.1,0.1,0.01,814,18,True,0.5980495422025398,0.13462089723573537,0.05220597931074801,0.2151235812509769
dpo,0.1,0.1,0.01,814,19,True,0.6397724876547799,0.11857738081423053,0.037166562521404455,0.20448356900958523
dpo,0.1,0.1,0.01,814,20,True,0.6498700962531986,0.115721512862642,0.033284532630149896,0.20112385825400964
dpo,0.1,0.1,0.01,814,21,True,0.6722110745407069,0.1035914919815973,0.024129229615871647,0.20006820386182414
dpo,0.1,0.1,0.01,814,22,True,0.688061317729211,0.08713613872733574,0.02061595846330292,0.20418658508015036
dpo,0.1,0.1,0.01,814,23,True,0.688977961586305,0.08742280360263195,0.01592087528972857,0.2076783595213346
dpo,0.1,0.1,0.01,814,24,True,0.7201273171305042,0.07501658899855551,0.011414640384580194,0.19344145348636002
dpo,0.1,0.1,0.01,814,25,True,0.71977381050516,0.08123095433747712,0.010127607751938562,0.18886762740542426
dpo,0.1,0.1,0.01,814,26,True,0.7428941008946258,0.07442353745737151,0.006229546302327346,0.17645281534567545
dpo,0.1,0.1,0.01,814,27,True,0.8335330817693879,0.045046921277115966,0.002737166856793209,0.11868283009670304
dpo,0.1,0.1,0.01,814,28,True,0.8541536252444417,0.0348443958544391,0.0024085317191118276,0.10859344718200732
dpo,0.1,0.1,0.01,814,29,True,0.8625242386819791,0.03464036086879384,0.0014186518245956022,0.10141674862463144
dpo,0.1,0.1,0.01,814,30,True,0.9408297456085972,0.006591788409381528,0.0001188610273166784,0.05245960495470438
dpo,0.1,0.1,0.01,814,31,True,0.9401657624366543,0.006664783385051552,0.0001289313679925344,0.053040522810301485
dpo,0.1,0.1,0.01,814,32,True,0.979178487714086,0.0023801956549590916,9.880498552367692e-06,0.018431436132402387
dpo,0.1,0.1,0.01,814,33,True,0.9702638384308375,0.003739583654467968,3.8722354226992986e-05,0.0259578555604676
dpo,0.1,0.1,0.01,814,34,True,0.9924905940914418,0.0013962796205420984,3.9443203477114736e-07,0.006112731855981246
dpo,0.1,0.1,0.01,814,35,True,0.993097719780916,0.0010423252845051544,7.344721851549814e-07,0.005859220462393581
dpo,0.1,0.1,0.01,814,36,True,0.992415920885102,0.0009746869314449051,4.5042163126687617e-07,0.006608941761822005
dpo,0.1,0.1,0.01,814,37,True,0.9985965939484321,0.00016844447431807038,1.816408945713164e-09,0.0012349597608407792
dpo,0.1,0.1,0.01,814,38,True,0.999573410940782,4.364206059526232e-05,8.306778289156592e-11,0.0003829469155548417
dpo,0.1,0.1,0.01,814,39,True,0.9987354728267974,0.00014867240044173189,6.44062451365162e-09,0.001115848332136324
dpo,0.1,0.1,0.01,814,40,True,0.9945926248213729,0.000906951077648139,1.2415225757013201e-06,0.0044991825784032324
dpo,0.1,0.1,0.01,814,41,True,0.9738063400357426,0.004353831248887013,7.204197846281192e-05,0.021767786736907397
dpo,0.1,0.1,0.01,814,42,True,0.9934970250565685,0.001248001619447128,6.902501896353911e-07,0.00525428307379474
dpo,0.1,0.1,0.01,814,43,True,0.9969525703051588,0.00029056679336854336,4.192317406653524e-08,0.0027568209782985113
dpo,0.1,0.1,0.01,814,44,True,0.9898542205676364,0.0017128911611373242,1.742486226748458e-06,0.008431145784999695
dpo,0.1,0.1,0.01,814,45,True,0.9980477687176748,0.00012807536997968,6.797971083428722e-09,0.0018241491143746321
dpo,0.1,0.1,0.01,814,46,True,0.9801393903577705,0.0020458631866715044,2.5699529095096395e-06,0.017812176502648314
dpo,0.1,0.1,0.01,814,47,True,0.9993035993039097,3.1605669139874426e-06,2.1663676686774984e-11,0.0006932401075128023
dpo,0.1,0.1,0.01,814,48,True,0.9997100095575256,3.1372465661504927e-06,1.3456753290657332e-11,0.00028685318245161783
dpo,0.1,0.1,0.01,814,49,True,0.9989135855108243,7.02403935960167e-05,1.4373538685789267e-09,0.0010161726582258804
dpo,0.1,0.1,0.01,814,50,True,0.9998121795733045,3.4263228369156424e-05,6.222975601408893e-11,0.00015355713609654546
dpo,0.1,0.1,0.01,814,51,True,0.9999904352776028,3.4125543468126895e-07,6.964403883492114e-17,9.223466962557975e-06
dpo,0.1,0.1,0.01,814,52,True,0.9999962229389693,1.6536860746182125e-06,5.1167660971422445e-15,2.123374951032366e-06
dpo,0.1,0.1,0.01,814,53,True,0.9998147539716074,3.16883876878165e-05,1.0921690431393793e-10,0.00015355753148803863
dpo,0.1,0.1,0.01,814,54,True,0.9712860865484066,0.005866428733354841,5.025381315366613e-06,0.022842459336923093
dpo,0.1,0.1,0.01,814,55,True,0.9337043403531389,0.018708979317734666,0.0001834163793033959,0.0474032639498232
dpo,0.1,0.1,0.01,814,56,True,0.9600706442816171,0.01005845042540975,7.560658620691489e-05,0.029795298706766067
dpo,0.1,0.1,0.01,814,57,True,0.9286395804375234,0.018826834110572933,0.000551029572016771,0.05198255587988702
dpo,0.1,0.1,0.01,814,58,True,0.9274934615871743,0.018154019476540384,0.00015462800643782006,0.05419789092984771
dpo,0.1,0.1,0.01,814,59,True,0.9780896666789369,0.008696712664087851,5.591459171323047e-05,0.013157706065262044
dpo,0.1,0.1,0.01,814,60,True,0.9885753457742552,0.00324629667505484,1.7168608704475573e-05,0.0081611889419855
dpo,0.1,0.1,0.01,814,61,True,0.999875369833754,7.00339181735108e-05,5.3777757322477214e-08,5.4542470315088904e-05
dpo,0.1,0.1,0.01,814,62,True,0.9998787172547628,6.253345964827262e-05,4.536732534330211e-09,5.874474885650668e-05
dpo,0.1,0.1,0.01,814,63,True,0.977859614852985,0.00515141980327475,9.811008314269264e-05,0.016890855260597377
dpo,0.1,0.1,0.01,814,64,True,0.9956369050299628,0.0011123864227497245,6.666369553503715e-06,0.0032440421777338354
dpo,0.1,0.1,0.01,814,65,True,0.9819384322183953,0.004424622039783658,8.150384785278035e-06,0.013628795357035692
dpo,0.1,0.1,0.01,814,66,True,0.9588083169790093,0.007642004416012392,9.397019954292508e-05,0.033455708405435304
dpo,0.1,0.1,0.01,814,67,True,0.9953875109833995,0.0007152314156618667,4.277275500474802e-07,0.003896829873388501
dpo,0.1,0.1,0.01,814,68,True,0.9739608766649338,0.007523939610375206,0.00046619088006155635,0.018048992844629515
dpo,0.1,0.1,0.01,814,69,True,0.9907097135503771,0.002235962018223441,3.75017253271317e-06,0.007050574258866999
dpo,0.1,0.1,0.01,814,70,True,0.8856069054323672,0.03048188442352154,0.006072991418314206,0.07783821872579715
dpo,0.1,0.1,0.01,814,71,True,0.998912124046384,7.565177020118774e-05,1.4687857306010938e-08,0.0010122094955576485
dpo,0.1,0.1,0.01,814,72,True,0.999999085740671,1.0045251303065207e-09,2.8702538652510393e-15,9.132548009781639e-07
dpo,0.1,0.1,0.01,814,73,True,0.9979197422474474,7.706722812558183e-05,1.1652938878557062e-08,0.0020031788714883147
dpo,0.1,0.1,0.01,814,74,True,0.9999811051058429,6.947551225851078e-07,1.2817030749330283e-12,1.8200137752842504e-05
dpo,0.1,0.1,0.01,814,75,True,0.9995289970323483,4.2132553915808494e-05,9.269236122702932e-09,0.0004288611444996937
dpo,0.1,0.1,0.01,814,76,True,0.9986694682950338,0.0001332602709420648,2.200400156868592e-07,0.0011970513940087184
dpo,0.1,0.1,0.01,814,77,True,0.9929995536619577,0.00317286975724087,3.0148698162249503e-05,0.003797427882638928
dpo,0.1,0.1,0.01,814,78,True,0.9780195456979084,0.014908565375664068,0.0001116266626663972,0.006960262263761312
dpo,0.1,0.1,0.01,814,79,True,0.9899070782717889,0.004729696702675206,3.776523424201833e-06,0.005359448502111678
dpo,0.1,0.1,0.01,814,80,True,0.9697603619655136,0.008068652496545427,6.609243354174182e-05,0.0221048931043993
dpo,0.1,0.1,0.01,814,81,True,0.9695036234741049,0.006112757386544273,1.7576639884248868e-05,0.024366042499466455
dpo,0.1,0.1,0.01,814,82,True,0.9748681131259261,0.012081522184989603,0.00028973413373071236,0.012760630555353415
dpo,0.1,0.1,0.01,814,83,True,0.9795254215480586,0.0012945484416596424,7.578325156451521e-06,0.01917245168512548
dpo,0.1,0.1,0.01,814,84,True,0.9917575061758791,0.00011231376267152044,6.436091249191418e-06,0.008123743970200348
dpo,0.1,0.1,0.01,814,85,True,0.9770271664304923,0.0005196768814475271,7.952765554034761e-06,0.02244520392250623
dpo,0.1,0.1,0.01,814,86,True,0.9638148405862615,0.017447222241014457,1.9800075108729122e-05,0.018718137097615193
dpo,0.1,0.1,0.01,814,87,True,0.9654247971985221,0.0063048438864215725,1.4008979092934072e-05,0.028256349935963324
dpo,0.1,0.1,0.01,814,88,True,0.9771571018892394,0.0024699025326898527,1.3372280812757289e-05,0.020359623297258114
dpo,0.1,0.1,0.01,814,89,True,0.9274925555032187,0.007109209228700612,2.316363974831303e-05,0.06537507162833237
dpo,0.1,0.1,0.01,814,90,True,0.914447981254524,0.008689110578524162,2.03919122320071e-05,0.07684251625471968
dpo,0.1,0.1,0.01,814,91,True,0.9694545805158132,0.013481831985597761,0.0006738479750791538,0.016389739523509823
dpo,0.1,0.1,0.01,814,92,True,0.9714215236664071,0.009523481512397885,0.00011529029661509882,0.018939704524579905
dpo,0.1,0.1,0.01,814,93,True,0.9272968428071774,0.007079998763684175,6.0649664586464975e-06,0.06561709346267991
dpo,0.1,0.1,0.01,814,94,True,0.9977551349179322,0.00028075486425395706,3.6727742075535857e-10,0.0019641098505364116
dpo,0.1,0.1,0.01,814,95,True,0.9773027919854895,0.0026502136891875393,2.9256106822439476e-08,0.020046965069216056
dpo,0.1,0.1,0.01,814,96,True,0.9605433307470583,0.00619988252251277,1.363985082628172e-06,0.03325542274534615
dpo,0.1,0.1,0.01,814,97,True,0.966651021176897,0.0038140106220346673,5.50288039956337e-07,0.029534417913028438
dpo,0.1,0.1,0.01,814,98,True,0.9725316500786413,0.003777722708572171,4.885818093559054e-07,0.023690138630977072
dpo,0.1,0.1,0.01,814,99,True,0.940867061649807,0.006049204985904129,3.6459597441716453e-06,0.0530800874045446
dpo,0.1,0.1,0.01,814,100,True,0.9655836691926979,0.029158100284941046,5.0852309330290136e-05,0.005207378213030803
dpo,0.1,0.1,0.01,814,101,True,0.9376147850091446,0.0015005612243417135,1.0328732344418983e-06,0.06088362089327934
dpo,0.1,0.1,0.01,814,102,True,0.9501286048109389,0.0012556973792373434,2.615535798764219e-07,0.04861543625624392
dpo,0.1,0.1,0.01,814,103,True,0.9655093623278015,0.0005360981862909972,7.811932876874507e-07,0.03395375829261977
dpo,0.1,0.1,0.01,814,104,True,0.9503349461098126,0.00046385396695028044,2.0179250414863065e-06,0.0491991819981956
dpo,0.1,0.1,0.01,814,105,True,0.8897472998236196,0.004368987284733836,3.284046744871115e-05,0.10585087242419797
dpo,0.1,0.1,0.01,814,106,True,0.9998344572729017,2.7153985862257894e-06,2.529518892298453e-10,0.00016282707555994916
dpo,0.1,0.1,0.01,814,107,True,0.9445957286044208,0.006644077029596506,4.878478905239196e-05,0.04871140957693013
dpo,0.1,0.1,0.01,814,108,True,0.9985485352618478,1.3348470230847719e-05,1.4394227437294193e-10,0.001438116123979065
dpo,0.1,0.1,0.01,814,109,True,0.9999999799784565,2.113211008953242e-12,1.1993920516952812e-25,2.001943029972262e-08
dpo,0.1,0.1,0.01,814,110,True,0.999939450031292,1.5717171631554649e-06,1.124276150867281e-13,5.8978251432602254e-05
dpo,0.1,0.1,0.01,814,111,True,0.9304586208842899,0.0008001819460017805,9.611536870750908e-06,0.06873158563283746
dpo,0.1,0.1,0.01,814,112,True,0.9478451057254463,0.000526290124043035,2.11748195846531e-06,0.0516264866685522
dpo,0.1,0.1,0.01,814,113,True,0.8544202769816179,0.0027622572794650194,2.9510347935985392e-05,0.14278795539098102
dpo,0.1,0.1,0.01,814,114,True,0.8805550683907225,0.003006765656047868,2.8570372295279673e-05,0.11640959558093456
dpo,0.1,0.1,0.01,814,115,True,0.8773553171199477,0.0010850212379742894,6.7613991260797665e-06,0.12155290024295186
dpo,0.1,0.1,0.01,814,116,True,0.8597578607424301,0.0020655587942035518,9.17966915573619e-07,0.13817566249645066
dpo,0.1,0.1,0.01,814,117,True,0.9373799257508266,0.0012731907744476213,1.116522505658749e-06,0.06134576695222018
dpo,0.1,0.1,0.01,814,118,True,0.894749020908607,0.0008550616181615162,8.853926512593717e-06,0.10438706354671877
dpo,0.1,0.1,0.01,814,119,True,0.7336606179557189,0.04510459149583578,8.77552620835198e-05,0.22114703528636193
dpo,0.1,0.1,0.01,814,120,True,0.9135801723851309,0.020905815752573505,0.00010550097187062863,0.06540851089042503
dpo,0.1,0.1,0.01,814,121,True,0.9257462599544305,0.013624234830851253,4.509033665753032e-05,0.06058441487806083
dpo,0.1,0.1,0.01,814,122,True,0.8846392118263988,0.0565530927516492,0.002475082284263701,0.056332613137688343
dpo,0.1,0.1,0.01,814,123,True,0.9122311246836866,0.015695803508226164,6.120774067499554e-05,0.07201186406741218
dpo,0.1,0.1,0.01,814,124,True,0.9721849687185178,0.005964326159140204,3.4106530027837824e-05,0.021816598592314437
dpo,0.1,0.1,0.01,814,125,True,0.9641379787336741,0.0037451181523650693,1.5791288777905026e-05,0.03210111182518294
dpo,0.1,0.1,0.01,814,126,True,0.88974469571044,0.008421418759577012,3.839428390236459e-05,0.10179549124608075
dpo,0.1,0.1,0.01,814,127,True,0.8509384425283834,0.005688959066280242,5.117980749975206e-05,0.14332141859783656
dpo,0.1,0.1,0.01,814,128,True,0.8391923950306367,0.002460608666818102,5.027656298349257e-05,0.15829671973956158
dpo,0.1,0.1,0.01,814,129,True,0.8379546378734871,0.0008197765036496287,4.482570497244153e-05,0.16118075991789063
dpo,0.1,0.1,0.01,814,130,True,0.8465762013234787,0.0010029232311369357,4.406537143583684e-05,0.1523768100739484
dpo,0.1,0.1,0.01,814,131,True,0.8150994261867113,0.007897856164961158,3.5173189487439e-05,0.17696754445884008
dpo,0.1,0.1,0.01,814,132,True,0.8473672186709322,0.015339257667903549,4.111182042883098e-05,0.13725241184073542
dpo,0.1,0.1,0.01,814,133,True,0.8211650387620347,0.008670642211485759,4.409948656495763e-05,0.1701202195399146
dpo,0.1,0.1,0.01,814,134,True,0.8734567026577217,0.0006866167935173026,2.331189719954904e-05,0.12583336865156144
dpo,0.1,0.1,0.01,814,135,True,0.8581732785864926,0.020986272541837617,7.278874302538285e-05,0.12076766012864433
dpo,0.1,0.1,0.01,814,136,True,0.836196662630602,0.026154469084470226,7.28908310519577e-05,0.1375759774538758
dpo,0.1,0.1,0.01,814,137,True,0.9317261597333232,0.010032089963294761,5.827112749523446e-05,0.05818347917588685
dpo,0.1,0.1,0.01,814,138,True,0.7893885123912852,0.02587532626531581,0.000146814537383554,0.18458934680601544
dpo,0.1,0.1,0.01,814,139,True,0.9380390425246027,0.009071337308392517,0.0008911943017831634,0.05199842586522146
dpo,0.1,0.1,0.01,814,140,True,0.8332783936800326,0.016119912232519955,3.136281863585278e-05,0.15057033126881172
dpo,0.1,0.1,0.01,814,141,True,0.7531061508210212,0.03108440319514745,4.092122869501225e-05,0.21576852475513636
dpo,0.1,0.1,0.01,814,142,True,0.9228904902571697,0.009706765164223946,2.4439565624428064e-05,0.06737830501298177
dpo,0.1,0.1,0.01,814,143,True,0.6226219172040821,0.023953799639222097,4.80837719685637e-05,0.35337619938472714
dpo,0.1,0.1,0.01,814,144,True,0.6277033181866812,0.04012773060402796,9.792461133662197e-05,0.3320710265979543
dpo,0.1,0.1,0.01,814,145,True,0.8263928676767471,0.01586230099243672,2.4992494659020193e-05,0.1577198388361572
dpo,0.1,0.1,0.01,814,146,True,0.9561373260107241,0.00605207718324505,5.920786697581804e-06,0.03780467601933316
dpo,0.1,0.1,0.01,814,147,True,0.7705008200412095,0.014674381510841147,2.7030976821055867e-05,0.21479776747112836
dpo,0.1,0.1,0.01,814,148,True,0.9481847974810012,0.007267814790285032,2.6624609208095992e-05,0.0445207631195059
dpo,0.1,0.1,0.01,814,149,True,0.7484146446545871,0.026838358785685835,3.216969759990721e-05,0.22471482686212724
dpo,0.1,0.1,0.01,439,0,True,0.30976269985564053,0.23496564982667184,0.28816720800398554,0.16710444231370217
dpo,0.1,0.1,0.01,439,1,True,0.3107313571290468,0.2350108916324962,0.28906833413092187,0.16518941710753526
dpo,0.1,0.1,0.01,439,2,True,0.3127287809638818,0.23513975756313596,0.2917800785656609,0.1603513829073213
dpo,0.1,0.1,0.01,439,3,True,0.31532623233894164,0.23410183163451145,0.2947787127610148,0.15579322326553213
dpo,0.1,0.1,0.01,439,4,True,0.31833233280954487,0.23312445936112383,0.29787968363926715,0.1506635241900641
dpo,0.1,0.1,0.01,439,5,True,0.32206334493670286,0.23061827964114,0.30314200970339206,0.14417636571876513
dpo,0.1,0.1,0.01,439,6,True,0.3279066024051611,0.22558688443647198,0.31167082072799174,0.13483569243037508
dpo,0.1,0.1,0.01,439,7,True,0.33081369870637944,0.22144808563158877,0.3203226633138932,0.12741555234813848
dpo,0.1,0.1,0.01,439,8,True,0.3343188060695972,0.21925162588961392,0.32593710128670034,0.12049246675408852
dpo,0.1,0.1,0.01,439,9,True,0.3351770868069737,0.21789100201396333,0.3328936507951416,0.11403826038392137
dpo,0.1,0.1,0.01,439,10,True,0.33646060681798196,0.21470442714706725,0.3374477765954189,0.11138718943953188
dpo,0.1,0.1,0.01,439,11,True,0.34116917532096735,0.2105991565212866,0.34418094846948866,0.10405071968825742
dpo,0.1,0.1,0.01,439,12,True,0.34550369758150046,0.20430474358319947,0.35647116224627673,0.09372039658902326
dpo,0.1,0.1,0.01,439,13,True,0.349131908250502,0.19834741689210134,0.36552996115571207,0.08699071370168464
dpo,0.1,0.1,0.01,439,14,True,0.3518144569675909,0.19448022525288008,0.3723165937287094,0.08138872405081954
dpo,0.1,0.1,0.01,439,15,True,0.35355196137472283,0.18594526211432022,0.3875432055197884,0.07295957099116848
dpo,0.1,0.1,0.01,439,16,True,0.3550831251349044,0.1768118711344236,0.4082992473198137,0.059805756410858266
dpo,0.1,0.1,0.01,439,17,True,0.3543624209985615,0.16034879760600068,0.4449043165473631,0.04038446484807456
dpo,0.1,0.1,0.01,439,18,True,0.3451627546237647,0.1408269291105297,0.4886626178579008,0.025347698407804806
dpo,0.1,0.1,0.01,439,19,True,0.3261288051775517,0.11537987105253666,0.5461629700964512,0.01232835367346059
dpo,0.1,0.1,0.01,439,20,True,0.3105944236807465,0.09565553698380004,0.5848178651758568,0.008932174159596724
dpo,0.1,0.1,0.01,439,21,True,0.29838181677171094,0.06593097132721595,0.6304417762129643,0.005245435688108857
dpo,0.1,0.1,0.01,439,22,True,0.2817678761955502,0.04617736984647926,0.668051220450984,0.00400353350698656
dpo,0.1,0.1,0.01,439,23,True,0.2636709012007432,0.027466936964801104,0.7056199225146796,0.003242239319775937
dpo,0.1,0.1,0.01,439,24,True,0.2667026169541819,0.020326297549936645,0.7109506324962965,0.0020204529995848934
dpo,0.1,0.1,0.01,439,25,True,0.2748305618190306,0.021865384479076575,0.701804425414588,0.001499628287304855
dpo,0.1,0.1,0.01,439,26,True,0.24614122399557342,0.009618784953528605,0.7435040421181446,0.0007359489327533897
dpo,0.1,0.1,0.01,439,27,True,0.26578992011765296,0.002999156920738033,0.7310084160531658,0.00020250690844334453
dpo,0.1,0.1,0.01,439,28,True,0.3034151164184433,0.0019814955523722077,0.6945241182336055,7.926979557900001e-05
dpo,0.1,0.1,0.01,439,29,True,0.3154425370616248,0.0009070243635565642,0.6836280837022023,2.235487261626453e-05
dpo,0.1,0.1,0.01,439,30,True,0.19064905110676164,0.0003917757415195871,0.8089578457949298,1.3273567890491013e-06
dpo,0.1,0.1,0.01,439,31,True,0.250799355024755,0.0004512836222740392,0.7487485681324282,7.93220542878845e-07
dpo,0.1,0.1,0.01,439,32,True,0.11594544863314024,0.00013158132336130475,0.8839228721132604,9.793023800173893e-08
dpo,0.1,0.1,0.01,439,33,True,0.16878792853249558,0.00040869160317452333,0.830803301746672,7.811765785122072e-08
dpo,0.1,0.1,0.01,439,34,True,0.01941868533331028,3.4132193950367395e-05,0.9805471812276013,1.2451379437875939e-09
dpo,0.1,0.1,0.01,439,35,True,0.010169609585936698,4.736431952024572e-06,0.9898256539777857,4.325573174388445e-12
dpo,0.1,0.1,0.01,439,36,True,0.00591106000854463,1.4968014321499756e-06,0.9940874431895435,4.798489129816231e-13
dpo,0.1,0.1,0.01,439,37,True,0.004198794306000214,2.2993760098309387e-07,0.9958009757538405,2.5582239572462474e-12
dpo,0.1,0.1,0.01,439,38,True,0.0015978454575428145,2.282637557244058e-08,0.998402131715138,9.435763170122151e-13
dpo,0.1,0.1,0.01,439,39,True,0.0005527786331310365,6.860894992522008e-09,0.9994472145059616,1.2460933827451849e-14
dpo,0.1,0.1,0.01,439,40,True,0.0013458603851041156,1.2031690671151481e-08,0.9986541275832048,4.395756786804536e-16
dpo,0.1,0.1,0.01,439,41,True,0.010408294648812192,1.868915525273315e-06,0.9895898364356212,4.141421446957893e-14
dpo,0.1,0.1,0.01,439,42,True,0.0002269338574196655,3.363977218673793e-10,0.9997730658061826,6.313181864708569e-19
dpo,0.1,0.1,0.01,439,43,True,0.0002492325245741146,3.178189704295469e-11,0.9997507674436441,1.9556888870605602e-19
dpo,0.1,0.1,0.01,439,44,True,0.0003250358449346759,9.287327535391923e-10,0.9996749632263325,3.8506877560131987e-20
dpo,0.1,0.1,0.01,439,45,True,3.7052969771503305e-05,2.1632442495816962e-12,0.9999629470280652,1.3870854028486002e-19
dpo,0.1,0.1,0.01,439,46,True,0.016657028892839983,6.673688162746123e-07,0.9833423037383436,1.2208697224215148e-16
dpo,0.1,0.1,0.01,439,47,True,3.0241958533950235e-05,2.5984394661385484e-14,0.9999697580414402,4.7193525447456984e-20
dpo,0.1,0.1,0.01,439,48,True,1.078331222298526e-05,1.3347788351054642e-15,0.9999892166877756,5.347831098231721e-20
dpo,0.1,0.1,0.01,439,49,True,0.00011412238544294579,4.508240692370869e-12,0.9998858776100489,1.947746033885873e-21
dpo,0.1,0.1,0.01,439,50,True,0.00012731104162207505,4.751588056120085e-13,0.9998726889579028,3.418355658103308e-21
dpo,0.1,0.1,0.01,439,51,True,2.5071593723918128e-05,4.944326512217196e-09,0.9999749234578446,4.105165419100769e-12
dpo,0.1,0.1,0.01,439,52,True,2.8409738576313747e-05,1.5381295295315023e-07,0.9999714364481336,3.3697132272192514e-13
dpo,0.1,0.1,0.01,439,53,True,0.00032503584522004087,5.0783476056706005e-11,0.9996749641039966,9.329362440336253e-19
dpo,0.1,0.1,0.01,439,54,True,0.00526085064384007,3.066795192209815e-07,0.9947388426766408,4.559802088503347e-19
dpo,0.1,0.1,0.01,439,55,True,0.2656448856316701,0.0008860653261321774,0.7334690490420569,1.4083042631413148e-13
dpo,0.1,0.1,0.01,439,56,True,0.23347448138241378,0.000992166129658552,0.7655333524878828,4.482849111288232e-14
dpo,0.1,0.1,0.01,439,57,True,0.27342830183091793,0.00618407189363942,0.7203876262752333,2.0926953304459682e-13
dpo,0.1,0.1,0.01,439,58,True,0.26123673915545753,0.00036041091885285234,0.7384028499256675,2.2084713198482117e-14
dpo,0.1,0.1,0.01,439,59,True,0.08448795411262176,5.680797656235017e-05,0.915455237910816,9.571000746766487e-17
dpo,0.1,0.1,0.01,439,60,True,0.007345826486625356,1.1959403646738071e-08,0.992654161553971,3.466859336907972e-22
dpo,0.1,0.1,0.01,439,61,True,0.0004655269187519808,7.399042993221208e-14,0.999534473081174,5.797181102137606e-26
dpo,0.1,0.1,0.01,439,62,True,0.00020184421628821402,1.96519572180448e-13,0.9997981557835153,3.1593394162693086e-25
dpo,0.1,0.1,0.01,439,63,True,0.4624753889104119,0.0010437743668233583,0.5364808367227648,3.885142428524876e-17
dpo,0.1,0.1,0.01,439,64,True,0.20307411232848804,2.540253239772485e-06,0.7969233474182723,1.3017510994538212e-23
dpo,0.1,0.1,0.01,439,65,True,0.06656914613516778,6.434708693419419e-07,0.9334302103939629,5.996092252802396e-22
dpo,0.1,0.1,0.01,439,66,True,0.4237269438155544,0.0016140987434922292,0.5746589574409519,1.490125527820415e-15
dpo,0.1,0.1,0.01,439,67,True,0.37568190196559287,6.538206980670063e-05,0.6242527159646004,1.6143612390381738e-20
dpo,0.1,0.1,0.01,439,68,True,0.338569767005026,0.028898586314877957,0.6325315985159092,4.8164186944884516e-08
dpo,0.1,0.1,0.01,439,69,True,0.4680355452789853,0.001610700607829665,0.5303537541131708,1.4218804660700104e-14
dpo,0.1,0.1,0.01,439,70,True,0.2753780474875114,0.015904186425059325,0.7087177644450345,1.6423948149264171e-09
dpo,0.1,0.1,0.01,439,71,True,0.041462272660147445,1.236357404186146e-09,0.9585377261034952,1.8305395896357312e-23
dpo,0.1,0.1,0.01,439,72,True,1.8631746484711994e-05,4.987664958149224e-16,0.9999813682535147,3.443483805011262e-25
dpo,0.1,0.1,0.01,439,73,True,0.14706448297659735,2.54870789339234e-07,0.8529352621526133,6.186179748819645e-20
dpo,0.1,0.1,0.01,439,74,True,3.8831109868776384e-05,6.739781257716011e-14,0.9999611688900639,2.293808400000379e-25
dpo,0.1,0.1,0.01,439,75,True,0.15203224061935477,6.596097364004507e-09,0.847967752784548,2.0470903993458418e-23
dpo,0.1,0.1,0.01,439,76,True,0.03283695602346469,1.1513097877313702e-10,0.9671630438614044,4.0488246739268153e-25
dpo,0.1,0.1,0.01,439,77,True,0.5350596224706334,7.252152856746343e-05,0.46486785600079905,6.214371990437783e-19
dpo,0.1,0.1,0.01,439,78,True,0.32906074636764343,0.006218273980445317,0.6647209796519076,3.735525441201619e-15
dpo,0.1,0.1,0.01,439,79,True,0.4570554104352009,0.00017786012214930037,0.5427667294426497,8.63452349130652e-18
dpo,0.1,0.1,0.01,439,80,True,0.6209520584484954,0.0024214798908001552,0.37662646166068364,2.0880954891408153e-14
dpo,0.1,0.1,0.01,439,81,True,0.1276523120712734,2.4539292983344362e-06,0.8723452339994284,1.3519554460783969e-22
dpo,0.1,0.1,0.01,439,82,True,0.6035083950145125,0.0007011365982041691,0.3957904683872833,2.1499756830915078e-20
dpo,0.1,0.1,0.01,439,83,True,0.00024156629828672222,9.557104450423957e-15,0.9997584337017038,3.846412933289606e-28
dpo,0.1,0.1,0.01,439,84,True,2.994440981371515e-06,1.8959855309370645e-19,0.9999970055590187,1.5152640320869987e-29
dpo,0.1,0.1,0.01,439,85,True,0.4397473448147583,3.5292518346421943e-09,0.5602526516559898,3.5870600861250667e-31
dpo,0.1,0.1,0.01,439,86,True,0.31105202216831823,0.014835032166778003,0.6741129456649034,2.431261190052293e-16
dpo,0.1,0.1,0.01,439,87,True,0.6618523614771225,0.00010652959044693615,0.3380411089324306,1.4715106968513126e-25
dpo,0.1,0.1,0.01,439,88,True,0.2628418373645518,2.5737351675921996e-11,0.7371581626097109,5.552813838943483e-28
dpo,0.1,0.1,0.01,439,89,True,0.40544744893930307,3.173814092598395e-06,0.5945493772466044,7.586355313947177e-30
dpo,0.1,0.1,0.01,439,90,True,0.19314738001352344,4.6809883262448034e-11,0.8068526199396666,4.676855747636666e-30
dpo,0.1,0.1,0.01,439,91,True,0.32777766566334937,0.010093248953948569,0.6621290853827019,8.923453915205424e-17
dpo,0.1,0.1,0.01,439,92,True,0.5199405688330987,0.006648155942536068,0.4734112752243652,4.2157436370670356e-19
dpo,0.1,0.1,0.01,439,93,True,0.22000498645260835,9.605568580488607e-06,0.7799854079788112,3.3932906019668397e-29
dpo,0.1,0.1,0.01,439,94,True,1.2219076020491e-05,4.987696942996921e-16,0.999987780923979,3.140070916954888e-28
dpo,0.1,0.1,0.01,439,95,True,0.09739039718456409,1.095984536314296e-08,0.9026095918555906,6.410261880517772e-30
dpo,0.1,0.1,0.01,439,96,True,0.5252020016453908,0.004009966766496403,0.47078803158811294,2.3687438973017566e-23
dpo,0.1,0.1,0.01,439,97,True,0.45266018709394323,0.0034561031775890345,0.5438837097284678,3.5000633383516983e-23
dpo,0.1,0.1,0.01,439,98,True,0.36777974561417176,0.006605832636893984,0.6256144217489342,6.742325206205087e-23
dpo,0.1,0.1,0.01,439,99,True,0.37878309036145413,0.00639126663571792,0.6148256430028279,4.924064612447558e-23
dpo,0.1,0.1,0.01,439,100,True,0.3182666426937688,0.028692608053305535,0.6530407492529141,1.1572112935030834e-14
dpo,0.1,0.1,0.01,439,101,True,0.194367810957146,3.1691802168676623e-10,0.805632188725936,4.147142441167521e-27
dpo,0.1,0.1,0.01,439,102,True,0.19930799779037126,5.703454288289622e-10,0.8006920016392834,1.7727262000576366e-27
dpo,0.1,0.1,0.01,439,103,True,0.16344544100066474,6.59591086703668e-10,0.8365545583397442,1.3772050238449295e-23
dpo,0.1,0.1,0.01,439,104,True,0.15610489744489942,3.5743882325551166e-12,0.8438951025515261,5.755008002210265e-27
dpo,0.1,0.1,0.01,439,105,True,0.41299781551553527,1.3933870219504277e-05,0.5869882506142452,1.2318951938221783e-19
dpo,0.1,0.1,0.01,439,106,True,0.009125637389180518,2.5934502778935024e-18,0.9908743626108194,2.1384688295891254e-28
dpo,0.1,0.1,0.01,439,107,True,0.2656775792184953,0.0064717057612671035,0.7278507150202376,1.1395987232457186e-19
dpo,0.1,0.1,0.01,439,108,True,0.020645930739218447,1.2159181255044875e-16,0.9793540692607815,1.0463109179894865e-28
dpo,0.1,0.1,0.01,439,109,True,8.071593553406995e-10,4.5223495606277484e-18,0.9999999991928405,8.8171779550323e-20
dpo,0.1,0.1,0.01,439,110,True,0.0015247863912257488,2.793612434845633e-16,0.9984752136087739,5.949794337131913e-28
dpo,0.1,0.1,0.01,439,111,True,0.5292602277702614,5.981135984212772e-06,0.47073379109375435,2.555549292246041e-24
dpo,0.1,0.1,0.01,439,112,True,0.30569732882545875,5.5488391011542545e-11,0.6943026711190528,1.013880771404817e-28
dpo,0.1,0.1,0.01,439,113,True,0.47463116586303694,2.503402920333919e-08,0.5253688091029338,1.2557869933260998e-24
dpo,0.1,0.1,0.01,439,114,True,0.6808724905351778,8.99577775598262e-06,0.31911851368706623,1.2602711672743454e-23
dpo,0.1,0.1,0.01,439,115,True,0.6875905147215082,5.741604291880374e-05,0.31235206923557296,3.0021421458838226e-31
dpo,0.1,0.1,0.01,439,116,True,0.35577062310544966,1.2003118428303243e-05,0.644217373776122,1.406295183453524e-30
dpo,0.1,0.1,0.01,439,117,True,0.26133092567072963,1.4466937241482278e-11,0.7386690743148033,6.2786031631168145e-30
dpo,0.1,0.1,0.01,439,118,True,0.3007455789412415,1.6699078688459782e-17,0.6992544210587585,1.5145595422061045e-30
dpo,0.1,0.1,0.01,439,119,True,0.2784916908278378,0.013127387851521326,0.7083809213206409,4.689223601627058e-17
dpo,0.1,0.1,0.01,439,120,True,0.2591591208739858,0.011166419207138975,0.7296744599188753,4.07476218008049e-18
dpo,0.1,0.1,0.01,439,121,True,0.2512889712897472,0.010131668940449918,0.7385793597698029,3.1557148426473715e-19
dpo,0.1,0.1,0.01,439,122,True,0.2836526811314207,0.02247928651758907,0.6938680314276039,9.233862533116375e-10
dpo,0.1,0.1,0.01,439,123,True,0.2671317249999581,0.015188740378859741,0.7176795346211821,1.003627253337195e-17
dpo,0.1,0.1,0.01,439,124,True,0.2718629348409798,0.017447637859395314,0.7106894272996249,3.551146734675043e-17
dpo,0.1,0.1,0.01,439,125,True,0.2715484159718742,0.015806013220105813,0.71264557080802,2.2411280796610745e-18
dpo,0.1,0.1,0.01,439,126,True,0.25504101807554663,0.009850459830765759,0.7351085220936876,2.15869662523542e-19
dpo,0.1,0.1,0.01,439,127,True,0.26966006768643547,0.00018561366360329398,0.7301543186499612,1.2118296574429759e-21
dpo,0.1,0.1,0.01,439,128,True,0.28776462508018696,1.1087691852051412e-05,0.7122242872279609,6.152832290352417e-26
dpo,0.1,0.1,0.01,439,129,True,0.3199701854154059,1.748565259324247e-06,0.6800280660193349,4.392011693882654e-25
dpo,0.1,0.1,0.01,439,130,True,0.282978724994815,3.319322361483577e-05,0.7169880817815701,7.326864098641356e-26
dpo,0.1,0.1,0.01,439,131,True,0.280313505157036,0.012220271095736358,0.7074662237472276,3.512815030335898e-20
dpo,0.1,0.1,0.01,439,132,True,0.27869990250415355,0.012389561885243051,0.7089105356106035,1.3652544514305673e-19
dpo,0.1,0.1,0.01,439,133,True,0.266591254892033,0.008738581308860049,0.7246701637991069,1.40613109502106e-21
dpo,0.1,0.1,0.01,439,134,True,0.35577489351362945,2.607636681684787e-15,0.644225106486368,5.8623808712378e-31
dpo,0.1,0.1,0.01,439,135,True,0.2900015062153158,0.019734850166491544,0.6902636436181925,8.569975885081467e-17
dpo,0.1,0.1,0.01,439,136,True,0.2974644657333185,0.02163259110416417,0.6809029431623448,1.7252370388673527e-13
dpo,0.1,0.1,0.01,439,137,True,0.28195448335542866,0.017470183911565688,0.7005753327330057,2.3137612642432923e-17
dpo,0.1,0.1,0.01,439,138,True,0.2868579817421039,0.016893957373898382,0.6962480608839976,3.404531713479181e-18
dpo,0.1,0.1,0.01,439,139,True,0.3098167192100137,0.029157134795762797,0.6610261459942035,2.016040959498922e-14
dpo,0.1,0.1,0.01,439,140,True,0.6242935335678975,1.515274474838487e-13,0.37570646643195105,1.8841246962802435e-32
dpo,0.1,0.1,0.01,439,141,True,0.48633152158839693,2.013382210057987e-08,0.513668458277781,1.165981294529182e-30
dpo,0.1,0.1,0.01,439,142,True,0.6297746074044134,8.436570475455402e-18,0.3702253925955866,1.0914610223214945e-32
dpo,0.1,0.1,0.01,439,143,True,0.1907240253120337,4.0425532197113244e-19,0.8092759746879663,8.88307333455442e-31
dpo,0.1,0.1,0.01,439,144,True,0.29910519024567106,1.206331273388036e-13,0.7008948097542083,4.9672453066716995e-31
dpo,0.1,0.1,0.01,439,145,True,0.5467381519846138,8.394729515743418e-20,0.45326184801538616,4.2466277027358196e-32
dpo,0.1,0.1,0.01,439,146,True,0.4843800842769666,3.656338254021781e-14,0.5156199157229967,2.8450451472859734e-33
dpo,0.1,0.1,0.01,439,147,True,0.24077459577038227,1.8055182983768932e-19,0.7592254042296177,3.967431120797255e-31
dpo,0.1,0.1,0.01,439,148,True,0.3830586673805802,1.4361301381572329e-05,0.6169269713180382,4.170703371513843e-33
dpo,0.1,0.1,0.01,439,149,True,0.6020615859717804,4.908018520228715e-09,0.3979384091202011,2.587953337615115e-31
dpo,0.1,0.1,0.01,543,0,True,0.3019637271850804,0.19895338944146923,0.30634477959721035,0.19273810377623996
dpo,0.1,0.1,0.01,543,1,True,0.30470876783758666,0.19548991738940372,0.3076239037967262,0.19217741097628346
dpo,0.1,0.1,0.01,543,2,True,0.31146255833567604,0.18616450076091912,0.31123451986508377,0.19113842103832107
dpo,0.1,0.1,0.01,543,3,True,0.3190147043128994,0.17764514232136072,0.3141455260719552,0.1891946272937846
dpo,0.1,0.1,0.01,543,4,True,0.3261000734410724,0.16893085078783063,0.31761409893662873,0.18735497683446817
dpo,0.1,0.1,0.01,543,5,True,0.33658322721079165,0.15637295450246125,0.3236889262666418,0.18335489202010535
dpo,0.1,0.1,0.01,543,6,True,0.36202324030978006,0.13150082127240287,0.3356351865420512,0.170840751875766
dpo,0.1,0.1,0.01,543,7,True,0.39206306478361724,0.1110192884905056,0.3426320330594367,0.15428561366644047
dpo,0.1,0.1,0.01,543,8,True,0.41160439843566105,0.10180813717130625,0.34592935056591995,0.14065811382711263
dpo,0.1,0.1,0.01,543,9,True,0.42610657737994323,0.09415325920168024,0.35204940746763574,0.12769075595074095
dpo,0.1,0.1,0.01,543,10,True,0.4323864616136753,0.08966473858278065,0.3518711607178585,0.1260776390856856
dpo,0.1,0.1,0.01,543,11,True,0.45301264343468156,0.08790631086237476,0.3490369700771993,0.11004407562574425
dpo,0.1,0.1,0.01,543,12,True,0.47293762089315133,0.08083111172978794,0.3504292433316252,0.09580202404543542
dpo,0.1,0.1,0.01,543,13,True,0.49905492732327517,0.08024459805113401,0.33325486937828724,0.08744560524730353
dpo,0.1,0.1,0.01,543,14,True,0.5278568512264658,0.0715074538807363,0.3236191363806864,0.07701655851211146
dpo,0.1,0.1,0.01,543,15,True,0.5652042117511248,0.06923993057056423,0.300764548446445,0.06479130923186598
dpo,0.1,0.1,0.01,543,16,True,0.5889087482256191,0.05424471780538544,0.30196239659535484,0.05488413737364055
dpo,0.1,0.1,0.01,543,17,True,0.6421948139693533,0.042109877419455724,0.27139181301908194,0.044303495592108895
dpo,0.1,0.1,0.01,543,18,True,0.6898467283275602,0.029291276829246593,0.24525285818763912,0.035609136655554055
dpo,0.1,0.1,0.01,543,19,True,0.7460355555042194,0.023288889133215522,0.20157862637305887,0.029096928989506336
dpo,0.1,0.1,0.01,543,20,True,0.769095411141727,0.01955713210611606,0.18700821259585768,0.024339244156299313
dpo,0.1,0.1,0.01,543,21,True,0.7542011471684337,0.014790993982637179,0.2114893686649129,0.019518490184016236
dpo,0.1,0.1,0.01,543,22,True,0.7923950026227924,0.019759882741548846,0.17543129910411215,0.012413815531546616
dpo,0.1,0.1,0.01,543,23,True,0.8123268463040059,0.027742059476413037,0.1459269135505906,0.01400418066899058
dpo,0.1,0.1,0.01,543,24,True,0.8569562772814224,0.03158257830046845,0.09997792373384745,0.01148322068426161
dpo,0.1,0.1,0.01,543,25,True,0.8710111068199453,0.01636337087367446,0.09868375602100635,0.013941766285373768
dpo,0.1,0.1,0.01,543,26,True,0.8548910051148778,0.018413486469189368,0.11279627961830001,0.013899228797632874
dpo,0.1,0.1,0.01,543,27,True,0.9005056186661228,0.02193563874496956,0.06224519876470936,0.015313543824198333
dpo,0.1,0.1,0.01,543,28,True,0.9492889700709993,0.016206311284090058,0.025897611692459518,0.008607106952451107
dpo,0.1,0.1,0.01,543,29,True,0.9840701430762148,0.006228883966357623,0.007874047130788453,0.0018269258266391695
dpo,0.1,0.1,0.01,543,30,True,0.9985341231491437,0.00022053906741203885,0.0011737392310602493,7.159855238422784e-05
dpo,0.1,0.1,0.01,543,31,True,0.997284466181685,0.0014993565530052617,0.001079946012448816,0.00013623125286096473
dpo,0.1,0.1,0.01,543,32,True,0.9999221018156705,2.190615723828824e-06,7.141855122995675e-05,4.28901737567909e-06
dpo,0.1,0.1,0.01,543,33,True,0.9998822099328123,1.1252191919346795e-07,0.00011412196683109755,3.5555784373919725e-06
dpo,0.1,0.1,0.01,543,34,True,0.9999965710447057,8.525272615186515e-10,3.419757455116762e-06,8.345311698843239e-09
dpo,0.1,0.1,0.01,543,35,True,0.999999940417921,9.84802626922361e-12,5.9301866281053626e-08,2.703645021031106e-10
dpo,0.1,0.1,0.01,543,36,True,0.9999999290121994,1.6388646752698282e-14,7.097504000149099e-08,1.2744292762774432e-11
dpo,0.1,0.1,0.01,543,37,True,0.999999999525129,7.681204681554515e-15,4.745045065394533e-10,3.5871435183736684e-13
dpo,0.1,0.1,0.01,543,38,True,0.9999999999844906,1.1965009171521623e-15,1.5493120952756544e-11,1.5039068697492282e-14
dpo,0.1,0.1,0.01,543,39,True,0.9999999999883027,3.9682356723293425e-17,1.169482125359088e-11,2.3795262063391534e-15
dpo,0.1,0.1,0.01,543,40,True,0.9999999998619071,4.224164884340856e-17,1.38088683910969e-10,4.308765321613287e-15
dpo,0.1,0.1,0.01,543,41,True,0.9999999972694054,2.0911132468626127e-17,2.7305848969492717e-09,9.862862019648975e-15
dpo,0.1,0.1,0.01,543,42,True,0.9999999999999867,1.5386519468594882e-18,1.3271931543499547e-14,8.06195976425335e-18
dpo,0.1,0.1,0.01,543,43,True,0.9999999999981408,2.3795262063625637e-15,1.850389423128279e-12,6.468222847097445e-15
dpo,0.1,0.1,0.01,543,44,True,0.9999999999999913,2.6323231068422414e-19,8.703945206726336e-15,1.4230204270058073e-18
dpo,0.1,0.1,0.01,543,45,True,0.9999999999999813,1.003327103461445e-17,1.8716423396394734e-14,2.903223237253637e-17
dpo,0.1,0.1,0.01,543,46,True,0.9999999999969493,7.351555716026441e-21,3.0507764009864985e-12,2.148439504787165e-19
dpo,0.1,0.1,0.01,543,47,True,0.9999999999861486,1.5917852878869404e-13,1.3460656752278528e-11,2.3160339277910603e-13
dpo,0.1,0.1,0.01,543,48,True,0.9999999974944416,1.0587626632029827e-10,2.263734389743996e-09,1.3594781697926329e-10
dpo,0.1,0.1,0.01,543,49,True,0.9999999999999569,3.9067138806515286e-17,4.2842319820151864e-14,1.2033525919084786e-16
dpo,0.1,0.1,0.01,543,50,True,0.9999999999973594,7.287724095800449e-14,2.413362771826841e-12,1.542811203187814e-13
dpo,0.1,0.1,0.01,543,51,True,0.9989938464271026,6.608945326473066e-08,0.0010004987432280182,5.588740215856795e-06
dpo,0.1,0.1,0.01,543,52,True,0.9988428076651774,1.5189474115471483e-05,0.0010648643461944702,7.713851451276446e-05
dpo,0.1,0.1,0.01,543,53,True,0.9998629670903917,5.315056816904155e-08,0.00013552058067206211,1.4591783679973111e-06
dpo,0.1,0.1,0.01,543,54,True,0.9999999987498429,4.861983973681706e-17,1.2501528648238551e-09,4.1114525874080726e-15
dpo,0.1,0.1,0.01,543,55,True,0.9999998055566904,5.317437808751638e-19,1.9444330751588485e-07,2.0999240984214685e-15
dpo,0.1,0.1,0.01,543,56,True,0.9999999945685232,8.520212624739438e-14,5.430416483771602e-09,9.750866993738586e-13
dpo,0.1,0.1,0.01,543,57,True,0.999999428492468,3.1656412364055984e-13,5.715004470296754e-07,6.768439407150854e-12
dpo,0.1,0.1,0.01,543,58,True,0.9999979305157471,1.289834308963313e-09,2.058049086079249e-06,1.0145332702434135e-08
dpo,0.1,0.1,0.01,543,59,True,0.9999901119358482,7.496384636398364e-08,9.223463980197458e-06,5.896363251711298e-07
dpo,0.1,0.1,0.01,543,60,True,0.9999504212413615,1.8552993746154312e-07,4.832557762648319e-05,1.0676510745953718e-06
dpo,0.1,0.1,0.01,543,61,True,0.9966630117356724,0.0002771802425039277,0.0027994212812614697,0.00026038674056199675
dpo,0.1,0.1,0.01,543,62,True,0.9993811919487463,1.7767866239093552e-05,0.0005527421170865636,4.8298067928218955e-05
dpo,0.1,0.1,0.01,543,63,True,0.9999999893998496,8.966730396478612e-12,1.0467401683788624e-08,1.237818949646518e-10
dpo,0.1,0.1,0.01,543,64,True,0.9999999993095741,3.1034872364129023e-15,6.903999830637315e-10,2.2931841292170183e-14
dpo,0.1,0.1,0.01,543,65,True,0.9999999927956305,6.91440005712631e-13,7.194132978496191e-09,9.54503485407467e-12
dpo,0.1,0.1,0.01,543,66,True,0.9999999804235739,5.384940112336151e-13,1.955568070502015e-08,2.020683869464448e-11
dpo,0.1,0.1,0.01,543,67,True,0.999999991043152,9.357622885025367e-14,8.953243133991332e-09,3.5114220819252373e-12
dpo,0.1,0.1,0.01,543,68,True,0.0018969200741730517,6.539940962017681e-20,0.9981030797646911,1.611357849409134e-10
dpo,0.1,0.1,0.01,543,69,True,0.9796676466573162,3.014924733896372e-19,0.020332353342658236,2.5456840632453918e-14
dpo,0.1,0.1,0.01,543,70,True,0.0002082470603152494,1.254391544331704e-11,0.999777131688621,1.4621238519856399e-05
dpo,0.1,0.1,0.01,543,71,True,0.999999310627962,2.5690095269705485e-12,6.893610455135521e-07,8.423457947568271e-12
dpo,0.1,0.1,0.01,543,72,True,0.9999990000571413,1.4761387768417981e-08,9.721545919236677e-07,1.3026878983479002e-08
dpo,0.1,0.1,0.01,543,73,True,0.9999999989635862,2.2481586128686764e-16,1.036413127337148e-09,4.470997270976086e-16
dpo,0.1,0.1,0.01,543,74,True,0.9999994381212929,4.229210256631533e-09,5.539172321128239e-07,3.73226495185633e-09
dpo,0.1,0.1,0.01,543,75,True,0.9999999842863747,6.233520654113876e-14,1.5713430951037153e-08,1.3196363328314525e-13
dpo,0.1,0.1,0.01,543,76,True,0.9999996533671076,6.041733386435211e-14,3.4663262111188676e-07,2.1087721576206219e-13
dpo,0.1,0.1,0.01,543,77,True,0.9999999837877711,1.0090725661652177e-18,1.621222878484146e-08,4.52234949096064e-18
dpo,0.1,0.1,0.01,543,78,True,0.7310585786300048,1.2162471197489047e-18,0.2689414213699951,8.526550584546842e-17
dpo,0.1,0.1,0.01,543,79,True,0.9999999999961435,7.769428277359309e-17,3.856542728454852e-12,9.976143381261808e-17
dpo,0.1,0.1,0.01,543,80,True,0.9999999999932316,9.588236215716285e-21,6.768443275321354e-12,1.4850550761362467e-20
dpo,0.1,0.1,0.01,543,81,True,0.9999303170595285,2.2601719005815416e-06,6.60519050169681e-05,1.370863553923679e-06
dpo,0.1,0.1,0.01,543,82,True,0.9999769247020305,1.1979030566122138e-07,2.282799154737766e-05,1.2751611660844683e-07
dpo,0.1,0.1,0.01,543,83,True,0.9968140161966358,0.00013095051295247795,0.002980419937241911,7.46133531700262e-05
dpo,0.1,0.1,0.01,543,84,True,0.9987511510943167,4.8267619330396684e-05,0.0011694173690580626,3.116391729485305e-05
dpo,0.1,0.1,0.01,543,85,True,0.9999999853742592,1.69189789786987e-10,1.4307241709313676e-08,1.4930946543595483e-10
dpo,0.1,0.1,0.01,543,86,True,0.9999999997959181,1.0973155265407302e-19,2.0408184527743938e-10,1.3368039775068597e-18
dpo,0.1,0.1,0.01,543,87,True,0.9999999999771014,5.564246011136524e-16,2.2897348455931214e-11,5.923109046910632e-16
dpo,0.1,0.1,0.01,543,88,True,0.9999999999810147,1.4208799956162523e-15,1.8982568599164287e-11,1.2539221950757562e-15
dpo,0.1,0.1,0.01,543,89,True,0.9999999999940259,5.066303646493075e-16,5.9731302257953735e-12,4.75935182569514e-16
dpo,0.1,0.1,0.01,543,90,True,0.9999999587206735,7.349269265784491e-10,4.012565060072774e-08,4.1874874019668437e-10
dpo,0.1,0.1,0.01,543,91,True,0.9997694734668715,1.113992256990354e-08,0.00023050671742548697,8.675780420795695e-09
dpo,0.1,0.1,0.01,543,92,True,0.9991704108113556,1.6930409241704248e-13,0.0008295891883588659,1.163608875736692e-13
dpo,0.1,0.1,0.01,543,93,True,0.940891818458786,0.0040932045365068195,0.053081484088133624,0.0019334929165736089
dpo,0.1,0.1,0.01,543,94,True,0.9444942642484514,0.003626070714212663,0.050056362178274,0.0018233028590617702
dpo,0.1,0.1,0.01,543,95,True,0.9271436723056568,0.003789024279331446,0.06716206235766542,0.0019052410573464384
dpo,0.1,0.1,0.01,543,96,True,0.9944071388714725,0.00024405704726367848,0.00521816975750537,0.00013063432375848324
dpo,0.1,0.1,0.01,543,97,True,0.9999222126385514,1.8737331309718092e-06,7.484600736135402e-05,1.067620956157034e-06
dpo,0.1,0.1,0.01,543,98,True,0.9967218788193494,6.583996679059617e-05,0.00317234725536726,3.9933958492958165e-05
dpo,0.1,0.1,0.01,543,99,True,0.96877027525166,0.0013682431022568665,0.02925432744991941,0.0006071541961634764
dpo,0.1,0.1,0.01,543,100,True,0.9961754028566009,2.662721751020092e-08,0.0038244832088965694,8.73072850073951e-08
dpo,0.1,0.1,0.01,543,101,True,0.9623606986557182,0.0018577931912629193,0.03505398588611852,0.0007275222669004057
dpo,0.1,0.1,0.01,543,102,True,0.9794054747318746,0.001077286876646247,0.019095366789039458,0.000421871602439745
dpo,0.1,0.1,0.01,543,103,True,0.9999986656137023,3.732262068651704e-09,1.3287773365261432e-06,1.876699225381225e-09
dpo,0.1,0.1,0.01,543,104,True,0.9999996741664872,1.3176509976745535e-10,3.256312190427101e-07,7.052877553047542e-11
dpo,0.1,0.1,0.01,543,105,True,0.9999999687501117,1.4371996743185325e-17,3.1249888422515184e-08,6.441082072286793e-17
dpo,0.1,0.1,0.01,543,106,True,0.9997575998952312,8.396106852520563e-06,0.00023050397985638173,3.5000180599782865e-06
dpo,0.1,0.1,0.01,543,107,True,0.9999993106279922,6.98329191430242e-12,6.89361045513573e-07,3.978959792851847e-12
dpo,0.1,0.1,0.01,543,108,True,0.9900971422245649,0.0005829248878575292,0.009118479436887001,0.000201453450690532
dpo,0.1,0.1,0.01,543,109,True,0.7819890230562955,0.014322628561253135,0.19771778851330232,0.005970559869149071
dpo,0.1,0.1,0.01,543,110,True,0.9267213925399049,0.004568354036536505,0.06713147251403388,0.0015787809095247098
dpo,0.1,0.1,0.01,543,111,True,0.9999999449988505,1.0587626076226107e-10,5.4845260902780814e-08,5.0012404313378023e-11
dpo,0.1,0.1,0.01,543,112,True,0.9991058465179345,2.7511827537677362e-05,0.0008558678680638247,1.0773786463916157e-05
dpo,0.1,0.1,0.01,543,113,True,0.9999293442518356,2.3822013393905564e-07,7.031181848682019e-05,1.057095436426105e-07
dpo,0.1,0.1,0.01,543,114,True,0.999994394946193,7.422457723201649e-09,5.59433765348522e-06,3.293695648861268e-09
dpo,0.1,0.1,0.01,543,115,True,0.921869162183545,0.005149518972738183,0.07108691668172427,0.0018944021619926624
dpo,0.1,0.1,0.01,543,116,True,0.8825534964410376,0.00865225002976634,0.1054059837341249,0.003388269795071001
dpo,0.1,0.1,0.01,543,117,True,0.8814457078957751,0.009198711402985605,0.10527367725995232,0.004081903441287019
dpo,0.1,0.1,0.01,543,118,True,0.8586214461271753,0.012247577146841231,0.1236961473120622,0.005434829413921303
dpo,0.1,0.1,0.01,543,119,True,0.9998727433495228,2.7261307419360773e-06,0.00012339409936837546,1.1364203669911438e-06
dpo,0.1,0.1,0.01,543,120,True,0.9999999273345921,4.508754914664286e-12,7.265816444905947e-08,2.7346980928739074e-12
dpo,0.1,0.1,0.01,543,121,True,0.999999805169246,2.263733954370836e-09,1.914287433747676e-07,1.1382769163826855e-09
dpo,0.1,0.1,0.01,543,122,True,0.9997834559501024,3.8234185102444803e-16,0.0002165440498951027,1.941692134953227e-15
dpo,0.1,0.1,0.01,543,123,True,0.9999999877267366,2.514781725352965e-11,1.2237632371508069e-08,1.0483169890812411e-11
dpo,0.1,0.1,0.01,543,124,True,0.9999999999723805,1.154822417269683e-17,2.7619474338946624e-11,9.573814102440436e-18
dpo,0.1,0.1,0.01,543,125,True,0.9999999998837177,1.2558111190012155e-18,1.1628233028868813e-10,9.780266828679238e-19
dpo,0.1,0.1,0.01,543,126,True,0.999999999969666,2.5223640601416465e-17,3.033405824949605e-11,1.4371997191872672e-17
dpo,0.1,0.1,0.01,543,127,True,0.9999999378521779,7.226693577679187e-18,6.21478221058824e-08,1.1914803418351685e-17
dpo,0.1,0.1,0.01,543,128,True,0.9999999985384231,3.447662893920343e-17,1.4615767744882139e-09,1.529891135243504e-17
dpo,0.1,0.1,0.01,543,129,True,0.9999999953551186,1.5628821820755864e-18,4.644881368380887e-09,1.2293020585416961e-17
dpo,0.1,0.1,0.01,543,130,True,0.9999999978734184,6.441082259872408e-17,2.1265816572715272e-09,3.0425518230172337e-17
dpo,0.1,0.1,0.01,543,131,True,0.9999999869415332,3.1608814130374266e-10,1.2626096512787004e-08,1.1628232878374076e-10
dpo,0.1,0.1,0.01,543,132,True,0.9999999834436533,1.2898369569056402e-09,1.4761402284582127e-08,5.051074098199285e-10
dpo,0.1,0.1,0.01,543,133,True,0.9999999999999498,2.6024324904426253e-17,5.008774637843255e-14,1.1548224173015207e-17
dpo,0.1,0.1,0.01,543,134,True,0.999985173294092,1.8738511116154463e-06,1.2219044157273838e-05,7.338106388631832e-07
dpo,0.1,0.1,0.01,543,135,True,0.9999999995400946,1.58083289901854e-20,4.599055376537186e-10,1.2311538996606781e-20
dpo,0.1,0.1,0.01,543,136,True,0.9999997214728452,1.0530614424490921e-20,2.785271548097108e-07,1.3521576574384896e-20
dpo,0.1,0.1,0.01,543,137,True,0.9999999999920868,2.0469717131480063e-16,7.913111885021074e-12,9.669209716980928e-17
dpo,0.1,0.1,0.01,543,138,True,0.9999999999832478,5.124493412903212e-18,1.6752057991899494e-11,2.2739801675040126e-18
dpo,0.1,0.1,0.01,543,139,True,0.9999999952076744,5.3478887405572035e-20,4.79232572973579e-09,2.526163768819493e-20
dpo,0.1,0.1,0.01,543,140,True,0.9999951178426398,4.737884692945616e-07,4.222830660433084e-06,1.8553823043033812e-07
dpo,0.1,0.1,0.01,543,141,True,0.9999991565931058,7.734415383876806e-08,7.338209001089065e-07,3.224184017955411e-08
dpo,0.1,0.1,0.01,543,142,True,0.9502434447698201,0.0056503540641641365,0.0417507831589296,0.00235541800708613
dpo,0.1,0.1,0.01,543,143,True,0.8646466815037122,0.01794516936930129,0.10992748958022676,0.007480659546759841
dpo,0.1,0.1,0.01,543,144,True,0.8675857043761035,0.015890386466380794,0.11030114440721224,0.0062227647503035775
dpo,0.1,0.1,0.01,543,145,True,0.8884074306353033,0.012672451397074997,0.09363745428395924,0.005282663683662418
dpo,0.1,0.1,0.01,543,146,True,0.9999963539852327,3.9278492244325484e-07,3.08949272863539e-06,1.6373711606896148e-07
dpo,0.1,0.1,0.01,543,147,True,0.9999999661830101,1.876701666161894e-09,3.124988834229355e-08,6.903999601931524e-10
dpo,0.1,0.1,0.01,543,148,True,0.9999999999777958,7.925032295432512e-15,2.219287110488954e-11,3.3036449686914025e-15
dpo,0.1,0.1,0.01,543,149,True,0.99999956924557,9.237445682898231e-09,4.181187178484348e-07,3.3982663556761537e-09
dpo,0.5,0.5,5.0,814,0,True,0.35179094826225493,0.16945177146262802,0.21047465186737022,0.26828262840774686
dpo,0.5,0.5,5.0,814,1,True,0.35262879068019976,0.1692757768104024,0.20943633970009695,0.2686590928093009
dpo,0.5,0.5,5.0,814,2,True,0.35463733941726694,0.16883268386329248,0.20726254298086752,0.26926743373857304
dpo,0.5,0.5,5.0,814,3,True,0.35689914740025136,0.1684226643391866,0.20474988868898916,0.2699282995715729
dpo,0.5,0.5,5.0,814,4,True,0.35839030641981606,0.16846698930242665,0.2026155080231048,0.2705271962546523
dpo,0.5,0.5,5.0,814,5,True,0.36080034323136234,0.1679516771463505,0.20022816714099143,0.2710198124812957
dpo,0.5,0.5,5.0,814,6,True,0.3650031589930974,0.16727389701767342,0.19594533079737383,0.2717776131918553
dpo,0.5,0.5,5.0,814,7,True,0.36978921023857003,0.1665956901563523,0.19081646455123427,0.27279863505384333
dpo,0.5,0.5,5.0,814,8,True,0.3760141542251679,0.1658804605696211,0.1854148110416941,0.27269057416351694
dpo,0.5,0.5,5.0,814,9,True,0.37710983842979645,0.16587714618458949,0.18432788973335748,0.27268512565225667
dpo,0.5,0.5,5.0,814,10,True,0.376751975375927,0.1656388369241234,0.1847834755044792,0.27282571219547036
dpo,0.5,0.5,5.0,814,11,True,0.3787824010566739,0.16491314341546648,0.1830777853813277,0.27322667014653196
dpo,0.5,0.5,5.0,814,12,True,0.38339238529760616,0.1648145146908394,0.1787298370832257,0.2730632629283288
dpo,0.5,0.5,5.0,814,13,True,0.3877570655250768,0.1644273559492965,0.17486116304056012,0.2729544154850665
dpo,0.5,0.5,5.0,814,14,True,0.38271115312918935,0.16476283854408283,0.17954836199154547,0.27297764633518234
dpo,0.5,0.5,5.0,814,15,True,0.3781590377283828,0.16552843071594048,0.18340228692869326,0.2729102446269835
dpo,0.5,0.5,5.0,814,16,True,0.3820461818803393,0.1652009464231363,0.179850064275244,0.2729028074212804
dpo,0.5,0.5,5.0,814,17,True,0.38617278138050604,0.16495932889474815,0.17663020803532745,0.2722376816894184
dpo,0.5,0.5,5.0,814,18,True,0.3882995732066326,0.16425589959461911,0.17450832532512006,0.27293620187362827
dpo,0.5,0.5,5.0,814,19,True,0.3939970504987999,0.16360208575912097,0.17028546518450813,0.27211539855757094
dpo,0.5,0.5,5.0,814,20,True,0.3879406957908986,0.16314535379922196,0.17623000387091398,0.2726839465389655
dpo,0.5,0.5,5.0,814,21,True,0.39007799148995653,0.1630061782658795,0.17419830837669678,0.27271752186746734
dpo,0.5,0.5,5.0,814,22,True,0.38559016424908193,0.16303015945266278,0.1783555377113911,0.2730241385868642
dpo,0.5,0.5,5.0,814,23,True,0.3857841613459984,0.16335129169978801,0.17783639227103443,0.27302815468317915
dpo,0.5,0.5,5.0,814,24,True,0.3877342570561263,0.1628198572197347,0.1757067292686905,0.2737391564554486
dpo,0.5,0.5,5.0,814,25,True,0.3892386515892464,0.16257603186327582,0.1745890354342675,0.27359628111321027
dpo,0.5,0.5,5.0,814,26,True,0.3907519084369286,0.1626511965644907,0.17314129747925994,0.27345559751932075
dpo,0.5,0.5,5.0,814,27,True,0.3960586472267021,0.16222498602253144,0.16737455986038088,0.2743418068903855
dpo,0.5,0.5,5.0,814,28,True,0.3910837758594923,0.16223387793106908,0.17152054366139663,0.275161802548042
dpo,0.5,0.5,5.0,814,29,True,0.3914791683890611,0.16255656837687826,0.17052426729660713,0.2754399959374535
dpo,0.5,0.5,5.0,814,30,True,0.39763157452439934,0.16128647544685368,0.1659194528690663,0.2751624971596806
dpo,0.5,0.5,5.0,814,31,True,0.39478197726147174,0.1611503149205481,0.16806146069429584,0.2760062471236844
dpo,0.5,0.5,5.0,814,32,True,0.39886783967232164,0.16115717534231214,0.16530144692732765,0.27467353805803846
dpo,0.5,0.5,5.0,814,33,True,0.4044866631486799,0.1608936784845631,0.16199730547970176,0.2726223528870551
dpo,0.5,0.5,5.0,814,34,True,0.40499155085760924,0.16117318757511556,0.1618040015955933,0.2720312599716818
dpo,0.5,0.5,5.0,814,35,True,0.4068998090824879,0.16090797388816566,0.15981176810134592,0.27238044892800045
dpo,0.5,0.5,5.0,814,36,True,0.40242717049156007,0.1615664448640837,0.1633113773247405,0.2726950073196158
dpo,0.5,0.5,5.0,814,37,True,0.3969801035967244,0.16236440031206084,0.16768207172666338,0.2729734243645514
dpo,0.5,0.5,5.0,814,38,True,0.39958215766397254,0.161998546672863,0.16632680395560134,0.2720924917075631
dpo,0.5,0.5,5.0,814,39,True,0.4020011512751775,0.16186893810191036,0.16345743314983366,0.2726724774730785
dpo,0.5,0.5,5.0,814,40,True,0.4062700282987813,0.16183994881762265,0.1597983270264931,0.272091695857103
dpo,0.5,0.5,5.0,814,41,True,0.4118152372196717,0.16197942591848177,0.1554701422088299,0.2707351946530166
dpo,0.5,0.5,5.0,814,42,True,0.40317397951143435,0.1623411866528825,0.1615504371891892,0.2729343966464939
dpo,0.5,0.5,5.0,814,43,True,0.400903506890257,0.16293154481818103,0.16277250964797518,0.2733924386435868
dpo,0.5,0.5,5.0,814,44,True,0.4087756652010697,0.1617287284580782,0.15705931569520096,0.2724362906456511
dpo,0.5,0.5,5.0,814,45,True,0.40278754566663255,0.16234404773630076,0.1613955944668288,0.273472812130238
dpo,0.5,0.5,5.0,814,46,True,0.40736111894769905,0.16267125311926767,0.1567452595879987,0.27322236834503455
dpo,0.5,0.5,5.0,814,47,True,0.4031926283870975,0.16290454794020862,0.159753688759913,0.27414913491278087
dpo,0.5,0.5,5.0,814,48,True,0.4033538548485189,0.16304928379348002,0.1597395533162789,0.2738573080417223
dpo,0.5,0.5,5.0,814,49,True,0.406421119932048,0.16205831984649274,0.1579953566810799,0.2735252035403794
dpo,0.5,0.5,5.0,814,50,True,0.40305379069113845,0.16197612291404045,0.16024545724117661,0.2747246291536445
dpo,0.5,0.5,5.0,814,51,True,0.4030013431098018,0.16140243334671175,0.16077318489246892,0.2748230386510174
dpo,0.5,0.5,5.0,814,52,True,0.40518131240737265,0.16069850415327475,0.16022839672456396,0.27389178671478875
dpo,0.5,0.5,5.0,814,53,True,0.39990941461560886,0.16094807670010866,0.16348264010956948,0.2756598685747129
dpo,0.5,0.5,5.0,814,54,True,0.4061105005886911,0.16036076732184484,0.15833780550433046,0.2751909265851336
dpo,0.5,0.5,5.0,814,55,True,0.407471988051261,0.15972422778759357,0.1570944456828547,0.27570933847829077
dpo,0.5,0.5,5.0,814,56,True,0.40349923045825076,0.1608932315287894,0.1605792936157511,0.2750282443972088
dpo,0.5,0.5,5.0,814,57,True,0.4058027002278217,0.16063091324602372,0.15844973187398317,0.27511665465217156
dpo,0.5,0.5,5.0,814,58,True,0.4019590988923549,0.1608278783263515,0.1625648342004892,0.2746481885808044
dpo,0.5,0.5,5.0,814,59,True,0.40555087202249807,0.1605312308274998,0.1608450747761726,0.2730728223738296
dpo,0.5,0.5,5.0,814,60,True,0.40292775075569187,0.1612154456794644,0.16375421953769728,0.27210258402714654
dpo,0.5,0.5,5.0,814,61,True,0.40178974686728686,0.1606032032056576,0.16441179841382939,0.2731952515132263
dpo,0.5,0.5,5.0,814,62,True,0.40073507020676996,0.16002527734548583,0.16542781080421068,0.2738118416435334
dpo,0.5,0.5,5.0,814,63,True,0.4054594271319837,0.15955738285733947,0.1614381947960169,0.27354499521466
dpo,0.5,0.5,5.0,814,64,True,0.4057405459111882,0.15982401135596763,0.16123490571779855,0.2732005370150457
dpo,0.5,0.5,5.0,814,65,True,0.40113335472811673,0.160262558147278,0.16518844220566997,0.27341564491893533
dpo,0.5,0.5,5.0,814,66,True,0.40682305035294974,0.15853819032030267,0.16469272256244774,0.2699460367642998
dpo,0.5,0.5,5.0,814,67,True,0.40557000119592235,0.15866846911910865,0.1661208213376203,0.2696407083473487
dpo,0.5,0.5,5.0,814,68,True,0.39896927957552725,0.15970958570679955,0.17017607547479308,0.27114505924288007
dpo,0.5,0.5,5.0,814,69,True,0.4074401728691007,0.15870117209508378,0.16389886743157345,0.2699597876042419
dpo,0.5,0.5,5.0,814,70,True,0.3961475166245351,0.15990183506707278,0.17459180756045403,0.2693588407479381
dpo,0.5,0.5,5.0,814,71,True,0.40231455449484543,0.1587068000806491,0.1692727975590231,0.2697058478654823
dpo,0.5,0.5,5.0,814,72,True,0.3962018132439102,0.15852433043227565,0.17376519968867735,0.2715086566351369
dpo,0.5,0.5,5.0,814,73,True,0.4004223936493477,0.15772915434437576,0.17037941218279362,0.271469039823483
dpo,0.5,0.5,5.0,814,74,True,0.3924287716766102,0.15925386729251031,0.1766225913043062,0.27169476972657325
dpo,0.5,0.5,5.0,814,75,True,0.3934158958149527,0.15887679539604818,0.17586058142544883,0.27184672736355026
dpo,0.5,0.5,5.0,814,76,True,0.4003383801863447,0.15800436195553696,0.1705100970081722,0.2711471608499461
dpo,0.5,0.5,5.0,814,77,True,0.4030130334472657,0.15782217152203423,0.16964949720118455,0.2695152978295156
dpo,0.5,0.5,5.0,814,78,True,0.40250219273905924,0.1578531844015236,0.16902130353397488,0.27062331932544226
dpo,0.5,0.5,5.0,814,79,True,0.400756851092605,0.15886613323684387,0.1696082906598511,0.2707687250106999
dpo,0.5,0.5,5.0,814,80,True,0.39440237714274523,0.1597424860065235,0.17306048907169871,0.2727946477790326
dpo,0.5,0.5,5.0,814,81,True,0.3930549279594075,0.15927448831402047,0.1740767411197982,0.2735938426067738
dpo,0.5,0.5,5.0,814,82,True,0.39925556281060937,0.15780799363838097,0.16946867922273084,0.2734677643282789
dpo,0.5,0.5,5.0,814,83,True,0.3992759707825524,0.15843373459806998,0.1701406571848679,0.2721496374345097
dpo,0.5,0.5,5.0,814,84,True,0.40158147660234006,0.1578770701723962,0.1685523494576713,0.2719891037675924
dpo,0.5,0.5,5.0,814,85,True,0.4055715973817047,0.15651455144637305,0.16402584160046832,0.2738880095714539
dpo,0.5,0.5,5.0,814,86,True,0.402242507877919,0.1574435338762672,0.16694436762319512,0.27336959062261873
dpo,0.5,0.5,5.0,814,87,True,0.4033787898981921,0.15727274297731053,0.16627542115493854,0.27307304596955884
dpo,0.5,0.5,5.0,814,88,True,0.40448160258747495,0.15685795155029275,0.16470710142750605,0.2739533444347262
dpo,0.5,0.5,5.0,814,89,True,0.41054244791977706,0.15552028977164703,0.16045703370424694,0.2734802286043289
dpo,0.5,0.5,5.0,814,90,True,0.41067938632704626,0.15694552421970523,0.16066738007037434,0.27170770938287425
dpo,0.5,0.5,5.0,814,91,True,0.4107696902910756,0.15713341053991936,0.1608597219862713,0.27123717718273377
dpo,0.5,0.5,5.0,814,92,True,0.40689574695529923,0.15802546981459245,0.16416009798897171,0.2709186852411367
dpo,0.5,0.5,5.0,814,93,True,0.4111425732577357,0.1574297159000579,0.1617938283844172,0.26963388245778935
dpo,0.5,0.5,5.0,814,94,True,0.41701399025499,0.1551434603890439,0.15820339096231723,0.2696391583936491
dpo,0.5,0.5,5.0,814,95,True,0.41359461936825015,0.15545723672976494,0.1602354228077951,0.27071272109418976
dpo,0.5,0.5,5.0,814,96,True,0.40797587009658726,0.15675201934050087,0.1636342594333973,0.27163785112951455
dpo,0.5,0.5,5.0,814,97,True,0.40833062359690503,0.15612413327505298,0.16393656298878032,0.2716086801392617
dpo,0.5,0.5,5.0,814,98,True,0.40112228680741047,0.15785062081663678,0.1693489955348721,0.27167809684108074
dpo,0.5,0.5,5.0,814,99,True,0.40362432600717957,0.15721486954112135,0.16751786930250964,0.27164293514918936
dpo,0.5,0.5,5.0,814,100,True,0.40562787029260605,0.15653626778318058,0.1663068541885254,0.2715290077356879
dpo,0.5,0.5,5.0,814,101,True,0.41512779846472037,0.15398992869369205,0.15903332392304823,0.27184894891853933
dpo,0.5,0.5,5.0,814,102,True,0.41266439791458404,0.1551833503043648,0.15979699014667437,0.2723552616343768
dpo,0.5,0.5,5.0,814,103,True,0.41111592480170983,0.15482767592251875,0.16099530936878537,0.2730610899069861
dpo,0.5,0.5,5.0,814,104,True,0.4085066903436984,0.1547491110305916,0.16328809660195265,0.2734561020237574
dpo,0.5,0.5,5.0,814,105,True,0.4055816679970066,0.15568001624082073,0.16604450382546013,0.2726938119367125
dpo,0.5,0.5,5.0,814,106,True,0.40842663459740103,0.15502126500687172,0.16421548340797004,0.27233661698775724
dpo,0.5,0.5,5.0,814,107,True,0.41514958387372164,0.153697526074141,0.15982013946851695,0.27133275058362033
dpo,0.5,0.5,5.0,814,108,True,0.42192961030488574,0.15162357967973764,0.15720234739124803,0.2692444626241287
dpo,0.5,0.5,5.0,814,109,True,0.4118872832574539,0.15421193422534749,0.16272127862488725,0.2711795038923115
dpo,0.5,0.5,5.0,814,110,True,0.4014093433515595,0.15734774235692256,0.16963576641429823,0.27160714787721973
dpo,0.5,0.5,5.0,814,111,True,0.4149377684529324,0.15324451813633355,0.16075578755965456,0.2710619258510795
dpo,0.5,0.5,5.0,814,112,True,0.4173631208866969,0.1533894441327297,0.1587228756887934,0.27052455929178
dpo,0.5,0.5,5.0,814,113,True,0.4058594017727339,0.15632000746878594,0.16640178176852105,0.27141880898995907
dpo,0.5,0.5,5.0,814,114,True,0.4107388046760381,0.1551394962881072,0.16210917057967095,0.2720125284561837
dpo,0.5,0.5,5.0,814,115,True,0.41585358971962033,0.15358274858769946,0.15784021920982327,0.2727234424828569
dpo,0.5,0.5,5.0,814,116,True,0.40720190761412967,0.15569257170621395,0.16412326209990205,0.2729822585797545
dpo,0.5,0.5,5.0,814,117,True,0.408706835229215,0.1560392362033934,0.16352771550270429,0.2717262130646873
dpo,0.5,0.5,5.0,814,118,True,0.4073708741399032,0.15507419761773755,0.16459271182918334,0.2729622164131758
dpo,0.5,0.5,5.0,814,119,True,0.41571429253392683,0.1540569664867926,0.15879211338619584,0.27143662759308473
dpo,0.5,0.5,5.0,814,120,True,0.4159282531612712,0.1536853465916576,0.15933997399927316,0.27104642624779796
dpo,0.5,0.5,5.0,814,121,True,0.41666827103690923,0.15403397648565553,0.1600136528825633,0.269284099594872
dpo,0.5,0.5,5.0,814,122,True,0.4108514411079853,0.154803639714481,0.16318619479688729,0.2711587243806464
dpo,0.5,0.5,5.0,814,123,True,0.40433180228819066,0.15664680888075297,0.16756585843541508,0.2714555303956413
dpo,0.5,0.5,5.0,814,124,True,0.4026248653224788,0.15713217095459914,0.1687429189176368,0.2715000448052852
dpo,0.5,0.5,5.0,814,125,True,0.4018800744463917,0.15645905507558946,0.17000063279033503,0.2716602376876838
dpo,0.5,0.5,5.0,814,126,True,0.4054062215564326,0.15576471193536132,0.16678507155700273,0.27204399495120335
dpo,0.5,0.5,5.0,814,127,True,0.40565722749175676,0.15847028976915828,0.16918568118006394,0.2666868015590211
dpo,0.5,0.5,5.0,814,128,True,0.4053557565996161,0.1575811989234056,0.17005344145280665,0.2670096030241717
dpo,0.5,0.5,5.0,814,129,True,0.4120134775665129,0.15546905154150933,0.16598150622292787,0.26653596466904994
dpo,0.5,0.5,5.0,814,130,True,0.419231727212587,0.15385066267481443,0.16186516260214687,0.2650524475104518
dpo,0.5,0.5,5.0,814,131,True,0.42257899599426463,0.15372202414307742,0.16015811697320553,0.26354086288945244
dpo,0.5,0.5,5.0,814,132,True,0.4184785574100417,0.15477876048810163,0.1626826601738559,0.2640600219280008
dpo,0.5,0.5,5.0,814,133,True,0.41607147060732186,0.1555504834121137,0.1642940534425978,0.26408399253796666
dpo,0.5,0.5,5.0,814,134,True,0.415830612832451,0.15546043748019714,0.16451996043907294,0.26418898924827894
dpo,0.5,0.5,5.0,814,135,True,0.4131586861954044,0.15620597630051838,0.16595594677119194,0.26467939073288527
dpo,0.5,0.5,5.0,814,136,True,0.417509501759358,0.15532780760819412,0.16294118932042578,0.2642215013120222
dpo,0.5,0.5,5.0,814,137,True,0.4168590748356081,0.15493444948122603,0.16284629954841476,0.2653601761347512
dpo,0.5,0.5,5.0,814,138,True,0.41376572167571807,0.1555975055159272,0.16595649990108982,0.26468027290726476
dpo,0.5,0.5,5.0,814,139,True,0.4107011455090613,0.15634193469273558,0.16675048988311253,0.2662064299150907
dpo,0.5,0.5,5.0,814,140,True,0.4082666688224142,0.1557950956908951,0.1677979210837241,0.26814031440296654
dpo,0.5,0.5,5.0,814,141,True,0.41107766390550016,0.1547376927737561,0.1668218858031902,0.26736275751755345
dpo,0.5,0.5,5.0,814,142,True,0.4150434115778394,0.15380834889816314,0.16356832242668032,0.2675799170973171
dpo,0.5,0.5,5.0,814,143,True,0.4150573659724489,0.15388864276709618,0.1633343871633978,0.26771960409705703
dpo,0.5,0.5,5.0,814,144,True,0.40829473348504325,0.15542588389614842,0.16772753747248353,0.26855184514632485
dpo,0.5,0.5,5.0,814,145,True,0.41251322600617424,0.1542202151603656,0.1649701192516043,0.26829643958185584
dpo,0.5,0.5,5.0,814,146,True,0.41014833625237673,0.1551435661186319,0.1661199796488076,0.2685881179801837
dpo,0.5,0.5,5.0,814,147,True,0.4130183874319879,0.15516486663485518,0.1629292947805606,0.2688874511525964
dpo,0.5,0.5,5.0,814,148,True,0.41423029931410477,0.15448453167176607,0.16174037241140024,0.26954479660272895
dpo,0.5,0.5,5.0,814,149,True,0.41407711766830274,0.15442740356005713,0.16231336092669474,0.2691821178449454
dpo,0.5,0.5,5.0,439,0,True,0.3101642700999805,0.23458199501399768,0.2882591417138307,0.1669945931721911
dpo,0.5,0.5,5.0,439,1,True,0.31130490174456465,0.2345267604354538,0.28931921706929786,0.16484912075068364
dpo,0.5,0.5,5.0,439,2,True,0.3130192318526582,0.23489891138347072,0.29205107307689665,0.16003078368697451
dpo,0.5,0.5,5.0,439,3,True,0.3156863038382829,0.23368352931266062,0.2951153210168216,0.1555148458322349
dpo,0.5,0.5,5.0,439,4,True,0.3180036903926936,0.23288378451331498,0.2975721562879043,0.151540368806087
dpo,0.5,0.5,5.0,439,5,True,0.31938565415172737,0.2311708695908788,0.3009153534063933,0.1485281228510004
dpo,0.5,0.5,5.0,439,6,True,0.3231295251558837,0.22868605509659024,0.30563426876463706,0.14255015098288892
dpo,0.5,0.5,5.0,439,7,True,0.326622781903775,0.22536294306147014,0.31105750787335645,0.1369567671613985
dpo,0.5,0.5,5.0,439,8,True,0.3301321687924992,0.22294273856900926,0.31470683510623576,0.13221825753225577
dpo,0.5,0.5,5.0,439,9,True,0.3283148378792314,0.22432898211835053,0.3157372939560657,0.13161888604635244
dpo,0.5,0.5,5.0,439,10,True,0.3286398938946662,0.2245510844319254,0.31389676764091523,0.1329122540324933
dpo,0.5,0.5,5.0,439,11,True,0.3302135242149551,0.22278001411912562,0.31539980327407163,0.13160665839184757
dpo,0.5,0.5,5.0,439,12,True,0.33163014857819967,0.21983725555769204,0.31954910735202,0.12898348851208832
dpo,0.5,0.5,5.0,439,13,True,0.33173201695664595,0.21947570162304755,0.32027218588056416,0.1285200955397422
dpo,0.5,0.5,5.0,439,14,True,0.3303547912520316,0.2215732289158359,0.3161516139274482,0.13192036590468426
dpo,0.5,0.5,5.0,439,15,True,0.3287716534434055,0.22376531960296345,0.31371610329740934,0.13374692365622182
dpo,0.5,0.5,5.0,439,16,True,0.3285245852181587,0.2227254397407173,0.31717555630777783,0.13157441873334622
dpo,0.5,0.5,5.0,439,17,True,0.3290416297188045,0.22133998251938167,0.3186067916317481,0.13101159613006563
dpo,0.5,0.5,5.0,439,18,True,0.33128335612748705,0.22089790633033393,0.3185920900561074,0.1292266474860716
dpo,0.5,0.5,5.0,439,19,True,0.3314797146231865,0.2212447909901037,0.32096755798758814,0.1263079363991217
dpo,0.5,0.5,5.0,439,20,True,0.3313085475791791,0.22373716314525147,0.315211997877445,0.1297422913981245
dpo,0.5,0.5,5.0,439,21,True,0.3311167699953866,0.2229535112747344,0.3162625285126381,0.12966719021724088
dpo,0.5,0.5,5.0,439,22,True,0.3312714545119146,0.22349375147150694,0.31333536826603153,0.13189942575054678
dpo,0.5,0.5,5.0,439,23,True,0.33281721312274665,0.2227892466348204,0.31265283753668477,0.13174070270574814
dpo,0.5,0.5,5.0,439,24,True,0.3317649296797285,0.22338994183514596,0.31441561882013375,0.13042950966499178
dpo,0.5,0.5,5.0,439,25,True,0.33293842853596445,0.2235242867265334,0.3142976246205794,0.12923966011692267
dpo,0.5,0.5,5.0,439,26,True,0.333465941667396,0.22344160644282837,0.3160276781093397,0.12706477378043604
dpo,0.5,0.5,5.0,439,27,True,0.33350746030476536,0.22544216968660366,0.3154503096200343,0.1256000603885966
dpo,0.5,0.5,5.0,439,28,True,0.33214879336948655,0.22850534547326526,0.31141608637937934,0.1279297747778687
dpo,0.5,0.5,5.0,439,29,True,0.33096565451282983,0.23082573795644215,0.310609980973814,0.12759862655691404
dpo,0.5,0.5,5.0,439,30,True,0.33153120874444997,0.2300939201891689,0.31327497655725295,0.12509989450912812
dpo,0.5,0.5,5.0,439,31,True,0.33187320911056833,0.23259162785790474,0.3105505672819933,0.12498459574953362
dpo,0.5,0.5,5.0,439,32,True,0.334633621498784,0.22797756013878703,0.3134395688543877,0.12394924950804143
dpo,0.5,0.5,5.0,439,33,True,0.335122854040802,0.22543070528378584,0.31759794392893087,0.12184849674648131
dpo,0.5,0.5,5.0,439,34,True,0.33581185599344754,0.22567369155066822,0.317010172488297,0.12150427996758727
dpo,0.5,0.5,5.0,439,35,True,0.33870339390773185,0.22452610199640466,0.3169419170661011,0.11982858702976226
dpo,0.5,0.5,5.0,439,36,True,0.3373720958796805,0.226722210501225,0.313239387124391,0.12266630649470357
dpo,0.5,0.5,5.0,439,37,True,0.33626540552311757,0.2277508590538058,0.310084877394052,0.12589885802902456
dpo,0.5,0.5,5.0,439,38,True,0.3348375668437818,0.2263412863174466,0.31210293059068894,0.12671821624808258
dpo,0.5,0.5,5.0,439,39,True,0.33535753725778483,0.22625044526223226,0.31258759630953437,0.1258044211704484
dpo,0.5,0.5,5.0,439,40,True,0.336736448296632,0.22300433190569063,0.31540921291448204,0.12485000688319531
dpo,0.5,0.5,5.0,439,41,True,0.3386598737687209,0.22123268733645263,0.3187634866064126,0.12134395228841388
dpo,0.5,0.5,5.0,439,42,True,0.3372191115633801,0.2237605824171872,0.3161699156274778,0.12285039039195494
dpo,0.5,0.5,5.0,439,43,True,0.33836435768289397,0.22495945167561002,0.3150824131608321,0.12159377748066393
dpo,0.5,0.5,5.0,439,44,True,0.3395361293375118,0.2246389447011478,0.31710120626611044,0.11872371969523003
dpo,0.5,0.5,5.0,439,45,True,0.3391249512753513,0.22371054408076918,0.3167171968832042,0.12044730776067532
dpo,0.5,0.5,5.0,439,46,True,0.33968502177329235,0.22255343257523488,0.3181710382060368,0.11959050744543592
dpo,0.5,0.5,5.0,439,47,True,0.33826895334850493,0.22249307700361232,0.3168446566113073,0.12239331303657558
dpo,0.5,0.5,5.0,439,48,True,0.3381639293512003,0.223076586783564,0.31520344137434503,0.12355604249089064
dpo,0.5,0.5,5.0,439,49,True,0.3398045591205583,0.22525606318763297,0.31518989980937545,0.11974947788243315
dpo,0.5,0.5,5.0,439,50,True,0.3401915947659928,0.22551262868525163,0.313705386343252,0.1205903902055037
dpo,0.5,0.5,5.0,439,51,True,0.34116731517942905,0.22461869311172805,0.31185217183299624,0.12236181987584673
dpo,0.5,0.5,5.0,439,52,True,0.34319841619956637,0.22072167149483055,0.31370874846317226,0.12237116384243081
dpo,0.5,0.5,5.0,439,53,True,0.3424364922960217,0.22195895259503032,0.31362424318280546,0.12198031192614249
dpo,0.5,0.5,5.0,439,54,True,0.3435373652229308,0.22007829814373492,0.3155556162586854,0.12082872037464887
dpo,0.5,0.5,5.0,439,55,True,0.34454780526282,0.2202949263531532,0.3143276687682917,0.12082959961573506
dpo,0.5,0.5,5.0,439,56,True,0.34238193669475664,0.22192359098963074,0.312656947592406,0.12303752472320663
dpo,0.5,0.5,5.0,439,57,True,0.34264610527333367,0.21801191428529784,0.31596879666506966,0.12337318377629893
dpo,0.5,0.5,5.0,439,58,True,0.3411881695396916,0.21836000054742388,0.3137039688708949,0.12674786104198965
dpo,0.5,0.5,5.0,439,59,True,0.3414802205812889,0.217694879181082,0.31520134751908374,0.12562355271854542
dpo,0.5,0.5,5.0,439,60,True,0.3399517880877225,0.21970382081903225,0.3125671833573633,0.12777720773588205
dpo,0.5,0.5,5.0,439,61,True,0.34000410207436305,0.22124488886853155,0.3117007584258505,0.127050250631255
dpo,0.5,0.5,5.0,439,62,True,0.34090360074789244,0.22183020381869906,0.3128307287580062,0.12443546667540226
dpo,0.5,0.5,5.0,439,63,True,0.3424711345840083,0.21875342627003735,0.3164248627934955,0.12235057635245875
dpo,0.5,0.5,5.0,439,64,True,0.3410481483768401,0.2165717935498436,0.31789182911665465,0.12448822895666145
dpo,0.5,0.5,5.0,439,65,True,0.3411785125366902,0.21814068801052672,0.3149228576491493,0.12575794180363378
dpo,0.5,0.5,5.0,439,66,True,0.34438052393728874,0.21487737847458938,0.3181890356043369,0.12255306198378499
dpo,0.5,0.5,5.0,439,67,True,0.3422628988805008,0.2171310366739149,0.3180908279344294,0.12251523651115485
dpo,0.5,0.5,5.0,439,68,True,0.339058749489882,0.22041438265288563,0.31603750545582376,0.12448936240140858
dpo,0.5,0.5,5.0,439,69,True,0.341765549093553,0.21958560588470327,0.31949517133597927,0.11915367368576452
dpo,0.5,0.5,5.0,439,70,True,0.34077450994661584,0.2247987083885087,0.3136297609306652,0.12079702073421034
dpo,0.5,0.5,5.0,439,71,True,0.34414030268026435,0.22569272062153822,0.31364946014872397,0.11651751654947337
dpo,0.5,0.5,5.0,439,72,True,0.3443532595222793,0.22451301362927628,0.3104902260165594,0.12064350083188503
dpo,0.5,0.5,5.0,439,73,True,0.34497133532422464,0.2238204437622893,0.312570022183276,0.11863819873021016
dpo,0.5,0.5,5.0,439,74,True,0.3420079800513166,0.22693821964246821,0.30958252467483127,0.12147127563138391
dpo,0.5,0.5,5.0,439,75,True,0.34218571179050206,0.22727799575552637,0.3106521877925905,0.11988410466138096
dpo,0.5,0.5,5.0,439,76,True,0.34425375459113544,0.2266507517415573,0.31344661049920836,0.11564888316809895
dpo,0.5,0.5,5.0,439,77,True,0.3444208445532111,0.22499609465759857,0.3154416341118398,0.11514142667735063
dpo,0.5,0.5,5.0,439,78,True,0.3449845384670759,0.2244857206393834,0.3156494973833281,0.11488024351021266
dpo,0.5,0.5,5.0,439,79,True,0.344120530954326,0.22656303959018662,0.313937870501514,0.11537855895397346
dpo,0.5,0.5,5.0,439,80,True,0.33962162194973783,0.23024875001053646,0.3128740994008874,0.1172555286388383
dpo,0.5,0.5,5.0,439,81,True,0.33804498723191656,0.23256169564646353,0.3114216354364596,0.11797168168516024
dpo,0.5,0.5,5.0,439,82,True,0.3393055570537405,0.23206516994405435,0.3144198436980234,0.11420942930418171
dpo,0.5,0.5,5.0,439,83,True,0.338351481141853,0.23209159858042708,0.31353574264852535,0.11602117762919463
dpo,0.5,0.5,5.0,439,84,True,0.33867953092248737,0.22916203362433285,0.3156840348840062,0.11647440056917352
dpo,0.5,0.5,5.0,439,85,True,0.3399383875396841,0.2288934417912447,0.3168574182744185,0.11431075239465267
dpo,0.5,0.5,5.0,439,86,True,0.3365332155801648,0.2326548973172138,0.31552683322880526,0.11528505387381596
dpo,0.5,0.5,5.0,439,87,True,0.3368106332988293,0.23467292318216088,0.3130236246860931,0.11549281883291657
dpo,0.5,0.5,5.0,439,88,True,0.3386130539211034,0.23455040736988123,0.312860204283257,0.11397633442575827
dpo,0.5,0.5,5.0,439,89,True,0.33959241652804667,0.23408301352212463,0.31499312433746274,0.11133144561236591
dpo,0.5,0.5,5.0,439,90,True,0.33832292476089,0.23275290576778832,0.3138155916288537,0.11510857784246807
dpo,0.5,0.5,5.0,439,91,True,0.3391938488226824,0.2313101080652854,0.3143163284922777,0.11517971461975443
dpo,0.5,0.5,5.0,439,92,True,0.33639075184321915,0.2318760875684354,0.3120233808653748,0.1197097797229707
dpo,0.5,0.5,5.0,439,93,True,0.33813608569675835,0.2328516510123382,0.3127247575622199,0.11628750572868357
dpo,0.5,0.5,5.0,439,94,True,0.34104040325292384,0.2343934127902844,0.31265079362055637,0.11191539033623546
dpo,0.5,0.5,5.0,439,95,True,0.33846443569336804,0.23930510671576682,0.3102892602240613,0.11194119736680393
dpo,0.5,0.5,5.0,439,96,True,0.33561765136912924,0.2396209996846654,0.3097899368304909,0.1149714121157143
dpo,0.5,0.5,5.0,439,97,True,0.33494019878972386,0.23658220912267647,0.31158942628830233,0.11688816579929728
dpo,0.5,0.5,5.0,439,98,True,0.3343872280202122,0.23711605071723654,0.3107713706614314,0.11772535060111983
dpo,0.5,0.5,5.0,439,99,True,0.3350694381148372,0.2357507937214021,0.3129296526305902,0.11625011553317056
dpo,0.5,0.5,5.0,439,100,True,0.3347645669009032,0.23530638639971077,0.31264492584795617,0.11728412085142974
dpo,0.5,0.5,5.0,439,101,True,0.33515192738921545,0.2344311798309384,0.3163871924566996,0.11402970032314645
dpo,0.5,0.5,5.0,439,102,True,0.33425029924055416,0.23586445545623888,0.31369260729008824,0.11619263801311876
dpo,0.5,0.5,5.0,439,103,True,0.3322677910533514,0.23607377647343378,0.31581607195306943,0.1158423605201454
dpo,0.5,0.5,5.0,439,104,True,0.3331521142071662,0.23577926748838993,0.3172756835392786,0.1137929347651653
dpo,0.5,0.5,5.0,439,105,True,0.33166278698021207,0.23518413273208627,0.31524102370873386,0.11791205657896779
dpo,0.5,0.5,5.0,439,106,True,0.33351804355343573,0.2360382439424979,0.3148447877221376,0.1155989247819289
dpo,0.5,0.5,5.0,439,107,True,0.33120991727192345,0.23786366609725676,0.3163514971058085,0.11457491952501114
dpo,0.5,0.5,5.0,439,108,True,0.33177154492129596,0.23990136611497825,0.31719754157858704,0.11112954738513887
dpo,0.5,0.5,5.0,439,109,True,0.32892191412143523,0.2392385100951326,0.3169395318750335,0.11490004390839884
dpo,0.5,0.5,5.0,439,110,True,0.3295786228386772,0.23831568159363473,0.3120387684802399,0.12006692708744807
dpo,0.5,0.5,5.0,439,111,True,0.33210390828099073,0.2366496338665725,0.3165864456160107,0.11466001223642615
dpo,0.5,0.5,5.0,439,112,True,0.3307037202015722,0.23542187546105708,0.3171042809917039,0.1167701233456667
dpo,0.5,0.5,5.0,439,113,True,0.32943068854382507,0.2363549565816029,0.3137316031605993,0.12048275171397273
dpo,0.5,0.5,5.0,439,114,True,0.33185270665151384,0.2348596474452463,0.3144988055841136,0.11878884031912638
dpo,0.5,0.5,5.0,439,115,True,0.3336619836925988,0.2366017754807482,0.31621346831546054,0.11352277251119253
dpo,0.5,0.5,5.0,439,116,True,0.3329116575536599,0.23630036401088728,0.31335298012364077,0.11743499831181194
dpo,0.5,0.5,5.0,439,117,True,0.33160068426030415,0.23262769481520296,0.31672473388208616,0.11904688704240672
dpo,0.5,0.5,5.0,439,118,True,0.3334694944652613,0.23325435611871506,0.3154143993713832,0.11786175004464047
dpo,0.5,0.5,5.0,439,119,True,0.335588518556271,0.22795927904329458,0.3199082384462071,0.11654396395422736
dpo,0.5,0.5,5.0,439,120,True,0.3340864067984674,0.22671740952702138,0.31878747637679156,0.12040870729771964
dpo,0.5,0.5,5.0,439,121,True,0.33610813281718405,0.22764433904522402,0.3160528652057827,0.12019466293180907
dpo,0.5,0.5,5.0,439,122,True,0.3371529007521357,0.22857506396366717,0.31487545002418954,0.11939658526000761
dpo,0.5,0.5,5.0,439,123,True,0.3358638901555461,0.23106118638406092,0.3121437445960417,0.1209311788643513
dpo,0.5,0.5,5.0,439,124,True,0.33440429439688496,0.23482371840929936,0.3104838767282103,0.12028811046560543
dpo,0.5,0.5,5.0,439,125,True,0.3369496803618653,0.23684230508170365,0.30769631006585474,0.11851170449057623
dpo,0.5,0.5,5.0,439,126,True,0.3381869281555876,0.23471321553933386,0.31124829566603646,0.11585156063904196
dpo,0.5,0.5,5.0,439,127,True,0.3361409006921729,0.23466416791877343,0.3102729190993645,0.11892201228968914
dpo,0.5,0.5,5.0,439,128,True,0.3355276499046805,0.2365347169891452,0.3106155362353433,0.11732209687083098
dpo,0.5,0.5,5.0,439,129,True,0.335947984310607,0.23659986994940221,0.31191714429357775,0.115535001446413
dpo,0.5,0.5,5.0,439,130,True,0.3368519674024464,0.23631162536831227,0.31367408640186834,0.11316232082737299
dpo,0.5,0.5,5.0,439,131,True,0.33585201299539164,0.23699470827408187,0.3170480811502031,0.11010519758032336
dpo,0.5,0.5,5.0,439,132,True,0.33461048278134314,0.23542787831388942,0.3171123666053605,0.11284927229940685
dpo,0.5,0.5,5.0,439,133,True,0.3331622351034247,0.2357864302750102,0.31512377600500796,0.11592755861655711
dpo,0.5,0.5,5.0,439,134,True,0.3322615955337175,0.23768865844941872,0.3148863120365009,0.11516343398036288
dpo,0.5,0.5,5.0,439,135,True,0.33126492975101945,0.2367443690072928,0.31547843323602426,0.11651226800566353
dpo,0.5,0.5,5.0,439,136,True,0.3335201149678337,0.23420283433349737,0.318247116937117,0.11402993376155195
dpo,0.5,0.5,5.0,439,137,True,0.3345126835728612,0.23352748917867483,0.3201307430412862,0.11182908420717792
dpo,0.5,0.5,5.0,439,138,True,0.3327613290773515,0.23162526206162212,0.3228384573300012,0.11277495153102518
dpo,0.5,0.5,5.0,439,139,True,0.3340164527576669,0.23159248894427814,0.31996816341522927,0.11442289488282574
dpo,0.5,0.5,5.0,439,140,True,0.33483445228526143,0.23489627879864974,0.3188778494596183,0.11139141945647042
dpo,0.5,0.5,5.0,439,141,True,0.33628796855052073,0.23248535113318908,0.32151556852769564,0.1097111117885945
dpo,0.5,0.5,5.0,439,142,True,0.3406956623869787,0.2251860823599898,0.32351056784081156,0.11060768741221993
dpo,0.5,0.5,5.0,439,143,True,0.3390556265265778,0.22541903749339667,0.3244783680336602,0.11104696794636537
dpo,0.5,0.5,5.0,439,144,True,0.33953119690396844,0.23679961354284418,0.3149363393218952,0.10873285023129219
dpo,0.5,0.5,5.0,439,145,True,0.3409567062554263,0.23456484415902798,0.3168768842235837,0.10760156536196205
dpo,0.5,0.5,5.0,439,146,True,0.34183764335608796,0.23724693589452614,0.314915593984726,0.10599982676466001
dpo,0.5,0.5,5.0,439,147,True,0.34252451424411723,0.23633480846261368,0.3161652767597548,0.10497540053351423
dpo,0.5,0.5,5.0,439,148,True,0.3428426262645121,0.23748014650621715,0.3186296124891082,0.10104761474016252
dpo,0.5,0.5,5.0,439,149,True,0.3428396707334096,0.23980858212265763,0.31738465726404225,0.0999670898798905
dpo,0.5,0.5,5.0,543,0,True,0.3020147282632628,0.19898699227669764,0.3063217259190489,0.1926765535409907
dpo,0.5,0.5,5.0,543,1,True,0.30474882788162905,0.19542017513042925,0.308190590197993,0.19164040678994873
dpo,0.5,0.5,5.0,543,2,True,0.3111711560351687,0.18685507868748275,0.31124713483006294,0.19072663044728572
dpo,0.5,0.5,5.0,543,3,True,0.3175021858721147,0.1790617640164203,0.3149544616928877,0.1884815884185773
dpo,0.5,0.5,5.0,543,4,True,0.3224188544689379,0.17367732903157193,0.31757524163223,0.18632857486726007
dpo,0.5,0.5,5.0,543,5,True,0.3274002796291559,0.16726053049914322,0.32145995274890327,0.18387923712279758
dpo,0.5,0.5,5.0,543,6,True,0.34033801202536,0.15385244046730223,0.32785969612632226,0.17794985138101552
dpo,0.5,0.5,5.0,543,7,True,0.3584594026011217,0.13678857764858235,0.33748216917961277,0.1672698505706832
dpo,0.5,0.5,5.0,543,8,True,0.37830108307856886,0.12174166895533724,0.34394286411855757,0.15601438384753644
dpo,0.5,0.5,5.0,543,9,True,0.3829659762633534,0.11759918297078664,0.34530584287664556,0.1541289978892145
dpo,0.5,0.5,5.0,543,10,True,0.38379934339651756,0.1169379333994637,0.3455507095837803,0.15371201362023826
dpo,0.5,0.5,5.0,543,11,True,0.3935223063147035,0.11203262202336044,0.3466045927989544,0.1478404788629817
dpo,0.5,0.5,5.0,543,12,True,0.4001673374696208,0.10823076015538843,0.3439566444313569,0.147645257943634
dpo,0.5,0.5,5.0,543,13,True,0.40871807608416205,0.10399816701062806,0.34233148570636834,0.1449522711988415
dpo,0.5,0.5,5.0,543,14,True,0.39846351397057017,0.11027177129229783,0.3451783528110606,0.1460863619260714
dpo,0.5,0.5,5.0,543,15,True,0.3877872707392385,0.11640643035277255,0.3473557587505688,0.14845054015742004
dpo,0.5,0.5,5.0,543,16,True,0.40159669779315144,0.11154660507912145,0.3420811381894269,0.1447755589383002
dpo,0.5,0.5,5.0,543,17,True,0.41276448012129596,0.10611025836350811,0.3390338044319818,0.14209145708321405
dpo,0.5,0.5,5.0,543,18,True,0.41523101380055183,0.10447546013811553,0.3379102533570914,0.14238327270424123
dpo,0.5,0.5,5.0,543,19,True,0.41930124220488213,0.10366128191714508,0.3365891523928803,0.1404483234850924
dpo,0.5,0.5,5.0,543,20,True,0.40317449578019504,0.11344328881045439,0.3438445868042401,0.13953762860511038
dpo,0.5,0.5,5.0,543,21,True,0.4031575196209285,0.11299625729420434,0.3434945011109326,0.14035172197393447
dpo,0.5,0.5,5.0,543,22,True,0.3870546647528374,0.12434598586293645,0.34686886401596084,0.14173048536826532
dpo,0.5,0.5,5.0,543,23,True,0.3809712362023239,0.1292397477610537,0.3451886448450327,0.14460037119158972
dpo,0.5,0.5,5.0,543,24,True,0.3729779532466787,0.13498476084602692,0.34536955389402046,0.1466677320132739
dpo,0.5,0.5,5.0,543,25,True,0.37303502022464996,0.13229724003480184,0.3473674803421075,0.14730025939844066
dpo,0.5,0.5,5.0,543,26,True,0.3740765548213365,0.13202041401444634,0.34791239266946145,0.14599063849475574
dpo,0.5,0.5,5.0,543,27,True,0.3718756615579961,0.1361722847156906,0.3462878940378356,0.14566415968847773
dpo,0.5,0.5,5.0,543,28,True,0.36011708180569096,0.14685659252622718,0.33987159268035433,0.15315473298772753
dpo,0.5,0.5,5.0,543,29,True,0.356372972958075,0.1473662844689266,0.3412177470933183,0.15504299547968003
dpo,0.5,0.5,5.0,543,30,True,0.3724383032803167,0.13687865902606558,0.3472354346661981,0.14344760302741946
dpo,0.5,0.5,5.0,543,31,True,0.36110127373483925,0.14783429962245132,0.34163350299088935,0.14943092365182006
dpo,0.5,0.5,5.0,543,32,True,0.37140410088117776,0.1400087265323914,0.3452582347859574,0.14332893780047348
dpo,0.5,0.5,5.0,543,33,True,0.38412046529412147,0.12992688122360588,0.34872251765024986,0.1372301358320227
dpo,0.5,0.5,5.0,543,34,True,0.3775723567219823,0.13208811727811523,0.35245204396494834,0.13788748203495427
dpo,0.5,0.5,5.0,543,35,True,0.3685853354761286,0.13830309961637874,0.3538597951153455,0.13925176979214723
dpo,0.5,0.5,5.0,543,36,True,0.36874235111490317,0.13914113666770897,0.34911824115705264,0.1429982710603352
dpo,0.5,0.5,5.0,543,37,True,0.3593044072782594,0.14807151269667276,0.3446970978319916,0.14792698219307615
dpo,0.5,0.5,5.0,543,38,True,0.3631780537378492,0.14702407445479115,0.345617500371163,0.14418037143619666
dpo,0.5,0.5,5.0,543,39,True,0.3634282401521687,0.14605171482540613,0.34882356113299184,0.14169648388943337
dpo,0.5,0.5,5.0,543,40,True,0.3787959945180593,0.13274285062599603,0.3561066301855406,0.132354524670404
dpo,0.5,0.5,5.0,543,41,True,0.39433298933934885,0.12088294202862436,0.36018562771236945,0.12459844091965737
dpo,0.5,0.5,5.0,543,42,True,0.3747976220244422,0.13537864887869805,0.3591217962665281,0.13070193283033174
dpo,0.5,0.5,5.0,543,43,True,0.36705276607266063,0.1404787730316317,0.35723934992872697,0.13522911096698076
dpo,0.5,0.5,5.0,543,44,True,0.3806906380778748,0.13018923226720341,0.36219487084947005,0.12692525880545166
dpo,0.5,0.5,5.0,543,45,True,0.3662156931691673,0.1416375477083852,0.3565987347362369,0.1355480243862107
dpo,0.5,0.5,5.0,543,46,True,0.37342519752644865,0.13334403982519127,0.3610535567239025,0.1321772059244576
dpo,0.5,0.5,5.0,543,47,True,0.3747484083386397,0.13161331228577128,0.35995235900181294,0.13368592037377608
dpo,0.5,0.5,5.0,543,48,True,0.3839031391554496,0.1264433745407808,0.35740052649933957,0.13225295980443008
dpo,0.5,0.5,5.0,543,49,True,0.38792765415620944,0.1238378638912475,0.36009071047523267,0.12814377147731043
dpo,0.5,0.5,5.0,543,50,True,0.3692885165875603,0.13635207613273181,0.3585389175138002,0.13582048976590788
dpo,0.5,0.5,5.0,543,51,True,0.3673787630890067,0.1383898923680268,0.36036098259871163,0.133870361944255
dpo,0.5,0.5,5.0,543,52,True,0.37715775863739615,0.13072465557522342,0.3616480026298341,0.13046958315754628
dpo,0.5,0.5,5.0,543,53,True,0.3617202465119399,0.1409273007996138,0.359958339402391,0.13739411328605536
dpo,0.5,0.5,5.0,543,54,True,0.3646325460558865,0.1369201536516905,0.36312231474800116,0.1353249855444217
dpo,0.5,0.5,5.0,543,55,True,0.3720370376726971,0.1303424591543735,0.3668956214294424,0.13072488174348695
dpo,0.5,0.5,5.0,543,56,True,0.3713081019470375,0.1369305123024263,0.3568220719209493,0.13493931382958693
dpo,0.5,0.5,5.0,543,57,True,0.3879597221760022,0.12669224785477515,0.35514374363191875,0.13020428633730388
dpo,0.5,0.5,5.0,543,58,True,0.38354756196711776,0.12941675457703578,0.3540313642878064,0.13300431916804
dpo,0.5,0.5,5.0,543,59,True,0.3866042939000358,0.12949621767127154,0.35029261955028945,0.1336068688784032
dpo,0.5,0.5,5.0,543,60,True,0.38327333330646124,0.12945057911937738,0.35068248436926164,0.13659360320489977
dpo,0.5,0.5,5.0,543,61,True,0.3738586238553247,0.13881679728003407,0.3479644680017491,0.13936011086289193
dpo,0.5,0.5,5.0,543,62,True,0.37721351223529237,0.13701851464437179,0.34631963660762927,0.13944833651270658
dpo,0.5,0.5,5.0,543,63,True,0.3848583243917295,0.12834612894579142,0.35110256998980605,0.13569297667267313
dpo,0.5,0.5,5.0,543,64,True,0.3857501914644029,0.1264020034083028,0.35329357290303953,0.13455423222425472
dpo,0.5,0.5,5.0,543,65,True,0.38245901107416025,0.1286719340516525,0.3521657536039432,0.13670330127024402
dpo,0.5,0.5,5.0,543,66,True,0.3943706723706358,0.11870099286828294,0.3548951912071957,0.1320331435538856
dpo,0.5,0.5,5.0,543,67,True,0.39682619623759396,0.1154266323902671,0.35553905790236845,0.13220811346977046
dpo,0.5,0.5,5.0,543,68,True,0.38923971460096385,0.1225993778960968,0.35285275860458787,0.13530814889835152
dpo,0.5,0.5,5.0,543,69,True,0.3986620704343385,0.11494592185393823,0.3575329043416561,0.12885910337006728
dpo,0.5,0.5,5.0,543,70,True,0.38143512938407,0.1302846986231439,0.3505376571519736,0.13774251484081254
dpo,0.5,0.5,5.0,543,71,True,0.39119737814118555,0.12100990385579717,0.35410832213023585,0.13368439587278125
dpo,0.5,0.5,5.0,543,72,True,0.3822259353121405,0.1292860656613449,0.35246707018139506,0.13602092884511957
dpo,0.5,0.5,5.0,543,73,True,0.3882921770558285,0.12422689008487794,0.3561429903996053,0.1313379424596882
dpo,0.5,0.5,5.0,543,74,True,0.36080512775866574,0.14674256560522625,0.34470318155469115,0.14774912508141708
dpo,0.5,0.5,5.0,543,75,True,0.36543974385205863,0.1440547164818718,0.344895019000282,0.1456105206657875
dpo,0.5,0.5,5.0,543,76,True,0.3863719780948215,0.12710127034602356,0.3516239560937579,0.13490279546539685
dpo,0.5,0.5,5.0,543,77,True,0.40406428659054694,0.11503383865751178,0.35294776951648205,0.12795410523545922
dpo,0.5,0.5,5.0,543,78,True,0.3998566111460996,0.1167633199392517,0.3523556965532269,0.1310243723614218
dpo,0.5,0.5,5.0,543,79,True,0.39460585881680316,0.11958647917042213,0.3514842086761288,0.13432345333664572
dpo,0.5,0.5,5.0,543,80,True,0.3750720936646696,0.1331171523696629,0.3481576403232093,0.14365311364245828
dpo,0.5,0.5,5.0,543,81,True,0.3699481282626226,0.1374654437790442,0.34711012711395417,0.14547630084437915
dpo,0.5,0.5,5.0,543,82,True,0.3934530551815866,0.12117398253742184,0.35045738085685113,0.1349155814241404
dpo,0.5,0.5,5.0,543,83,True,0.3848909045905279,0.1251695118964764,0.3513895637698262,0.13855001974316952
dpo,0.5,0.5,5.0,543,84,True,0.4000473739428356,0.11562729421002982,0.3535580966182116,0.13076723522892297
dpo,0.5,0.5,5.0,543,85,True,0.4072907975975371,0.10892719948743372,0.36119220238466315,0.1225898005303659
dpo,0.5,0.5,5.0,543,86,True,0.3935417470106423,0.11684306212142397,0.3616635998141145,0.12795159105381915
dpo,0.5,0.5,5.0,543,87,True,0.38802407808656686,0.11921059243250128,0.3648710330814758,0.12789429639945618
dpo,0.5,0.5,5.0,543,88,True,0.3933209764421532,0.1156991398631852,0.36465161514521,0.1263282685494516
dpo,0.5,0.5,5.0,543,89,True,0.3982049754576805,0.11212708348901598,0.36603844570630856,0.123629495346995
dpo,0.5,0.5,5.0,543,90,True,0.3980091044872119,0.11207192988217426,0.3635434087701864,0.12637555686042742
dpo,0.5,0.5,5.0,543,91,True,0.40268602087274374,0.10840793575282721,0.36388533139922774,0.12502071197520134
dpo,0.5,0.5,5.0,543,92,True,0.4041951780047976,0.1083106344899434,0.3594986331876877,0.12799555431757131
dpo,0.5,0.5,5.0,543,93,True,0.415643885986445,0.10419706151295524,0.3563010843502304,0.12385796815036944
dpo,0.5,0.5,5.0,543,94,True,0.42472221150019185,0.10187035345082458,0.35314015674035465,0.12026727830862899
dpo,0.5,0.5,5.0,543,95,True,0.41508118674829136,0.10390368519949861,0.36001300199159286,0.1210021260606171
dpo,0.5,0.5,5.0,543,96,True,0.4042989837615872,0.10611338356313865,0.3651645312060168,0.12442310146925743
dpo,0.5,0.5,5.0,543,97,True,0.40850511966567127,0.10527199357472192,0.3612093012075762,0.12501358555203063
dpo,0.5,0.5,5.0,543,98,True,0.3852821230036094,0.11704630233371875,0.36229268797280323,0.1353788866898686
dpo,0.5,0.5,5.0,543,99,True,0.38611974870778515,0.11424829584738365,0.3673602093861787,0.13227174605865244
dpo,0.5,0.5,5.0,543,100,True,0.3971230621866797,0.10870001325815569,0.36344325085673995,0.13073367369842465
dpo,0.5,0.5,5.0,543,101,True,0.4127744587536077,0.10309947592401152,0.3607321492418915,0.12339391608048923
dpo,0.5,0.5,5.0,543,102,True,0.4081820424852629,0.10601374189265822,0.3619825730627158,0.12382164255936312
dpo,0.5,0.5,5.0,543,103,True,0.4025956808909286,0.10704247880512623,0.364603948316039,0.12575789198790618
dpo,0.5,0.5,5.0,543,104,True,0.3972481117235283,0.10838968493319363,0.36400176200020407,0.13036044134307417
dpo,0.5,0.5,5.0,543,105,True,0.3956297476976814,0.10903407346227592,0.36278445551765026,0.1325517233223926
dpo,0.5,0.5,5.0,543,106,True,0.3943269261452365,0.10888748404862084,0.3662095526019028,0.13057603720423974
dpo,0.5,0.5,5.0,543,107,True,0.4072735781253723,0.1042905187525232,0.36579141506695395,0.12264448805515063
dpo,0.5,0.5,5.0,543,108,True,0.4162530697735556,0.10225654701389163,0.3618235627706916,0.11966682044186122
dpo,0.5,0.5,5.0,543,109,True,0.40680417686819187,0.10550122421079809,0.36519146419681775,0.12250313472419232
dpo,0.5,0.5,5.0,543,110,True,0.38295262210777037,0.1196512428087368,0.36443591965776473,0.13296021542572814
dpo,0.5,0.5,5.0,543,111,True,0.40332746014930815,0.10828941180422111,0.3631326953710518,0.12525043267541894
dpo,0.5,0.5,5.0,543,112,True,0.41029820548911705,0.1049624823949896,0.3599714960883181,0.12476781602757522
dpo,0.5,0.5,5.0,543,113,True,0.3996090264153404,0.10632623174308525,0.3651830535795177,0.12888168826205673
dpo,0.5,0.5,5.0,543,114,True,0.4182138193582749,0.09817720708120521,0.3603468536836217,0.12326211987689817
dpo,0.5,0.5,5.0,543,115,True,0.4148512704326357,0.09748298831849617,0.36915656621833054,0.11850917503053743
dpo,0.5,0.5,5.0,543,116,True,0.40281713690804716,0.10088297886560885,0.37209046168136317,0.12420942254498077
dpo,0.5,0.5,5.0,543,117,True,0.41237396852494007,0.09787569022242251,0.3682984146251349,0.1214519266275026
dpo,0.5,0.5,5.0,543,118,True,0.4039972675976883,0.10090717989146962,0.37254335751748596,0.12255219499335615
dpo,0.5,0.5,5.0,543,119,True,0.42495065761780765,0.0959838639716464,0.3610033091681045,0.11806216924244146
dpo,0.5,0.5,5.0,543,120,True,0.42232256830714615,0.0965618238069674,0.36176117107023853,0.11935443681564797
dpo,0.5,0.5,5.0,543,121,True,0.42311349175916546,0.10010645753612597,0.35508154820214566,0.1216985025025629
dpo,0.5,0.5,5.0,543,122,True,0.414560998517715,0.10134481570342085,0.36052874424579745,0.12356544153306671
dpo,0.5,0.5,5.0,543,123,True,0.4002494912672107,0.10769939214841867,0.36576834293700394,0.1262827736473667
dpo,0.5,0.5,5.0,543,124,True,0.395795619322739,0.10833666730661293,0.3672147377134146,0.12865297565723344
dpo,0.5,0.5,5.0,543,125,True,0.3800961341860667,0.11829575385339203,0.36598136197911,0.13562674998143123
dpo,0.5,0.5,5.0,543,126,True,0.38627615501399115,0.1149381707400157,0.36777828696869647,0.1310073872772967
dpo,0.5,0.5,5.0,543,127,True,0.39997689895913496,0.10839074751534153,0.3645389320966847,0.1270934214288388
dpo,0.5,0.5,5.0,543,128,True,0.3955428076398757,0.11064570358449557,0.3654602271471144,0.12835126162851435
dpo,0.5,0.5,5.0,543,129,True,0.41009788736727437,0.10394244028500245,0.3615568600271053,0.1244028123206178
dpo,0.5,0.5,5.0,543,130,True,0.42244223923262136,0.10038783221403536,0.35417218540386547,0.12299774314947794
dpo,0.5,0.5,5.0,543,131,True,0.43080646951372514,0.09859786296697737,0.3483670338204029,0.12222863369889447
dpo,0.5,0.5,5.0,543,132,True,0.4286325364807052,0.10003517444117582,0.344752426834409,0.12657986224370998
dpo,0.5,0.5,5.0,543,133,True,0.4238970265859832,0.10197073663746924,0.34648184007505894,0.12765039670148862
dpo,0.5,0.5,5.0,543,134,True,0.41890508801436105,0.10320997112004883,0.34458192617525113,0.13330301469033892
dpo,0.5,0.5,5.0,543,135,True,0.417563173695983,0.10297986702385983,0.3473572592382745,0.13209970004188254
dpo,0.5,0.5,5.0,543,136,True,0.42768377913156647,0.09841033287671254,0.3461798049125958,0.1277260830791252
dpo,0.5,0.5,5.0,543,137,True,0.42858892872971577,0.09968369846323384,0.34657384323491075,0.1251535295721397
dpo,0.5,0.5,5.0,543,138,True,0.42790247032147466,0.10138791375184102,0.34551225366030963,0.12519736226637468
dpo,0.5,0.5,5.0,543,139,True,0.42735480411499654,0.09929963893473949,0.35084655624552497,0.12249900070473892
dpo,0.5,0.5,5.0,543,140,True,0.4198203587908948,0.10099007201370573,0.3562969108938201,0.1228926583015793
dpo,0.5,0.5,5.0,543,141,True,0.4214226718422603,0.09907552072329048,0.35905660536209666,0.12044520207235271
dpo,0.5,0.5,5.0,543,142,True,0.4248604841180251,0.09814331526993968,0.3553310552311229,0.12166514538091232
dpo,0.5,0.5,5.0,543,143,True,0.42616385833736925,0.09744011447605638,0.35382015950449935,0.12257586768207498
dpo,0.5,0.5,5.0,543,144,True,0.407994598189099,0.10371274687167026,0.3650103865882993,0.12328226835093148
dpo,0.5,0.5,5.0,543,145,True,0.4205826119483768,0.09941053648001152,0.36009485535825375,0.11991199621335781
dpo,0.5,0.5,5.0,543,146,True,0.40308563657593743,0.1074871916824662,0.36522595782598993,0.12420121391560655
dpo,0.5,0.5,5.0,543,147,True,0.40880035383930113,0.10463037858364248,0.3651959050259828,0.12137336255107356
dpo,0.5,0.5,5.0,543,148,True,0.40377361062295697,0.10543355179213226,0.36943956333843486,0.12135327424647598
dpo,0.5,0.5,5.0,543,149,True,0.3949187880591216,0.11101187473247227,0.36864439775205077,0.12542493945635538
dpo,0.99,0.8,1.0,814,0,True,0.35179094826225493,0.16945177146262802,0.21047465186737022,0.26828262840774686
dpo,0.99,0.8,1.0,814,1,True,0.3529221369824769,0.1691686074820921,0.2088953471009659,0.2690139084344652
dpo,0.99,0.8,1.0,814,2,True,0.3557489449665802,0.168372434249805,0.20629421877698906,0.2695844020066258
dpo,0.99,0.8,1.0,814,3,True,0.36009771378711236,0.16770647279615242,0.20130727117008024,0.27088854224665515
dpo,0.99,0.8,1.0,814,4,True,0.3654115816870228,0.16729761287405248,0.1952090848929449,0.2720817205459797
dpo,0.99,0.8,1.0,814,5,True,0.3770018802399211,0.1660727517762446,0.18418516462071893,0.2727402033631153
dpo,0.99,0.8,1.0,814,6,True,0.3914553530893119,0.16494525909383995,0.16951771011004,0.2740816777068081
dpo,0.99,0.8,1.0,814,7,True,0.4092111599679729,0.16205921207786464,0.1560030935660606,0.27272653438810174
dpo,0.99,0.8,1.0,814,8,True,0.440528935347877,0.15815286546303553,0.13620321599411958,0.2651149831949679
dpo,0.99,0.8,1.0,814,9,True,0.48615668320320304,0.15119376337352447,0.1072124323541433,0.2554371210691292
dpo,0.99,0.8,1.0,814,10,True,0.5556483770526194,0.13643370293015059,0.06846931432333118,0.23944860569389873
dpo,0.99,0.8,1.0,814,11,True,0.65089382241252,0.09942864783096882,0.031655408849048994,0.21802212090746217
dpo,0.99,0.8,1.0,814,12,True,0.7206611065404558,0.06223703522946326,0.017761691839277102,0.19934016639080393
dpo,0.99,0.8,1.0,814,13,True,0.9426505025662819,0.010431075096174774,0.0017845465350959508,0.04513387580244742
dpo,0.99,0.8,1.0,814,14,True,0.9992952334893201,0.00010714473060715286,1.645592873942778e-08,0.0005976053241439017
dpo,0.99,0.8,1.0,814,15,True,0.9999157561784158,2.8187082640109758e-05,3.153977250353729e-11,5.605670740459883e-05
dpo,0.99,0.8,1.0,814,16,True,0.9999943932132571,2.5413424147483723e-06,2.3341857196975627e-13,3.0654440948060463e-06
dpo,0.99,0.8,1.0,814,17,True,0.9999922621186486,1.4480101738132798e-06,1.6979996436375574e-12,6.289869479706796e-06
dpo,0.99,0.8,1.0,814,18,True,0.9999840849101681,1.5174892239616156e-06,6.371644552164957e-11,1.439753689146851e-05
dpo,0.99,0.8,1.0,814,19,True,0.9999968426416761,5.759812911828771e-07,7.975150010318128e-12,2.581369057413507e-06
dpo,0.99,0.8,1.0,814,20,True,0.9999975948821761,1.7983026464676058e-07,6.663492262149636e-12,2.225280895555778e-06
dpo,0.99,0.8,1.0,814,21,True,0.9999565835378035,7.690049600937179e-07,2.1847853932460082e-11,4.2647435388532803e-05
dpo,0.99,0.8,1.0,814,22,True,0.9998119178847585,2.8567866898034885e-06,1.1445800831520101e-10,0.00018522521409367225
dpo,0.99,0.8,1.0,814,23,True,0.9992293911989711,9.288732923597335e-06,1.2989515396114964e-09,0.0007613187691536894
dpo,0.99,0.8,1.0,814,24,True,0.9993156120375718,1.8872833907753293e-06,5.888868657385709e-11,0.0006825006201487074
dpo,0.99,0.8,1.0,814,25,True,0.9728205580782721,1.0490340935318418e-05,5.200918277614614e-09,0.027168946379874333
dpo,0.99,0.8,1.0,814,26,True,0.9998506075610457,5.538347922545168e-07,2.0405135703447025e-10,0.00014883840011058053
dpo,0.99,0.8,1.0,814,27,True,0.9999613918791581,7.917532744120551e-08,1.3148333322597067e-11,3.852893236621774e-05
dpo,0.99,0.8,1.0,814,28,True,0.9983097083820462,2.7864164290027083e-06,2.8507915944919785e-10,0.0016875049164455076
dpo,0.99,0.8,1.0,814,29,True,0.9999224930368646,1.4822453226073909e-06,3.6019793469612566e-11,7.602468179300247e-05
dpo,0.99,0.8,1.0,814,30,True,0.9954056988959463,2.0529095459738245e-05,1.635745149741227e-09,0.004573770372848767
dpo,0.99,0.8,1.0,814,31,True,0.9941270443558756,7.661308477601808e-06,9.163911990097001e-10,0.005865293419255649
dpo,0.99,0.8,1.0,814,32,True,0.9998958511241289,2.3821215463790384e-07,1.284291068749282e-11,0.00010391065087349406
dpo,0.99,0.8,1.0,814,33,True,0.9211043649139532,0.0002748268122860933,4.3549420852192175e-08,0.07862076472433989
dpo,0.99,0.8,1.0,814,34,True,0.9394018632303784,7.311701741217535e-05,5.883967751343362e-08,0.0605249609125318
dpo,0.99,0.8,1.0,814,35,True,0.9717720049936688,7.202127677741418e-06,9.261645865756107e-09,0.02822078361700776
dpo,0.99,0.8,1.0,814,36,True,0.9999995149704918,3.324546024824743e-12,1.1990185137120555e-14,4.850261717810826e-07
dpo,0.99,0.8,1.0,814,37,True,0.9357680817404028,5.164717240901299e-05,1.0069595547613751e-06,0.06417926412763335
dpo,0.99,0.8,1.0,814,38,True,0.9664016599996831,8.179633325497219e-06,9.61772179389701e-07,0.033589198594812124
dpo,0.99,0.8,1.0,814,39,True,0.9706471307502601,4.172209201874292e-05,1.4358268223935206e-07,0.02931100357503892
dpo,0.99,0.8,1.0,814,40,True,0.9382960609913095,0.00027777760408958293,2.043901978052089e-05,0.061405722384820643
dpo,0.99,0.8,1.0,814,41,True,0.9067416277874374,0.00012146717648465348,0.0005074161998803946,0.09262948883619752
dpo,0.99,0.8,1.0,814,42,True,0.9866122230487516,8.582185546544002e-06,2.7430312561467084e-06,0.01337645173444582
dpo,0.99,0.8,1.0,814,43,True,0.9991125919897714,6.054498799733162e-07,3.0443931852929935e-07,0.0008864981210299558
dpo,0.99,0.8,1.0,814,44,True,0.9977806265945633,2.2908289022028065e-06,7.47982132065248e-08,0.002217007778321264
dpo,0.99,0.8,1.0,814,45,True,0.9424045650449867,8.119185513608213e-05,2.719586489785613e-05,0.05748704723497937
dpo,0.99,0.8,1.0,814,46,True,0.916678297488328,3.241145368299593e-05,7.43023179228544e-08,0.08328921675567107
dpo,0.99,0.8,1.0,814,47,True,0.9414603143590385,0.00017578294637004028,3.007291626043881e-05,0.05833382977833105
dpo,0.99,0.8,1.0,814,48,True,0.9778203368708299,3.3509575288939866e-05,3.09912909373551e-05,0.022115162262943817
dpo,0.99,0.8,1.0,814,49,True,0.9999754652349434,8.93422042187119e-10,4.3047484705319316e-08,2.449082414973459e-05
dpo,0.99,0.8,1.0,814,50,True,0.9949966404510734,4.7497579967027995e-09,1.6910309790444339e-06,0.005001663768189619
dpo,0.99,0.8,1.0,814,51,True,0.9978837941103786,2.740409828671871e-10,5.03280359073945e-07,0.0021157023352213573
dpo,0.99,0.8,1.0,814,52,True,0.9612182278009218,1.004632349570028e-05,1.656358723969552e-05,0.03875516228834298
dpo,0.99,0.8,1.0,814,53,True,0.9807152095971128,4.804124838181861e-06,9.116627009066245e-06,0.01927086965104001
dpo,0.99,0.8,1.0,814,54,True,0.9836239010371466,1.4550226704578413e-07,0.00022678419638388542,0.016149169264202408
dpo,0.99,0.8,1.0,814,55,True,0.9999169149400623,9.850149093139305e-10,4.33955244469505e-06,7.874452247806922e-05
dpo,0.99,0.8,1.0,814,56,True,0.9999765599402549,3.6032497500456855e-09,6.974711470559901e-07,2.2738985348088057e-05
dpo,0.99,0.8,1.0,814,57,True,0.9977576147886326,1.8618317981962225e-08,2.5409945559395756e-05,0.0022169566474901157
dpo,0.99,0.8,1.0,814,58,True,0.9978824344502436,4.51951498186996e-08,1.006923259929472e-05,0.0021074511220072574
dpo,0.99,0.8,1.0,814,59,True,0.9914499378121122,1.249558235558983e-07,5.655932443490725e-06,0.008544281299620872
dpo,0.99,0.8,1.0,814,60,True,0.982747775217949,9.46240453033657e-06,1.5057432384458956e-07,0.017242611803196854
dpo,0.99,0.8,1.0,814,61,True,0.9883125816124803,1.2701714582288065e-07,3.527138753418904e-08,0.011687256098986475
dpo,0.99,0.8,1.0,814,62,True,0.9866748363124324,1.1431967487424615e-08,4.765553055706869e-09,0.013325147490047073
dpo,0.99,0.8,1.0,814,63,True,0.9915215151225444,2.5990210691496467e-08,5.7661802655486366e-08,0.00847840122544206
dpo,0.99,0.8,1.0,814,64,True,0.9938548470403576,3.8351330653412144e-08,2.2900625505163274e-08,0.006145091707686243
dpo,0.99,0.8,1.0,814,65,True,0.9918647780222163,1.5137873016920234e-07,1.0447937228227812e-05,0.008124622661825495
dpo,0.99,0.8,1.0,814,66,True,0.9983730495436369,4.108441713862657e-09,1.0313085569923498e-05,0.0016166332623511936
dpo,0.99,0.8,1.0,814,67,True,0.9999999052358718,5.446789214683636e-15,1.3480932776320237e-14,9.47641091567087e-08
dpo,0.99,0.8,1.0,814,68,True,0.9898494971183546,5.905369551104815e-07,9.854018528744876e-05,0.010051372159402817
dpo,0.99,0.8,1.0,814,69,True,0.9846109066740187,5.70537135164647e-06,1.8417164324487292e-05,0.015364970790305126
dpo,0.99,0.8,1.0,814,70,True,0.9905828225437407,7.798616541761471e-07,7.710061510317674e-05,0.009339296979502051
dpo,0.99,0.8,1.0,814,71,True,0.9820486679246389,1.6922534669375246e-05,0.0002264210108460384,0.017707988529845727
dpo,0.99,0.8,1.0,814,72,True,0.9899626260342489,1.4447300245938565e-06,2.259937994675582e-05,0.010013329855779868
dpo,0.99,0.8,1.0,814,73,True,0.987038235675087,1.244369485092423e-05,2.938807726682673e-05,0.012919932552795152
dpo,0.99,0.8,1.0,814,74,True,0.8746626853958671,9.543042344052652e-06,0.003673636559572428,0.12165413500221645
dpo,0.99,0.8,1.0,814,75,True,0.6345675002783919,6.014320719074725e-07,0.03878454295911938,0.32664735533041667
dpo,0.99,0.8,1.0,814,76,True,0.6071419235505201,1.4577810446278072e-07,0.09347264486322875,0.2993852858081466
dpo,0.99,0.8,1.0,814,77,True,0.7815528224285528,4.4225135177244126e-08,0.04061963168000351,0.17782750166630837
dpo,0.99,0.8,1.0,814,78,True,0.9870250773070179,8.786758845615534e-08,0.00045257374656664244,0.012522261078826936
dpo,0.99,0.8,1.0,814,79,True,0.9940502466186507,3.581895262500459e-09,0.00019834576275746887,0.005751404036696404
dpo,0.99,0.8,1.0,814,80,True,0.9931510449505808,6.34331801119861e-08,7.821170300726114e-05,0.006770679913231712
dpo,0.99,0.8,1.0,814,81,True,0.9888268296462106,3.232049835201691e-08,0.00012371077405398586,0.01104942725923706
dpo,0.99,0.8,1.0,814,82,True,0.9164762408976175,1.0724427765363467e-07,0.003129423002187608,0.08039422885591736
dpo,0.99,0.8,1.0,814,83,True,0.5713590832570762,0.00035115998183671455,0.05211676225479022,0.37617299450629704
dpo,0.99,0.8,1.0,814,84,True,0.8990950899094249,2.899716086058503e-06,0.0023631194613033474,0.09853889091318585
dpo,0.99,0.8,1.0,814,85,True,0.7393293211552384,4.301485866950501e-05,0.012499208564655438,0.24812845542143674
dpo,0.99,0.8,1.0,814,86,True,0.9563606351507318,3.0188462721937634e-06,0.0005362294936976384,0.043100116509298445
dpo,0.99,0.8,1.0,814,87,True,0.6863208419311471,2.370091642162866e-06,0.0219328572389473,0.2917439307382635
dpo,0.99,0.8,1.0,814,88,True,0.5177249684775633,8.992682700424978e-05,0.07502365976872963,0.40716144492670286
dpo,0.99,0.8,1.0,814,89,True,0.5690105725333829,7.86325913595123e-06,0.051197765568655726,0.3797837986388254
dpo,0.99,0.8,1.0,814,90,True,0.6204227082416975,0.002081597042960531,0.05183051965083951,0.32566517506450254
dpo,0.99,0.8,1.0,814,91,True,0.6110843701416776,0.004986036397312528,0.056839700553348166,0.3270898929076617
dpo,0.99,0.8,1.0,814,92,True,0.6256015936926984,2.1565145792248277e-05,0.0261771164634598,0.3481997246980495
dpo,0.99,0.8,1.0,814,93,True,0.6105445701695539,0.0019243450419481772,0.03760894503227341,0.34992213975622455
dpo,0.99,0.8,1.0,814,94,True,0.6484964882324067,0.0003946956622073471,0.01924167430471242,0.3318671418006735
dpo,0.99,0.8,1.0,814,95,True,0.7256426012452288,4.887152205643282e-06,0.006881622714680577,0.2674708888878849
dpo,0.99,0.8,1.0,814,96,True,0.6091231646359315,4.000147754375591e-05,0.03135029299735794,0.35948654088916665
dpo,0.99,0.8,1.0,814,97,True,0.6965093264217412,6.251941118758462e-05,0.010230547100485606,0.2931976070665856
dpo,0.99,0.8,1.0,814,98,True,0.5250800309028355,0.05599539419241967,0.0429331579847977,0.3759914169199471
dpo,0.99,0.8,1.0,814,99,True,0.8285925574976831,6.758738319918988e-05,0.0010167421525271593,0.17032311296659064
dpo,0.99,0.8,1.0,814,100,True,0.7679939943416262,5.0731001453209344e-05,0.002260660242345104,0.22969461441457548
dpo,0.99,0.8,1.0,814,101,True,0.9683449472180854,4.2854203841038106e-06,3.318485686062737e-05,0.03161758250466979
dpo,0.99,0.8,1.0,814,102,True,0.9549765753543866,6.59709625420814e-06,1.668007150398993e-06,0.045015159542208825
dpo,0.99,0.8,1.0,814,103,True,0.9575773355198288,8.763534146266029e-06,1.0906394460122852e-05,0.04240299455156488
dpo,0.99,0.8,1.0,814,104,True,0.49016278145925024,2.0580989748351933e-05,0.08891726165293773,0.4208993758980637
dpo,0.99,0.8,1.0,814,105,True,0.4671157285756986,9.428956600891794e-06,0.0810141568044275,0.45186068566327314
dpo,0.99,0.8,1.0,814,106,True,0.5948621214245248,2.225189091542909e-07,0.03650006440086351,0.3686375916557024
dpo,0.99,0.8,1.0,814,107,True,0.6161526951225748,7.153990260850231e-08,0.026548242894729596,0.3572989904427931
dpo,0.99,0.8,1.0,814,108,True,0.9509183805963048,1.3687013300806684e-07,4.4023111748469224e-05,0.0490374594218136
dpo,0.99,0.8,1.0,814,109,True,0.8462029635742983,3.642780287964566e-08,0.0014873696740195345,0.15230963032387937
dpo,0.99,0.8,1.0,814,110,True,0.8099475980057264,6.215725903184864e-08,0.0057641462553803344,0.18428819358163426
dpo,0.99,0.8,1.0,814,111,True,0.8972635061181067,1.7615274424074242e-08,0.0016722889767398067,0.10106418728987908
dpo,0.99,0.8,1.0,814,112,True,0.7306327689862434,6.477961635635295e-09,0.009360409977196695,0.2600068145585983
dpo,0.99,0.8,1.0,814,113,True,0.5550898516821104,1.8396006178447347e-07,0.04897919521826757,0.39593076913956027
dpo,0.99,0.8,1.0,814,114,True,0.48241284640328763,4.147447373317353e-06,0.08515092542705936,0.4324320807222797
dpo,0.99,0.8,1.0,814,115,True,0.8815876467233841,9.049447751601101e-09,0.002773210504560166,0.11563913372260806
dpo,0.99,0.8,1.0,814,116,True,0.9055427853622889,4.425908715075156e-08,0.003916408957786591,0.09054076142083742
dpo,0.99,0.8,1.0,814,117,True,0.9708273386502582,6.176560723825898e-08,8.429658999742641e-05,0.029088302994137265
dpo,0.99,0.8,1.0,814,118,True,0.6046368420003516,8.001770715423143e-08,0.031486216909473244,0.36387686107246797
dpo,0.99,0.8,1.0,814,119,True,0.9901819387339034,2.0492109010148193e-08,0.00016735161979978473,0.009650689154187663
dpo,0.99,0.8,1.0,814,120,True,0.8501689969136529,1.0571051468319795e-06,0.009407703732298529,0.14042224224890187
dpo,0.99,0.8,1.0,814,121,True,0.4906606729273352,6.18581070983632e-06,0.07885634623234908,0.4304767950296059
dpo,0.99,0.8,1.0,814,122,True,0.5248433629630943,0.0005573530553789321,0.08304227884784786,0.39155700513367886
dpo,0.99,0.8,1.0,814,123,True,0.5487951594264072,5.462477328738574e-06,0.07768383027015492,0.3735155478261092
dpo,0.99,0.8,1.0,814,124,True,0.9958760954471362,1.0005328295579904e-08,3.005938730353891e-05,0.004093835160232089
dpo,0.99,0.8,1.0,814,125,True,0.5935241416056959,0.00018998747878893457,0.07399863446778773,0.33228723644772745
dpo,0.99,0.8,1.0,814,126,True,0.9977063279399087,1.528434199565566e-08,1.0906796493231167e-05,0.002282749979256098
dpo,0.99,0.8,1.0,814,127,True,0.9982750942361345,1.2003656561368703e-08,6.68503164880082e-05,0.0016580434437210919
dpo,0.99,0.8,1.0,814,128,True,0.9981086822986583,1.0991848783715992e-08,1.6475899873830613e-05,0.0018748308096190713
dpo,0.99,0.8,1.0,814,129,True,0.9916824635335396,2.8161629398053345e-08,0.0003046816962423577,0.008012826608588769
dpo,0.99,0.8,1.0,814,130,True,0.9970249505492244,6.939519322587742e-08,7.43381905409135e-05,0.002900641865041298
dpo,0.99,0.8,1.0,814,131,True,0.9511402083132551,1.5728932584109276e-06,5.435773648974821e-07,0.048857675216121735
dpo,0.99,0.8,1.0,814,132,True,0.6791413499983702,4.5213560760088425e-05,9.77811826075377e-06,0.32080365832260904
dpo,0.99,0.8,1.0,814,133,True,0.638818783809521,2.442240868889212e-05,1.3995154922061265e-06,0.36115539426629806
dpo,0.99,0.8,1.0,814,134,True,0.636998241813243,4.957985859004183e-05,1.5207591857029746e-06,0.3629506575689812
dpo,0.99,0.8,1.0,814,135,True,0.9480390205398126,7.978523332636026e-05,4.204386345543396e-05,0.05183915036340566
dpo,0.99,0.8,1.0,814,136,True,0.9499195501478119,7.809160619204378e-05,0.0004389761466439237,0.04956338209935206
dpo,0.99,0.8,1.0,814,137,True,0.49431771336448,4.704096542629055e-06,0.08038054786395817,0.42529703467501934
dpo,0.99,0.8,1.0,814,138,True,0.9311080231786595,4.660172449211085e-06,0.0063850123566130445,0.06250230429227831
dpo,0.99,0.8,1.0,814,139,True,0.7153055993090004,4.733589962896791e-06,0.0665337849492542,0.2181558821517825
dpo,0.99,0.8,1.0,814,140,True,0.6609122600784482,3.5488043603875607e-06,0.0882301920460848,0.25085399907110656
dpo,0.99,0.8,1.0,814,141,True,0.9666823884424686,1.4500793833448507e-05,0.0013053198624673314,0.03199779090123055
dpo,0.99,0.8,1.0,814,142,True,0.5199994121468512,1.2760425006356532e-05,0.10836100654674886,0.3716268208813934
dpo,0.99,0.8,1.0,814,143,True,0.35695911759605364,2.060658969330103e-05,0.059074132230746895,0.5839461435835062
dpo,0.99,0.8,1.0,814,144,True,0.361338790016576,0.0010931186357886057,0.06015034901047971,0.5774177423371557
dpo,0.99,0.8,1.0,814,145,True,0.4263100064855834,2.2189979771736176e-05,0.08394541753338707,0.4897223860012577
dpo,0.99,0.8,1.0,814,146,True,0.5386016094564317,3.0730236512354425e-05,0.07418443027566035,0.38718323003139565
dpo,0.99,0.8,1.0,814,147,True,0.5292876359089062,0.01141145821006359,0.07844143785267699,0.38085946802835324
dpo,0.99,0.8,1.0,814,148,True,0.5073578974017391,0.09239673722324789,0.107182090300558,0.293063275074455
dpo,0.99,0.8,1.0,814,149,True,0.5813616617207297,0.0005448290488482523,0.06822389838277543,0.34986961084764673
dpo,0.99,0.8,1.0,439,0,True,0.3101642700999805,0.23458199501399768,0.2882591417138307,0.1669945931721911
dpo,0.99,0.8,1.0,439,1,True,0.31163813555799086,0.23454864442020634,0.28991189537399215,0.16390132464781068
dpo,0.99,0.8,1.0,439,2,True,0.31423704251924317,0.23443511712951082,0.2934737620728903,0.15785407827835574
dpo,0.99,0.8,1.0,439,3,True,0.31909956864884953,0.23186776808163997,0.299473705489671,0.1495589577798395
dpo,0.99,0.8,1.0,439,4,True,0.3253352868117784,0.22756466215797785,0.30772060349509295,0.1393794475351508
dpo,0.99,0.8,1.0,439,5,True,0.3283340898955772,0.2206484518227065,0.32041518060967666,0.13060227767203958
dpo,0.99,0.8,1.0,439,6,True,0.33430666091001154,0.21416488696490424,0.33463329172029854,0.11689516040478577
dpo,0.99,0.8,1.0,439,7,True,0.3425823271889391,0.2063711120207758,0.34968047630547466,0.10136608448481037
dpo,0.99,0.8,1.0,439,8,True,0.3537319459890868,0.19363991944777437,0.37143264291254774,0.0811954916505911
dpo,0.99,0.8,1.0,439,9,True,0.35392843509287686,0.17520728031388816,0.41784491918151884,0.053019365411716014
dpo,0.99,0.8,1.0,439,10,True,0.34646530943847,0.13435923506558906,0.49532027401621154,0.023855181479729422
dpo,0.99,0.8,1.0,439,11,True,0.29313915029071236,0.02726618833193853,0.6736284258597453,0.005966235517603809
dpo,0.99,0.8,1.0,439,12,True,0.2471471349902287,0.007790870484637844,0.7436320436401799,0.0014299508849536689
dpo,0.99,0.8,1.0,439,13,True,0.14698669405033235,0.00031163958537476456,0.8524841068711102,0.0002175594931825669
dpo,0.99,0.8,1.0,439,14,True,0.0275852533902115,3.6446003075518273e-07,0.9724137012487785,6.809009791039936e-07
dpo,0.99,0.8,1.0,439,15,True,0.008061991312874902,6.703777309818961e-09,0.9919379819695657,2.0013782177829627e-08
dpo,0.99,0.8,1.0,439,16,True,0.0016484829412670274,1.6891088571516862e-10,0.9983515167043097,1.855123158172031e-10
dpo,0.99,0.8,1.0,439,17,True,0.0003920417892349663,6.160321681865691e-12,0.9996079582039755,6.293164788851324e-13
dpo,0.99,0.8,1.0,439,18,True,0.0015011822566620028,4.9937329323522015e-11,0.9984988176933849,1.573714882680711e-14
dpo,0.99,0.8,1.0,439,19,True,0.00011235328063866327,3.939263785309115e-13,0.9998876467189675,1.94481977926095e-18
dpo,0.99,0.8,1.0,439,20,True,0.00010229985472581465,1.882167597039746e-15,0.9998977001452724,2.746794643808015e-21
dpo,0.99,0.8,1.0,439,21,True,0.0008295891883583668,8.870900165399476e-13,0.9991704108107544,1.0855881636087985e-20
dpo,0.99,0.8,1.0,439,22,True,0.000315038694081324,4.8531414338373315e-14,0.9996849613058701,2.2286293863369555e-20
dpo,0.99,0.8,1.0,439,23,True,0.006097562192559246,2.634398513155673e-12,0.9939024378048065,1.571193672819167e-20
dpo,0.99,0.8,1.0,439,24,True,0.00010554685795431098,4.4264195464439183e-17,0.9998944531420457,7.105412839973749e-26
dpo,0.99,0.8,1.0,439,25,True,0.03904829256753143,4.06406908352706e-09,0.9609517033683995,2.6137629281438314e-22
dpo,0.99,0.8,1.0,439,26,True,3.763644718097441e-05,5.636421147140031e-21,0.9999623635528191,6.976868978074157e-31
dpo,0.99,0.8,1.0,439,27,True,0.027169231535679,7.54697003175414e-14,0.9728307684642457,5.508308839195619e-30
dpo,0.99,0.8,1.0,439,28,True,0.08269733680782343,7.094805264930699e-08,0.9173025922441239,3.2356151756240097e-21
dpo,0.99,0.8,1.0,439,29,True,0.02635535284611974,5.767003418165311e-16,0.9736446471538798,1.7747938604706671e-34
dpo,0.99,0.8,1.0,439,30,True,0.06754669109877944,6.047619537207413e-10,0.9324533082964587,7.3610044939432145e-28
dpo,0.99,0.8,1.0,439,31,True,0.09268774002100431,4.1665009441431355e-07,0.9073118433289012,6.728576019823237e-28
dpo,0.99,0.8,1.0,439,32,True,0.011687257995694408,2.1080646605170073e-15,0.9883127420043034,1.1882387442924009e-35
dpo,0.99,0.8,1.0,439,33,True,0.18242287218982312,1.453533736893499e-05,0.8175625924728079,3.5184808700126254e-23
dpo,0.99,0.8,1.0,439,34,True,0.14223185402114918,2.8818252848223866e-07,0.8577678577963223,5.395424058203895e-32
dpo,0.99,0.8,1.0,439,35,True,0.1422318947914199,1.5360579248131208e-09,0.8577681036725223,3.549075128313665e-38
dpo,0.99,0.8,1.0,439,36,True,3.4424771084698575e-14,1.466895761058365e-37,0.9999999999999656,4.824267929115308e-43
dpo,0.99,0.8,1.0,439,37,True,0.02716923153568104,1.2461594085288383e-16,0.9728307684643187,4.183000308647765e-42
dpo,0.99,0.8,1.0,439,38,True,0.02976009394596421,4.0751174797710433e-16,0.9702399060540354,1.0850232719343799e-36
dpo,0.99,0.8,1.0,439,39,True,0.013636835281429876,1.509028264039229e-17,0.9863631647185701,8.96508829432761e-39
dpo,0.99,0.8,1.0,439,40,True,0.10818895456153735,4.926580390458923e-12,0.8918110454335361,3.758169739528307e-33
dpo,0.99,0.8,1.0,439,41,True,0.5389829972798967,4.1449859437697275e-07,0.46101658822150887,3.3427104881697583e-35
dpo,0.99,0.8,1.0,439,42,True,0.1847675106457381,1.224189606677918e-11,0.8152324893420199,1.7552076136783122e-44
dpo,0.99,0.8,1.0,439,43,True,0.1801066640864084,3.08222020655083e-13,0.8198933359132833,6.170583138605348e-47
dpo,0.99,0.8,1.0,439,44,True,0.1311732237439827,1.3594965118429666e-10,0.8688267761200676,4.257458934785161e-43
dpo,0.99,0.8,1.0,439,45,True,0.3960593031412624,2.2377796384535855e-05,0.603918319062353,5.074948008783165e-28
dpo,0.99,0.8,1.0,439,46,True,0.20946949016045888,9.12637405078862e-07,0.7905295972021361,6.569720297175895e-37
dpo,0.99,0.8,1.0,439,47,True,0.1275644625720139,0.000690645801874498,0.8717448916261116,3.0925271127899903e-22
dpo,0.99,0.8,1.0,439,48,True,0.1528460043702045,0.0012816917784153655,0.8458723038513801,1.0348513228933513e-23
dpo,0.99,0.8,1.0,439,49,True,0.11436852618181247,1.6323945177965e-25,0.8856314738181876,3.351540235759183e-47
dpo,0.99,0.8,1.0,439,50,True,0.692411525115856,0.00033272314484478167,0.3072557517392992,3.526036938908231e-47
dpo,0.99,0.8,1.0,439,51,True,0.5273165228577263,9.896158305076202e-10,0.47268347615265777,9.37264249109867e-47
dpo,0.99,0.8,1.0,439,52,True,0.804321399734224,0.004635522584897865,0.19104307768087828,4.315732651997774e-37
dpo,0.99,0.8,1.0,439,53,True,0.7035906968521792,0.0031090642310121247,0.29330023891680856,1.402673220783604e-36
dpo,0.99,0.8,1.0,439,54,True,0.8108956061296531,0.013735920329094996,0.175368473541252,7.013789474182972e-44
dpo,0.99,0.8,1.0,439,55,True,0.5926496250607696,2.864155547394625e-05,0.40732173338375643,3.7819956258172354e-40
dpo,0.99,0.8,1.0,439,56,True,0.5851011533181827,1.5126420167753832e-09,0.41489884516917547,1.4803247977909042e-49
dpo,0.99,0.8,1.0,439,57,True,0.7604091740753628,0.00031746321530876065,0.23927336270932856,8.163279216927268e-49
dpo,0.99,0.8,1.0,439,58,True,0.18952109132967754,8.880133761641134e-17,0.8104789086703224,3.019585015805266e-47
dpo,0.99,0.8,1.0,439,59,True,0.18010666408646236,8.881277147433354e-15,0.8198933359135289,5.2400339294873655e-43
dpo,0.99,0.8,1.0,439,60,True,0.23934933764472766,4.043455359774923e-08,0.7606506219207188,5.400535170329574e-45
dpo,0.99,0.8,1.0,439,61,True,0.184767510648,1.7243235410810554e-19,0.8152324893520001,6.992250891085236e-48
dpo,0.99,0.8,1.0,439,62,True,0.03461883883917583,1.02892217444129e-44,0.9653811611608242,7.379951750730257e-47
dpo,0.99,0.8,1.0,439,63,True,0.1895210913244796,2.742667706203911e-11,0.8104789086480937,1.7650152259319706e-46
dpo,0.99,0.8,1.0,439,64,True,0.15405756246528687,1.468272989099314e-09,0.8459424360664402,3.093520765502131e-41
dpo,0.99,0.8,1.0,439,65,True,0.19193278638229114,3.383771415229461e-10,0.8080672132793317,6.510878703090757e-48
dpo,0.99,0.8,1.0,439,66,True,0.02297736991002561,1.9198789543844309e-28,0.9770226300899744,2.621846672561554e-47
dpo,0.99,0.8,1.0,439,67,True,0.00012731104162213555,4.1134871412457606e-37,0.9998726889583779,1.5839977383560567e-45
dpo,0.99,0.8,1.0,439,68,True,0.36641428126117426,0.00047861422075229517,0.6331071045180735,1.1118289656926987e-22
dpo,0.99,0.8,1.0,439,69,True,0.6754958482713771,0.0003977017252237551,0.32410645000339905,2.296229872484689e-20
dpo,0.99,0.8,1.0,439,70,True,0.3557654193375641,2.6629692648181817e-05,0.6442079509697877,2.334618370709931e-23
dpo,0.99,0.8,1.0,439,71,True,0.8231312114949301,0.001614040429360928,0.17525474807570898,6.543009923838385e-21
dpo,0.99,0.8,1.0,439,72,True,0.3665869430071771,7.6197304670695945e-06,0.6334054372623558,2.6011081823383602e-23
dpo,0.99,0.8,1.0,439,73,True,0.7212299617459528,0.0007111179532648228,0.2780589203007824,4.2604070555167715e-21
dpo,0.99,0.8,1.0,439,74,True,0.16749425184280367,0.0016040176823938438,0.8309017304748024,3.458589981436515e-24
dpo,0.99,0.8,1.0,439,75,True,0.6388352797656719,1.1409173889509268e-14,0.36116472023431667,2.0941132137630926e-41
dpo,0.99,0.8,1.0,439,76,True,0.8534349205754537,0.04777281669144312,0.09879226273310322,1.804610307013909e-34
dpo,0.99,0.8,1.0,439,77,True,0.9212108966765861,0.016099915067426866,0.06268918825598711,2.2126210525435395e-44
dpo,0.99,0.8,1.0,439,78,True,0.20757680598342623,0.0028923343813903714,0.7895308596351833,1.6386598536219513e-28
dpo,0.99,0.8,1.0,439,79,True,0.20434189993684582,2.148609665928156e-18,0.7956581000631541,2.3955761264397185e-48
dpo,0.99,0.8,1.0,439,80,True,0.22270013882530884,2.066492224969149e-18,0.7772998611746911,1.7564949002749364e-47
dpo,0.99,0.8,1.0,439,81,True,0.8175744761936227,2.5626144936979108e-14,0.18242552380635166,7.379832927037533e-46
dpo,0.99,0.8,1.0,439,82,True,0.3665884967908963,3.3812492297148603e-06,0.633408121959874,2.0645006838769107e-40
dpo,0.99,0.8,1.0,439,83,True,0.29607839172195033,0.018202551128577334,0.6857190571494723,1.6713993489049214e-24
dpo,0.99,0.8,1.0,439,84,True,0.18205943983856773,0.0020067584850528486,0.8159338016763795,5.328704466156748e-29
dpo,0.99,0.8,1.0,439,85,True,0.1977507757726667,0.0015823048179436148,0.8006669194093897,4.4793378155114715e-32
dpo,0.99,0.8,1.0,439,86,True,0.30074557893039017,3.6081508043837565e-11,0.6992544210335284,3.0066703827880066e-42
dpo,0.99,0.8,1.0,439,87,True,0.10374862686637971,1.0528939384917087e-20,0.8962513731336202,1.1721504060621317e-47
dpo,0.99,0.8,1.0,439,88,True,0.10230470789265303,5.974660482876144e-20,0.8976952921073469,2.159387861532392e-47
dpo,0.99,0.8,1.0,439,89,True,0.14608724704829565,1.029106050914203e-19,0.8539127529517043,3.053102267226101e-48
dpo,0.99,0.8,1.0,439,90,True,0.7446563401437933,2.874408205398421e-19,0.2553436598562066,3.045209765423971e-51
dpo,0.99,0.8,1.0,439,91,True,0.9449947117065459,9.650967151835055e-17,0.05500528829345415,4.404102038550972e-52
dpo,0.99,0.8,1.0,439,92,True,0.523420348936324,5.281691232470688e-19,0.47657965106367595,9.317405763787777e-50
dpo,0.99,0.8,1.0,439,93,True,0.9915543730588731,8.090515863164971e-16,0.008445626941126026,2.8188836431545296e-53
dpo,0.99,0.8,1.0,439,94,True,0.9618217257384329,6.712676986121428e-16,0.0381782742615664,7.990962166925569e-52
dpo,0.99,0.8,1.0,439,95,True,0.8855745742591626,6.424744457151026e-05,0.11436117829626587,9.267244085909596e-50
dpo,0.99,0.8,1.0,439,96,True,0.6989969030864005,0.28022246672848916,0.02078063018511044,5.471834902617264e-32
dpo,0.99,0.8,1.0,439,97,True,0.20619365161471984,0.003385294092202362,0.7904210542930777,1.1130234524736941e-23
dpo,0.99,0.8,1.0,439,98,True,0.33989683054934244,0.033132581447394116,0.625165948443428,0.0018046395598355107
dpo,0.99,0.8,1.0,439,99,True,0.11671003447089161,0.00046229249636200017,0.8828276730327463,7.266461019518474e-23
dpo,0.99,0.8,1.0,439,100,True,0.7542512852527473,0.0027847638661647185,0.24296395088108788,9.04643014625445e-26
dpo,0.99,0.8,1.0,439,101,True,0.381219007476723,1.4657679626899819e-06,0.6187795267553143,1.653017304860998e-38
dpo,0.99,0.8,1.0,439,102,True,0.3923367859329798,1.1274528695727818e-07,0.6076631013217331,5.905887905968045e-48
dpo,0.99,0.8,1.0,439,103,True,0.1993077791207124,1.0977147706894722e-06,0.8006911231645168,1.1646944668968433e-41
dpo,0.99,0.8,1.0,439,104,True,0.2970275211325366,0.001487281264063263,0.7014851976034001,4.457746748479808e-42
dpo,0.99,0.8,1.0,439,105,True,0.7390894504165779,0.007475783696598075,0.2534347658868239,1.6338773117498264e-24
dpo,0.99,0.8,1.0,439,106,True,0.5996159250838919,0.007146350632718407,0.39323772428338954,1.1624664235457526e-53
dpo,0.99,0.8,1.0,439,107,True,0.7668087226388527,0.010037217018865521,0.2231540603422818,5.097573433652711e-54
dpo,0.99,0.8,1.0,439,108,True,0.28457559810428135,1.4270783179671084e-06,0.7154229748174008,5.7075406333156966e-49
dpo,0.99,0.8,1.0,439,109,True,0.6233697537060994,0.0158515113308102,0.3607787349630904,2.4237213951453032e-49
dpo,0.99,0.8,1.0,439,110,True,0.4098832153531958,0.0029861868679491293,0.5871305977788551,1.6979468559305834e-30
dpo,0.99,0.8,1.0,439,111,True,0.404352684295617,0.002703304674381983,0.592944011030001,1.4323248363129418e-45
dpo,0.99,0.8,1.0,439,112,True,0.3811758700462521,0.00011462215942119223,0.6187095077943268,5.937870767651233e-54
dpo,0.99,0.8,1.0,439,113,True,0.30685571908558396,0.017653056067854413,0.6754912248465617,7.940540495280236e-56
dpo,0.99,0.8,1.0,439,114,True,0.25246150724041033,0.008405741972868919,0.7391327507867207,4.371487710281441e-39
dpo,0.99,0.8,1.0,439,115,True,0.5254640624200846,0.003512996231580496,0.47102294134833483,1.2481487459169757e-53
dpo,0.99,0.8,1.0,439,116,True,0.6158846303907868,0.007632646637298785,0.3764827229719144,2.265825852724419e-53
dpo,0.99,0.8,1.0,439,117,True,0.8925618863179763,7.137579573977279e-07,0.10743739992406626,1.1307349452953239e-51
dpo,0.99,0.8,1.0,439,118,True,0.3688345172510499,0.015892015777019767,0.6152734669719303,7.685259676053502e-55
dpo,0.99,0.8,1.0,439,119,True,0.7681145353655742,0.013529552359725815,0.21835591227470003,9.940636037735347e-53
dpo,0.99,0.8,1.0,439,120,True,0.4346071522646726,0.04320035767836839,0.522192490056959,5.147366272969955e-45
dpo,0.99,0.8,1.0,439,121,True,0.41244129925578515,0.032558269471558626,0.5550004312726563,7.909863899863706e-48
dpo,0.99,0.8,1.0,439,122,True,0.33184088699269954,0.04089082040940527,0.6272682925978952,3.0691412175528834e-40
dpo,0.99,0.8,1.0,439,123,True,0.7771269152868892,0.0950156084108651,0.12785747630224564,1.2690510696814097e-38
dpo,0.99,0.8,1.0,439,124,True,0.28776497790726585,9.861609366360998e-06,0.7122251604833678,9.570098220370574e-50
dpo,0.99,0.8,1.0,439,125,True,0.5442942359654673,0.0742399544979016,0.381465809536631,7.660040096498783e-54
dpo,0.99,0.8,1.0,439,126,True,0.20946945431053066,1.0837835488542426e-06,0.7905294619059205,4.071930468734616e-49
dpo,0.99,0.8,1.0,439,127,True,0.9138087088511037,0.044441946278251925,0.04174934487064459,2.0317413295572257e-51
dpo,0.99,0.8,1.0,439,128,True,0.2606225571626261,0.008443405474887738,0.7309340373624861,8.803924519827821e-50
dpo,0.99,0.8,1.0,439,129,True,0.6828877574482205,0.01644083219545518,0.30067141035632433,1.5270115120660484e-52
dpo,0.99,0.8,1.0,439,130,True,0.650200220208747,0.012480349240301152,0.3373194305509518,1.486158531932221e-49
dpo,0.99,0.8,1.0,439,131,True,0.4609063771879628,0.00023947528443057385,0.5388541475276066,1.3241544711254295e-48
dpo,0.99,0.8,1.0,439,132,True,0.678613142511394,0.0008327067157517693,0.32055415077285415,2.8597351312157544e-33
dpo,0.99,0.8,1.0,439,133,True,0.21731014544676608,0.00012595892400215085,0.7825638956292318,8.533416872904357e-49
dpo,0.99,0.8,1.0,439,134,True,0.2173151772159288,0.00010280705800839837,0.7825820157260629,8.118354201720872e-43
dpo,0.99,0.8,1.0,439,135,True,0.31737309801873176,0.00016749580834356345,0.6824594061729247,1.6337374088289448e-27
dpo,0.99,0.8,1.0,439,136,True,0.7107958253838823,0.013018679661350945,0.27618549495476663,1.3287677247831048e-22
dpo,0.99,0.8,1.0,439,137,True,0.3514236876847556,0.03660825761818241,0.611968054697062,1.445311286872953e-26
dpo,0.99,0.8,1.0,439,138,True,0.32332153332211816,0.02099474749774305,0.6556837191801389,1.1302311904635975e-29
dpo,0.99,0.8,1.0,439,139,True,0.39752084491236267,0.09205228655697785,0.5104268685306595,1.0229393815149056e-27
dpo,0.99,0.8,1.0,439,140,True,0.38975462759249246,0.06488059828025247,0.545364774127255,2.1765558343036855e-31
dpo,0.99,0.8,1.0,439,141,True,0.8097225054954916,0.003868789251421474,0.18640870525308692,7.504656856280684e-26
dpo,0.99,0.8,1.0,439,142,True,0.21525995429025643,0.0034793531062193937,0.7812606926035243,1.0892706462203235e-24
dpo,0.99,0.8,1.0,439,143,True,0.2230423013191782,0.004521862405001271,0.7724358362758205,6.48129924704761e-25
dpo,0.99,0.8,1.0,439,144,True,0.2217595722018875,0.004223466713503788,0.7740169610846087,4.8539894107886067e-26
dpo,0.99,0.8,1.0,439,145,True,0.3599195903851012,0.044350795544334666,0.5957296140705642,7.4275456269511605e-28
dpo,0.99,0.8,1.0,439,146,True,0.38988751809540156,0.08750690087390395,0.5226055810306944,2.041391148978451e-31
dpo,0.99,0.8,1.0,439,147,True,0.3623162435233878,0.05643798537444878,0.5812457711021634,2.4121658459459276e-31
dpo,0.99,0.8,1.0,439,148,True,0.3954052985487216,0.11918686565761162,0.4854078357936669,1.106309807293938e-29
dpo,0.99,0.8,1.0,439,149,True,0.3884758666052911,0.08467272648596563,0.5268514069087433,4.6832328543363554e-31
dpo,0.99,0.8,1.0,543,0,True,0.3020147282632628,0.19898699227669764,0.3063217259190489,0.1926765535409907
dpo,0.99,0.8,1.0,543,1,True,0.30579932531460724,0.19409335282378493,0.30864953150248814,0.1914577903591196
dpo,0.99,0.8,1.0,543,2,True,0.3145947867019102,0.18287538242880677,0.3128332136927399,0.18969661717654304
dpo,0.99,0.8,1.0,543,3,True,0.3275899099229743,0.16780745803347252,0.32039216293385486,0.18421046910969824
dpo,0.99,0.8,1.0,543,4,True,0.34764025224355527,0.1478845436774746,0.3310733864583973,0.17340181762057277
dpo,0.99,0.8,1.0,543,5,True,0.3844322913400717,0.11641805092735462,0.34401446080705717,0.1551351969255165
dpo,0.99,0.8,1.0,543,6,True,0.41672275313888796,0.09869077258968248,0.34513808302299054,0.13944839124843902
dpo,0.99,0.8,1.0,543,7,True,0.437235697670976,0.0919184794346352,0.3537386420400415,0.11710718085434733
dpo,0.99,0.8,1.0,543,8,True,0.4689192721445337,0.08419583628738792,0.35795636545096143,0.08892852611711699
dpo,0.99,0.8,1.0,543,9,True,0.5393538239043799,0.0715119084896724,0.3236392964705593,0.06549497113538826
dpo,0.99,0.8,1.0,543,10,True,0.6388042560469107,0.05132170201172511,0.2752834251638169,0.03459061677754719
dpo,0.99,0.8,1.0,543,11,True,0.7308421700772416,0.044931316636725525,0.21268719682902246,0.011539316457010552
dpo,0.99,0.8,1.0,543,12,True,0.8335850615979693,0.049284555223275295,0.1132550098522425,0.0038753733265129366
dpo,0.99,0.8,1.0,543,13,True,0.9739848699673417,0.01869527409273892,0.00641063461291832,0.0009092213270010298
dpo,0.99,0.8,1.0,543,14,True,0.9999837322462723,2.3588270341779782e-08,1.6187580138334828e-05,5.658531895031235e-08
dpo,0.99,0.8,1.0,543,15,True,0.9999998554377083,7.063503376246128e-14,1.444980037219589e-07,6.421719253667507e-11
dpo,0.99,0.8,1.0,543,16,True,0.9999999997458708,1.594183172732169e-16,2.539839600650712e-10,1.4493369973651163e-13
dpo,0.99,0.8,1.0,543,17,True,0.999999999994891,2.8063144697193237e-22,5.109089028037222e-12,1.0191272062986914e-17
dpo,0.99,0.8,1.0,543,18,True,0.9999999999895168,7.106162873062625e-26,1.048317001936522e-11,1.336803977765663e-18
dpo,0.99,0.8,1.0,543,19,True,0.9999999999997611,2.584526274684953e-24,2.3895527365752067e-13,8.817177962147063e-20
dpo,0.99,0.8,1.0,543,20,True,0.9999999999999996,4.219123161617658e-25,3.824246628097134e-16,3.0170723868383452e-21
dpo,0.99,0.8,1.0,543,21,True,1.0,8.85708493903621e-29,5.684235155717976e-17,8.65707862857682e-25
dpo,0.99,0.8,1.0,543,22,True,1.0,7.1986095031993555e-31,4.574291667117076e-20,2.407605304290042e-28
dpo,0.99,0.8,1.0,543,23,True,1.0,1.1503345232083959e-30,6.0001649041475e-21,1.2614949814353181e-27
dpo,0.99,0.8,1.0,543,24,True,1.0,1.598989785648108e-22,2.8910413527337883e-19,7.628353628018693e-22
dpo,0.99,0.8,1.0,543,25,True,1.0,3.803654890763987e-26,2.0098034935222865e-21,7.639845075150341e-25
dpo,0.99,0.8,1.0,543,26,True,0.999999999999508,7.757741918118413e-14,8.790673253807553e-14,3.2661313427858403e-13
dpo,0.99,0.8,1.0,543,27,True,0.9999999999982119,3.0682464482735595e-13,1.0603575991504886e-13,1.3750926572331198e-12
dpo,0.99,0.8,1.0,543,28,True,1.0,9.727604774987714e-29,3.18955881215822e-28,4.095474582831516e-28
dpo,0.99,0.8,1.0,543,29,True,1.0,1.0635546772472367e-19,3.912599003209871e-20,2.551335039031547e-19
dpo,0.99,0.8,1.0,543,30,True,1.0,3.897393782309736e-33,1.448057460452978e-32,2.1069111728329187e-32
dpo,0.99,0.8,1.0,543,31,True,1.0,2.2394217759942226e-29,1.9762827808953952e-29,9.428317839768871e-29
dpo,0.99,0.8,1.0,543,32,True,1.0,1.506640900863904e-28,8.064467608615517e-29,5.258693457754292e-28
dpo,0.99,0.8,1.0,543,33,True,1.0,1.2528151784444078e-34,3.0960833673866636e-31,7.674423386050201e-34
dpo,0.99,0.8,1.0,543,34,True,1.0,6.199956226952037e-24,1.567594426429674e-24,7.025470807652737e-24
dpo,0.99,0.8,1.0,543,35,True,0.9999999999991109,4.193795658375816e-13,5.008774637839053e-14,4.193795658375816e-13
dpo,0.99,0.8,1.0,543,36,True,0.8420041257830913,0.0887465819354283,0.008254717987916159,0.06099457429356443
dpo,0.99,0.8,1.0,543,37,True,0.9999999999914786,4.235583571604404e-12,3.0682464482529e-13,3.9789625358033335e-12
dpo,0.99,0.8,1.0,543,38,True,1.0,7.93697066318849e-18,9.479359653504757e-19,1.392981732458623e-17
dpo,0.99,0.8,1.0,543,39,True,1.0,4.248354255291589e-18,5.073935589580236e-19,7.004352026168645e-18
dpo,0.99,0.8,1.0,543,40,True,0.9999999999945486,3.5114221133573695e-12,6.041735480666519e-14,1.879528816528837e-12
dpo,0.99,0.8,1.0,543,41,True,7.882917435508924e-06,0.9991878402991841,1.9734497655054597e-07,0.0008040794384038737
dpo,0.99,0.8,1.0,543,42,True,0.9285627784623297,0.06318949009019788,0.00021408931125354444,0.008033642136218907
dpo,0.99,0.8,1.0,543,43,True,0.41289714339931516,0.43952672125158376,0.004882700824848835,0.1426934345242523
dpo,0.99,0.8,1.0,543,44,True,0.9999959807123285,2.406098458219684e-06,1.5381672828674106e-07,1.459372485197535e-06
dpo,0.99,0.8,1.0,543,45,True,0.9999996443744769,1.8553907027914545e-07,6.348797858248318e-09,1.637376548297714e-07
dpo,0.99,0.8,1.0,543,46,True,0.6325292282682087,0.2326944990199123,0.010223882757969928,0.12455238995390903
dpo,0.99,0.8,1.0,543,47,True,0.9991575080261117,0.0006261986862351932,1.2996339110192093e-05,0.00020329694854281257
dpo,0.99,0.8,1.0,543,48,True,0.0035799153695980266,0.9926113129279244,0.00022885633287942188,0.0035799153695980266
dpo,0.99,0.8,1.0,543,49,True,0.4808134242508586,0.2916280834095636,0.027125637217825325,0.20043285512175243
dpo,0.99,0.8,1.0,543,50,True,0.17855926133722289,0.7062155781767425,0.006923493909368245,0.10830166657666633
dpo,0.99,0.8,1.0,543,51,True,0.3045457164189858,0.44311140274837374,0.015162438404492148,0.23718044242814815
dpo,0.99,0.8,1.0,543,52,True,5.422113941030563e-06,0.9999752077746351,4.4507421538811626e-07,1.89250372086317e-05
dpo,0.99,0.8,1.0,543,53,True,0.11307588317083304,0.7373473810285821,0.004384427794821398,0.14519230800576327
dpo,0.99,0.8,1.0,543,54,True,0.0029448853157560263,0.9252554618230311,0.0004516127899598822,0.07134804007125313
dpo,0.99,0.8,1.0,543,55,True,0.08166909225393372,0.22199960942061342,0.012524360934857409,0.6838069373905955
dpo,0.99,0.8,1.0,543,56,True,0.055542521567126926,0.1710830107624575,0.006633608215780261,0.7667408594546353
dpo,0.99,0.8,1.0,543,57,True,0.12107444622667927,0.6967353322519605,0.006027941731888947,0.1761622797894714
dpo,0.99,0.8,1.0,543,58,True,0.27093048582408397,0.21100087451771274,0.011903854772210301,0.5061647848859929
dpo,0.99,0.8,1.0,543,59,True,0.6658977275016918,0.13112303703702405,0.012196342313749702,0.19078289314753444
dpo,0.99,0.8,1.0,543,60,True,0.9966418287300102,0.0015950282639097704,0.00016811474217034652,0.0015950282639097704
dpo,0.99,0.8,1.0,543,61,True,0.7454935969522454,0.12954736215944843,0.010633895044588042,0.11432514584371806
dpo,0.99,0.8,1.0,543,62,True,0.4391764390037425,0.26637397527918505,0.028075610437887324,0.26637397527918505
dpo,0.99,0.8,1.0,543,63,True,0.9999999999996496,1.3615261080891766e-13,1.626111044617249e-14,1.9810087980482854e-13
dpo,0.99,0.8,1.0,543,64,True,1.0,6.059951882577156e-20,6.059951882577156e-20,9.991171568224243e-20
dpo,0.99,0.8,1.0,543,65,True,0.999999999972716,1.3887943864585103e-11,1.1399918530132519e-12,1.2256067443765089e-11
dpo,0.99,0.8,1.0,543,66,True,0.9999529183062759,4.5397792256896676e-05,3.0287005348639764e-08,1.653614462079676e-06
dpo,0.99,0.8,1.0,543,67,True,0.8246212458236435,0.08691443986705054,0.011762590336758826,0.07670172397254718
dpo,0.99,0.8,1.0,543,68,True,0.9999999993156616,6.691586086713472e-10,1.2917800039019816e-12,1.3887943855459968e-11
dpo,0.99,0.8,1.0,543,69,True,0.9999999999999889,1.1176086870894027e-14,2.9489423507560245e-17,8.016056405233401e-17
dpo,0.99,0.8,1.0,543,70,True,0.9999999981221315,1.8189616841372749e-09,3.978962528365271e-12,5.4927883406399493e-11
dpo,0.99,0.8,1.0,543,71,True,0.9999999999999889,1.1176086870894027e-14,8.016056405233401e-17,3.786516930717632e-17
dpo,0.99,0.8,1.0,543,72,True,0.9994269477415345,0.0005527674239003984,1.370173455183368e-06,1.8914661109858686e-05
dpo,0.99,0.8,1.0,543,73,True,0.9601486772251601,0.0396300688523354,1.3294407041161915e-05,0.00020795951546345511
dpo,0.99,0.8,1.0,543,74,True,4.222832648498452e-06,0.9999955886300861,2.998947595331751e-09,1.8553831777983427e-07
dpo,0.99,0.8,1.0,543,75,True,1.6694210863953163e-05,0.9995515470917267,1.2093245788633284e-06,0.0004305493728306493
dpo,0.99,0.8,1.0,543,76,True,0.0024717367540215253,0.9971697765065534,2.3992983053057837e-06,0.00035608744111988974
dpo,0.99,0.8,1.0,543,77,True,0.01242932244167054,0.9873833805096288,1.0002286062294942e-05,0.00017729476263836233
dpo,0.99,0.8,1.0,543,78,True,1.9039802832864523e-17,1.0,1.2702349201759044e-20,2.9873062030124935e-22
dpo,0.99,0.8,1.0,543,79,True,0.10059091430148981,0.8965570599592552,0.0001713686728818983,0.002680657066373395
dpo,0.99,0.8,1.0,543,80,True,0.02259132051282096,0.9606073920153606,0.0012745150896258542,0.015526772382192414
dpo,0.99,0.8,1.0,543,81,True,0.050532225657303316,0.895705131577107,0.0032304171082861138,0.050532225657303316
dpo,0.99,0.8,1.0,543,82,True,0.08198016470956702,0.8813698317892665,0.0024755864667596193,0.034174417034406886
dpo,0.99,0.8,1.0,543,83,True,2.0206839089813854e-11,0.999999999979793,4.7011542740322564e-33,2.6705848966014097e-27
dpo,0.99,0.8,1.0,543,84,True,0.9999798530892494,2.0145690828360223e-05,4.5535897403291134e-11,1.174386272465307e-09
dpo,0.99,0.8,1.0,543,85,True,0.9999977640513894,2.1233782234042356e-06,3.546402775182095e-11,1.1253492309639156e-07
dpo,0.99,0.8,1.0,543,86,True,0.7663694142619227,0.10371682174301428,0.012387207879958438,0.1175265561151044
dpo,0.99,0.8,1.0,543,87,True,0.5013737204120451,0.23683217594597505,0.024961927696004794,0.23683217594597505
dpo,0.99,0.8,1.0,543,88,True,0.9988849458996977,0.0005524676511530871,1.0118797996227112e-05,0.0005524676511530871
dpo,0.99,0.8,1.0,543,89,True,0.40285973098974354,0.3137474739627478,0.00651162108164268,0.2768811739658659
dpo,0.99,0.8,1.0,543,90,True,0.986727047120326,0.013222149994814143,4.084988520518946e-08,5.0762034974635675e-05
dpo,0.99,0.8,1.0,543,91,True,0.0016768294381660903,0.9842744503776661,8.799193329065542e-06,0.01403992099083871
dpo,0.99,0.8,1.0,543,92,True,0.08875879508532927,0.5107715997170801,0.0026802833672946867,0.3977893218302961
dpo,0.99,0.8,1.0,543,93,True,2.561150083008043e-06,0.9999458522851586,1.444902003730927e-07,5.144207455808322e-05
dpo,0.99,0.8,1.0,543,94,True,4.59905446783162e-10,0.9999998019548316,7.991958310184889e-11,1.9750534334788985e-07
dpo,0.99,0.8,1.0,543,95,True,8.939629556289528e-06,0.9999835938405568,5.043393881597211e-07,6.96219049880656e-06
dpo,0.99,0.8,1.0,543,96,True,0.0009694820884164732,0.9987522205994058,3.3173852802475944e-05,0.00024512345937516256
dpo,0.99,0.8,1.0,543,97,True,1.300712803587163e-05,0.9999869597667016,2.8172262359703905e-09,3.0288036411077925e-08
dpo,0.99,0.8,1.0,543,98,True,0.9980505835297803,9.18624109891247e-07,0.0012056923423649699,0.0007428055037451375
dpo,0.99,0.8,1.0,543,99,True,0.9999993215562979,6.083589940765441e-07,5.964141715866013e-09,6.412056623090357e-08
dpo,0.99,0.8,1.0,543,100,True,0.4526027805675937,0.3110690386350901,0.02253376557960411,0.21379441521771214
dpo,0.99,0.8,1.0,543,101,True,0.4226078827635601,0.29045386695594694,0.030613612348151714,0.25632463793234134
dpo,0.99,0.8,1.0,543,102,True,0.39525411693010126,0.3078242157773595,0.02526775032848728,0.27165391696405194
dpo,0.99,0.8,1.0,543,103,True,0.6237497804445942,0.17870730413786665,0.018835611279672395,0.17870730413786665
dpo,0.99,0.8,1.0,543,104,True,0.03659433459247573,0.9437803281834458,0.0023393975427796064,0.017285939681299024
dpo,0.99,0.8,1.0,543,105,True,0.22127910383724847,0.7723399617118077,0.00048404607428344937,0.005896888376660347
dpo,0.99,0.8,1.0,543,106,True,0.03640426307916588,0.9388783192466096,0.002637115972465748,0.022080301701758745
dpo,0.99,0.8,1.0,543,107,True,0.07218677760763202,0.8794149822476218,0.004614746299860166,0.0437834938448862
dpo,0.99,0.8,1.0,543,108,True,0.41135424984628743,0.28271936570445627,0.023207018744799836,0.28271936570445627
dpo,0.99,0.8,1.0,543,109,True,0.26455398679482794,0.5600607944396001,0.014925114625297484,0.1604601041402743
dpo,0.99,0.8,1.0,543,110,True,0.11739441606531639,0.8674339260078283,0.001150894358236102,0.01402076356861901
dpo,0.99,0.8,1.0,543,111,True,0.7436446734856996,0.18802281866647697,0.007290435848080158,0.061042071999743326
dpo,0.99,0.8,1.0,543,112,True,0.22785581291944926,0.6193763157677027,0.014566334783456076,0.13820153652939193
dpo,0.99,0.8,1.0,543,113,True,0.02545536323187999,0.9552054582033829,0.0018439803277360046,0.01749519823700103
dpo,0.99,0.8,1.0,543,114,True,0.05229168042090481,0.9268922134844696,0.0015790719234674078,0.019237034171158116
dpo,0.99,0.8,1.0,543,115,True,0.1581173232262836,0.7086326793343463,0.010108102293585977,0.12314189514578411
dpo,0.99,0.8,1.0,543,116,True,0.03618852527273433,0.9333143678857502,0.0023134550209107894,0.02818365182060482
dpo,0.99,0.8,1.0,543,117,True,0.37969194218956703,0.33507696291862216,0.024272893781599875,0.26095820111021106
dpo,0.99,0.8,1.0,543,118,True,0.015720424284954758,0.9725882109964321,0.0008868856495185771,0.010804479069094642
dpo,0.99,0.8,1.0,543,119,True,0.25902002026838883,0.5483453872111944,0.014612909597732659,0.17802168292268397
dpo,0.99,0.8,1.0,543,120,True,0.059987308376625435,0.9383593826588292,5.4701344670802096e-05,0.001598607619874664
dpo,0.99,0.8,1.0,543,121,True,1.114249094265729e-08,0.9999999760273309,2.0408184042670224e-10,1.2626096374983232e-08
dpo,0.99,0.8,1.0,543,122,True,1.835464367572335e-27,1.0,2.0390167305428176e-29,3.686628732606944e-26
dpo,0.99,0.8,1.0,543,123,True,0.0018086473018347788,0.9973275172970795,9.490909994007769e-06,0.000854344491092032
dpo,0.99,0.8,1.0,543,124,True,0.025518230633536178,0.9575645400462948,0.0014396400593111416,0.01547758926085783
dpo,0.99,0.8,1.0,543,125,True,9.765555874538385e-16,0.9999999999996769,1.5275899568987523e-14,3.068246448278055e-13
dpo,0.99,0.8,1.0,543,126,True,0.42776047925383615,0.2939951912816497,0.018794483783692743,0.25944984568082147
dpo,0.99,0.8,1.0,543,127,True,0.025518230633536178,0.9575645400462948,0.0014396400593111416,0.01547758926085783
dpo,0.99,0.8,1.0,543,128,True,0.025564724294630865,0.9593092018075492,0.001442263052181501,0.013683810845638253
dpo,0.99,0.8,1.0,543,129,True,0.02005891028667875,0.9664924223912605,0.0012823232327645979,0.01216634408929579
dpo,0.99,0.8,1.0,543,130,True,0.028768073290200098,0.9526677489857609,0.0011154592526724295,0.01744871847136645
dpo,0.99,0.8,1.0,543,131,True,0.25794941727257037,0.5460789206512613,0.018685793114351746,0.17728586896181647
dpo,0.99,0.8,1.0,543,132,True,0.16214703473423484,0.8234505880166381,0.0010925381260981446,0.013309839123028936
dpo,0.99,0.8,1.0,543,133,True,0.48779493732869683,0.20334318276379199,0.012999294765053866,0.29586258514245717
dpo,0.99,0.8,1.0,543,134,True,0.9944474122781439,0.00279319811836777,0.0002944009157236215,0.002464988687764677
dpo,0.99,0.8,1.0,543,135,True,0.999999999386683,5.211412484692293e-10,1.225606743658263e-11,7.991959888052327e-11
dpo,0.99,0.8,1.0,543,136,True,0.9999999999999984,1.4208799956432259e-15,2.469119200127746e-16,5.1244934129890505e-18
dpo,0.99,0.8,1.0,543,137,True,0.08485799567908613,0.9123094304898653,0.00027008439907769567,0.0025624894319708105
dpo,0.99,0.8,1.0,543,138,True,0.442218627364898,0.3039321214695544,0.01714667696450538,0.23670257420104232
dpo,0.99,0.8,1.0,543,139,True,0.5662654389499798,0.20831741323562006,0.01709973457878003,0.20831741323562006
dpo,0.99,0.8,1.0,543,140,True,0.36868441542674274,0.4177741750106607,0.016198862688589562,0.19734254687400715
dpo,0.99,0.8,1.0,543,141,True,0.9970387338891358,0.0014989871094456628,0.00013942752031845728,0.0013228514811000336
dpo,0.99,0.8,1.0,543,142,True,0.9999999997295952,2.620462764033876e-10,6.98329672650339e-12,1.375092656863747e-12
dpo,0.99,0.8,1.0,543,143,True,0.003169955762634517,0.9959704941385803,5.805976504167579e-05,0.0008014903337434382
dpo,0.99,0.8,1.0,543,144,True,0.04690155384474396,0.9420428915034793,0.0005904034311888141,0.010465151220587925
dpo,0.99,0.8,1.0,543,145,True,0.041387314960359065,0.9419709467005217,0.0014161960399157523,0.015225542299203369
dpo,0.99,0.8,1.0,543,146,True,0.02548506908395591,0.9563201620787518,0.000679154086642085,0.01751561475065016
dpo,0.99,0.8,1.0,543,147,True,0.18020539287317414,0.8076245396556816,0.0006499221268476218,0.011520145344296488
dpo,0.99,0.8,1.0,543,148,True,0.999999999893296,1.0261879630606907e-10,1.0603575990392403e-13,3.978962535412668e-12
dpo,0.99,0.8,1.0,543,149,True,0.6658977275016918,0.19078289314753444,0.012196342313749702,0.13112303703702405
dpo,0.0,0.0,0.01,814,0,True,0.35179094826225493,0.16945177146262802,0.21047465186737022,0.26828262840774686
dpo,0.0,0.0,0.01,814,1,True,0.35237302724929764,0.1692356146465713,0.20979600702269824,0.26859535108143273
dpo,0.0,0.0,0.01,814,2,True,0.35465873400449477,0.1688428692137346,0.20747756263709624,0.2690208341446745
dpo,0.0,0.0,0.01,814,3,True,0.356307183003135,0.1688014074152095,0.20541082176362552,0.26948058781803
dpo,0.0,0.0,0.01,814,4,True,0.35758627572486684,0.16874692396271793,0.2037465182675253,0.2699202820448899
dpo,0.0,0.0,0.01,814,5,True,0.35988439408790607,0.1685920802897509,0.20079545610333374,0.2707280695190092
dpo,0.0,0.0,0.01,814,6,True,0.3640463912574437,0.16830821859741124,0.1965801764083855,0.27106521373675946
dpo,0.0,0.0,0.01,814,7,True,0.36966783692076666,0.1680112002991181,0.1909402082313079,0.27138075454880745
dpo,0.0,0.0,0.01,814,8,True,0.37637906265564997,0.16726202999843984,0.18460057504737118,0.27175833229853896
dpo,0.0,0.0,0.01,814,9,True,0.38168506238257394,0.16748023692408698,0.17845597252786707,0.27237872816547193
dpo,0.0,0.0,0.01,814,10,True,0.3870639400759623,0.1676160314836128,0.1737832180541146,0.2715368103863103
dpo,0.0,0.0,0.01,814,11,True,0.39295594470669204,0.16728410580955563,0.16876085639107466,0.27099909309267767
dpo,0.0,0.0,0.01,814,12,True,0.40202720014186105,0.16693649963074628,0.16007161532508205,0.27096468490231074
dpo,0.0,0.0,0.01,814,13,True,0.4118601064192797,0.16656911138059943,0.1522564936122704,0.2693142885878504
dpo,0.0,0.0,0.01,814,14,True,0.4156181528739141,0.16653677497220493,0.1488458889350276,0.2689991832188533
dpo,0.0,0.0,0.01,814,15,True,0.4218717142311402,0.16585394026371456,0.1443781137448394,0.2678962317603058
dpo,0.0,0.0,0.01,814,16,True,0.43211006404655466,0.16385039259071596,0.13730379583527455,0.2667357475274549
dpo,0.0,0.0,0.01,814,17,True,0.4528920707689783,0.16077555297883162,0.12460222944033275,0.26173014681185747
dpo,0.0,0.0,0.01,814,18,True,0.49099034890420856,0.1506971400755882,0.10296743290578425,0.255345078114419
dpo,0.0,0.0,0.01,814,19,True,0.5458021390600974,0.1446231693310945,0.07710940652900528,0.23246528507980282
dpo,0.0,0.0,0.01,814,20,True,0.5341660960255321,0.1446137227744572,0.08255950712734923,0.2386606740726616
dpo,0.0,0.0,0.01,814,21,True,0.5816027541370132,0.14420795815702064,0.06436794666788027,0.20982134103808586
dpo,0.0,0.0,0.01,814,22,True,0.5857702367887916,0.13710940555141604,0.0635132113998537,0.21360714625993873
dpo,0.0,0.0,0.01,814,23,True,0.5864348253771832,0.13739907701226492,0.06168917144844459,0.21447692616210726
dpo,0.0,0.0,0.01,814,24,True,0.621054029395337,0.123976242809844,0.04490121960194229,0.21006850819287676
dpo,0.0,0.0,0.01,814,25,True,0.6212115827274833,0.11313103366135253,0.04285591228465984,0.22280147132650419
dpo,0.0,0.0,0.01,814,26,True,0.6550109594046948,0.09594292946103788,0.028139971247254838,0.22090613988701235
dpo,0.0,0.0,0.01,814,27,True,0.6627813408070748,0.0789263741862407,0.020349303710128445,0.23794298129655594
dpo,0.0,0.0,0.01,814,28,True,0.6547744063649573,0.07759308082181286,0.020560119617594123,0.24707239319563576
dpo,0.0,0.0,0.01,814,29,True,0.6467412248816967,0.06978253425977018,0.01440043987444656,0.2690758009840866
dpo,0.0,0.0,0.01,814,30,True,0.6855270458483994,0.045392377860434395,0.010908725269023152,0.25817185102214313
dpo,0.0,0.0,0.01,814,31,True,0.7134043723667005,0.054158958687347054,0.009265505346170174,0.22317116359978248
dpo,0.0,0.0,0.01,814,32,True,0.7464974018148656,0.03767753436838997,0.010544733189075277,0.2052803306276693
dpo,0.0,0.0,0.01,814,33,True,0.7738981994281412,0.02517015808082373,0.012755615291283981,0.188176027199751
dpo,0.0,0.0,0.01,814,34,True,0.8616876611825668,0.010130325884564006,0.003314629948471311,0.12486738298439796
dpo,0.0,0.0,0.01,814,35,True,0.9641478731873279,0.000992367703297949,0.00014982511400294936,0.03470993399537109
dpo,0.0,0.0,0.01,814,36,True,0.959355837370301,0.0008186127059357633,7.322585620793213e-05,0.039752324067555404
dpo,0.0,0.0,0.01,814,37,True,0.9325699955840465,0.0016200798869968381,7.696538227914358e-05,0.06573295914667755
dpo,0.0,0.0,0.01,814,38,True,0.9994061620634902,1.9062614170773654e-05,1.0175974580471706e-10,0.0005747752205792491
dpo,0.0,0.0,0.01,814,39,True,0.991562641342522,5.735298570320414e-05,3.32433644671045e-08,0.008379972428410369
dpo,0.0,0.0,0.01,814,40,True,0.9973910417789433,1.8011729606630416e-05,1.3830875795691483e-08,0.0025909326605740913
dpo,0.0,0.0,0.01,814,41,True,0.9997521490746716,2.4818709133863344e-06,1.828924425244439e-10,0.0002453688715223694
dpo,0.0,0.0,0.01,814,42,True,0.9996678224339068,2.0254731451964323e-06,3.6577704319160257e-11,0.00033015205637024626
dpo,0.0,0.0,0.01,814,43,True,0.9990599082415391,7.462440638464195e-06,2.7651583313205624e-10,0.0009326290413067272
dpo,0.0,0.0,0.01,814,44,True,0.9999913102078266,9.256810530008893e-08,2.252870554518619e-15,8.597224066032592e-06
dpo,0.0,0.0,0.01,814,45,True,0.9999767576797779,5.4843989188146695e-08,5.5092215754324674e-17,2.3187476232970556e-05
dpo,0.0,0.0,0.01,814,46,True,0.9929236873776176,9.980134722669462e-06,2.062619688807363e-09,0.007066330425040243
dpo,0.0,0.0,0.01,814,47,True,0.999947736055586,1.1676620229763832e-08,3.4672244673631106e-18,5.225226779373997e-05
dpo,0.0,0.0,0.01,814,48,True,0.9999945594103675,1.837076231781841e-08,2.225966359697842e-17,5.4222188704058825e-06
dpo,0.0,0.0,0.01,814,49,True,0.9999790459012867,1.689317661206086e-07,2.3292477179184043e-14,2.078516692378769e-05
dpo,0.0,0.0,0.01,439,0,True,0.3101642700999805,0.23458199501399768,0.2882591417138307,0.1669945931721911
dpo,0.0,0.0,0.01,439,1,True,0.31066844444589103,0.2349633098052225,0.2887277091093578,0.16564053663952857
dpo,0.0,0.0,0.01,439,2,True,0.3124023687142841,0.23512383028604592,0.2911910264976043,0.16128277450206577
dpo,0.0,0.0,0.01,439,3,True,0.31449596460326656,0.23439926743202769,0.29342888421620067,0.15767588374850508
dpo,0.0,0.0,0.01,439,4,True,0.31671026659483503,0.2337556719573524,0.29578356733357575,0.15375049411423677
dpo,0.0,0.0,0.01,439,5,True,0.3190688863970078,0.23252570412438725,0.2991526263852781,0.1492527830933269
dpo,0.0,0.0,0.01,439,6,True,0.3241114570572557,0.22915709492490413,0.3059648641742974,0.14076658384354268
dpo,0.0,0.0,0.01,439,7,True,0.32786546420826357,0.22533841843616478,0.3131570796728901,0.13363903768268157
dpo,0.0,0.0,0.01,439,8,True,0.3307436261757716,0.2224848828359619,0.3183838067525975,0.128387684235669
dpo,0.0,0.0,0.01,439,9,True,0.33139877672802703,0.22140688143726056,0.3237219323335423,0.12347240950117004
dpo,0.0,0.0,0.01,439,10,True,0.33258413971076284,0.21854042412160266,0.32806803309396126,0.12080740307367328
dpo,0.0,0.0,0.01,439,11,True,0.3360562196070461,0.21570658711065652,0.3331155423176528,0.11512165096464463
dpo,0.0,0.0,0.01,439,12,True,0.33995154856278553,0.21066885187059622,0.34261782160364596,0.10676177796297234
dpo,0.0,0.0,0.01,439,13,True,0.3419290097312552,0.20799890788422973,0.3462975768513036,0.10377450553321156
dpo,0.0,0.0,0.01,439,14,True,0.343316276179961,0.20701530656544392,0.3483823375480643,0.1012860797065307
dpo,0.0,0.0,0.01,439,15,True,0.3450976095573882,0.20426399303986864,0.3522478741740663,0.09839052322867689
dpo,0.0,0.0,0.01,439,16,True,0.3483684012027503,0.20044224872520017,0.3597779755014646,0.09141137457058494
dpo,0.0,0.0,0.01,439,17,True,0.3528556871116943,0.19391624566425125,0.3701508841319823,0.08307718309207217
dpo,0.0,0.0,0.01,439,18,True,0.35656584416099724,0.1824720560754167,0.3923765807807427,0.06858551898284337
dpo,0.0,0.0,0.01,439,19,True,0.35569887601401295,0.16900763544029118,0.4286359496824362,0.046657538863259566
dpo,0.0,0.0,0.01,439,20,True,0.3559143968762942,0.17143796717242546,0.42265880403900685,0.049988831912273414
dpo,0.0,0.0,0.01,439,21,True,0.353912675966242,0.15401021858222036,0.4571033799491174,0.034973725502420304
dpo,0.0,0.0,0.01,439,22,True,0.3605842949923501,0.15090220943559446,0.4540441805924481,0.034469314979607146
dpo,0.0,0.0,0.01,439,23,True,0.36072580301125673,0.14461219196551267,0.4649939390886906,0.029668065934539935
dpo,0.0,0.0,0.01,439,24,True,0.35814039054049607,0.12744972038197755,0.49722869038160045,0.017181198695926006
dpo,0.0,0.0,0.01,439,25,True,0.3576675784122868,0.12121583938705979,0.5073562289686206,0.013760353232032844
dpo,0.0,0.0,0.01,439,26,True,0.3499355520073202,0.09381668797846367,0.549451701931298,0.006796058082918088
dpo,0.0,0.0,0.01,439,27,True,0.33170279509189116,0.07173576031848776,0.5913241667217666,0.005237277867854455
dpo,0.0,0.0,0.01,439,28,True,0.3339965912526964,0.07933114392943137,0.5816205662485534,0.005051698569319027
dpo,0.0,0.0,0.01,439,29,True,0.3154652848375381,0.04404882349899335,0.6372573924362673,0.0032284992272012783
dpo,0.0,0.0,0.01,439,30,True,0.23415726051202704,0.01379024824010459,0.7499866775463823,0.002065813701486044
dpo,0.0,0.0,0.01,439,31,True,0.2703690577413478,0.019509112345552852,0.7067842143252469,0.0033376155878526
dpo,0.0,0.0,0.01,439,32,True,0.23413175894980173,0.011342313380784959,0.7528400432917546,0.0016858843776586753
dpo,0.0,0.0,0.01,439,33,True,0.2536332202633263,0.008712819603245926,0.736784508038166,0.0008694520952616264
dpo,0.0,0.0,0.01,439,34,True,0.1869152329502315,0.001094207343971418,0.8119227615161422,6.77981896548496e-05
dpo,0.0,0.0,0.01,439,35,True,0.22402550380446037,0.0001298513299976695,0.7758408443368725,3.80052866956753e-06
dpo,0.0,0.0,0.01,439,36,True,0.17327820100558877,5.460654133103373e-05,0.8266640632490144,3.1292040659091373e-06
dpo,0.0,0.0,0.01,439,37,True,0.1871148529500721,9.422899098879641e-05,0.8127898712694045,1.046789534696605e-06
dpo,0.0,0.0,0.01,439,38,True,0.07807808033866574,7.666036497866162e-07,0.9219208334897387,3.195679457429648e-07
dpo,0.0,0.0,0.01,439,39,True,0.08509887420380055,1.94268120896347e-06,0.9148991186853126,6.442967792863772e-08
dpo,0.0,0.0,0.01,439,40,True,0.10818888118104114,6.544296921626589e-07,0.891810440551667,2.3837599794516944e-08
dpo,0.0,0.0,0.01,439,41,True,0.013020488851909854,9.649920213401753e-08,0.9869794142290832,4.1980487468926897e-10
dpo,0.0,0.0,0.01,439,42,True,0.0043315019677820565,1.2184625043232157e-08,0.995668485846622,9.708631028079705e-13
dpo,0.0,0.0,0.01,439,43,True,0.002396730852381715,7.404709538609735e-09,0.9976032617428465,6.21858063440185e-14
dpo,0.0,0.0,0.01,439,44,True,0.00022341636018214164,2.820876563031627e-12,0.999776583636997,9.36962561342826e-17
dpo,0.0,0.0,0.01,439,45,True,0.0002098830881988908,2.0202598016022937e-11,0.9997901168915979,4.909399253874375e-16
dpo,0.0,0.0,0.01,439,46,True,0.004681821431384257,2.3344529964840717e-07,0.9953179451233123,3.668226654510562e-15
dpo,0.0,0.0,0.01,439,47,True,0.04468086972394591,3.4558069762302555e-09,0.9553191179955348,8.8247122636019e-09
dpo,0.0,0.0,0.01,439,48,True,0.0012065897122431946,2.6473623314741523e-12,0.9987934102851094,9.360411588644069e-17
dpo,0.0,0.0,0.01,439,49,True,0.0003150386940674392,4.41218898399309e-11,0.9996849612618107,3.2058157607448952e-18
dpo,0.0,0.0,0.01,543,0,True,0.3020147282632628,0.19898699227669764,0.3063217259190489,0.1926765535409907
dpo,0.0,0.0,0.01,543,1,True,0.3043150150922628,0.19614504564939658,0.30737643354848826,0.19216350570985238
dpo,0.0,0.0,0.01,543,2,True,0.3103483837533061,0.1875019480631983,0.3105757729606876,0.19157389522280802
dpo,0.0,0.0,0.01,543,3,True,0.31621380767794105,0.18074594373603325,0.31306437043656626,0.18997587814945954
dpo,0.0,0.0,0.01,543,4,True,0.32121978618941194,0.17426085014446646,0.31554563514028067,0.18897372852584085
dpo,0.0,0.0,0.01,543,5,True,0.32773964193548233,0.1658067633711542,0.31921100158219345,0.1872425931111701
dpo,0.0,0.0,0.01,543,6,True,0.34555427842847314,0.14628116996058763,0.32788387222148124,0.1802806793894579
dpo,0.0,0.0,0.01,543,7,True,0.37098994914861666,0.12557748995538762,0.3382027859871941,0.16522977490880156
dpo,0.0,0.0,0.01,543,8,True,0.3922073828613956,0.11275402842405334,0.34092210464436634,0.15411648407018477
dpo,0.0,0.0,0.01,543,9,True,0.40989745437025804,0.1012375278958093,0.3439905026350575,0.14487451509887517
dpo,0.0,0.0,0.01,543,10,True,0.41921577261648785,0.09505912239868375,0.3439966268186012,0.14172847816622713
dpo,0.0,0.0,0.01,543,11,True,0.43530719724508327,0.09391222563170128,0.3484154997658921,0.12236507735732331
dpo,0.0,0.0,0.01,543,12,True,0.4448600661576144,0.09033468483666408,0.3526012798265692,0.11220396917915235
dpo,0.0,0.0,0.01,543,13,True,0.4498169448213818,0.08809974310299526,0.35705280337916206,0.10503050869646081
dpo,0.0,0.0,0.01,543,14,True,0.4577134827834131,0.0861699518017901,0.3543850485982803,0.10173151681651646
dpo,0.0,0.0,0.01,543,15,True,0.4672663798217988,0.08344963293862034,0.3558248317172088,0.09345915552237204
dpo,0.0,0.0,0.01,543,16,True,0.48007973390579484,0.07696769559998122,0.36149954977434773,0.08145302071987622
dpo,0.0,0.0,0.01,543,17,True,0.49229978804338215,0.07328109771364527,0.36353122708059693,0.07088788716237576
dpo,0.0,0.0,0.01,543,18,True,0.5276221817094892,0.0667854960103138,0.34619207250239137,0.05940024977780563
dpo,0.0,0.0,0.01,543,19,True,0.6368242875948371,0.04801593026507502,0.26676725826648595,0.04839252387360204
dpo,0.0,0.0,0.01,543,20,True,0.6123548461202118,0.05371639049998896,0.280630397147118,0.05329836623268117
dpo,0.0,0.0,0.01,543,21,True,0.6623068555979101,0.047325871002831914,0.2455600393080869,0.044807234091170996
dpo,0.0,0.0,0.01,543,22,True,0.623646786448252,0.04683903672263709,0.28636403418722395,0.04315014264188689
dpo,0.0,0.0,0.01,543,23,True,0.6150136242640524,0.04931394597366274,0.2876886433467813,0.04798378641550367
dpo,0.0,0.0,0.01,543,24,True,0.6331500831029436,0.04127424683485326,0.29215076635408227,0.03342490370812087
dpo,0.0,0.0,0.01,543,25,True,0.664977268301523,0.03134533201866957,0.27992409638119603,0.02375330329861135
dpo,0.0,0.0,0.01,543,26,True,0.6829582836265586,0.029744514161630067,0.2698113043944308,0.017485897817380473
dpo,0.0,0.0,0.01,543,27,True,0.7334027027826536,0.02056264727701817,0.23440958321920835,0.01162506672111985
dpo,0.0,0.0,0.01,543,28,True,0.7275151812340797,0.02545967439094362,0.23412280935866828,0.012902335016308471
dpo,0.0,0.0,0.01,543,29,True,0.7382639007582253,0.02606390350927818,0.22296966365485466,0.012702532077641689
dpo,0.0,0.0,0.01,543,30,True,0.8409892486084245,0.028946180207335716,0.12186797063756515,0.008196600546674728
dpo,0.0,0.0,0.01,543,31,True,0.7626693568943429,0.028718103739643213,0.19472537181134156,0.0138871675546724
dpo,0.0,0.0,0.01,543,32,True,0.8702136730014701,0.03454201062936921,0.08616282176867976,0.009081494600480971
dpo,0.0,0.0,0.01,543,33,True,0.8777538454651527,0.0331161952793587,0.07975254840589456,0.009377410849594191
dpo,0.0,0.0,0.01,543,34,True,0.9938341943505868,9.330634996994249e-05,0.006002616072312363,6.98832271308707e-05
dpo,0.0,0.0,0.01,543,35,True,0.9996075658578225,5.961805227777133e-09,0.00039204163535855254,3.865450135430848e-07
dpo,0.0,0.0,0.01,543,36,True,0.9998486977289065,5.210623989343518e-10,0.00015118197508614314,1.1977494495846403e-07
dpo,0.0,0.0,0.01,543,37,True,0.9663593378406008,3.902113917324073e-05,0.03358772760457565,1.3913415650235075e-05
dpo,0.0,0.0,0.01,543,38,True,0.9999997864457325,2.7273252509076742e-17,2.1355419119577532e-07,7.637467646584681e-14
dpo,0.0,0.0,0.01,543,39,True,0.9999959705424857,1.100277336867174e-14,4.029456601375187e-06,9.018041478008254e-13
dpo,0.0,0.0,0.01,543,40,True,0.9999999460050355,7.424807852375381e-20,5.399496399974866e-08,4.987757619475928e-16
dpo,0.0,0.0,0.01,543,41,True,0.9999999999065645,7.393653859923083e-22,9.34354773102628e-11,9.877719584164747e-18
dpo,0.0,0.0,0.01,543,42,True,0.9999999999886651,2.677803973795295e-22,1.133500943024469e-11,2.7586509303398914e-19
dpo,0.0,0.0,0.01,543,43,True,0.999999999942436,1.7811189080205446e-19,5.7563927674509255e-11,4.889825774107878e-18
dpo,0.0,0.0,0.01,543,44,True,0.9999999999999998,1.0006222393796585e-22,1.9839930144317244e-16,6.589891953621727e-21
dpo,0.0,0.0,0.01,543,45,True,1.0,3.918492991190132e-23,3.6700180521589304e-17,7.393653860613912e-22
dpo,0.0,0.0,0.01,543,46,True,0.9999999999992164,1.68786162625194e-26,7.83504178505825e-13,5.0314445957969616e-23
dpo,0.0,0.0,0.01,543,47,True,0.9999999998140092,4.0246634872799573e-14,1.8581863469802718e-10,1.3196363533222834e-13
dpo,0.0,0.0,0.01,543,48,True,0.9999999999967009,1.321624270239686e-16,3.2986758023471143e-12,1.321624270239686e-16
dpo,0.0,0.0,0.01,543,49,True,0.9999999999999976,5.081579029491411e-22,2.416998291639231e-15,1.0757702889851935e-21
