method,alpha,lambda,beta,iter,prompt_relative_sequence_entropy_mean,oracle_win_rate,source_file
dpo,0.8,0.5,1.0,0,1.5583518316246514,0.4845,dpo_transitive_a0.8_l0.5_b1_dynoracle_frozenref_dpo_sequencesum_v2_relative_sequence_metrics.csv
dpo,0.8,0.5,1.0,1,1.4583239615302823,,dpo_transitive_a0.8_l0.5_b1_dynoracle_frozenref_dpo_sequencesum_v2_relative_sequence_metrics.csv
dpo,0.8,0.5,1.0,2,1.2516169257624368,,dpo_transitive_a0.8_l0.5_b1_dynoracle_frozenref_dpo_sequencesum_v2_relative_sequence_metrics.csv
dpo,0.8,0.5,1.0,3,1.067563699674638,,dpo_transitive_a0.8_l0.5_b1_dynoracle_frozenref_dpo_sequencesum_v2_relative_sequence_metrics.csv
dpo,0.8,0.5,1.0,4,0.8993501281140245,,dpo_transitive_a0.8_l0.5_b1_dynoracle_frozenref_dpo_sequencesum_v2_relative_sequence_metrics.csv
dpo,0.8,0.5,1.0,5,0.7969618615576732,,dpo_transitive_a0.8_l0.5_b1_dynoracle_frozenref_dpo_sequencesum_v2_relative_sequence_metrics.csv
dpo,0.8,0.5,1.0,6,0.6689340814983901,,dpo_transitive_a0.8_l0.5_b1_dynoracle_frozenref_dpo_sequencesum_v2_relative_sequence_metrics.csv
dpo,0.8,0.5,1.0,7,0.6082008390137907,,dpo_transitive_a0.8_l0.5_b1_dynoracle_frozenref_dpo_sequencesum_v2_relative_sequence_metrics.csv
dpo,0.8,0.5,1.0,8,0.5614982445018218,,dpo_transitive_a0.8_l0.5_b1_dynoracle_frozenref_dpo_sequencesum_v2_relative_sequence_metrics.csv
dpo,0.8,0.5,1.0,9,0.4849257559196673,,dpo_transitive_a0.8_l0.5_b1_dynoracle_frozenref_dpo_sequencesum_v2_relative_sequence_metrics.csv
dpo,0.8,0.5,1.0,10,0.4434342225970903,,dpo_transitive_a0.8_l0.5_b1_dynoracle_frozenref_dpo_sequencesum_v2_relative_sequence_metrics.csv
dpo,0.8,0.5,1.0,11,0.4003697570517224,,dpo_transitive_a0.8_l0.5_b1_dynoracle_frozenref_dpo_sequencesum_v2_relative_sequence_metrics.csv
dpo,0.8,0.5,1.0,12,0.3764782941490026,,dpo_transitive_a0.8_l0.5_b1_dynoracle_frozenref_dpo_sequencesum_v2_relative_sequence_metrics.csv
dpo,0.8,0.5,1.0,13,0.3772085283653695,,dpo_transitive_a0.8_l0.5_b1_dynoracle_frozenref_dpo_sequencesum_v2_relative_sequence_metrics.csv
dpo,0.8,0.5,1.0,14,0.3557119047495479,,dpo_transitive_a0.8_l0.5_b1_dynoracle_frozenref_dpo_sequencesum_v2_relative_sequence_metrics.csv
dpo,0.8,0.5,1.0,15,0.3501469506316891,,dpo_transitive_a0.8_l0.5_b1_dynoracle_frozenref_dpo_sequencesum_v2_relative_sequence_metrics.csv
dpo,0.8,0.5,1.0,16,0.3362555282159614,,dpo_transitive_a0.8_l0.5_b1_dynoracle_frozenref_dpo_sequencesum_v2_relative_sequence_metrics.csv
dpo,0.8,0.5,1.0,17,0.3306818143724361,,dpo_transitive_a0.8_l0.5_b1_dynoracle_frozenref_dpo_sequencesum_v2_relative_sequence_metrics.csv
dpo,0.8,0.5,1.0,18,0.3279843328923481,,dpo_transitive_a0.8_l0.5_b1_dynoracle_frozenref_dpo_sequencesum_v2_relative_sequence_metrics.csv
dpo,0.8,0.5,1.0,19,0.3176344752762241,,dpo_transitive_a0.8_l0.5_b1_dynoracle_frozenref_dpo_sequencesum_v2_relative_sequence_metrics.csv
dpo,0.8,0.5,1.0,20,0.297712951642565,0.848,dpo_transitive_a0.8_l0.5_b1_dynoracle_frozenref_dpo_sequencesum_v2_relative_sequence_metrics.csv
dpo,0.8,0.5,1.0,21,0.2872491328621825,,dpo_transitive_a0.8_l0.5_b1_dynoracle_frozenref_dpo_sequencesum_v2_relative_sequence_metrics.csv
dpo,0.8,0.5,1.0,22,0.2720093677066444,,dpo_transitive_a0.8_l0.5_b1_dynoracle_frozenref_dpo_sequencesum_v2_relative_sequence_metrics.csv
dpo,0.8,0.5,1.0,23,0.261642985082883,,dpo_transitive_a0.8_l0.5_b1_dynoracle_frozenref_dpo_sequencesum_v2_relative_sequence_metrics.csv
dpo,0.8,0.5,1.0,24,0.2495819540308028,,dpo_transitive_a0.8_l0.5_b1_dynoracle_frozenref_dpo_sequencesum_v2_relative_sequence_metrics.csv
dpo,0.8,0.5,1.0,25,0.2407205237631161,,dpo_transitive_a0.8_l0.5_b1_dynoracle_frozenref_dpo_sequencesum_v2_relative_sequence_metrics.csv
dpo,0.8,0.5,1.0,26,0.2341775270613323,,dpo_transitive_a0.8_l0.5_b1_dynoracle_frozenref_dpo_sequencesum_v2_relative_sequence_metrics.csv
dpo,0.8,0.5,1.0,27,0.2361169593875883,,dpo_transitive_a0.8_l0.5_b1_dynoracle_frozenref_dpo_sequencesum_v2_relative_sequence_metrics.csv
dpo,0.8,0.5,1.0,28,0.237868530355274,,dpo_transitive_a0.8_l0.5_b1_dynoracle_frozenref_dpo_sequencesum_v2_relative_sequence_metrics.csv
dpo,0.8,0.5,1.0,29,0.2436000434680943,,dpo_transitive_a0.8_l0.5_b1_dynoracle_frozenref_dpo_sequencesum_v2_relative_sequence_metrics.csv
dpo,0.8,0.5,1.0,30,0.2455155128307787,,dpo_transitive_a0.8_l0.5_b1_dynoracle_frozenref_dpo_sequencesum_v2_relative_sequence_metrics.csv
dpo,0.8,0.5,1.0,31,0.2441077772476519,,dpo_transitive_a0.8_l0.5_b1_dynoracle_frozenref_dpo_sequencesum_v2_relative_sequence_metrics.csv
dpo,0.8,0.5,1.0,32,0.2344562636727709,,dpo_transitive_a0.8_l0.5_b1_dynoracle_frozenref_dpo_sequencesum_v2_relative_sequence_metrics.csv
dpo,0.8,0.5,1.0,33,0.2265135300581985,,dpo_transitive_a0.8_l0.5_b1_dynoracle_frozenref_dpo_sequencesum_v2_relative_sequence_metrics.csv
dpo,0.8,0.5,1.0,34,0.2333850974995087,,dpo_transitive_a0.8_l0.5_b1_dynoracle_frozenref_dpo_sequencesum_v2_relative_sequence_metrics.csv
dpo,0.8,0.5,1.0,35,0.2385236631440576,,dpo_transitive_a0.8_l0.5_b1_dynoracle_frozenref_dpo_sequencesum_v2_relative_sequence_metrics.csv
dpo,0.8,0.5,1.0,36,0.2375988634967026,,dpo_transitive_a0.8_l0.5_b1_dynoracle_frozenref_dpo_sequencesum_v2_relative_sequence_metrics.csv
dpo,0.8,0.5,1.0,37,0.2347330211840409,,dpo_transitive_a0.8_l0.5_b1_dynoracle_frozenref_dpo_sequencesum_v2_relative_sequence_metrics.csv
dpo,0.8,0.5,1.0,38,0.2298223669896226,,dpo_transitive_a0.8_l0.5_b1_dynoracle_frozenref_dpo_sequencesum_v2_relative_sequence_metrics.csv
dpo,0.8,0.5,1.0,39,0.213315180660987,,dpo_transitive_a0.8_l0.5_b1_dynoracle_frozenref_dpo_sequencesum_v2_relative_sequence_metrics.csv
dpo,0.8,0.5,1.0,40,0.2114192844723687,0.885625,dpo_transitive_a0.8_l0.5_b1_dynoracle_frozenref_dpo_sequencesum_v2_relative_sequence_metrics.csv
dpo,0.8,0.5,1.0,41,0.2057259777566163,,dpo_transitive_a0.8_l0.5_b1_dynoracle_frozenref_dpo_sequencesum_v2_relative_sequence_metrics.csv
dpo,0.8,0.5,1.0,42,0.2080675989346347,,dpo_transitive_a0.8_l0.5_b1_dynoracle_frozenref_dpo_sequencesum_v2_relative_sequence_metrics.csv
dpo,0.8,0.5,1.0,43,0.2109887139258324,,dpo_transitive_a0.8_l0.5_b1_dynoracle_frozenref_dpo_sequencesum_v2_relative_sequence_metrics.csv
dpo,0.8,0.5,1.0,44,0.2085917256874996,,dpo_transitive_a0.8_l0.5_b1_dynoracle_frozenref_dpo_sequencesum_v2_relative_sequence_metrics.csv
dpo,0.8,0.5,1.0,45,0.1991871664633691,,dpo_transitive_a0.8_l0.5_b1_dynoracle_frozenref_dpo_sequencesum_v2_relative_sequence_metrics.csv
dpo,0.8,0.5,1.0,46,0.1950501061081684,,dpo_transitive_a0.8_l0.5_b1_dynoracle_frozenref_dpo_sequencesum_v2_relative_sequence_metrics.csv
dpo,0.8,0.5,1.0,47,0.1840411618786625,,dpo_transitive_a0.8_l0.5_b1_dynoracle_frozenref_dpo_sequencesum_v2_relative_sequence_metrics.csv
dpo,0.8,0.5,1.0,48,0.1992303147965309,,dpo_transitive_a0.8_l0.5_b1_dynoracle_frozenref_dpo_sequencesum_v2_relative_sequence_metrics.csv
dpo,0.8,0.5,1.0,49,0.193555410700136,,dpo_transitive_a0.8_l0.5_b1_dynoracle_frozenref_dpo_sequencesum_v2_relative_sequence_metrics.csv
dpo,0.8,0.5,1.0,50,0.1851098107239423,,dpo_transitive_a0.8_l0.5_b1_dynoracle_frozenref_dpo_sequencesum_v2_relative_sequence_metrics.csv
dpo,0.8,0.5,1.0,51,0.1824717212337684,,dpo_transitive_a0.8_l0.5_b1_dynoracle_frozenref_dpo_sequencesum_v2_relative_sequence_metrics.csv
dpo,0.8,0.5,1.0,52,0.1882825803118531,,dpo_transitive_a0.8_l0.5_b1_dynoracle_frozenref_dpo_sequencesum_v2_relative_sequence_metrics.csv
dpo,0.8,0.5,1.0,53,0.1874011652562102,,dpo_transitive_a0.8_l0.5_b1_dynoracle_frozenref_dpo_sequencesum_v2_relative_sequence_metrics.csv
dpo,0.8,0.5,1.0,54,0.1869831043409205,,dpo_transitive_a0.8_l0.5_b1_dynoracle_frozenref_dpo_sequencesum_v2_relative_sequence_metrics.csv
dpo,0.8,0.5,1.0,55,0.1906367784565342,,dpo_transitive_a0.8_l0.5_b1_dynoracle_frozenref_dpo_sequencesum_v2_relative_sequence_metrics.csv
dpo,0.8,0.5,1.0,56,0.1956804550455203,,dpo_transitive_a0.8_l0.5_b1_dynoracle_frozenref_dpo_sequencesum_v2_relative_sequence_metrics.csv
dpo,0.8,0.5,1.0,57,0.1894286834964192,,dpo_transitive_a0.8_l0.5_b1_dynoracle_frozenref_dpo_sequencesum_v2_relative_sequence_metrics.csv
dpo,0.8,0.5,1.0,58,0.1866533775727419,,dpo_transitive_a0.8_l0.5_b1_dynoracle_frozenref_dpo_sequencesum_v2_relative_sequence_metrics.csv
dpo,0.8,0.5,1.0,59,0.1786264774788847,,dpo_transitive_a0.8_l0.5_b1_dynoracle_frozenref_dpo_sequencesum_v2_relative_sequence_metrics.csv
dpo,0.8,0.5,1.0,60,0.1806434066901741,0.8925,dpo_transitive_a0.8_l0.5_b1_dynoracle_frozenref_dpo_sequencesum_v2_relative_sequence_metrics.csv
dpo,0.8,0.5,1.0,61,0.1854645967315199,,dpo_transitive_a0.8_l0.5_b1_dynoracle_frozenref_dpo_sequencesum_v2_relative_sequence_metrics.csv
dpo,0.8,0.5,1.0,62,0.1783640245384371,,dpo_transitive_a0.8_l0.5_b1_dynoracle_frozenref_dpo_sequencesum_v2_relative_sequence_metrics.csv
dpo,0.8,0.5,1.0,63,0.177750394240957,,dpo_transitive_a0.8_l0.5_b1_dynoracle_frozenref_dpo_sequencesum_v2_relative_sequence_metrics.csv
dpo,0.8,0.5,1.0,64,0.179886466036525,,dpo_transitive_a0.8_l0.5_b1_dynoracle_frozenref_dpo_sequencesum_v2_relative_sequence_metrics.csv
dpo,0.8,0.5,1.0,65,0.1811175292857127,,dpo_transitive_a0.8_l0.5_b1_dynoracle_frozenref_dpo_sequencesum_v2_relative_sequence_metrics.csv
dpo,0.8,0.5,1.0,66,0.1800369269298963,,dpo_transitive_a0.8_l0.5_b1_dynoracle_frozenref_dpo_sequencesum_v2_relative_sequence_metrics.csv
dpo,0.8,0.5,1.0,67,0.1700983121958429,,dpo_transitive_a0.8_l0.5_b1_dynoracle_frozenref_dpo_sequencesum_v2_relative_sequence_metrics.csv
dpo,0.8,0.5,1.0,68,0.1603662986967376,,dpo_transitive_a0.8_l0.5_b1_dynoracle_frozenref_dpo_sequencesum_v2_relative_sequence_metrics.csv
dpo,0.8,0.5,1.0,69,0.1569941715395753,,dpo_transitive_a0.8_l0.5_b1_dynoracle_frozenref_dpo_sequencesum_v2_relative_sequence_metrics.csv
dpo,0.8,0.5,1.0,70,0.155133870271853,,dpo_transitive_a0.8_l0.5_b1_dynoracle_frozenref_dpo_sequencesum_v2_relative_sequence_metrics.csv
dpo,0.8,0.5,1.0,71,0.1590673986313126,,dpo_transitive_a0.8_l0.5_b1_dynoracle_frozenref_dpo_sequencesum_v2_relative_sequence_metrics.csv
dpo,0.8,0.5,1.0,72,0.1502609895517653,,dpo_transitive_a0.8_l0.5_b1_dynoracle_frozenref_dpo_sequencesum_v2_relative_sequence_metrics.csv
dpo,0.8,0.5,1.0,73,0.1517723034860366,,dpo_transitive_a0.8_l0.5_b1_dynoracle_frozenref_dpo_sequencesum_v2_relative_sequence_metrics.csv
dpo,0.8,0.5,1.0,74,0.1557385460973398,,dpo_transitive_a0.8_l0.5_b1_dynoracle_frozenref_dpo_sequencesum_v2_relative_sequence_metrics.csv
dpo,0.8,0.5,1.0,75,0.1630114215866009,,dpo_transitive_a0.8_l0.5_b1_dynoracle_frozenref_dpo_sequencesum_v2_relative_sequence_metrics.csv
dpo,0.8,0.5,1.0,76,0.1605337832846801,,dpo_transitive_a0.8_l0.5_b1_dynoracle_frozenref_dpo_sequencesum_v2_relative_sequence_metrics.csv
dpo,0.8,0.5,1.0,77,0.1588135756188547,,dpo_transitive_a0.8_l0.5_b1_dynoracle_frozenref_dpo_sequencesum_v2_relative_sequence_metrics.csv
dpo,0.8,0.5,1.0,78,0.1592300159339047,,dpo_transitive_a0.8_l0.5_b1_dynoracle_frozenref_dpo_sequencesum_v2_relative_sequence_metrics.csv
dpo,0.8,0.5,1.0,79,0.1619126895509961,,dpo_transitive_a0.8_l0.5_b1_dynoracle_frozenref_dpo_sequencesum_v2_relative_sequence_metrics.csv
dpo,0.8,0.5,1.0,80,0.1619429204135365,0.85475,dpo_transitive_a0.8_l0.5_b1_dynoracle_frozenref_dpo_sequencesum_v2_relative_sequence_metrics.csv
dpo,0.9,0.5,1.0,0,1.558304398571417,0.486125,dpo_transitive_a0.9_l0.5_b1_dynoracle_frozenref_dpo_sequencesum_v2_relative_sequence_metrics.csv
dpo,0.9,0.5,1.0,1,1.4798771353228717,,dpo_transitive_a0.9_l0.5_b1_dynoracle_frozenref_dpo_sequencesum_v2_relative_sequence_metrics.csv
dpo,0.9,0.5,1.0,2,1.25795772922472,,dpo_transitive_a0.9_l0.5_b1_dynoracle_frozenref_dpo_sequencesum_v2_relative_sequence_metrics.csv
dpo,0.9,0.5,1.0,3,1.0319853993535189,,dpo_transitive_a0.9_l0.5_b1_dynoracle_frozenref_dpo_sequencesum_v2_relative_sequence_metrics.csv
dpo,0.9,0.5,1.0,4,0.8352799517653705,,dpo_transitive_a0.9_l0.5_b1_dynoracle_frozenref_dpo_sequencesum_v2_relative_sequence_metrics.csv
dpo,0.9,0.5,1.0,5,0.6886825621281264,,dpo_transitive_a0.9_l0.5_b1_dynoracle_frozenref_dpo_sequencesum_v2_relative_sequence_metrics.csv
dpo,0.9,0.5,1.0,6,0.5839234886496277,,dpo_transitive_a0.9_l0.5_b1_dynoracle_frozenref_dpo_sequencesum_v2_relative_sequence_metrics.csv
dpo,0.9,0.5,1.0,7,0.4956181264066335,,dpo_transitive_a0.9_l0.5_b1_dynoracle_frozenref_dpo_sequencesum_v2_relative_sequence_metrics.csv
dpo,0.9,0.5,1.0,8,0.4332085221850147,,dpo_transitive_a0.9_l0.5_b1_dynoracle_frozenref_dpo_sequencesum_v2_relative_sequence_metrics.csv
dpo,0.9,0.5,1.0,9,0.3685860350910154,,dpo_transitive_a0.9_l0.5_b1_dynoracle_frozenref_dpo_sequencesum_v2_relative_sequence_metrics.csv
dpo,0.9,0.5,1.0,10,0.3325226103706998,,dpo_transitive_a0.9_l0.5_b1_dynoracle_frozenref_dpo_sequencesum_v2_relative_sequence_metrics.csv
dpo,0.9,0.5,1.0,11,0.2943189378269943,,dpo_transitive_a0.9_l0.5_b1_dynoracle_frozenref_dpo_sequencesum_v2_relative_sequence_metrics.csv
dpo,0.9,0.5,1.0,12,0.2646065032972371,,dpo_transitive_a0.9_l0.5_b1_dynoracle_frozenref_dpo_sequencesum_v2_relative_sequence_metrics.csv
dpo,0.9,0.5,1.0,13,0.2357035961948377,,dpo_transitive_a0.9_l0.5_b1_dynoracle_frozenref_dpo_sequencesum_v2_relative_sequence_metrics.csv
dpo,0.9,0.5,1.0,14,0.2291944423519838,,dpo_transitive_a0.9_l0.5_b1_dynoracle_frozenref_dpo_sequencesum_v2_relative_sequence_metrics.csv
dpo,0.9,0.5,1.0,15,0.2205500339953878,,dpo_transitive_a0.9_l0.5_b1_dynoracle_frozenref_dpo_sequencesum_v2_relative_sequence_metrics.csv
dpo,0.9,0.5,1.0,16,0.1966484372064118,,dpo_transitive_a0.9_l0.5_b1_dynoracle_frozenref_dpo_sequencesum_v2_relative_sequence_metrics.csv
dpo,0.9,0.5,1.0,17,0.1940105883814985,,dpo_transitive_a0.9_l0.5_b1_dynoracle_frozenref_dpo_sequencesum_v2_relative_sequence_metrics.csv
dpo,0.9,0.5,1.0,18,0.1818395481659367,,dpo_transitive_a0.9_l0.5_b1_dynoracle_frozenref_dpo_sequencesum_v2_relative_sequence_metrics.csv
dpo,0.9,0.5,1.0,19,0.1711358472073278,,dpo_transitive_a0.9_l0.5_b1_dynoracle_frozenref_dpo_sequencesum_v2_relative_sequence_metrics.csv
dpo,0.9,0.5,1.0,20,0.1615851204663219,0.89375,dpo_transitive_a0.9_l0.5_b1_dynoracle_frozenref_dpo_sequencesum_v2_relative_sequence_metrics.csv
dpo,0.9,0.5,1.0,21,0.1633953637869147,,dpo_transitive_a0.9_l0.5_b1_dynoracle_frozenref_dpo_sequencesum_v2_relative_sequence_metrics.csv
dpo,0.9,0.5,1.0,22,0.1595535180119204,,dpo_transitive_a0.9_l0.5_b1_dynoracle_frozenref_dpo_sequencesum_v2_relative_sequence_metrics.csv
dpo,0.9,0.5,1.0,23,0.1514805588288751,,dpo_transitive_a0.9_l0.5_b1_dynoracle_frozenref_dpo_sequencesum_v2_relative_sequence_metrics.csv
dpo,0.9,0.5,1.0,24,0.1461315674312492,,dpo_transitive_a0.9_l0.5_b1_dynoracle_frozenref_dpo_sequencesum_v2_relative_sequence_metrics.csv
dpo,0.9,0.5,1.0,25,0.1565755702435419,,dpo_transitive_a0.9_l0.5_b1_dynoracle_frozenref_dpo_sequencesum_v2_relative_sequence_metrics.csv
dpo,0.9,0.5,1.0,26,0.1582340611100525,,dpo_transitive_a0.9_l0.5_b1_dynoracle_frozenref_dpo_sequencesum_v2_relative_sequence_metrics.csv
dpo,0.9,0.5,1.0,27,0.1502601380418916,,dpo_transitive_a0.9_l0.5_b1_dynoracle_frozenref_dpo_sequencesum_v2_relative_sequence_metrics.csv
dpo,0.9,0.5,1.0,28,0.1476849922179445,,dpo_transitive_a0.9_l0.5_b1_dynoracle_frozenref_dpo_sequencesum_v2_relative_sequence_metrics.csv
dpo,0.9,0.5,1.0,29,0.1473972949690909,,dpo_transitive_a0.9_l0.5_b1_dynoracle_frozenref_dpo_sequencesum_v2_relative_sequence_metrics.csv
dpo,0.9,0.5,1.0,30,0.1377801903444073,,dpo_transitive_a0.9_l0.5_b1_dynoracle_frozenref_dpo_sequencesum_v2_relative_sequence_metrics.csv
dpo,0.9,0.5,1.0,31,0.1357028372479007,,dpo_transitive_a0.9_l0.5_b1_dynoracle_frozenref_dpo_sequencesum_v2_relative_sequence_metrics.csv
dpo,0.9,0.5,1.0,32,0.1269774058503641,,dpo_transitive_a0.9_l0.5_b1_dynoracle_frozenref_dpo_sequencesum_v2_relative_sequence_metrics.csv
dpo,0.9,0.5,1.0,33,0.13179599373619,,dpo_transitive_a0.9_l0.5_b1_dynoracle_frozenref_dpo_sequencesum_v2_relative_sequence_metrics.csv
dpo,0.9,0.5,1.0,34,0.1317797162878682,,dpo_transitive_a0.9_l0.5_b1_dynoracle_frozenref_dpo_sequencesum_v2_relative_sequence_metrics.csv
dpo,0.9,0.5,1.0,35,0.133919835336286,,dpo_transitive_a0.9_l0.5_b1_dynoracle_frozenref_dpo_sequencesum_v2_relative_sequence_metrics.csv
dpo,0.9,0.5,1.0,36,0.130270970054957,,dpo_transitive_a0.9_l0.5_b1_dynoracle_frozenref_dpo_sequencesum_v2_relative_sequence_metrics.csv
dpo,0.9,0.5,1.0,37,0.1239278697207832,,dpo_transitive_a0.9_l0.5_b1_dynoracle_frozenref_dpo_sequencesum_v2_relative_sequence_metrics.csv
dpo,0.9,0.5,1.0,38,0.1079297652925694,,dpo_transitive_a0.9_l0.5_b1_dynoracle_frozenref_dpo_sequencesum_v2_relative_sequence_metrics.csv
dpo,0.9,0.5,1.0,39,0.1049392227070753,,dpo_transitive_a0.9_l0.5_b1_dynoracle_frozenref_dpo_sequencesum_v2_relative_sequence_metrics.csv
dpo,0.9,0.5,1.0,40,0.1101644577824548,0.92325,dpo_transitive_a0.9_l0.5_b1_dynoracle_frozenref_dpo_sequencesum_v2_relative_sequence_metrics.csv
dpo,0.9,0.5,1.0,41,0.1075503876442411,,dpo_transitive_a0.9_l0.5_b1_dynoracle_frozenref_dpo_sequencesum_v2_relative_sequence_metrics.csv
dpo,0.9,0.5,1.0,42,0.1090651146381343,,dpo_transitive_a0.9_l0.5_b1_dynoracle_frozenref_dpo_sequencesum_v2_relative_sequence_metrics.csv
dpo,0.9,0.5,1.0,43,0.0997016553605234,,dpo_transitive_a0.9_l0.5_b1_dynoracle_frozenref_dpo_sequencesum_v2_relative_sequence_metrics.csv
dpo,0.9,0.5,1.0,44,0.1039352251835832,,dpo_transitive_a0.9_l0.5_b1_dynoracle_frozenref_dpo_sequencesum_v2_relative_sequence_metrics.csv
dpo,0.9,0.5,1.0,45,0.1046772076673216,,dpo_transitive_a0.9_l0.5_b1_dynoracle_frozenref_dpo_sequencesum_v2_relative_sequence_metrics.csv
dpo,0.9,0.5,1.0,46,0.0969238618217126,,dpo_transitive_a0.9_l0.5_b1_dynoracle_frozenref_dpo_sequencesum_v2_relative_sequence_metrics.csv
dpo,0.9,0.5,1.0,47,0.0956638081703353,,dpo_transitive_a0.9_l0.5_b1_dynoracle_frozenref_dpo_sequencesum_v2_relative_sequence_metrics.csv
dpo,0.9,0.5,1.0,48,0.0942201518270683,,dpo_transitive_a0.9_l0.5_b1_dynoracle_frozenref_dpo_sequencesum_v2_relative_sequence_metrics.csv
dpo,0.9,0.5,1.0,49,0.0944887839463594,,dpo_transitive_a0.9_l0.5_b1_dynoracle_frozenref_dpo_sequencesum_v2_relative_sequence_metrics.csv
dpo,0.9,0.5,1.0,50,0.0929131613985974,,dpo_transitive_a0.9_l0.5_b1_dynoracle_frozenref_dpo_sequencesum_v2_relative_sequence_metrics.csv
dpo,0.9,0.5,1.0,51,0.1012390295968247,,dpo_transitive_a0.9_l0.5_b1_dynoracle_frozenref_dpo_sequencesum_v2_relative_sequence_metrics.csv
dpo,0.9,0.5,1.0,52,0.1017965458039299,,dpo_transitive_a0.9_l0.5_b1_dynoracle_frozenref_dpo_sequencesum_v2_relative_sequence_metrics.csv
dpo,0.9,0.5,1.0,53,0.0926235765182578,,dpo_transitive_a0.9_l0.5_b1_dynoracle_frozenref_dpo_sequencesum_v2_relative_sequence_metrics.csv
dpo,0.9,0.5,1.0,54,0.0909444178170647,,dpo_transitive_a0.9_l0.5_b1_dynoracle_frozenref_dpo_sequencesum_v2_relative_sequence_metrics.csv
dpo,0.9,0.5,1.0,55,0.0912824565223092,,dpo_transitive_a0.9_l0.5_b1_dynoracle_frozenref_dpo_sequencesum_v2_relative_sequence_metrics.csv
dpo,0.9,0.5,1.0,56,0.0952496187525254,,dpo_transitive_a0.9_l0.5_b1_dynoracle_frozenref_dpo_sequencesum_v2_relative_sequence_metrics.csv
dpo,0.9,0.5,1.0,57,0.0988947259281662,,dpo_transitive_a0.9_l0.5_b1_dynoracle_frozenref_dpo_sequencesum_v2_relative_sequence_metrics.csv
dpo,0.9,0.5,1.0,58,0.0967184199705099,,dpo_transitive_a0.9_l0.5_b1_dynoracle_frozenref_dpo_sequencesum_v2_relative_sequence_metrics.csv
dpo,0.9,0.5,1.0,59,0.0979469881893213,,dpo_transitive_a0.9_l0.5_b1_dynoracle_frozenref_dpo_sequencesum_v2_relative_sequence_metrics.csv
dpo,0.9,0.5,1.0,60,0.0772993997318937,0.930125,dpo_transitive_a0.9_l0.5_b1_dynoracle_frozenref_dpo_sequencesum_v2_relative_sequence_metrics.csv
dpo,0.9,0.5,1.0,61,0.0833733273335567,,dpo_transitive_a0.9_l0.5_b1_dynoracle_frozenref_dpo_sequencesum_v2_relative_sequence_metrics.csv
dpo,0.9,0.5,1.0,62,0.0892488450130517,,dpo_transitive_a0.9_l0.5_b1_dynoracle_frozenref_dpo_sequencesum_v2_relative_sequence_metrics.csv
dpo,0.9,0.5,1.0,63,0.0810711545130736,,dpo_transitive_a0.9_l0.5_b1_dynoracle_frozenref_dpo_sequencesum_v2_relative_sequence_metrics.csv
dpo,0.9,0.5,1.0,64,0.0700727198799278,,dpo_transitive_a0.9_l0.5_b1_dynoracle_frozenref_dpo_sequencesum_v2_relative_sequence_metrics.csv
dpo,0.9,0.5,1.0,65,0.0698085905825937,,dpo_transitive_a0.9_l0.5_b1_dynoracle_frozenref_dpo_sequencesum_v2_relative_sequence_metrics.csv
dpo,0.9,0.5,1.0,66,0.0739706900219887,,dpo_transitive_a0.9_l0.5_b1_dynoracle_frozenref_dpo_sequencesum_v2_relative_sequence_metrics.csv
dpo,0.9,0.5,1.0,67,0.070857153138367,,dpo_transitive_a0.9_l0.5_b1_dynoracle_frozenref_dpo_sequencesum_v2_relative_sequence_metrics.csv
dpo,0.9,0.5,1.0,68,0.0655539194399148,,dpo_transitive_a0.9_l0.5_b1_dynoracle_frozenref_dpo_sequencesum_v2_relative_sequence_metrics.csv
dpo,0.9,0.5,1.0,69,0.0724963910275266,,dpo_transitive_a0.9_l0.5_b1_dynoracle_frozenref_dpo_sequencesum_v2_relative_sequence_metrics.csv
dpo,0.9,0.5,1.0,70,0.0746529676883313,,dpo_transitive_a0.9_l0.5_b1_dynoracle_frozenref_dpo_sequencesum_v2_relative_sequence_metrics.csv
dpo,0.9,0.5,1.0,71,0.0623060648817855,,dpo_transitive_a0.9_l0.5_b1_dynoracle_frozenref_dpo_sequencesum_v2_relative_sequence_metrics.csv
dpo,0.9,0.5,1.0,72,0.070060965583913,,dpo_transitive_a0.9_l0.5_b1_dynoracle_frozenref_dpo_sequencesum_v2_relative_sequence_metrics.csv
dpo,0.9,0.5,1.0,73,0.0739811431081655,,dpo_transitive_a0.9_l0.5_b1_dynoracle_frozenref_dpo_sequencesum_v2_relative_sequence_metrics.csv
dpo,0.9,0.5,1.0,74,0.0757599056162061,,dpo_transitive_a0.9_l0.5_b1_dynoracle_frozenref_dpo_sequencesum_v2_relative_sequence_metrics.csv
dpo,0.9,0.5,1.0,75,0.0673115826573559,,dpo_transitive_a0.9_l0.5_b1_dynoracle_frozenref_dpo_sequencesum_v2_relative_sequence_metrics.csv
dpo,0.9,0.5,1.0,76,0.0710566868405415,,dpo_transitive_a0.9_l0.5_b1_dynoracle_frozenref_dpo_sequencesum_v2_relative_sequence_metrics.csv
dpo,0.9,0.5,1.0,77,0.0822011632078415,,dpo_transitive_a0.9_l0.5_b1_dynoracle_frozenref_dpo_sequencesum_v2_relative_sequence_metrics.csv
dpo,0.9,0.5,1.0,78,0.0774638696344301,,dpo_transitive_a0.9_l0.5_b1_dynoracle_frozenref_dpo_sequencesum_v2_relative_sequence_metrics.csv
dpo,0.9,0.5,1.0,79,0.0831146507945185,,dpo_transitive_a0.9_l0.5_b1_dynoracle_frozenref_dpo_sequencesum_v2_relative_sequence_metrics.csv
dpo,0.9,0.5,1.0,80,0.0828903774821644,0.9155,dpo_transitive_a0.9_l0.5_b1_dynoracle_frozenref_dpo_sequencesum_v2_relative_sequence_metrics.csv
dpo,0.95,0.5,1.0,0,1.5527117880737025,0.484875,dpo_transitive_a0.95_l0.5_b1_dynoracle_frozenref_dpo_sequencesum_v2_relative_sequence_metrics.csv
dpo,0.95,0.5,1.0,1,1.4379728087965389,,dpo_transitive_a0.95_l0.5_b1_dynoracle_frozenref_dpo_sequencesum_v2_relative_sequence_metrics.csv
dpo,0.95,0.5,1.0,2,1.1523722645909442,,dpo_transitive_a0.95_l0.5_b1_dynoracle_frozenref_dpo_sequencesum_v2_relative_sequence_metrics.csv
dpo,0.95,0.5,1.0,3,0.9324557772057852,,dpo_transitive_a0.95_l0.5_b1_dynoracle_frozenref_dpo_sequencesum_v2_relative_sequence_metrics.csv
dpo,0.95,0.5,1.0,4,0.7184040450689972,,dpo_transitive_a0.95_l0.5_b1_dynoracle_frozenref_dpo_sequencesum_v2_relative_sequence_metrics.csv
dpo,0.95,0.5,1.0,5,0.5789767602430766,,dpo_transitive_a0.95_l0.5_b1_dynoracle_frozenref_dpo_sequencesum_v2_relative_sequence_metrics.csv
dpo,0.95,0.5,1.0,6,0.478261999247877,,dpo_transitive_a0.95_l0.5_b1_dynoracle_frozenref_dpo_sequencesum_v2_relative_sequence_metrics.csv
dpo,0.95,0.5,1.0,7,0.4097941978495585,,dpo_transitive_a0.95_l0.5_b1_dynoracle_frozenref_dpo_sequencesum_v2_relative_sequence_metrics.csv
dpo,0.95,0.5,1.0,8,0.3512938233984507,,dpo_transitive_a0.95_l0.5_b1_dynoracle_frozenref_dpo_sequencesum_v2_relative_sequence_metrics.csv
dpo,0.95,0.5,1.0,9,0.3052269328354056,,dpo_transitive_a0.95_l0.5_b1_dynoracle_frozenref_dpo_sequencesum_v2_relative_sequence_metrics.csv
dpo,0.95,0.5,1.0,10,0.2691533621582703,,dpo_transitive_a0.95_l0.5_b1_dynoracle_frozenref_dpo_sequencesum_v2_relative_sequence_metrics.csv
dpo,0.95,0.5,1.0,11,0.2182323021577528,,dpo_transitive_a0.95_l0.5_b1_dynoracle_frozenref_dpo_sequencesum_v2_relative_sequence_metrics.csv
dpo,0.95,0.5,1.0,12,0.1903339681877828,,dpo_transitive_a0.95_l0.5_b1_dynoracle_frozenref_dpo_sequencesum_v2_relative_sequence_metrics.csv
dpo,0.95,0.5,1.0,13,0.1772138351105787,,dpo_transitive_a0.95_l0.5_b1_dynoracle_frozenref_dpo_sequencesum_v2_relative_sequence_metrics.csv
dpo,0.95,0.5,1.0,14,0.1553830396604926,,dpo_transitive_a0.95_l0.5_b1_dynoracle_frozenref_dpo_sequencesum_v2_relative_sequence_metrics.csv
dpo,0.95,0.5,1.0,15,0.1465608869979938,,dpo_transitive_a0.95_l0.5_b1_dynoracle_frozenref_dpo_sequencesum_v2_relative_sequence_metrics.csv
dpo,0.95,0.5,1.0,16,0.1315697329978216,,dpo_transitive_a0.95_l0.5_b1_dynoracle_frozenref_dpo_sequencesum_v2_relative_sequence_metrics.csv
dpo,0.95,0.5,1.0,17,0.1208371742400581,,dpo_transitive_a0.95_l0.5_b1_dynoracle_frozenref_dpo_sequencesum_v2_relative_sequence_metrics.csv
dpo,0.95,0.5,1.0,18,0.1138669474686291,,dpo_transitive_a0.95_l0.5_b1_dynoracle_frozenref_dpo_sequencesum_v2_relative_sequence_metrics.csv
dpo,0.95,0.5,1.0,19,0.1102124697337589,,dpo_transitive_a0.95_l0.5_b1_dynoracle_frozenref_dpo_sequencesum_v2_relative_sequence_metrics.csv
dpo,0.95,0.5,1.0,20,0.0982143978831171,0.907875,dpo_transitive_a0.95_l0.5_b1_dynoracle_frozenref_dpo_sequencesum_v2_relative_sequence_metrics.csv
dpo,0.95,0.5,1.0,21,0.095542182294652,,dpo_transitive_a0.95_l0.5_b1_dynoracle_frozenref_dpo_sequencesum_v2_relative_sequence_metrics.csv
dpo,0.95,0.5,1.0,22,0.0877076269091353,,dpo_transitive_a0.95_l0.5_b1_dynoracle_frozenref_dpo_sequencesum_v2_relative_sequence_metrics.csv
dpo,0.95,0.5,1.0,23,0.0820497822555406,,dpo_transitive_a0.95_l0.5_b1_dynoracle_frozenref_dpo_sequencesum_v2_relative_sequence_metrics.csv
dpo,0.95,0.5,1.0,24,0.075396635811008,,dpo_transitive_a0.95_l0.5_b1_dynoracle_frozenref_dpo_sequencesum_v2_relative_sequence_metrics.csv
dpo,0.95,0.5,1.0,25,0.0803259785041699,,dpo_transitive_a0.95_l0.5_b1_dynoracle_frozenref_dpo_sequencesum_v2_relative_sequence_metrics.csv
dpo,0.95,0.5,1.0,26,0.069611819484992,,dpo_transitive_a0.95_l0.5_b1_dynoracle_frozenref_dpo_sequencesum_v2_relative_sequence_metrics.csv
dpo,0.95,0.5,1.0,27,0.0692589687162982,,dpo_transitive_a0.95_l0.5_b1_dynoracle_frozenref_dpo_sequencesum_v2_relative_sequence_metrics.csv
dpo,0.95,0.5,1.0,28,0.0758132138986801,,dpo_transitive_a0.95_l0.5_b1_dynoracle_frozenref_dpo_sequencesum_v2_relative_sequence_metrics.csv
dpo,0.95,0.5,1.0,29,0.0593993930373418,,dpo_transitive_a0.95_l0.5_b1_dynoracle_frozenref_dpo_sequencesum_v2_relative_sequence_metrics.csv
dpo,0.95,0.5,1.0,30,0.0609701960488876,,dpo_transitive_a0.95_l0.5_b1_dynoracle_frozenref_dpo_sequencesum_v2_relative_sequence_metrics.csv
dpo,0.95,0.5,1.0,31,0.0577191310368258,,dpo_transitive_a0.95_l0.5_b1_dynoracle_frozenref_dpo_sequencesum_v2_relative_sequence_metrics.csv
dpo,0.95,0.5,1.0,32,0.0567036689565231,,dpo_transitive_a0.95_l0.5_b1_dynoracle_frozenref_dpo_sequencesum_v2_relative_sequence_metrics.csv
dpo,0.95,0.5,1.0,33,0.0589434547898808,,dpo_transitive_a0.95_l0.5_b1_dynoracle_frozenref_dpo_sequencesum_v2_relative_sequence_metrics.csv
dpo,0.95,0.5,1.0,34,0.0565068632188571,,dpo_transitive_a0.95_l0.5_b1_dynoracle_frozenref_dpo_sequencesum_v2_relative_sequence_metrics.csv
dpo,0.95,0.5,1.0,35,0.0545019659245158,,dpo_transitive_a0.95_l0.5_b1_dynoracle_frozenref_dpo_sequencesum_v2_relative_sequence_metrics.csv
dpo,0.95,0.5,1.0,36,0.0586340542581717,,dpo_transitive_a0.95_l0.5_b1_dynoracle_frozenref_dpo_sequencesum_v2_relative_sequence_metrics.csv
dpo,0.95,0.5,1.0,37,0.0528206390826426,,dpo_transitive_a0.95_l0.5_b1_dynoracle_frozenref_dpo_sequencesum_v2_relative_sequence_metrics.csv
dpo,0.95,0.5,1.0,38,0.0508349085417427,,dpo_transitive_a0.95_l0.5_b1_dynoracle_frozenref_dpo_sequencesum_v2_relative_sequence_metrics.csv
dpo,0.95,0.5,1.0,39,0.0451580295146363,,dpo_transitive_a0.95_l0.5_b1_dynoracle_frozenref_dpo_sequencesum_v2_relative_sequence_metrics.csv
dpo,0.95,0.5,1.0,40,0.0407572882779416,0.92725,dpo_transitive_a0.95_l0.5_b1_dynoracle_frozenref_dpo_sequencesum_v2_relative_sequence_metrics.csv
dpo,0.95,0.5,1.0,41,0.0382480371616628,,dpo_transitive_a0.95_l0.5_b1_dynoracle_frozenref_dpo_sequencesum_v2_relative_sequence_metrics.csv
dpo,0.95,0.5,1.0,42,0.0435137376887221,,dpo_transitive_a0.95_l0.5_b1_dynoracle_frozenref_dpo_sequencesum_v2_relative_sequence_metrics.csv
dpo,0.95,0.5,1.0,43,0.0436930133482207,,dpo_transitive_a0.95_l0.5_b1_dynoracle_frozenref_dpo_sequencesum_v2_relative_sequence_metrics.csv
dpo,0.95,0.5,1.0,44,0.0383580140314695,,dpo_transitive_a0.95_l0.5_b1_dynoracle_frozenref_dpo_sequencesum_v2_relative_sequence_metrics.csv
dpo,0.95,0.5,1.0,45,0.0432975625229913,,dpo_transitive_a0.95_l0.5_b1_dynoracle_frozenref_dpo_sequencesum_v2_relative_sequence_metrics.csv
dpo,0.95,0.5,1.0,46,0.0408934743393716,,dpo_transitive_a0.95_l0.5_b1_dynoracle_frozenref_dpo_sequencesum_v2_relative_sequence_metrics.csv
dpo,0.95,0.5,1.0,47,0.045454776784503,,dpo_transitive_a0.95_l0.5_b1_dynoracle_frozenref_dpo_sequencesum_v2_relative_sequence_metrics.csv
dpo,0.95,0.5,1.0,48,0.0368346919335534,,dpo_transitive_a0.95_l0.5_b1_dynoracle_frozenref_dpo_sequencesum_v2_relative_sequence_metrics.csv
dpo,0.95,0.5,1.0,49,0.042971403746991,,dpo_transitive_a0.95_l0.5_b1_dynoracle_frozenref_dpo_sequencesum_v2_relative_sequence_metrics.csv
dpo,0.95,0.5,1.0,50,0.0391533315468088,,dpo_transitive_a0.95_l0.5_b1_dynoracle_frozenref_dpo_sequencesum_v2_relative_sequence_metrics.csv
dpo,0.95,0.5,1.0,51,0.0385635900289035,,dpo_transitive_a0.95_l0.5_b1_dynoracle_frozenref_dpo_sequencesum_v2_relative_sequence_metrics.csv
dpo,0.95,0.5,1.0,52,0.0346425206461542,,dpo_transitive_a0.95_l0.5_b1_dynoracle_frozenref_dpo_sequencesum_v2_relative_sequence_metrics.csv
dpo,0.95,0.5,1.0,53,0.0338246628137398,,dpo_transitive_a0.95_l0.5_b1_dynoracle_frozenref_dpo_sequencesum_v2_relative_sequence_metrics.csv
dpo,0.95,0.5,1.0,54,0.029851970675417,,dpo_transitive_a0.95_l0.5_b1_dynoracle_frozenref_dpo_sequencesum_v2_relative_sequence_metrics.csv
dpo,0.95,0.5,1.0,55,0.0312601620488148,,dpo_transitive_a0.95_l0.5_b1_dynoracle_frozenref_dpo_sequencesum_v2_relative_sequence_metrics.csv
dpo,0.95,0.5,1.0,56,0.032406556034881,,dpo_transitive_a0.95_l0.5_b1_dynoracle_frozenref_dpo_sequencesum_v2_relative_sequence_metrics.csv
dpo,0.95,0.5,1.0,57,0.0290103373420279,,dpo_transitive_a0.95_l0.5_b1_dynoracle_frozenref_dpo_sequencesum_v2_relative_sequence_metrics.csv
dpo,0.95,0.5,1.0,58,0.0350221884269744,,dpo_transitive_a0.95_l0.5_b1_dynoracle_frozenref_dpo_sequencesum_v2_relative_sequence_metrics.csv
dpo,0.95,0.5,1.0,59,0.0289374935002587,,dpo_transitive_a0.95_l0.5_b1_dynoracle_frozenref_dpo_sequencesum_v2_relative_sequence_metrics.csv
dpo,0.95,0.5,1.0,60,0.034680873284376,0.92025,dpo_transitive_a0.95_l0.5_b1_dynoracle_frozenref_dpo_sequencesum_v2_relative_sequence_metrics.csv
dpo,0.95,0.5,1.0,61,0.0318759871401274,,dpo_transitive_a0.95_l0.5_b1_dynoracle_frozenref_dpo_sequencesum_v2_relative_sequence_metrics.csv
dpo,0.95,0.5,1.0,62,0.0287923527758632,,dpo_transitive_a0.95_l0.5_b1_dynoracle_frozenref_dpo_sequencesum_v2_relative_sequence_metrics.csv
dpo,0.95,0.5,1.0,63,0.031033026207574,,dpo_transitive_a0.95_l0.5_b1_dynoracle_frozenref_dpo_sequencesum_v2_relative_sequence_metrics.csv
dpo,0.95,0.5,1.0,64,0.0306516203745862,,dpo_transitive_a0.95_l0.5_b1_dynoracle_frozenref_dpo_sequencesum_v2_relative_sequence_metrics.csv
dpo,0.95,0.5,1.0,65,0.0287534476030546,,dpo_transitive_a0.95_l0.5_b1_dynoracle_frozenref_dpo_sequencesum_v2_relative_sequence_metrics.csv
dpo,0.95,0.5,1.0,66,0.0258750859669469,,dpo_transitive_a0.95_l0.5_b1_dynoracle_frozenref_dpo_sequencesum_v2_relative_sequence_metrics.csv
dpo,0.95,0.5,1.0,67,0.0271117650865295,,dpo_transitive_a0.95_l0.5_b1_dynoracle_frozenref_dpo_sequencesum_v2_relative_sequence_metrics.csv
dpo,0.95,0.5,1.0,68,0.0248311961986178,,dpo_transitive_a0.95_l0.5_b1_dynoracle_frozenref_dpo_sequencesum_v2_relative_sequence_metrics.csv
dpo,0.95,0.5,1.0,69,0.0318509333196969,,dpo_transitive_a0.95_l0.5_b1_dynoracle_frozenref_dpo_sequencesum_v2_relative_sequence_metrics.csv
dpo,0.95,0.5,1.0,70,0.0330408150801279,,dpo_transitive_a0.95_l0.5_b1_dynoracle_frozenref_dpo_sequencesum_v2_relative_sequence_metrics.csv
dpo,0.95,0.5,1.0,71,0.0392914397388989,,dpo_transitive_a0.95_l0.5_b1_dynoracle_frozenref_dpo_sequencesum_v2_relative_sequence_metrics.csv
dpo,0.95,0.5,1.0,72,0.027735399651769,,dpo_transitive_a0.95_l0.5_b1_dynoracle_frozenref_dpo_sequencesum_v2_relative_sequence_metrics.csv
dpo,0.95,0.5,1.0,73,0.0226958806180975,,dpo_transitive_a0.95_l0.5_b1_dynoracle_frozenref_dpo_sequencesum_v2_relative_sequence_metrics.csv
dpo,0.95,0.5,1.0,74,0.0307963086451794,,dpo_transitive_a0.95_l0.5_b1_dynoracle_frozenref_dpo_sequencesum_v2_relative_sequence_metrics.csv
dpo,0.95,0.5,1.0,75,0.0373975583623364,,dpo_transitive_a0.95_l0.5_b1_dynoracle_frozenref_dpo_sequencesum_v2_relative_sequence_metrics.csv
dpo,0.95,0.5,1.0,76,0.0324130232844167,,dpo_transitive_a0.95_l0.5_b1_dynoracle_frozenref_dpo_sequencesum_v2_relative_sequence_metrics.csv
dpo,0.95,0.5,1.0,77,0.0291952394074157,,dpo_transitive_a0.95_l0.5_b1_dynoracle_frozenref_dpo_sequencesum_v2_relative_sequence_metrics.csv
dpo,0.95,0.5,1.0,78,0.0336677492749764,,dpo_transitive_a0.95_l0.5_b1_dynoracle_frozenref_dpo_sequencesum_v2_relative_sequence_metrics.csv
dpo,0.95,0.5,1.0,79,0.0349284019583664,,dpo_transitive_a0.95_l0.5_b1_dynoracle_frozenref_dpo_sequencesum_v2_relative_sequence_metrics.csv
dpo,0.95,0.5,1.0,80,0.0334480959629053,0.869375,dpo_transitive_a0.95_l0.5_b1_dynoracle_frozenref_dpo_sequencesum_v2_relative_sequence_metrics.csv
dpo,0.99,0.5,1.0,0,1.5520299348997617,0.476375,dpo_transitive_a0.99_l0.5_b1_dynoracle_frozenref_dpo_sequencesum_v2_relative_sequence_metrics.csv
dpo,0.99,0.5,1.0,1,1.446328668860372,,dpo_transitive_a0.99_l0.5_b1_dynoracle_frozenref_dpo_sequencesum_v2_relative_sequence_metrics.csv
dpo,0.99,0.5,1.0,2,1.2125267976848215,,dpo_transitive_a0.99_l0.5_b1_dynoracle_frozenref_dpo_sequencesum_v2_relative_sequence_metrics.csv
dpo,0.99,0.5,1.0,3,0.9919536180100372,,dpo_transitive_a0.99_l0.5_b1_dynoracle_frozenref_dpo_sequencesum_v2_relative_sequence_metrics.csv
dpo,0.99,0.5,1.0,4,0.7661768097057099,,dpo_transitive_a0.99_l0.5_b1_dynoracle_frozenref_dpo_sequencesum_v2_relative_sequence_metrics.csv
dpo,0.99,0.5,1.0,5,0.6442394653802523,,dpo_transitive_a0.99_l0.5_b1_dynoracle_frozenref_dpo_sequencesum_v2_relative_sequence_metrics.csv
dpo,0.99,0.5,1.0,6,0.5245270294368034,,dpo_transitive_a0.99_l0.5_b1_dynoracle_frozenref_dpo_sequencesum_v2_relative_sequence_metrics.csv
dpo,0.99,0.5,1.0,7,0.4386716157678764,,dpo_transitive_a0.99_l0.5_b1_dynoracle_frozenref_dpo_sequencesum_v2_relative_sequence_metrics.csv
dpo,0.99,0.5,1.0,8,0.3667676860241063,,dpo_transitive_a0.99_l0.5_b1_dynoracle_frozenref_dpo_sequencesum_v2_relative_sequence_metrics.csv
dpo,0.99,0.5,1.0,9,0.3033870894843715,,dpo_transitive_a0.99_l0.5_b1_dynoracle_frozenref_dpo_sequencesum_v2_relative_sequence_metrics.csv
dpo,0.99,0.5,1.0,10,0.2573792992149822,,dpo_transitive_a0.99_l0.5_b1_dynoracle_frozenref_dpo_sequencesum_v2_relative_sequence_metrics.csv
dpo,0.99,0.5,1.0,11,0.2050751519758202,,dpo_transitive_a0.99_l0.5_b1_dynoracle_frozenref_dpo_sequencesum_v2_relative_sequence_metrics.csv
dpo,0.99,0.5,1.0,12,0.1898116234491569,,dpo_transitive_a0.99_l0.5_b1_dynoracle_frozenref_dpo_sequencesum_v2_relative_sequence_metrics.csv
dpo,0.99,0.5,1.0,13,0.1621376699195061,,dpo_transitive_a0.99_l0.5_b1_dynoracle_frozenref_dpo_sequencesum_v2_relative_sequence_metrics.csv
dpo,0.99,0.5,1.0,14,0.1442918624524514,,dpo_transitive_a0.99_l0.5_b1_dynoracle_frozenref_dpo_sequencesum_v2_relative_sequence_metrics.csv
dpo,0.99,0.5,1.0,15,0.126792106536868,,dpo_transitive_a0.99_l0.5_b1_dynoracle_frozenref_dpo_sequencesum_v2_relative_sequence_metrics.csv
dpo,0.99,0.5,1.0,16,0.115773385953563,,dpo_transitive_a0.99_l0.5_b1_dynoracle_frozenref_dpo_sequencesum_v2_relative_sequence_metrics.csv
dpo,0.99,0.5,1.0,17,0.1051069483293334,,dpo_transitive_a0.99_l0.5_b1_dynoracle_frozenref_dpo_sequencesum_v2_relative_sequence_metrics.csv
dpo,0.99,0.5,1.0,18,0.0984287716221692,,dpo_transitive_a0.99_l0.5_b1_dynoracle_frozenref_dpo_sequencesum_v2_relative_sequence_metrics.csv
dpo,0.99,0.5,1.0,19,0.095759667885228,,dpo_transitive_a0.99_l0.5_b1_dynoracle_frozenref_dpo_sequencesum_v2_relative_sequence_metrics.csv
dpo,0.99,0.5,1.0,20,0.0887032138575224,0.90625,dpo_transitive_a0.99_l0.5_b1_dynoracle_frozenref_dpo_sequencesum_v2_relative_sequence_metrics.csv
dpo,0.99,0.5,1.0,21,0.0708596408795147,,dpo_transitive_a0.99_l0.5_b1_dynoracle_frozenref_dpo_sequencesum_v2_relative_sequence_metrics.csv
dpo,0.99,0.5,1.0,22,0.0686756934708646,,dpo_transitive_a0.99_l0.5_b1_dynoracle_frozenref_dpo_sequencesum_v2_relative_sequence_metrics.csv
dpo,0.99,0.5,1.0,23,0.0641202068914525,,dpo_transitive_a0.99_l0.5_b1_dynoracle_frozenref_dpo_sequencesum_v2_relative_sequence_metrics.csv
dpo,0.99,0.5,1.0,24,0.0572693733786318,,dpo_transitive_a0.99_l0.5_b1_dynoracle_frozenref_dpo_sequencesum_v2_relative_sequence_metrics.csv
dpo,0.99,0.5,1.0,25,0.0594393248826795,,dpo_transitive_a0.99_l0.5_b1_dynoracle_frozenref_dpo_sequencesum_v2_relative_sequence_metrics.csv
dpo,0.99,0.5,1.0,26,0.0576140057542109,,dpo_transitive_a0.99_l0.5_b1_dynoracle_frozenref_dpo_sequencesum_v2_relative_sequence_metrics.csv
dpo,0.99,0.5,1.0,27,0.050058038086133,,dpo_transitive_a0.99_l0.5_b1_dynoracle_frozenref_dpo_sequencesum_v2_relative_sequence_metrics.csv
dpo,0.99,0.5,1.0,28,0.0398183298408242,,dpo_transitive_a0.99_l0.5_b1_dynoracle_frozenref_dpo_sequencesum_v2_relative_sequence_metrics.csv
dpo,0.99,0.5,1.0,29,0.0338492175120411,,dpo_transitive_a0.99_l0.5_b1_dynoracle_frozenref_dpo_sequencesum_v2_relative_sequence_metrics.csv
dpo,0.99,0.5,1.0,30,0.0287153156659256,,dpo_transitive_a0.99_l0.5_b1_dynoracle_frozenref_dpo_sequencesum_v2_relative_sequence_metrics.csv
dpo,0.99,0.5,1.0,31,0.0350651233838263,,dpo_transitive_a0.99_l0.5_b1_dynoracle_frozenref_dpo_sequencesum_v2_relative_sequence_metrics.csv
dpo,0.99,0.5,1.0,32,0.0329728345714702,,dpo_transitive_a0.99_l0.5_b1_dynoracle_frozenref_dpo_sequencesum_v2_relative_sequence_metrics.csv
dpo,0.99,0.5,1.0,33,0.0357379098552368,,dpo_transitive_a0.99_l0.5_b1_dynoracle_frozenref_dpo_sequencesum_v2_relative_sequence_metrics.csv
dpo,0.99,0.5,1.0,34,0.0289003395599894,,dpo_transitive_a0.99_l0.5_b1_dynoracle_frozenref_dpo_sequencesum_v2_relative_sequence_metrics.csv
dpo,0.99,0.5,1.0,35,0.0330221826165287,,dpo_transitive_a0.99_l0.5_b1_dynoracle_frozenref_dpo_sequencesum_v2_relative_sequence_metrics.csv
dpo,0.99,0.5,1.0,36,0.0281591957832506,,dpo_transitive_a0.99_l0.5_b1_dynoracle_frozenref_dpo_sequencesum_v2_relative_sequence_metrics.csv
dpo,0.99,0.5,1.0,37,0.0277066527365469,,dpo_transitive_a0.99_l0.5_b1_dynoracle_frozenref_dpo_sequencesum_v2_relative_sequence_metrics.csv
dpo,0.99,0.5,1.0,38,0.0297230569826573,,dpo_transitive_a0.99_l0.5_b1_dynoracle_frozenref_dpo_sequencesum_v2_relative_sequence_metrics.csv
dpo,0.99,0.5,1.0,39,0.0322954077542807,,dpo_transitive_a0.99_l0.5_b1_dynoracle_frozenref_dpo_sequencesum_v2_relative_sequence_metrics.csv
dpo,0.99,0.5,1.0,40,0.0356491304366821,0.92475,dpo_transitive_a0.99_l0.5_b1_dynoracle_frozenref_dpo_sequencesum_v2_relative_sequence_metrics.csv
dpo,0.99,0.5,1.0,41,0.0226494078780475,,dpo_transitive_a0.99_l0.5_b1_dynoracle_frozenref_dpo_sequencesum_v2_relative_sequence_metrics.csv
dpo,0.99,0.5,1.0,42,0.0252842101318601,,dpo_transitive_a0.99_l0.5_b1_dynoracle_frozenref_dpo_sequencesum_v2_relative_sequence_metrics.csv
dpo,0.99,0.5,1.0,43,0.0196885363912501,,dpo_transitive_a0.99_l0.5_b1_dynoracle_frozenref_dpo_sequencesum_v2_relative_sequence_metrics.csv
dpo,0.99,0.5,1.0,44,0.0171957095363927,,dpo_transitive_a0.99_l0.5_b1_dynoracle_frozenref_dpo_sequencesum_v2_relative_sequence_metrics.csv
dpo,0.99,0.5,1.0,45,0.0134997940290901,,dpo_transitive_a0.99_l0.5_b1_dynoracle_frozenref_dpo_sequencesum_v2_relative_sequence_metrics.csv
dpo,0.99,0.5,1.0,46,0.0147897203475359,,dpo_transitive_a0.99_l0.5_b1_dynoracle_frozenref_dpo_sequencesum_v2_relative_sequence_metrics.csv
dpo,0.99,0.5,1.0,47,0.0131950997783046,,dpo_transitive_a0.99_l0.5_b1_dynoracle_frozenref_dpo_sequencesum_v2_relative_sequence_metrics.csv
dpo,0.99,0.5,1.0,48,0.0156869629209773,,dpo_transitive_a0.99_l0.5_b1_dynoracle_frozenref_dpo_sequencesum_v2_relative_sequence_metrics.csv
dpo,0.99,0.5,1.0,49,0.0100266889185175,,dpo_transitive_a0.99_l0.5_b1_dynoracle_frozenref_dpo_sequencesum_v2_relative_sequence_metrics.csv
dpo,0.99,0.5,1.0,50,0.0116914433626365,,dpo_transitive_a0.99_l0.5_b1_dynoracle_frozenref_dpo_sequencesum_v2_relative_sequence_metrics.csv
dpo,0.99,0.5,1.0,51,0.0188246109377929,,dpo_transitive_a0.99_l0.5_b1_dynoracle_frozenref_dpo_sequencesum_v2_relative_sequence_metrics.csv
dpo,0.99,0.5,1.0,52,0.0121273889121919,,dpo_transitive_a0.99_l0.5_b1_dynoracle_frozenref_dpo_sequencesum_v2_relative_sequence_metrics.csv
dpo,0.99,0.5,1.0,53,0.0086704980700253,,dpo_transitive_a0.99_l0.5_b1_dynoracle_frozenref_dpo_sequencesum_v2_relative_sequence_metrics.csv
dpo,0.99,0.5,1.0,54,0.0088344633728878,,dpo_transitive_a0.99_l0.5_b1_dynoracle_frozenref_dpo_sequencesum_v2_relative_sequence_metrics.csv
dpo,0.99,0.5,1.0,55,0.0087337777284683,,dpo_transitive_a0.99_l0.5_b1_dynoracle_frozenref_dpo_sequencesum_v2_relative_sequence_metrics.csv
dpo,0.99,0.5,1.0,56,0.0072098589110624,,dpo_transitive_a0.99_l0.5_b1_dynoracle_frozenref_dpo_sequencesum_v2_relative_sequence_metrics.csv
dpo,0.99,0.5,1.0,57,0.0079747827039358,,dpo_transitive_a0.99_l0.5_b1_dynoracle_frozenref_dpo_sequencesum_v2_relative_sequence_metrics.csv
dpo,0.99,0.5,1.0,58,0.0072152156229109,,dpo_transitive_a0.99_l0.5_b1_dynoracle_frozenref_dpo_sequencesum_v2_relative_sequence_metrics.csv
dpo,0.99,0.5,1.0,59,0.0120817602760821,,dpo_transitive_a0.99_l0.5_b1_dynoracle_frozenref_dpo_sequencesum_v2_relative_sequence_metrics.csv
dpo,0.99,0.5,1.0,60,0.0131577298938654,0.910875,dpo_transitive_a0.99_l0.5_b1_dynoracle_frozenref_dpo_sequencesum_v2_relative_sequence_metrics.csv
dpo,0.99,0.5,1.0,61,0.0083791933898436,,dpo_transitive_a0.99_l0.5_b1_dynoracle_frozenref_dpo_sequencesum_v2_relative_sequence_metrics.csv
dpo,0.99,0.5,1.0,62,0.0062506925867437,,dpo_transitive_a0.99_l0.5_b1_dynoracle_frozenref_dpo_sequencesum_v2_relative_sequence_metrics.csv
dpo,0.99,0.5,1.0,63,0.0125522458904975,,dpo_transitive_a0.99_l0.5_b1_dynoracle_frozenref_dpo_sequencesum_v2_relative_sequence_metrics.csv
dpo,0.99,0.5,1.0,64,0.0117529295651082,,dpo_transitive_a0.99_l0.5_b1_dynoracle_frozenref_dpo_sequencesum_v2_relative_sequence_metrics.csv
dpo,0.99,0.5,1.0,65,0.0089233751313167,,dpo_transitive_a0.99_l0.5_b1_dynoracle_frozenref_dpo_sequencesum_v2_relative_sequence_metrics.csv
dpo,0.99,0.5,1.0,66,0.0055158222640747,,dpo_transitive_a0.99_l0.5_b1_dynoracle_frozenref_dpo_sequencesum_v2_relative_sequence_metrics.csv
dpo,0.99,0.5,1.0,67,0.0096664428608529,,dpo_transitive_a0.99_l0.5_b1_dynoracle_frozenref_dpo_sequencesum_v2_relative_sequence_metrics.csv
dpo,0.99,0.5,1.0,68,0.0082520555641592,,dpo_transitive_a0.99_l0.5_b1_dynoracle_frozenref_dpo_sequencesum_v2_relative_sequence_metrics.csv
dpo,0.99,0.5,1.0,69,0.0057485611183604,,dpo_transitive_a0.99_l0.5_b1_dynoracle_frozenref_dpo_sequencesum_v2_relative_sequence_metrics.csv
dpo,0.99,0.5,1.0,70,0.0073476856538911,,dpo_transitive_a0.99_l0.5_b1_dynoracle_frozenref_dpo_sequencesum_v2_relative_sequence_metrics.csv
dpo,0.99,0.5,1.0,71,0.0074911182522843,,dpo_transitive_a0.99_l0.5_b1_dynoracle_frozenref_dpo_sequencesum_v2_relative_sequence_metrics.csv
dpo,0.99,0.5,1.0,72,0.0064424517051077,,dpo_transitive_a0.99_l0.5_b1_dynoracle_frozenref_dpo_sequencesum_v2_relative_sequence_metrics.csv
dpo,0.99,0.5,1.0,73,0.0058152399021112,,dpo_transitive_a0.99_l0.5_b1_dynoracle_frozenref_dpo_sequencesum_v2_relative_sequence_metrics.csv
dpo,0.99,0.5,1.0,74,0.0050811529064589,,dpo_transitive_a0.99_l0.5_b1_dynoracle_frozenref_dpo_sequencesum_v2_relative_sequence_metrics.csv
dpo,0.99,0.5,1.0,75,0.0068554692713597,,dpo_transitive_a0.99_l0.5_b1_dynoracle_frozenref_dpo_sequencesum_v2_relative_sequence_metrics.csv
dpo,0.99,0.5,1.0,76,0.0041521679127278,,dpo_transitive_a0.99_l0.5_b1_dynoracle_frozenref_dpo_sequencesum_v2_relative_sequence_metrics.csv
dpo,0.99,0.5,1.0,77,0.0055781986929706,,dpo_transitive_a0.99_l0.5_b1_dynoracle_frozenref_dpo_sequencesum_v2_relative_sequence_metrics.csv
dpo,0.99,0.5,1.0,78,0.0085532933574792,,dpo_transitive_a0.99_l0.5_b1_dynoracle_frozenref_dpo_sequencesum_v2_relative_sequence_metrics.csv
dpo,0.99,0.5,1.0,79,0.0103661634025623,,dpo_transitive_a0.99_l0.5_b1_dynoracle_frozenref_dpo_sequencesum_v2_relative_sequence_metrics.csv
dpo,0.99,0.5,1.0,80,0.0059743626212541,0.87,dpo_transitive_a0.99_l0.5_b1_dynoracle_frozenref_dpo_sequencesum_v2_relative_sequence_metrics.csv
dpo,0.8,0.9,1.0,0,1.5569997481993374,0.47725,dpo_transitive_a0.8_l0.9_b1_dynoracle_frozenref_dpo_sequencesum_v2_relative_sequence_metrics.csv
dpo,0.8,0.9,1.0,1,1.4326025720381343,,dpo_transitive_a0.8_l0.9_b1_dynoracle_frozenref_dpo_sequencesum_v2_relative_sequence_metrics.csv
dpo,0.8,0.9,1.0,2,1.2404402660723517,,dpo_transitive_a0.8_l0.9_b1_dynoracle_frozenref_dpo_sequencesum_v2_relative_sequence_metrics.csv
dpo,0.8,0.9,1.0,3,1.0476409713120265,,dpo_transitive_a0.8_l0.9_b1_dynoracle_frozenref_dpo_sequencesum_v2_relative_sequence_metrics.csv
dpo,0.8,0.9,1.0,4,0.8963533539942649,,dpo_transitive_a0.8_l0.9_b1_dynoracle_frozenref_dpo_sequencesum_v2_relative_sequence_metrics.csv
dpo,0.8,0.9,1.0,5,0.7689935515282957,,dpo_transitive_a0.8_l0.9_b1_dynoracle_frozenref_dpo_sequencesum_v2_relative_sequence_metrics.csv
dpo,0.8,0.9,1.0,6,0.6593003425436919,,dpo_transitive_a0.8_l0.9_b1_dynoracle_frozenref_dpo_sequencesum_v2_relative_sequence_metrics.csv
dpo,0.8,0.9,1.0,7,0.5623746156462912,,dpo_transitive_a0.8_l0.9_b1_dynoracle_frozenref_dpo_sequencesum_v2_relative_sequence_metrics.csv
dpo,0.8,0.9,1.0,8,0.5229927767563031,,dpo_transitive_a0.8_l0.9_b1_dynoracle_frozenref_dpo_sequencesum_v2_relative_sequence_metrics.csv
dpo,0.8,0.9,1.0,9,0.5059633783678117,,dpo_transitive_a0.8_l0.9_b1_dynoracle_frozenref_dpo_sequencesum_v2_relative_sequence_metrics.csv
dpo,0.8,0.9,1.0,10,0.4749860255941242,,dpo_transitive_a0.8_l0.9_b1_dynoracle_frozenref_dpo_sequencesum_v2_relative_sequence_metrics.csv
dpo,0.8,0.9,1.0,11,0.4498075995303992,,dpo_transitive_a0.8_l0.9_b1_dynoracle_frozenref_dpo_sequencesum_v2_relative_sequence_metrics.csv
dpo,0.8,0.9,1.0,12,0.4504070999553483,,dpo_transitive_a0.8_l0.9_b1_dynoracle_frozenref_dpo_sequencesum_v2_relative_sequence_metrics.csv
dpo,0.8,0.9,1.0,13,0.453913110323016,,dpo_transitive_a0.8_l0.9_b1_dynoracle_frozenref_dpo_sequencesum_v2_relative_sequence_metrics.csv
dpo,0.8,0.9,1.0,14,0.4379562909860471,,dpo_transitive_a0.8_l0.9_b1_dynoracle_frozenref_dpo_sequencesum_v2_relative_sequence_metrics.csv
dpo,0.8,0.9,1.0,15,0.4185282666115401,,dpo_transitive_a0.8_l0.9_b1_dynoracle_frozenref_dpo_sequencesum_v2_relative_sequence_metrics.csv
dpo,0.8,0.9,1.0,16,0.3966202082004989,,dpo_transitive_a0.8_l0.9_b1_dynoracle_frozenref_dpo_sequencesum_v2_relative_sequence_metrics.csv
dpo,0.8,0.9,1.0,17,0.3890874095303823,,dpo_transitive_a0.8_l0.9_b1_dynoracle_frozenref_dpo_sequencesum_v2_relative_sequence_metrics.csv
dpo,0.8,0.9,1.0,18,0.3978608932921239,,dpo_transitive_a0.8_l0.9_b1_dynoracle_frozenref_dpo_sequencesum_v2_relative_sequence_metrics.csv
dpo,0.8,0.9,1.0,19,0.375172427319936,,dpo_transitive_a0.8_l0.9_b1_dynoracle_frozenref_dpo_sequencesum_v2_relative_sequence_metrics.csv
dpo,0.8,0.9,1.0,20,0.3589608420680161,0.81225,dpo_transitive_a0.8_l0.9_b1_dynoracle_frozenref_dpo_sequencesum_v2_relative_sequence_metrics.csv
dpo,0.8,0.9,1.0,21,0.3422863433889033,,dpo_transitive_a0.8_l0.9_b1_dynoracle_frozenref_dpo_sequencesum_v2_relative_sequence_metrics.csv
dpo,0.8,0.9,1.0,22,0.3387716861462773,,dpo_transitive_a0.8_l0.9_b1_dynoracle_frozenref_dpo_sequencesum_v2_relative_sequence_metrics.csv
dpo,0.8,0.9,1.0,23,0.332786447475635,,dpo_transitive_a0.8_l0.9_b1_dynoracle_frozenref_dpo_sequencesum_v2_relative_sequence_metrics.csv
dpo,0.8,0.9,1.0,24,0.3186571417525743,,dpo_transitive_a0.8_l0.9_b1_dynoracle_frozenref_dpo_sequencesum_v2_relative_sequence_metrics.csv
dpo,0.8,0.9,1.0,25,0.3163775722877897,,dpo_transitive_a0.8_l0.9_b1_dynoracle_frozenref_dpo_sequencesum_v2_relative_sequence_metrics.csv
dpo,0.8,0.9,1.0,26,0.2952218089788191,,dpo_transitive_a0.8_l0.9_b1_dynoracle_frozenref_dpo_sequencesum_v2_relative_sequence_metrics.csv
dpo,0.8,0.9,1.0,27,0.3012117953100834,,dpo_transitive_a0.8_l0.9_b1_dynoracle_frozenref_dpo_sequencesum_v2_relative_sequence_metrics.csv
dpo,0.8,0.9,1.0,28,0.2983588527407837,,dpo_transitive_a0.8_l0.9_b1_dynoracle_frozenref_dpo_sequencesum_v2_relative_sequence_metrics.csv
dpo,0.8,0.9,1.0,29,0.2868944640767495,,dpo_transitive_a0.8_l0.9_b1_dynoracle_frozenref_dpo_sequencesum_v2_relative_sequence_metrics.csv
dpo,0.8,0.9,1.0,30,0.2899314545818597,,dpo_transitive_a0.8_l0.9_b1_dynoracle_frozenref_dpo_sequencesum_v2_relative_sequence_metrics.csv
dpo,0.8,0.9,1.0,31,0.2894760632925751,,dpo_transitive_a0.8_l0.9_b1_dynoracle_frozenref_dpo_sequencesum_v2_relative_sequence_metrics.csv
dpo,0.8,0.9,1.0,32,0.2882587819667221,,dpo_transitive_a0.8_l0.9_b1_dynoracle_frozenref_dpo_sequencesum_v2_relative_sequence_metrics.csv
dpo,0.8,0.9,1.0,33,0.2874632961616993,,dpo_transitive_a0.8_l0.9_b1_dynoracle_frozenref_dpo_sequencesum_v2_relative_sequence_metrics.csv
dpo,0.8,0.9,1.0,34,0.2871926120281184,,dpo_transitive_a0.8_l0.9_b1_dynoracle_frozenref_dpo_sequencesum_v2_relative_sequence_metrics.csv
dpo,0.8,0.9,1.0,35,0.2747337418857345,,dpo_transitive_a0.8_l0.9_b1_dynoracle_frozenref_dpo_sequencesum_v2_relative_sequence_metrics.csv
dpo,0.8,0.9,1.0,36,0.2745081417006949,,dpo_transitive_a0.8_l0.9_b1_dynoracle_frozenref_dpo_sequencesum_v2_relative_sequence_metrics.csv
dpo,0.8,0.9,1.0,37,0.2792461905617422,,dpo_transitive_a0.8_l0.9_b1_dynoracle_frozenref_dpo_sequencesum_v2_relative_sequence_metrics.csv
dpo,0.8,0.9,1.0,38,0.273790843101779,,dpo_transitive_a0.8_l0.9_b1_dynoracle_frozenref_dpo_sequencesum_v2_relative_sequence_metrics.csv
dpo,0.8,0.9,1.0,39,0.2708183553335727,,dpo_transitive_a0.8_l0.9_b1_dynoracle_frozenref_dpo_sequencesum_v2_relative_sequence_metrics.csv
dpo,0.8,0.9,1.0,40,0.2687605384929337,0.8315,dpo_transitive_a0.8_l0.9_b1_dynoracle_frozenref_dpo_sequencesum_v2_relative_sequence_metrics.csv
dpo,0.8,0.9,1.0,41,0.2692529707219569,,dpo_transitive_a0.8_l0.9_b1_dynoracle_frozenref_dpo_sequencesum_v2_relative_sequence_metrics.csv
dpo,0.8,0.9,1.0,42,0.2598570367207506,,dpo_transitive_a0.8_l0.9_b1_dynoracle_frozenref_dpo_sequencesum_v2_relative_sequence_metrics.csv
dpo,0.8,0.9,1.0,43,0.2492976301448901,,dpo_transitive_a0.8_l0.9_b1_dynoracle_frozenref_dpo_sequencesum_v2_relative_sequence_metrics.csv
dpo,0.8,0.9,1.0,44,0.2502393442736589,,dpo_transitive_a0.8_l0.9_b1_dynoracle_frozenref_dpo_sequencesum_v2_relative_sequence_metrics.csv
dpo,0.8,0.9,1.0,45,0.239836464905615,,dpo_transitive_a0.8_l0.9_b1_dynoracle_frozenref_dpo_sequencesum_v2_relative_sequence_metrics.csv
dpo,0.8,0.9,1.0,46,0.2417634495808582,,dpo_transitive_a0.8_l0.9_b1_dynoracle_frozenref_dpo_sequencesum_v2_relative_sequence_metrics.csv
dpo,0.8,0.9,1.0,47,0.2442059115698183,,dpo_transitive_a0.8_l0.9_b1_dynoracle_frozenref_dpo_sequencesum_v2_relative_sequence_metrics.csv
dpo,0.8,0.9,1.0,48,0.2373704384675684,,dpo_transitive_a0.8_l0.9_b1_dynoracle_frozenref_dpo_sequencesum_v2_relative_sequence_metrics.csv
dpo,0.8,0.9,1.0,49,0.2442471975639335,,dpo_transitive_a0.8_l0.9_b1_dynoracle_frozenref_dpo_sequencesum_v2_relative_sequence_metrics.csv
dpo,0.8,0.9,1.0,50,0.2378765282160154,,dpo_transitive_a0.8_l0.9_b1_dynoracle_frozenref_dpo_sequencesum_v2_relative_sequence_metrics.csv
dpo,0.8,0.9,1.0,51,0.2429706917758611,,dpo_transitive_a0.8_l0.9_b1_dynoracle_frozenref_dpo_sequencesum_v2_relative_sequence_metrics.csv
dpo,0.8,0.9,1.0,52,0.2373907635576382,,dpo_transitive_a0.8_l0.9_b1_dynoracle_frozenref_dpo_sequencesum_v2_relative_sequence_metrics.csv
dpo,0.8,0.9,1.0,53,0.2371607653350478,,dpo_transitive_a0.8_l0.9_b1_dynoracle_frozenref_dpo_sequencesum_v2_relative_sequence_metrics.csv
dpo,0.8,0.9,1.0,54,0.2354655930219463,,dpo_transitive_a0.8_l0.9_b1_dynoracle_frozenref_dpo_sequencesum_v2_relative_sequence_metrics.csv
dpo,0.8,0.9,1.0,55,0.2284860116495937,,dpo_transitive_a0.8_l0.9_b1_dynoracle_frozenref_dpo_sequencesum_v2_relative_sequence_metrics.csv
dpo,0.8,0.9,1.0,56,0.2329015420987145,,dpo_transitive_a0.8_l0.9_b1_dynoracle_frozenref_dpo_sequencesum_v2_relative_sequence_metrics.csv
dpo,0.8,0.9,1.0,57,0.2293644716456309,,dpo_transitive_a0.8_l0.9_b1_dynoracle_frozenref_dpo_sequencesum_v2_relative_sequence_metrics.csv
dpo,0.8,0.9,1.0,58,0.2280922228299747,,dpo_transitive_a0.8_l0.9_b1_dynoracle_frozenref_dpo_sequencesum_v2_relative_sequence_metrics.csv
dpo,0.8,0.9,1.0,59,0.2365548929976391,,dpo_transitive_a0.8_l0.9_b1_dynoracle_frozenref_dpo_sequencesum_v2_relative_sequence_metrics.csv
dpo,0.8,0.9,1.0,60,0.2241555057834731,0.86,dpo_transitive_a0.8_l0.9_b1_dynoracle_frozenref_dpo_sequencesum_v2_relative_sequence_metrics.csv
dpo,0.8,0.9,1.0,61,0.2261397148760152,,dpo_transitive_a0.8_l0.9_b1_dynoracle_frozenref_dpo_sequencesum_v2_relative_sequence_metrics.csv
dpo,0.8,0.9,1.0,62,0.2243890535478226,,dpo_transitive_a0.8_l0.9_b1_dynoracle_frozenref_dpo_sequencesum_v2_relative_sequence_metrics.csv
dpo,0.8,0.9,1.0,63,0.2246436530296788,,dpo_transitive_a0.8_l0.9_b1_dynoracle_frozenref_dpo_sequencesum_v2_relative_sequence_metrics.csv
dpo,0.8,0.9,1.0,64,0.2091609899059436,,dpo_transitive_a0.8_l0.9_b1_dynoracle_frozenref_dpo_sequencesum_v2_relative_sequence_metrics.csv
dpo,0.8,0.9,1.0,65,0.208359895835695,,dpo_transitive_a0.8_l0.9_b1_dynoracle_frozenref_dpo_sequencesum_v2_relative_sequence_metrics.csv
dpo,0.8,0.9,1.0,66,0.2016648841921431,,dpo_transitive_a0.8_l0.9_b1_dynoracle_frozenref_dpo_sequencesum_v2_relative_sequence_metrics.csv
dpo,0.8,0.9,1.0,67,0.2163808360491161,,dpo_transitive_a0.8_l0.9_b1_dynoracle_frozenref_dpo_sequencesum_v2_relative_sequence_metrics.csv
dpo,0.8,0.9,1.0,68,0.218174899908564,,dpo_transitive_a0.8_l0.9_b1_dynoracle_frozenref_dpo_sequencesum_v2_relative_sequence_metrics.csv
dpo,0.8,0.9,1.0,69,0.2240111678163243,,dpo_transitive_a0.8_l0.9_b1_dynoracle_frozenref_dpo_sequencesum_v2_relative_sequence_metrics.csv
dpo,0.8,0.9,1.0,70,0.2117603560442412,,dpo_transitive_a0.8_l0.9_b1_dynoracle_frozenref_dpo_sequencesum_v2_relative_sequence_metrics.csv
dpo,0.8,0.9,1.0,71,0.2121298809031607,,dpo_transitive_a0.8_l0.9_b1_dynoracle_frozenref_dpo_sequencesum_v2_relative_sequence_metrics.csv
dpo,0.8,0.9,1.0,72,0.2145722336971039,,dpo_transitive_a0.8_l0.9_b1_dynoracle_frozenref_dpo_sequencesum_v2_relative_sequence_metrics.csv
dpo,0.8,0.9,1.0,73,0.2011811672854071,,dpo_transitive_a0.8_l0.9_b1_dynoracle_frozenref_dpo_sequencesum_v2_relative_sequence_metrics.csv
dpo,0.8,0.9,1.0,74,0.1936931747105229,,dpo_transitive_a0.8_l0.9_b1_dynoracle_frozenref_dpo_sequencesum_v2_relative_sequence_metrics.csv
dpo,0.8,0.9,1.0,75,0.1984323738593149,,dpo_transitive_a0.8_l0.9_b1_dynoracle_frozenref_dpo_sequencesum_v2_relative_sequence_metrics.csv
dpo,0.8,0.9,1.0,76,0.1942750725722517,,dpo_transitive_a0.8_l0.9_b1_dynoracle_frozenref_dpo_sequencesum_v2_relative_sequence_metrics.csv
dpo,0.8,0.9,1.0,77,0.190756805110068,,dpo_transitive_a0.8_l0.9_b1_dynoracle_frozenref_dpo_sequencesum_v2_relative_sequence_metrics.csv
dpo,0.8,0.9,1.0,78,0.1973798925628037,,dpo_transitive_a0.8_l0.9_b1_dynoracle_frozenref_dpo_sequencesum_v2_relative_sequence_metrics.csv
dpo,0.8,0.9,1.0,79,0.2012906309982484,,dpo_transitive_a0.8_l0.9_b1_dynoracle_frozenref_dpo_sequencesum_v2_relative_sequence_metrics.csv
dpo,0.8,0.9,1.0,80,0.2090536127216832,0.859,dpo_transitive_a0.8_l0.9_b1_dynoracle_frozenref_dpo_sequencesum_v2_relative_sequence_metrics.csv
dpo,0.9,0.9,1.0,0,1.5494587013130283,0.482,dpo_transitive_a0.9_l0.9_b1_dynoracle_frozenref_dpo_sequencesum_v2_relative_sequence_metrics.csv
dpo,0.9,0.9,1.0,1,1.4505486306635185,,dpo_transitive_a0.9_l0.9_b1_dynoracle_frozenref_dpo_sequencesum_v2_relative_sequence_metrics.csv
dpo,0.9,0.9,1.0,2,1.2661887257191289,,dpo_transitive_a0.9_l0.9_b1_dynoracle_frozenref_dpo_sequencesum_v2_relative_sequence_metrics.csv
dpo,0.9,0.9,1.0,3,1.0399409371535453,,dpo_transitive_a0.9_l0.9_b1_dynoracle_frozenref_dpo_sequencesum_v2_relative_sequence_metrics.csv
dpo,0.9,0.9,1.0,4,0.8543231852539767,,dpo_transitive_a0.9_l0.9_b1_dynoracle_frozenref_dpo_sequencesum_v2_relative_sequence_metrics.csv
dpo,0.9,0.9,1.0,5,0.7131106737845172,,dpo_transitive_a0.9_l0.9_b1_dynoracle_frozenref_dpo_sequencesum_v2_relative_sequence_metrics.csv
dpo,0.9,0.9,1.0,6,0.5952507068983579,,dpo_transitive_a0.9_l0.9_b1_dynoracle_frozenref_dpo_sequencesum_v2_relative_sequence_metrics.csv
dpo,0.9,0.9,1.0,7,0.5263151568938038,,dpo_transitive_a0.9_l0.9_b1_dynoracle_frozenref_dpo_sequencesum_v2_relative_sequence_metrics.csv
dpo,0.9,0.9,1.0,8,0.4542863780758032,,dpo_transitive_a0.9_l0.9_b1_dynoracle_frozenref_dpo_sequencesum_v2_relative_sequence_metrics.csv
dpo,0.9,0.9,1.0,9,0.4116388325792668,,dpo_transitive_a0.9_l0.9_b1_dynoracle_frozenref_dpo_sequencesum_v2_relative_sequence_metrics.csv
dpo,0.9,0.9,1.0,10,0.3826209345645517,,dpo_transitive_a0.9_l0.9_b1_dynoracle_frozenref_dpo_sequencesum_v2_relative_sequence_metrics.csv
dpo,0.9,0.9,1.0,11,0.3524557232105437,,dpo_transitive_a0.9_l0.9_b1_dynoracle_frozenref_dpo_sequencesum_v2_relative_sequence_metrics.csv
dpo,0.9,0.9,1.0,12,0.3234536104875538,,dpo_transitive_a0.9_l0.9_b1_dynoracle_frozenref_dpo_sequencesum_v2_relative_sequence_metrics.csv
dpo,0.9,0.9,1.0,13,0.2961500928617011,,dpo_transitive_a0.9_l0.9_b1_dynoracle_frozenref_dpo_sequencesum_v2_relative_sequence_metrics.csv
dpo,0.9,0.9,1.0,14,0.2765523655369912,,dpo_transitive_a0.9_l0.9_b1_dynoracle_frozenref_dpo_sequencesum_v2_relative_sequence_metrics.csv
dpo,0.9,0.9,1.0,15,0.2647672718126083,,dpo_transitive_a0.9_l0.9_b1_dynoracle_frozenref_dpo_sequencesum_v2_relative_sequence_metrics.csv
dpo,0.9,0.9,1.0,16,0.2537682668137487,,dpo_transitive_a0.9_l0.9_b1_dynoracle_frozenref_dpo_sequencesum_v2_relative_sequence_metrics.csv
dpo,0.9,0.9,1.0,17,0.2410148842432442,,dpo_transitive_a0.9_l0.9_b1_dynoracle_frozenref_dpo_sequencesum_v2_relative_sequence_metrics.csv
dpo,0.9,0.9,1.0,18,0.2168687256294622,,dpo_transitive_a0.9_l0.9_b1_dynoracle_frozenref_dpo_sequencesum_v2_relative_sequence_metrics.csv
dpo,0.9,0.9,1.0,19,0.2131211757537623,,dpo_transitive_a0.9_l0.9_b1_dynoracle_frozenref_dpo_sequencesum_v2_relative_sequence_metrics.csv
dpo,0.9,0.9,1.0,20,0.2062395335544386,0.865125,dpo_transitive_a0.9_l0.9_b1_dynoracle_frozenref_dpo_sequencesum_v2_relative_sequence_metrics.csv
dpo,0.9,0.9,1.0,21,0.2016053078847254,,dpo_transitive_a0.9_l0.9_b1_dynoracle_frozenref_dpo_sequencesum_v2_relative_sequence_metrics.csv
dpo,0.9,0.9,1.0,22,0.1926700314341902,,dpo_transitive_a0.9_l0.9_b1_dynoracle_frozenref_dpo_sequencesum_v2_relative_sequence_metrics.csv
dpo,0.9,0.9,1.0,23,0.1861570805355538,,dpo_transitive_a0.9_l0.9_b1_dynoracle_frozenref_dpo_sequencesum_v2_relative_sequence_metrics.csv
dpo,0.9,0.9,1.0,24,0.1805692239697683,,dpo_transitive_a0.9_l0.9_b1_dynoracle_frozenref_dpo_sequencesum_v2_relative_sequence_metrics.csv
dpo,0.9,0.9,1.0,25,0.1728772880089301,,dpo_transitive_a0.9_l0.9_b1_dynoracle_frozenref_dpo_sequencesum_v2_relative_sequence_metrics.csv
dpo,0.9,0.9,1.0,26,0.1563396991795497,,dpo_transitive_a0.9_l0.9_b1_dynoracle_frozenref_dpo_sequencesum_v2_relative_sequence_metrics.csv
dpo,0.9,0.9,1.0,27,0.1516419033254457,,dpo_transitive_a0.9_l0.9_b1_dynoracle_frozenref_dpo_sequencesum_v2_relative_sequence_metrics.csv
dpo,0.9,0.9,1.0,28,0.1486494055142692,,dpo_transitive_a0.9_l0.9_b1_dynoracle_frozenref_dpo_sequencesum_v2_relative_sequence_metrics.csv
dpo,0.9,0.9,1.0,29,0.1455085106215708,,dpo_transitive_a0.9_l0.9_b1_dynoracle_frozenref_dpo_sequencesum_v2_relative_sequence_metrics.csv
dpo,0.9,0.9,1.0,30,0.1293524754404749,,dpo_transitive_a0.9_l0.9_b1_dynoracle_frozenref_dpo_sequencesum_v2_relative_sequence_metrics.csv
dpo,0.9,0.9,1.0,31,0.1247679909840721,,dpo_transitive_a0.9_l0.9_b1_dynoracle_frozenref_dpo_sequencesum_v2_relative_sequence_metrics.csv
dpo,0.9,0.9,1.0,32,0.1263968218814275,,dpo_transitive_a0.9_l0.9_b1_dynoracle_frozenref_dpo_sequencesum_v2_relative_sequence_metrics.csv
dpo,0.9,0.9,1.0,33,0.1309960471458611,,dpo_transitive_a0.9_l0.9_b1_dynoracle_frozenref_dpo_sequencesum_v2_relative_sequence_metrics.csv
dpo,0.9,0.9,1.0,34,0.13719930203687,,dpo_transitive_a0.9_l0.9_b1_dynoracle_frozenref_dpo_sequencesum_v2_relative_sequence_metrics.csv
dpo,0.9,0.9,1.0,35,0.1308561285030651,,dpo_transitive_a0.9_l0.9_b1_dynoracle_frozenref_dpo_sequencesum_v2_relative_sequence_metrics.csv
dpo,0.9,0.9,1.0,36,0.1303868011408862,,dpo_transitive_a0.9_l0.9_b1_dynoracle_frozenref_dpo_sequencesum_v2_relative_sequence_metrics.csv
dpo,0.9,0.9,1.0,37,0.1269363668139507,,dpo_transitive_a0.9_l0.9_b1_dynoracle_frozenref_dpo_sequencesum_v2_relative_sequence_metrics.csv
dpo,0.9,0.9,1.0,38,0.1142429849102762,,dpo_transitive_a0.9_l0.9_b1_dynoracle_frozenref_dpo_sequencesum_v2_relative_sequence_metrics.csv
dpo,0.9,0.9,1.0,39,0.1169990909721711,,dpo_transitive_a0.9_l0.9_b1_dynoracle_frozenref_dpo_sequencesum_v2_relative_sequence_metrics.csv
dpo,0.9,0.9,1.0,40,0.1053754915534496,0.897125,dpo_transitive_a0.9_l0.9_b1_dynoracle_frozenref_dpo_sequencesum_v2_relative_sequence_metrics.csv
dpo,0.9,0.9,1.0,41,0.1109628287002324,,dpo_transitive_a0.9_l0.9_b1_dynoracle_frozenref_dpo_sequencesum_v2_relative_sequence_metrics.csv
dpo,0.9,0.9,1.0,42,0.111649473725179,,dpo_transitive_a0.9_l0.9_b1_dynoracle_frozenref_dpo_sequencesum_v2_relative_sequence_metrics.csv
dpo,0.9,0.9,1.0,43,0.1044505063647408,,dpo_transitive_a0.9_l0.9_b1_dynoracle_frozenref_dpo_sequencesum_v2_relative_sequence_metrics.csv
dpo,0.9,0.9,1.0,44,0.1007812884470765,,dpo_transitive_a0.9_l0.9_b1_dynoracle_frozenref_dpo_sequencesum_v2_relative_sequence_metrics.csv
dpo,0.9,0.9,1.0,45,0.1025992648555239,,dpo_transitive_a0.9_l0.9_b1_dynoracle_frozenref_dpo_sequencesum_v2_relative_sequence_metrics.csv
dpo,0.9,0.9,1.0,46,0.0997030583651679,,dpo_transitive_a0.9_l0.9_b1_dynoracle_frozenref_dpo_sequencesum_v2_relative_sequence_metrics.csv
dpo,0.9,0.9,1.0,47,0.0989190779294979,,dpo_transitive_a0.9_l0.9_b1_dynoracle_frozenref_dpo_sequencesum_v2_relative_sequence_metrics.csv
dpo,0.9,0.9,1.0,48,0.0951858789281158,,dpo_transitive_a0.9_l0.9_b1_dynoracle_frozenref_dpo_sequencesum_v2_relative_sequence_metrics.csv
dpo,0.9,0.9,1.0,49,0.0973876606693766,,dpo_transitive_a0.9_l0.9_b1_dynoracle_frozenref_dpo_sequencesum_v2_relative_sequence_metrics.csv
dpo,0.9,0.9,1.0,50,0.0934567587113301,,dpo_transitive_a0.9_l0.9_b1_dynoracle_frozenref_dpo_sequencesum_v2_relative_sequence_metrics.csv
dpo,0.9,0.9,1.0,51,0.0977822231460131,,dpo_transitive_a0.9_l0.9_b1_dynoracle_frozenref_dpo_sequencesum_v2_relative_sequence_metrics.csv
dpo,0.9,0.9,1.0,52,0.0966414901529706,,dpo_transitive_a0.9_l0.9_b1_dynoracle_frozenref_dpo_sequencesum_v2_relative_sequence_metrics.csv
dpo,0.9,0.9,1.0,53,0.101335141030623,,dpo_transitive_a0.9_l0.9_b1_dynoracle_frozenref_dpo_sequencesum_v2_relative_sequence_metrics.csv
dpo,0.9,0.9,1.0,54,0.0961472344331404,,dpo_transitive_a0.9_l0.9_b1_dynoracle_frozenref_dpo_sequencesum_v2_relative_sequence_metrics.csv
dpo,0.9,0.9,1.0,55,0.0988234290987779,,dpo_transitive_a0.9_l0.9_b1_dynoracle_frozenref_dpo_sequencesum_v2_relative_sequence_metrics.csv
dpo,0.9,0.9,1.0,56,0.0963140185512769,,dpo_transitive_a0.9_l0.9_b1_dynoracle_frozenref_dpo_sequencesum_v2_relative_sequence_metrics.csv
dpo,0.9,0.9,1.0,57,0.0902237701505239,,dpo_transitive_a0.9_l0.9_b1_dynoracle_frozenref_dpo_sequencesum_v2_relative_sequence_metrics.csv
dpo,0.9,0.9,1.0,58,0.1045183586963599,,dpo_transitive_a0.9_l0.9_b1_dynoracle_frozenref_dpo_sequencesum_v2_relative_sequence_metrics.csv
dpo,0.9,0.9,1.0,59,0.0943768261990594,,dpo_transitive_a0.9_l0.9_b1_dynoracle_frozenref_dpo_sequencesum_v2_relative_sequence_metrics.csv
dpo,0.9,0.9,1.0,60,0.0889047202535966,0.9045,dpo_transitive_a0.9_l0.9_b1_dynoracle_frozenref_dpo_sequencesum_v2_relative_sequence_metrics.csv
dpo,0.9,0.9,1.0,61,0.0852489210599206,,dpo_transitive_a0.9_l0.9_b1_dynoracle_frozenref_dpo_sequencesum_v2_relative_sequence_metrics.csv
dpo,0.9,0.9,1.0,62,0.0827387066015045,,dpo_transitive_a0.9_l0.9_b1_dynoracle_frozenref_dpo_sequencesum_v2_relative_sequence_metrics.csv
dpo,0.9,0.9,1.0,63,0.0839542796230275,,dpo_transitive_a0.9_l0.9_b1_dynoracle_frozenref_dpo_sequencesum_v2_relative_sequence_metrics.csv
dpo,0.9,0.9,1.0,64,0.0777839515922265,,dpo_transitive_a0.9_l0.9_b1_dynoracle_frozenref_dpo_sequencesum_v2_relative_sequence_metrics.csv
dpo,0.9,0.9,1.0,65,0.0770989769413823,,dpo_transitive_a0.9_l0.9_b1_dynoracle_frozenref_dpo_sequencesum_v2_relative_sequence_metrics.csv
dpo,0.9,0.9,1.0,66,0.0818944122972406,,dpo_transitive_a0.9_l0.9_b1_dynoracle_frozenref_dpo_sequencesum_v2_relative_sequence_metrics.csv
dpo,0.9,0.9,1.0,67,0.0722869973895887,,dpo_transitive_a0.9_l0.9_b1_dynoracle_frozenref_dpo_sequencesum_v2_relative_sequence_metrics.csv
dpo,0.9,0.9,1.0,68,0.0712174840364815,,dpo_transitive_a0.9_l0.9_b1_dynoracle_frozenref_dpo_sequencesum_v2_relative_sequence_metrics.csv
dpo,0.9,0.9,1.0,69,0.0736307828401714,,dpo_transitive_a0.9_l0.9_b1_dynoracle_frozenref_dpo_sequencesum_v2_relative_sequence_metrics.csv
dpo,0.9,0.9,1.0,70,0.0773827622851586,,dpo_transitive_a0.9_l0.9_b1_dynoracle_frozenref_dpo_sequencesum_v2_relative_sequence_metrics.csv
dpo,0.9,0.9,1.0,71,0.0730135086554504,,dpo_transitive_a0.9_l0.9_b1_dynoracle_frozenref_dpo_sequencesum_v2_relative_sequence_metrics.csv
dpo,0.9,0.9,1.0,72,0.0692481253619392,,dpo_transitive_a0.9_l0.9_b1_dynoracle_frozenref_dpo_sequencesum_v2_relative_sequence_metrics.csv
dpo,0.9,0.9,1.0,73,0.0687961105954855,,dpo_transitive_a0.9_l0.9_b1_dynoracle_frozenref_dpo_sequencesum_v2_relative_sequence_metrics.csv
dpo,0.9,0.9,1.0,74,0.0679245377851279,,dpo_transitive_a0.9_l0.9_b1_dynoracle_frozenref_dpo_sequencesum_v2_relative_sequence_metrics.csv
dpo,0.9,0.9,1.0,75,0.0613830598492916,,dpo_transitive_a0.9_l0.9_b1_dynoracle_frozenref_dpo_sequencesum_v2_relative_sequence_metrics.csv
dpo,0.9,0.9,1.0,76,0.0684726567721303,,dpo_transitive_a0.9_l0.9_b1_dynoracle_frozenref_dpo_sequencesum_v2_relative_sequence_metrics.csv
dpo,0.9,0.9,1.0,77,0.0639476423876716,,dpo_transitive_a0.9_l0.9_b1_dynoracle_frozenref_dpo_sequencesum_v2_relative_sequence_metrics.csv
dpo,0.9,0.9,1.0,78,0.0593557516838216,,dpo_transitive_a0.9_l0.9_b1_dynoracle_frozenref_dpo_sequencesum_v2_relative_sequence_metrics.csv
dpo,0.9,0.9,1.0,79,0.0599007438913438,,dpo_transitive_a0.9_l0.9_b1_dynoracle_frozenref_dpo_sequencesum_v2_relative_sequence_metrics.csv
dpo,0.9,0.9,1.0,80,0.0620724131743368,0.917625,dpo_transitive_a0.9_l0.9_b1_dynoracle_frozenref_dpo_sequencesum_v2_relative_sequence_metrics.csv
ipo,0.8,0.5,1.0,0,1.5588797627163202,0.487,ipo_transitive_a0.8_l0.5_b1_dynoracle_frozenref_ipo_sequencesum_v2_relative_sequence_metrics.csv
ipo,0.8,0.5,1.0,1,1.5396071463901586,,ipo_transitive_a0.8_l0.5_b1_dynoracle_frozenref_ipo_sequencesum_v2_relative_sequence_metrics.csv
ipo,0.8,0.5,1.0,2,1.5094981759373731,,ipo_transitive_a0.8_l0.5_b1_dynoracle_frozenref_ipo_sequencesum_v2_relative_sequence_metrics.csv
ipo,0.8,0.5,1.0,3,1.4781851898847094,,ipo_transitive_a0.8_l0.5_b1_dynoracle_frozenref_ipo_sequencesum_v2_relative_sequence_metrics.csv
ipo,0.8,0.5,1.0,4,1.4470079746105635,,ipo_transitive_a0.8_l0.5_b1_dynoracle_frozenref_ipo_sequencesum_v2_relative_sequence_metrics.csv
ipo,0.8,0.5,1.0,5,1.419499313008573,,ipo_transitive_a0.8_l0.5_b1_dynoracle_frozenref_ipo_sequencesum_v2_relative_sequence_metrics.csv
ipo,0.8,0.5,1.0,6,1.39755991945727,,ipo_transitive_a0.8_l0.5_b1_dynoracle_frozenref_ipo_sequencesum_v2_relative_sequence_metrics.csv
ipo,0.8,0.5,1.0,7,1.3749491171420192,,ipo_transitive_a0.8_l0.5_b1_dynoracle_frozenref_ipo_sequencesum_v2_relative_sequence_metrics.csv
ipo,0.8,0.5,1.0,8,1.3617339594055438,,ipo_transitive_a0.8_l0.5_b1_dynoracle_frozenref_ipo_sequencesum_v2_relative_sequence_metrics.csv
ipo,0.8,0.5,1.0,9,1.3455507190124216,,ipo_transitive_a0.8_l0.5_b1_dynoracle_frozenref_ipo_sequencesum_v2_relative_sequence_metrics.csv
ipo,0.8,0.5,1.0,10,1.336136610536663,,ipo_transitive_a0.8_l0.5_b1_dynoracle_frozenref_ipo_sequencesum_v2_relative_sequence_metrics.csv
ipo,0.8,0.5,1.0,11,1.3336517633849776,,ipo_transitive_a0.8_l0.5_b1_dynoracle_frozenref_ipo_sequencesum_v2_relative_sequence_metrics.csv
ipo,0.8,0.5,1.0,12,1.323611004847948,,ipo_transitive_a0.8_l0.5_b1_dynoracle_frozenref_ipo_sequencesum_v2_relative_sequence_metrics.csv
ipo,0.8,0.5,1.0,13,1.3201173133346369,,ipo_transitive_a0.8_l0.5_b1_dynoracle_frozenref_ipo_sequencesum_v2_relative_sequence_metrics.csv
ipo,0.8,0.5,1.0,14,1.3203767257115924,,ipo_transitive_a0.8_l0.5_b1_dynoracle_frozenref_ipo_sequencesum_v2_relative_sequence_metrics.csv
ipo,0.8,0.5,1.0,15,1.32047976094863,,ipo_transitive_a0.8_l0.5_b1_dynoracle_frozenref_ipo_sequencesum_v2_relative_sequence_metrics.csv
ipo,0.8,0.5,1.0,16,1.3134151680910973,,ipo_transitive_a0.8_l0.5_b1_dynoracle_frozenref_ipo_sequencesum_v2_relative_sequence_metrics.csv
ipo,0.8,0.5,1.0,17,1.3034450653397502,,ipo_transitive_a0.8_l0.5_b1_dynoracle_frozenref_ipo_sequencesum_v2_relative_sequence_metrics.csv
ipo,0.8,0.5,1.0,18,1.3004704860512792,,ipo_transitive_a0.8_l0.5_b1_dynoracle_frozenref_ipo_sequencesum_v2_relative_sequence_metrics.csv
ipo,0.8,0.5,1.0,19,1.2944055486003407,,ipo_transitive_a0.8_l0.5_b1_dynoracle_frozenref_ipo_sequencesum_v2_relative_sequence_metrics.csv
ipo,0.8,0.5,1.0,20,1.2988901665232488,0.551125,ipo_transitive_a0.8_l0.5_b1_dynoracle_frozenref_ipo_sequencesum_v2_relative_sequence_metrics.csv
ipo,0.8,0.5,1.0,21,1.2993967200735232,,ipo_transitive_a0.8_l0.5_b1_dynoracle_frozenref_ipo_sequencesum_v2_relative_sequence_metrics.csv
ipo,0.8,0.5,1.0,22,1.2946845174036108,,ipo_transitive_a0.8_l0.5_b1_dynoracle_frozenref_ipo_sequencesum_v2_relative_sequence_metrics.csv
ipo,0.8,0.5,1.0,23,1.2846786873641782,,ipo_transitive_a0.8_l0.5_b1_dynoracle_frozenref_ipo_sequencesum_v2_relative_sequence_metrics.csv
ipo,0.8,0.5,1.0,24,1.2875984424280964,,ipo_transitive_a0.8_l0.5_b1_dynoracle_frozenref_ipo_sequencesum_v2_relative_sequence_metrics.csv
ipo,0.8,0.5,1.0,25,1.285436316488033,,ipo_transitive_a0.8_l0.5_b1_dynoracle_frozenref_ipo_sequencesum_v2_relative_sequence_metrics.csv
ipo,0.8,0.5,1.0,26,1.285108123693116,,ipo_transitive_a0.8_l0.5_b1_dynoracle_frozenref_ipo_sequencesum_v2_relative_sequence_metrics.csv
ipo,0.8,0.5,1.0,27,1.2850148757959974,,ipo_transitive_a0.8_l0.5_b1_dynoracle_frozenref_ipo_sequencesum_v2_relative_sequence_metrics.csv
ipo,0.8,0.5,1.0,28,1.2767495596167284,,ipo_transitive_a0.8_l0.5_b1_dynoracle_frozenref_ipo_sequencesum_v2_relative_sequence_metrics.csv
ipo,0.8,0.5,1.0,29,1.2743316093230412,,ipo_transitive_a0.8_l0.5_b1_dynoracle_frozenref_ipo_sequencesum_v2_relative_sequence_metrics.csv
ipo,0.8,0.5,1.0,30,1.2763157950345871,,ipo_transitive_a0.8_l0.5_b1_dynoracle_frozenref_ipo_sequencesum_v2_relative_sequence_metrics.csv
ipo,0.8,0.5,1.0,31,1.2694001928154803,,ipo_transitive_a0.8_l0.5_b1_dynoracle_frozenref_ipo_sequencesum_v2_relative_sequence_metrics.csv
ipo,0.8,0.5,1.0,32,1.2643844946309724,,ipo_transitive_a0.8_l0.5_b1_dynoracle_frozenref_ipo_sequencesum_v2_relative_sequence_metrics.csv
ipo,0.8,0.5,1.0,33,1.27023926179794,,ipo_transitive_a0.8_l0.5_b1_dynoracle_frozenref_ipo_sequencesum_v2_relative_sequence_metrics.csv
ipo,0.8,0.5,1.0,34,1.261408907948795,,ipo_transitive_a0.8_l0.5_b1_dynoracle_frozenref_ipo_sequencesum_v2_relative_sequence_metrics.csv
ipo,0.8,0.5,1.0,35,1.2681427685499385,,ipo_transitive_a0.8_l0.5_b1_dynoracle_frozenref_ipo_sequencesum_v2_relative_sequence_metrics.csv
ipo,0.8,0.5,1.0,36,1.2735044449641866,,ipo_transitive_a0.8_l0.5_b1_dynoracle_frozenref_ipo_sequencesum_v2_relative_sequence_metrics.csv
ipo,0.8,0.5,1.0,37,1.2798248356490758,,ipo_transitive_a0.8_l0.5_b1_dynoracle_frozenref_ipo_sequencesum_v2_relative_sequence_metrics.csv
ipo,0.8,0.5,1.0,38,1.2816512113207204,,ipo_transitive_a0.8_l0.5_b1_dynoracle_frozenref_ipo_sequencesum_v2_relative_sequence_metrics.csv
ipo,0.8,0.5,1.0,39,1.2731227414288036,,ipo_transitive_a0.8_l0.5_b1_dynoracle_frozenref_ipo_sequencesum_v2_relative_sequence_metrics.csv
ipo,0.8,0.5,1.0,40,1.2760271110249113,0.535125,ipo_transitive_a0.8_l0.5_b1_dynoracle_frozenref_ipo_sequencesum_v2_relative_sequence_metrics.csv
ipo,0.8,0.5,1.0,41,1.2793103562672328,,ipo_transitive_a0.8_l0.5_b1_dynoracle_frozenref_ipo_sequencesum_v2_relative_sequence_metrics.csv
ipo,0.8,0.5,1.0,42,1.2767073372949926,,ipo_transitive_a0.8_l0.5_b1_dynoracle_frozenref_ipo_sequencesum_v2_relative_sequence_metrics.csv
ipo,0.8,0.5,1.0,43,1.276514374590728,,ipo_transitive_a0.8_l0.5_b1_dynoracle_frozenref_ipo_sequencesum_v2_relative_sequence_metrics.csv
ipo,0.8,0.5,1.0,44,1.2832679393311708,,ipo_transitive_a0.8_l0.5_b1_dynoracle_frozenref_ipo_sequencesum_v2_relative_sequence_metrics.csv
ipo,0.8,0.5,1.0,45,1.2820388937836968,,ipo_transitive_a0.8_l0.5_b1_dynoracle_frozenref_ipo_sequencesum_v2_relative_sequence_metrics.csv
ipo,0.8,0.5,1.0,46,1.2856046345557466,,ipo_transitive_a0.8_l0.5_b1_dynoracle_frozenref_ipo_sequencesum_v2_relative_sequence_metrics.csv
ipo,0.8,0.5,1.0,47,1.2839392955419058,,ipo_transitive_a0.8_l0.5_b1_dynoracle_frozenref_ipo_sequencesum_v2_relative_sequence_metrics.csv
ipo,0.8,0.5,1.0,48,1.284206597308588,,ipo_transitive_a0.8_l0.5_b1_dynoracle_frozenref_ipo_sequencesum_v2_relative_sequence_metrics.csv
ipo,0.8,0.5,1.0,49,1.2754445601572748,,ipo_transitive_a0.8_l0.5_b1_dynoracle_frozenref_ipo_sequencesum_v2_relative_sequence_metrics.csv
ipo,0.8,0.5,1.0,50,1.279991206146104,,ipo_transitive_a0.8_l0.5_b1_dynoracle_frozenref_ipo_sequencesum_v2_relative_sequence_metrics.csv
ipo,0.8,0.5,1.0,51,1.2749638683867557,,ipo_transitive_a0.8_l0.5_b1_dynoracle_frozenref_ipo_sequencesum_v2_relative_sequence_metrics.csv
ipo,0.8,0.5,1.0,52,1.2733092056595905,,ipo_transitive_a0.8_l0.5_b1_dynoracle_frozenref_ipo_sequencesum_v2_relative_sequence_metrics.csv
ipo,0.8,0.5,1.0,53,1.2736045333415753,,ipo_transitive_a0.8_l0.5_b1_dynoracle_frozenref_ipo_sequencesum_v2_relative_sequence_metrics.csv
ipo,0.8,0.5,1.0,54,1.2720134736041349,,ipo_transitive_a0.8_l0.5_b1_dynoracle_frozenref_ipo_sequencesum_v2_relative_sequence_metrics.csv
ipo,0.8,0.5,1.0,55,1.2740538696531098,,ipo_transitive_a0.8_l0.5_b1_dynoracle_frozenref_ipo_sequencesum_v2_relative_sequence_metrics.csv
ipo,0.8,0.5,1.0,56,1.2700748333728462,,ipo_transitive_a0.8_l0.5_b1_dynoracle_frozenref_ipo_sequencesum_v2_relative_sequence_metrics.csv
ipo,0.8,0.5,1.0,57,1.2714798847160471,,ipo_transitive_a0.8_l0.5_b1_dynoracle_frozenref_ipo_sequencesum_v2_relative_sequence_metrics.csv
ipo,0.8,0.5,1.0,58,1.2650490312026716,,ipo_transitive_a0.8_l0.5_b1_dynoracle_frozenref_ipo_sequencesum_v2_relative_sequence_metrics.csv
ipo,0.8,0.5,1.0,59,1.2614776661633007,,ipo_transitive_a0.8_l0.5_b1_dynoracle_frozenref_ipo_sequencesum_v2_relative_sequence_metrics.csv
ipo,0.8,0.5,1.0,60,1.25732481111169,0.5505,ipo_transitive_a0.8_l0.5_b1_dynoracle_frozenref_ipo_sequencesum_v2_relative_sequence_metrics.csv
ipo,0.8,0.5,1.0,61,1.2523171280609289,,ipo_transitive_a0.8_l0.5_b1_dynoracle_frozenref_ipo_sequencesum_v2_relative_sequence_metrics.csv
ipo,0.8,0.5,1.0,62,1.2419641571817557,,ipo_transitive_a0.8_l0.5_b1_dynoracle_frozenref_ipo_sequencesum_v2_relative_sequence_metrics.csv
ipo,0.8,0.5,1.0,63,1.2488481525622164,,ipo_transitive_a0.8_l0.5_b1_dynoracle_frozenref_ipo_sequencesum_v2_relative_sequence_metrics.csv
ipo,0.8,0.5,1.0,64,1.243535552384587,,ipo_transitive_a0.8_l0.5_b1_dynoracle_frozenref_ipo_sequencesum_v2_relative_sequence_metrics.csv
ipo,0.8,0.5,1.0,65,1.2501807201786672,,ipo_transitive_a0.8_l0.5_b1_dynoracle_frozenref_ipo_sequencesum_v2_relative_sequence_metrics.csv
ipo,0.8,0.5,1.0,66,1.2574407008317263,,ipo_transitive_a0.8_l0.5_b1_dynoracle_frozenref_ipo_sequencesum_v2_relative_sequence_metrics.csv
ipo,0.8,0.5,1.0,67,1.2583240699059115,,ipo_transitive_a0.8_l0.5_b1_dynoracle_frozenref_ipo_sequencesum_v2_relative_sequence_metrics.csv
ipo,0.8,0.5,1.0,68,1.2521936263089324,,ipo_transitive_a0.8_l0.5_b1_dynoracle_frozenref_ipo_sequencesum_v2_relative_sequence_metrics.csv
ipo,0.8,0.5,1.0,69,1.2574840861604002,,ipo_transitive_a0.8_l0.5_b1_dynoracle_frozenref_ipo_sequencesum_v2_relative_sequence_metrics.csv
ipo,0.8,0.5,1.0,70,1.2630183805060635,,ipo_transitive_a0.8_l0.5_b1_dynoracle_frozenref_ipo_sequencesum_v2_relative_sequence_metrics.csv
ipo,0.8,0.5,1.0,71,1.2583811526004345,,ipo_transitive_a0.8_l0.5_b1_dynoracle_frozenref_ipo_sequencesum_v2_relative_sequence_metrics.csv
ipo,0.8,0.5,1.0,72,1.2565332409719858,,ipo_transitive_a0.8_l0.5_b1_dynoracle_frozenref_ipo_sequencesum_v2_relative_sequence_metrics.csv
ipo,0.8,0.5,1.0,73,1.2527082314752298,,ipo_transitive_a0.8_l0.5_b1_dynoracle_frozenref_ipo_sequencesum_v2_relative_sequence_metrics.csv
ipo,0.8,0.5,1.0,74,1.2455820130219684,,ipo_transitive_a0.8_l0.5_b1_dynoracle_frozenref_ipo_sequencesum_v2_relative_sequence_metrics.csv
ipo,0.8,0.5,1.0,75,1.250745857913717,,ipo_transitive_a0.8_l0.5_b1_dynoracle_frozenref_ipo_sequencesum_v2_relative_sequence_metrics.csv
ipo,0.8,0.5,1.0,76,1.2590721965205178,,ipo_transitive_a0.8_l0.5_b1_dynoracle_frozenref_ipo_sequencesum_v2_relative_sequence_metrics.csv
ipo,0.8,0.5,1.0,77,1.2567097714069433,,ipo_transitive_a0.8_l0.5_b1_dynoracle_frozenref_ipo_sequencesum_v2_relative_sequence_metrics.csv
ipo,0.8,0.5,1.0,78,1.2616564413315332,,ipo_transitive_a0.8_l0.5_b1_dynoracle_frozenref_ipo_sequencesum_v2_relative_sequence_metrics.csv
ipo,0.8,0.5,1.0,79,1.260640042100669,,ipo_transitive_a0.8_l0.5_b1_dynoracle_frozenref_ipo_sequencesum_v2_relative_sequence_metrics.csv
ipo,0.8,0.5,1.0,80,1.257036446513223,0.54775,ipo_transitive_a0.8_l0.5_b1_dynoracle_frozenref_ipo_sequencesum_v2_relative_sequence_metrics.csv
ipo,0.95,0.5,1.0,0,1.5511373606945045,0.479,ipo_transitive_a0.95_l0.5_b1_dynoracle_frozenref_ipo_sequencesum_v2_relative_sequence_metrics.csv
ipo,0.95,0.5,1.0,1,1.528924645798641,,ipo_transitive_a0.95_l0.5_b1_dynoracle_frozenref_ipo_sequencesum_v2_relative_sequence_metrics.csv
ipo,0.95,0.5,1.0,2,1.4953127380784623,,ipo_transitive_a0.95_l0.5_b1_dynoracle_frozenref_ipo_sequencesum_v2_relative_sequence_metrics.csv
ipo,0.95,0.5,1.0,3,1.4573259887597592,,ipo_transitive_a0.95_l0.5_b1_dynoracle_frozenref_ipo_sequencesum_v2_relative_sequence_metrics.csv
ipo,0.95,0.5,1.0,4,1.4058177389326896,,ipo_transitive_a0.95_l0.5_b1_dynoracle_frozenref_ipo_sequencesum_v2_relative_sequence_metrics.csv
ipo,0.95,0.5,1.0,5,1.3621060015003472,,ipo_transitive_a0.95_l0.5_b1_dynoracle_frozenref_ipo_sequencesum_v2_relative_sequence_metrics.csv
ipo,0.95,0.5,1.0,6,1.318519991111798,,ipo_transitive_a0.95_l0.5_b1_dynoracle_frozenref_ipo_sequencesum_v2_relative_sequence_metrics.csv
ipo,0.95,0.5,1.0,7,1.2704547274703668,,ipo_transitive_a0.95_l0.5_b1_dynoracle_frozenref_ipo_sequencesum_v2_relative_sequence_metrics.csv
ipo,0.95,0.5,1.0,8,1.221996332165763,,ipo_transitive_a0.95_l0.5_b1_dynoracle_frozenref_ipo_sequencesum_v2_relative_sequence_metrics.csv
ipo,0.95,0.5,1.0,9,1.1810305205888532,,ipo_transitive_a0.95_l0.5_b1_dynoracle_frozenref_ipo_sequencesum_v2_relative_sequence_metrics.csv
ipo,0.95,0.5,1.0,10,1.1398200859855072,,ipo_transitive_a0.95_l0.5_b1_dynoracle_frozenref_ipo_sequencesum_v2_relative_sequence_metrics.csv
ipo,0.95,0.5,1.0,11,1.1063406988788902,,ipo_transitive_a0.95_l0.5_b1_dynoracle_frozenref_ipo_sequencesum_v2_relative_sequence_metrics.csv
ipo,0.95,0.5,1.0,12,1.0721517153683562,,ipo_transitive_a0.95_l0.5_b1_dynoracle_frozenref_ipo_sequencesum_v2_relative_sequence_metrics.csv
ipo,0.95,0.5,1.0,13,1.037968642693801,,ipo_transitive_a0.95_l0.5_b1_dynoracle_frozenref_ipo_sequencesum_v2_relative_sequence_metrics.csv
ipo,0.95,0.5,1.0,14,1.0082095124666142,,ipo_transitive_a0.95_l0.5_b1_dynoracle_frozenref_ipo_sequencesum_v2_relative_sequence_metrics.csv
ipo,0.95,0.5,1.0,15,0.9906477354047156,,ipo_transitive_a0.95_l0.5_b1_dynoracle_frozenref_ipo_sequencesum_v2_relative_sequence_metrics.csv
ipo,0.95,0.5,1.0,16,0.9538182562479588,,ipo_transitive_a0.95_l0.5_b1_dynoracle_frozenref_ipo_sequencesum_v2_relative_sequence_metrics.csv
ipo,0.95,0.5,1.0,17,0.9284514149005486,,ipo_transitive_a0.95_l0.5_b1_dynoracle_frozenref_ipo_sequencesum_v2_relative_sequence_metrics.csv
ipo,0.95,0.5,1.0,18,0.9096470738231712,,ipo_transitive_a0.95_l0.5_b1_dynoracle_frozenref_ipo_sequencesum_v2_relative_sequence_metrics.csv
ipo,0.95,0.5,1.0,19,0.8850161698880858,,ipo_transitive_a0.95_l0.5_b1_dynoracle_frozenref_ipo_sequencesum_v2_relative_sequence_metrics.csv
ipo,0.95,0.5,1.0,20,0.8697975529586588,0.635875,ipo_transitive_a0.95_l0.5_b1_dynoracle_frozenref_ipo_sequencesum_v2_relative_sequence_metrics.csv
ipo,0.95,0.5,1.0,21,0.8595444012589022,,ipo_transitive_a0.95_l0.5_b1_dynoracle_frozenref_ipo_sequencesum_v2_relative_sequence_metrics.csv
ipo,0.95,0.5,1.0,22,0.843513549762109,,ipo_transitive_a0.95_l0.5_b1_dynoracle_frozenref_ipo_sequencesum_v2_relative_sequence_metrics.csv
ipo,0.95,0.5,1.0,23,0.828008455451911,,ipo_transitive_a0.95_l0.5_b1_dynoracle_frozenref_ipo_sequencesum_v2_relative_sequence_metrics.csv
ipo,0.95,0.5,1.0,24,0.8164631423364774,,ipo_transitive_a0.95_l0.5_b1_dynoracle_frozenref_ipo_sequencesum_v2_relative_sequence_metrics.csv
ipo,0.95,0.5,1.0,25,0.8057794009028731,,ipo_transitive_a0.95_l0.5_b1_dynoracle_frozenref_ipo_sequencesum_v2_relative_sequence_metrics.csv
ipo,0.95,0.5,1.0,26,0.7943218797139339,,ipo_transitive_a0.95_l0.5_b1_dynoracle_frozenref_ipo_sequencesum_v2_relative_sequence_metrics.csv
ipo,0.95,0.5,1.0,27,0.78563692607845,,ipo_transitive_a0.95_l0.5_b1_dynoracle_frozenref_ipo_sequencesum_v2_relative_sequence_metrics.csv
ipo,0.95,0.5,1.0,28,0.7779703696327271,,ipo_transitive_a0.95_l0.5_b1_dynoracle_frozenref_ipo_sequencesum_v2_relative_sequence_metrics.csv
ipo,0.95,0.5,1.0,29,0.7774485272468467,,ipo_transitive_a0.95_l0.5_b1_dynoracle_frozenref_ipo_sequencesum_v2_relative_sequence_metrics.csv
ipo,0.95,0.5,1.0,30,0.7618398773894915,,ipo_transitive_a0.95_l0.5_b1_dynoracle_frozenref_ipo_sequencesum_v2_relative_sequence_metrics.csv
ipo,0.95,0.5,1.0,31,0.7495035518516079,,ipo_transitive_a0.95_l0.5_b1_dynoracle_frozenref_ipo_sequencesum_v2_relative_sequence_metrics.csv
ipo,0.95,0.5,1.0,32,0.7379697451928462,,ipo_transitive_a0.95_l0.5_b1_dynoracle_frozenref_ipo_sequencesum_v2_relative_sequence_metrics.csv
ipo,0.95,0.5,1.0,33,0.7303776615994232,,ipo_transitive_a0.95_l0.5_b1_dynoracle_frozenref_ipo_sequencesum_v2_relative_sequence_metrics.csv
ipo,0.95,0.5,1.0,34,0.7229876463089756,,ipo_transitive_a0.95_l0.5_b1_dynoracle_frozenref_ipo_sequencesum_v2_relative_sequence_metrics.csv
ipo,0.95,0.5,1.0,35,0.7117790380252552,,ipo_transitive_a0.95_l0.5_b1_dynoracle_frozenref_ipo_sequencesum_v2_relative_sequence_metrics.csv
ipo,0.95,0.5,1.0,36,0.7074552635707073,,ipo_transitive_a0.95_l0.5_b1_dynoracle_frozenref_ipo_sequencesum_v2_relative_sequence_metrics.csv
ipo,0.95,0.5,1.0,37,0.7034861153864673,,ipo_transitive_a0.95_l0.5_b1_dynoracle_frozenref_ipo_sequencesum_v2_relative_sequence_metrics.csv
ipo,0.95,0.5,1.0,38,0.6946505453403156,,ipo_transitive_a0.95_l0.5_b1_dynoracle_frozenref_ipo_sequencesum_v2_relative_sequence_metrics.csv
ipo,0.95,0.5,1.0,39,0.6950960608109928,,ipo_transitive_a0.95_l0.5_b1_dynoracle_frozenref_ipo_sequencesum_v2_relative_sequence_metrics.csv
ipo,0.95,0.5,1.0,40,0.6889430093323634,0.704,ipo_transitive_a0.95_l0.5_b1_dynoracle_frozenref_ipo_sequencesum_v2_relative_sequence_metrics.csv
ipo,0.95,0.5,1.0,41,0.6834808157815025,,ipo_transitive_a0.95_l0.5_b1_dynoracle_frozenref_ipo_sequencesum_v2_relative_sequence_metrics.csv
ipo,0.95,0.5,1.0,42,0.6829839561320437,,ipo_transitive_a0.95_l0.5_b1_dynoracle_frozenref_ipo_sequencesum_v2_relative_sequence_metrics.csv
ipo,0.95,0.5,1.0,43,0.6765463626424792,,ipo_transitive_a0.95_l0.5_b1_dynoracle_frozenref_ipo_sequencesum_v2_relative_sequence_metrics.csv
ipo,0.95,0.5,1.0,44,0.6736175661710618,,ipo_transitive_a0.95_l0.5_b1_dynoracle_frozenref_ipo_sequencesum_v2_relative_sequence_metrics.csv
ipo,0.95,0.5,1.0,45,0.6680317310286271,,ipo_transitive_a0.95_l0.5_b1_dynoracle_frozenref_ipo_sequencesum_v2_relative_sequence_metrics.csv
ipo,0.95,0.5,1.0,46,0.6640898990683025,,ipo_transitive_a0.95_l0.5_b1_dynoracle_frozenref_ipo_sequencesum_v2_relative_sequence_metrics.csv
ipo,0.95,0.5,1.0,47,0.664592314373773,,ipo_transitive_a0.95_l0.5_b1_dynoracle_frozenref_ipo_sequencesum_v2_relative_sequence_metrics.csv
ipo,0.95,0.5,1.0,48,0.6573859185046863,,ipo_transitive_a0.95_l0.5_b1_dynoracle_frozenref_ipo_sequencesum_v2_relative_sequence_metrics.csv
ipo,0.95,0.5,1.0,49,0.6557418838924403,,ipo_transitive_a0.95_l0.5_b1_dynoracle_frozenref_ipo_sequencesum_v2_relative_sequence_metrics.csv
ipo,0.95,0.5,1.0,50,0.6541784078636084,,ipo_transitive_a0.95_l0.5_b1_dynoracle_frozenref_ipo_sequencesum_v2_relative_sequence_metrics.csv
ipo,0.95,0.5,1.0,51,0.656397890684869,,ipo_transitive_a0.95_l0.5_b1_dynoracle_frozenref_ipo_sequencesum_v2_relative_sequence_metrics.csv
ipo,0.95,0.5,1.0,52,0.6548311626228073,,ipo_transitive_a0.95_l0.5_b1_dynoracle_frozenref_ipo_sequencesum_v2_relative_sequence_metrics.csv
ipo,0.95,0.5,1.0,53,0.6523678991709269,,ipo_transitive_a0.95_l0.5_b1_dynoracle_frozenref_ipo_sequencesum_v2_relative_sequence_metrics.csv
ipo,0.95,0.5,1.0,54,0.6419652663344368,,ipo_transitive_a0.95_l0.5_b1_dynoracle_frozenref_ipo_sequencesum_v2_relative_sequence_metrics.csv
ipo,0.95,0.5,1.0,55,0.6402258070699833,,ipo_transitive_a0.95_l0.5_b1_dynoracle_frozenref_ipo_sequencesum_v2_relative_sequence_metrics.csv
ipo,0.95,0.5,1.0,56,0.6310327567297268,,ipo_transitive_a0.95_l0.5_b1_dynoracle_frozenref_ipo_sequencesum_v2_relative_sequence_metrics.csv
ipo,0.95,0.5,1.0,57,0.6287031109632463,,ipo_transitive_a0.95_l0.5_b1_dynoracle_frozenref_ipo_sequencesum_v2_relative_sequence_metrics.csv
ipo,0.95,0.5,1.0,58,0.6280735923047839,,ipo_transitive_a0.95_l0.5_b1_dynoracle_frozenref_ipo_sequencesum_v2_relative_sequence_metrics.csv
ipo,0.95,0.5,1.0,59,0.6355030258110286,,ipo_transitive_a0.95_l0.5_b1_dynoracle_frozenref_ipo_sequencesum_v2_relative_sequence_metrics.csv
ipo,0.95,0.5,1.0,60,0.639199491640584,0.698875,ipo_transitive_a0.95_l0.5_b1_dynoracle_frozenref_ipo_sequencesum_v2_relative_sequence_metrics.csv
ipo,0.95,0.5,1.0,61,0.6389698246781935,,ipo_transitive_a0.95_l0.5_b1_dynoracle_frozenref_ipo_sequencesum_v2_relative_sequence_metrics.csv
ipo,0.95,0.5,1.0,62,0.6364727703948849,,ipo_transitive_a0.95_l0.5_b1_dynoracle_frozenref_ipo_sequencesum_v2_relative_sequence_metrics.csv
ipo,0.95,0.5,1.0,63,0.6298704366707973,,ipo_transitive_a0.95_l0.5_b1_dynoracle_frozenref_ipo_sequencesum_v2_relative_sequence_metrics.csv
ipo,0.95,0.5,1.0,64,0.6258390888381052,,ipo_transitive_a0.95_l0.5_b1_dynoracle_frozenref_ipo_sequencesum_v2_relative_sequence_metrics.csv
ipo,0.95,0.5,1.0,65,0.6226577280244175,,ipo_transitive_a0.95_l0.5_b1_dynoracle_frozenref_ipo_sequencesum_v2_relative_sequence_metrics.csv
ipo,0.99,0.5,1.0,0,1.5610295542404218,0.47725,ipo_transitive_a0.99_l0.5_b1_dynoracle_frozenref_ipo_sequencesum_v2_relative_sequence_metrics.csv
ipo,0.99,0.5,1.0,1,1.5403285542638068,,ipo_transitive_a0.99_l0.5_b1_dynoracle_frozenref_ipo_sequencesum_v2_relative_sequence_metrics.csv
ipo,0.99,0.5,1.0,2,1.503424318720241,,ipo_transitive_a0.99_l0.5_b1_dynoracle_frozenref_ipo_sequencesum_v2_relative_sequence_metrics.csv
ipo,0.99,0.5,1.0,3,1.4600093397536904,,ipo_transitive_a0.99_l0.5_b1_dynoracle_frozenref_ipo_sequencesum_v2_relative_sequence_metrics.csv
ipo,0.99,0.5,1.0,4,1.4026854732115115,,ipo_transitive_a0.99_l0.5_b1_dynoracle_frozenref_ipo_sequencesum_v2_relative_sequence_metrics.csv
ipo,0.99,0.5,1.0,5,1.3424070983022895,,ipo_transitive_a0.99_l0.5_b1_dynoracle_frozenref_ipo_sequencesum_v2_relative_sequence_metrics.csv
ipo,0.99,0.5,1.0,6,1.2755683392798294,,ipo_transitive_a0.99_l0.5_b1_dynoracle_frozenref_ipo_sequencesum_v2_relative_sequence_metrics.csv
ipo,0.99,0.5,1.0,7,1.2010060106835263,,ipo_transitive_a0.99_l0.5_b1_dynoracle_frozenref_ipo_sequencesum_v2_relative_sequence_metrics.csv
ipo,0.99,0.5,1.0,8,1.1443514903939007,,ipo_transitive_a0.99_l0.5_b1_dynoracle_frozenref_ipo_sequencesum_v2_relative_sequence_metrics.csv
ipo,0.99,0.5,1.0,9,1.086220437277953,,ipo_transitive_a0.99_l0.5_b1_dynoracle_frozenref_ipo_sequencesum_v2_relative_sequence_metrics.csv
ipo,0.99,0.5,1.0,10,1.037987949087885,,ipo_transitive_a0.99_l0.5_b1_dynoracle_frozenref_ipo_sequencesum_v2_relative_sequence_metrics.csv
ipo,0.99,0.5,1.0,11,0.9867010652252696,,ipo_transitive_a0.99_l0.5_b1_dynoracle_frozenref_ipo_sequencesum_v2_relative_sequence_metrics.csv
ipo,0.99,0.5,1.0,12,0.9455344765490956,,ipo_transitive_a0.99_l0.5_b1_dynoracle_frozenref_ipo_sequencesum_v2_relative_sequence_metrics.csv
ipo,0.99,0.5,1.0,13,0.8974483724990622,,ipo_transitive_a0.99_l0.5_b1_dynoracle_frozenref_ipo_sequencesum_v2_relative_sequence_metrics.csv
ipo,0.99,0.5,1.0,14,0.8633660836244541,,ipo_transitive_a0.99_l0.5_b1_dynoracle_frozenref_ipo_sequencesum_v2_relative_sequence_metrics.csv
ipo,0.99,0.5,1.0,15,0.8309129862703553,,ipo_transitive_a0.99_l0.5_b1_dynoracle_frozenref_ipo_sequencesum_v2_relative_sequence_metrics.csv
ipo,0.99,0.5,1.0,16,0.7991623217952671,,ipo_transitive_a0.99_l0.5_b1_dynoracle_frozenref_ipo_sequencesum_v2_relative_sequence_metrics.csv
ipo,0.99,0.5,1.0,17,0.7712316257046268,,ipo_transitive_a0.99_l0.5_b1_dynoracle_frozenref_ipo_sequencesum_v2_relative_sequence_metrics.csv
ipo,0.99,0.5,1.0,18,0.7489177825319475,,ipo_transitive_a0.99_l0.5_b1_dynoracle_frozenref_ipo_sequencesum_v2_relative_sequence_metrics.csv
ipo,0.99,0.5,1.0,19,0.7268760526463709,,ipo_transitive_a0.99_l0.5_b1_dynoracle_frozenref_ipo_sequencesum_v2_relative_sequence_metrics.csv
ipo,0.99,0.5,1.0,20,0.7035973766014544,0.67225,ipo_transitive_a0.99_l0.5_b1_dynoracle_frozenref_ipo_sequencesum_v2_relative_sequence_metrics.csv
ipo,0.99,0.5,1.0,21,0.6857285058698934,,ipo_transitive_a0.99_l0.5_b1_dynoracle_frozenref_ipo_sequencesum_v2_relative_sequence_metrics.csv
ipo,0.99,0.5,1.0,22,0.6677148251363646,,ipo_transitive_a0.99_l0.5_b1_dynoracle_frozenref_ipo_sequencesum_v2_relative_sequence_metrics.csv
ipo,0.99,0.5,1.0,23,0.6524621508690209,,ipo_transitive_a0.99_l0.5_b1_dynoracle_frozenref_ipo_sequencesum_v2_relative_sequence_metrics.csv
ipo,0.99,0.5,1.0,24,0.6387872686151915,,ipo_transitive_a0.99_l0.5_b1_dynoracle_frozenref_ipo_sequencesum_v2_relative_sequence_metrics.csv
ipo,0.99,0.5,1.0,25,0.6193169603372066,,ipo_transitive_a0.99_l0.5_b1_dynoracle_frozenref_ipo_sequencesum_v2_relative_sequence_metrics.csv
ipo,0.99,0.5,1.0,26,0.6075618089734572,,ipo_transitive_a0.99_l0.5_b1_dynoracle_frozenref_ipo_sequencesum_v2_relative_sequence_metrics.csv
ipo,0.99,0.5,1.0,27,0.586974783451711,,ipo_transitive_a0.99_l0.5_b1_dynoracle_frozenref_ipo_sequencesum_v2_relative_sequence_metrics.csv
ipo,0.99,0.5,1.0,28,0.5737967056079626,,ipo_transitive_a0.99_l0.5_b1_dynoracle_frozenref_ipo_sequencesum_v2_relative_sequence_metrics.csv
ipo,0.99,0.5,1.0,29,0.5601560166195347,,ipo_transitive_a0.99_l0.5_b1_dynoracle_frozenref_ipo_sequencesum_v2_relative_sequence_metrics.csv
ipo,0.99,0.5,1.0,30,0.5487158853194556,,ipo_transitive_a0.99_l0.5_b1_dynoracle_frozenref_ipo_sequencesum_v2_relative_sequence_metrics.csv
ipo,0.99,0.5,1.0,31,0.5350218329126537,,ipo_transitive_a0.99_l0.5_b1_dynoracle_frozenref_ipo_sequencesum_v2_relative_sequence_metrics.csv
ipo,0.99,0.5,1.0,32,0.5229834076486818,,ipo_transitive_a0.99_l0.5_b1_dynoracle_frozenref_ipo_sequencesum_v2_relative_sequence_metrics.csv
ipo,0.99,0.5,1.0,33,0.5118429522759477,,ipo_transitive_a0.99_l0.5_b1_dynoracle_frozenref_ipo_sequencesum_v2_relative_sequence_metrics.csv
ipo,0.99,0.5,1.0,34,0.5030073637930743,,ipo_transitive_a0.99_l0.5_b1_dynoracle_frozenref_ipo_sequencesum_v2_relative_sequence_metrics.csv
ipo,0.99,0.5,1.0,35,0.4942653854048296,,ipo_transitive_a0.99_l0.5_b1_dynoracle_frozenref_ipo_sequencesum_v2_relative_sequence_metrics.csv
ipo,0.99,0.5,1.0,36,0.4872158190119081,,ipo_transitive_a0.99_l0.5_b1_dynoracle_frozenref_ipo_sequencesum_v2_relative_sequence_metrics.csv
ipo,0.99,0.5,1.0,37,0.4768416518264855,,ipo_transitive_a0.99_l0.5_b1_dynoracle_frozenref_ipo_sequencesum_v2_relative_sequence_metrics.csv
ipo,0.99,0.5,1.0,38,0.4665940928269952,,ipo_transitive_a0.99_l0.5_b1_dynoracle_frozenref_ipo_sequencesum_v2_relative_sequence_metrics.csv
ipo,0.99,0.5,1.0,39,0.4554538936034256,,ipo_transitive_a0.99_l0.5_b1_dynoracle_frozenref_ipo_sequencesum_v2_relative_sequence_metrics.csv
ipo,0.99,0.5,1.0,40,0.4452891404345964,0.77575,ipo_transitive_a0.99_l0.5_b1_dynoracle_frozenref_ipo_sequencesum_v2_relative_sequence_metrics.csv
ipo,0.99,0.5,1.0,41,0.4390217333997427,,ipo_transitive_a0.99_l0.5_b1_dynoracle_frozenref_ipo_sequencesum_v2_relative_sequence_metrics.csv
ipo,0.99,0.5,1.0,42,0.4311876446844087,,ipo_transitive_a0.99_l0.5_b1_dynoracle_frozenref_ipo_sequencesum_v2_relative_sequence_metrics.csv
ipo,0.99,0.5,1.0,43,0.4261312411310046,,ipo_transitive_a0.99_l0.5_b1_dynoracle_frozenref_ipo_sequencesum_v2_relative_sequence_metrics.csv
ipo,0.99,0.5,1.0,44,0.419176430604394,,ipo_transitive_a0.99_l0.5_b1_dynoracle_frozenref_ipo_sequencesum_v2_relative_sequence_metrics.csv
ipo,0.99,0.5,1.0,45,0.4128690443150853,,ipo_transitive_a0.99_l0.5_b1_dynoracle_frozenref_ipo_sequencesum_v2_relative_sequence_metrics.csv
ipo,0.99,0.5,1.0,46,0.4061000819541319,,ipo_transitive_a0.99_l0.5_b1_dynoracle_frozenref_ipo_sequencesum_v2_relative_sequence_metrics.csv
ipo,0.99,0.5,1.0,47,0.3981277249330337,,ipo_transitive_a0.99_l0.5_b1_dynoracle_frozenref_ipo_sequencesum_v2_relative_sequence_metrics.csv
ipo,0.99,0.5,1.0,48,0.3926694347773546,,ipo_transitive_a0.99_l0.5_b1_dynoracle_frozenref_ipo_sequencesum_v2_relative_sequence_metrics.csv
ipo,0.99,0.5,1.0,49,0.3866887771197707,,ipo_transitive_a0.99_l0.5_b1_dynoracle_frozenref_ipo_sequencesum_v2_relative_sequence_metrics.csv
ipo,0.99,0.5,1.0,50,0.3817026867751862,,ipo_transitive_a0.99_l0.5_b1_dynoracle_frozenref_ipo_sequencesum_v2_relative_sequence_metrics.csv
ipo,0.99,0.5,1.0,51,0.3800984343925869,,ipo_transitive_a0.99_l0.5_b1_dynoracle_frozenref_ipo_sequencesum_v2_relative_sequence_metrics.csv
ipo,0.99,0.5,1.0,52,0.3809735398129875,,ipo_transitive_a0.99_l0.5_b1_dynoracle_frozenref_ipo_sequencesum_v2_relative_sequence_metrics.csv
ipo,0.99,0.5,1.0,53,0.3774406051913138,,ipo_transitive_a0.99_l0.5_b1_dynoracle_frozenref_ipo_sequencesum_v2_relative_sequence_metrics.csv
ipo,0.99,0.5,1.0,54,0.3721179531571192,,ipo_transitive_a0.99_l0.5_b1_dynoracle_frozenref_ipo_sequencesum_v2_relative_sequence_metrics.csv
ipo,0.99,0.5,1.0,55,0.3722669907242357,,ipo_transitive_a0.99_l0.5_b1_dynoracle_frozenref_ipo_sequencesum_v2_relative_sequence_metrics.csv
ipo,0.99,0.5,1.0,56,0.3668911334220711,,ipo_transitive_a0.99_l0.5_b1_dynoracle_frozenref_ipo_sequencesum_v2_relative_sequence_metrics.csv
ipo,0.99,0.5,1.0,57,0.3669502522200927,,ipo_transitive_a0.99_l0.5_b1_dynoracle_frozenref_ipo_sequencesum_v2_relative_sequence_metrics.csv
ipo,0.99,0.5,1.0,58,0.3672933866513963,,ipo_transitive_a0.99_l0.5_b1_dynoracle_frozenref_ipo_sequencesum_v2_relative_sequence_metrics.csv
ipo,0.99,0.5,1.0,59,0.3638775960430299,,ipo_transitive_a0.99_l0.5_b1_dynoracle_frozenref_ipo_sequencesum_v2_relative_sequence_metrics.csv
ipo,0.99,0.5,1.0,60,0.3601944075881035,0.82275,ipo_transitive_a0.99_l0.5_b1_dynoracle_frozenref_ipo_sequencesum_v2_relative_sequence_metrics.csv
ipo,0.99,0.5,1.0,61,0.3576430145648853,,ipo_transitive_a0.99_l0.5_b1_dynoracle_frozenref_ipo_sequencesum_v2_relative_sequence_metrics.csv
ipo,0.99,0.5,1.0,62,0.3565104385121562,,ipo_transitive_a0.99_l0.5_b1_dynoracle_frozenref_ipo_sequencesum_v2_relative_sequence_metrics.csv
ipo,0.99,0.5,1.0,63,0.3521623536982663,,ipo_transitive_a0.99_l0.5_b1_dynoracle_frozenref_ipo_sequencesum_v2_relative_sequence_metrics.csv
ipo,0.99,0.5,1.0,64,0.3478471994885308,,ipo_transitive_a0.99_l0.5_b1_dynoracle_frozenref_ipo_sequencesum_v2_relative_sequence_metrics.csv
ipo,0.99,0.5,1.0,65,0.3447786388157036,,ipo_transitive_a0.99_l0.5_b1_dynoracle_frozenref_ipo_sequencesum_v2_relative_sequence_metrics.csv
ipo,0.99,0.5,1.0,66,0.3406235312547855,,ipo_transitive_a0.99_l0.5_b1_dynoracle_frozenref_ipo_sequencesum_v2_relative_sequence_metrics.csv
ipo,0.99,0.5,1.0,67,0.3401777061357371,,ipo_transitive_a0.99_l0.5_b1_dynoracle_frozenref_ipo_sequencesum_v2_relative_sequence_metrics.csv
ipo,0.99,0.5,1.0,68,0.335529010044524,,ipo_transitive_a0.99_l0.5_b1_dynoracle_frozenref_ipo_sequencesum_v2_relative_sequence_metrics.csv
ipo,0.99,0.5,1.0,69,0.3372121941118347,,ipo_transitive_a0.99_l0.5_b1_dynoracle_frozenref_ipo_sequencesum_v2_relative_sequence_metrics.csv
ipo,0.99,0.5,1.0,70,0.335294762779478,,ipo_transitive_a0.99_l0.5_b1_dynoracle_frozenref_ipo_sequencesum_v2_relative_sequence_metrics.csv
ipo,0.99,0.5,1.0,71,0.3311110448019785,,ipo_transitive_a0.99_l0.5_b1_dynoracle_frozenref_ipo_sequencesum_v2_relative_sequence_metrics.csv
ipo,0.99,0.5,1.0,72,0.3276851124075212,,ipo_transitive_a0.99_l0.5_b1_dynoracle_frozenref_ipo_sequencesum_v2_relative_sequence_metrics.csv
ipo,0.99,0.5,1.0,73,0.3226124356251144,,ipo_transitive_a0.99_l0.5_b1_dynoracle_frozenref_ipo_sequencesum_v2_relative_sequence_metrics.csv
ipo,0.99,0.5,1.0,74,0.3189096769252723,,ipo_transitive_a0.99_l0.5_b1_dynoracle_frozenref_ipo_sequencesum_v2_relative_sequence_metrics.csv
ipo,0.99,0.5,1.0,75,0.3168071354329105,,ipo_transitive_a0.99_l0.5_b1_dynoracle_frozenref_ipo_sequencesum_v2_relative_sequence_metrics.csv
ipo,0.99,0.5,1.0,76,0.3139664460640171,,ipo_transitive_a0.99_l0.5_b1_dynoracle_frozenref_ipo_sequencesum_v2_relative_sequence_metrics.csv
ipo,0.99,0.5,1.0,77,0.3077707920835505,,ipo_transitive_a0.99_l0.5_b1_dynoracle_frozenref_ipo_sequencesum_v2_relative_sequence_metrics.csv
ipo,0.99,0.5,1.0,78,0.3044544798189372,,ipo_transitive_a0.99_l0.5_b1_dynoracle_frozenref_ipo_sequencesum_v2_relative_sequence_metrics.csv
ipo,0.99,0.5,1.0,79,0.300959885253606,,ipo_transitive_a0.99_l0.5_b1_dynoracle_frozenref_ipo_sequencesum_v2_relative_sequence_metrics.csv
ipo,0.99,0.5,1.0,80,0.2995653031580157,0.844875,ipo_transitive_a0.99_l0.5_b1_dynoracle_frozenref_ipo_sequencesum_v2_relative_sequence_metrics.csv
ipo,0.8,0.9,1.0,0,1.5581278884759069,0.479125,ipo_transitive_a0.8_l0.9_b1_dynoracle_frozenref_ipo_sequencesum_v2_relative_sequence_metrics.csv
ipo,0.8,0.9,1.0,1,1.537144837777374,,ipo_transitive_a0.8_l0.9_b1_dynoracle_frozenref_ipo_sequencesum_v2_relative_sequence_metrics.csv
ipo,0.8,0.9,1.0,2,1.504624488857822,,ipo_transitive_a0.8_l0.9_b1_dynoracle_frozenref_ipo_sequencesum_v2_relative_sequence_metrics.csv
ipo,0.8,0.9,1.0,3,1.4768353275473036,,ipo_transitive_a0.8_l0.9_b1_dynoracle_frozenref_ipo_sequencesum_v2_relative_sequence_metrics.csv
ipo,0.8,0.9,1.0,4,1.4523892020491045,,ipo_transitive_a0.8_l0.9_b1_dynoracle_frozenref_ipo_sequencesum_v2_relative_sequence_metrics.csv
ipo,0.8,0.9,1.0,5,1.4315255199903258,,ipo_transitive_a0.8_l0.9_b1_dynoracle_frozenref_ipo_sequencesum_v2_relative_sequence_metrics.csv
ipo,0.8,0.9,1.0,6,1.4054046159026006,,ipo_transitive_a0.8_l0.9_b1_dynoracle_frozenref_ipo_sequencesum_v2_relative_sequence_metrics.csv
ipo,0.8,0.9,1.0,7,1.384656180574659,,ipo_transitive_a0.8_l0.9_b1_dynoracle_frozenref_ipo_sequencesum_v2_relative_sequence_metrics.csv
ipo,0.8,0.9,1.0,8,1.3650905099675028,,ipo_transitive_a0.8_l0.9_b1_dynoracle_frozenref_ipo_sequencesum_v2_relative_sequence_metrics.csv
ipo,0.8,0.9,1.0,9,1.3536160306611986,,ipo_transitive_a0.8_l0.9_b1_dynoracle_frozenref_ipo_sequencesum_v2_relative_sequence_metrics.csv
ipo,0.8,0.9,1.0,10,1.3366245001687709,,ipo_transitive_a0.8_l0.9_b1_dynoracle_frozenref_ipo_sequencesum_v2_relative_sequence_metrics.csv
ipo,0.8,0.9,1.0,11,1.3274713705429122,,ipo_transitive_a0.8_l0.9_b1_dynoracle_frozenref_ipo_sequencesum_v2_relative_sequence_metrics.csv
ipo,0.8,0.9,1.0,12,1.312309891978578,,ipo_transitive_a0.8_l0.9_b1_dynoracle_frozenref_ipo_sequencesum_v2_relative_sequence_metrics.csv
ipo,0.8,0.9,1.0,13,1.3080529390250637,,ipo_transitive_a0.8_l0.9_b1_dynoracle_frozenref_ipo_sequencesum_v2_relative_sequence_metrics.csv
ipo,0.8,0.9,1.0,14,1.305808598326846,,ipo_transitive_a0.8_l0.9_b1_dynoracle_frozenref_ipo_sequencesum_v2_relative_sequence_metrics.csv
ipo,0.8,0.9,1.0,15,1.2999832977627146,,ipo_transitive_a0.8_l0.9_b1_dynoracle_frozenref_ipo_sequencesum_v2_relative_sequence_metrics.csv
ipo,0.8,0.9,1.0,16,1.3020328364115148,,ipo_transitive_a0.8_l0.9_b1_dynoracle_frozenref_ipo_sequencesum_v2_relative_sequence_metrics.csv
ipo,0.8,0.9,1.0,17,1.29784452287762,,ipo_transitive_a0.8_l0.9_b1_dynoracle_frozenref_ipo_sequencesum_v2_relative_sequence_metrics.csv
ipo,0.8,0.9,1.0,18,1.2923547895058791,,ipo_transitive_a0.8_l0.9_b1_dynoracle_frozenref_ipo_sequencesum_v2_relative_sequence_metrics.csv
ipo,0.8,0.9,1.0,19,1.285159142204694,,ipo_transitive_a0.8_l0.9_b1_dynoracle_frozenref_ipo_sequencesum_v2_relative_sequence_metrics.csv
ipo,0.8,0.9,1.0,20,1.2823891965830931,0.563125,ipo_transitive_a0.8_l0.9_b1_dynoracle_frozenref_ipo_sequencesum_v2_relative_sequence_metrics.csv
ipo,0.8,0.9,1.0,21,1.27807059947149,,ipo_transitive_a0.8_l0.9_b1_dynoracle_frozenref_ipo_sequencesum_v2_relative_sequence_metrics.csv
ipo,0.8,0.9,1.0,22,1.2763753650734753,,ipo_transitive_a0.8_l0.9_b1_dynoracle_frozenref_ipo_sequencesum_v2_relative_sequence_metrics.csv
ipo,0.8,0.9,1.0,23,1.2774730989132663,,ipo_transitive_a0.8_l0.9_b1_dynoracle_frozenref_ipo_sequencesum_v2_relative_sequence_metrics.csv
ipo,0.8,0.9,1.0,24,1.2705549729050951,,ipo_transitive_a0.8_l0.9_b1_dynoracle_frozenref_ipo_sequencesum_v2_relative_sequence_metrics.csv
ipo,0.8,0.9,1.0,25,1.2786239456857271,,ipo_transitive_a0.8_l0.9_b1_dynoracle_frozenref_ipo_sequencesum_v2_relative_sequence_metrics.csv
ipo,0.8,0.9,1.0,26,1.2825600482313253,,ipo_transitive_a0.8_l0.9_b1_dynoracle_frozenref_ipo_sequencesum_v2_relative_sequence_metrics.csv
ipo,0.8,0.9,1.0,27,1.2785902501270905,,ipo_transitive_a0.8_l0.9_b1_dynoracle_frozenref_ipo_sequencesum_v2_relative_sequence_metrics.csv
ipo,0.8,0.9,1.0,28,1.2799374311629264,,ipo_transitive_a0.8_l0.9_b1_dynoracle_frozenref_ipo_sequencesum_v2_relative_sequence_metrics.csv
ipo,0.8,0.9,1.0,29,1.279477896774749,,ipo_transitive_a0.8_l0.9_b1_dynoracle_frozenref_ipo_sequencesum_v2_relative_sequence_metrics.csv
ipo,0.8,0.9,1.0,30,1.2825795512812848,,ipo_transitive_a0.8_l0.9_b1_dynoracle_frozenref_ipo_sequencesum_v2_relative_sequence_metrics.csv
ipo,0.8,0.9,1.0,31,1.279786013785194,,ipo_transitive_a0.8_l0.9_b1_dynoracle_frozenref_ipo_sequencesum_v2_relative_sequence_metrics.csv
ipo,0.8,0.9,1.0,32,1.2752052600815371,,ipo_transitive_a0.8_l0.9_b1_dynoracle_frozenref_ipo_sequencesum_v2_relative_sequence_metrics.csv
ipo,0.8,0.9,1.0,33,1.2733000418143836,,ipo_transitive_a0.8_l0.9_b1_dynoracle_frozenref_ipo_sequencesum_v2_relative_sequence_metrics.csv
ipo,0.8,0.9,1.0,34,1.2685089487806422,,ipo_transitive_a0.8_l0.9_b1_dynoracle_frozenref_ipo_sequencesum_v2_relative_sequence_metrics.csv
ipo,0.8,0.9,1.0,35,1.2661526949956343,,ipo_transitive_a0.8_l0.9_b1_dynoracle_frozenref_ipo_sequencesum_v2_relative_sequence_metrics.csv
ipo,0.8,0.9,1.0,36,1.2692262115033943,,ipo_transitive_a0.8_l0.9_b1_dynoracle_frozenref_ipo_sequencesum_v2_relative_sequence_metrics.csv
ipo,0.8,0.9,1.0,37,1.2674323730631911,,ipo_transitive_a0.8_l0.9_b1_dynoracle_frozenref_ipo_sequencesum_v2_relative_sequence_metrics.csv
ipo,0.8,0.9,1.0,38,1.2662220056109013,,ipo_transitive_a0.8_l0.9_b1_dynoracle_frozenref_ipo_sequencesum_v2_relative_sequence_metrics.csv
ipo,0.8,0.9,1.0,39,1.2651718140490282,,ipo_transitive_a0.8_l0.9_b1_dynoracle_frozenref_ipo_sequencesum_v2_relative_sequence_metrics.csv
ipo,0.8,0.9,1.0,40,1.2698258154559758,0.554,ipo_transitive_a0.8_l0.9_b1_dynoracle_frozenref_ipo_sequencesum_v2_relative_sequence_metrics.csv
ipo,0.8,0.9,1.0,41,1.2697651390038027,,ipo_transitive_a0.8_l0.9_b1_dynoracle_frozenref_ipo_sequencesum_v2_relative_sequence_metrics.csv
ipo,0.8,0.9,1.0,42,1.2694403746472676,,ipo_transitive_a0.8_l0.9_b1_dynoracle_frozenref_ipo_sequencesum_v2_relative_sequence_metrics.csv
ipo,0.8,0.9,1.0,43,1.269397111801117,,ipo_transitive_a0.8_l0.9_b1_dynoracle_frozenref_ipo_sequencesum_v2_relative_sequence_metrics.csv
ipo,0.8,0.9,1.0,44,1.2663286354343983,,ipo_transitive_a0.8_l0.9_b1_dynoracle_frozenref_ipo_sequencesum_v2_relative_sequence_metrics.csv
ipo,0.8,0.9,1.0,45,1.2647717583058993,,ipo_transitive_a0.8_l0.9_b1_dynoracle_frozenref_ipo_sequencesum_v2_relative_sequence_metrics.csv
ipo,0.8,0.9,1.0,46,1.2654622678647545,,ipo_transitive_a0.8_l0.9_b1_dynoracle_frozenref_ipo_sequencesum_v2_relative_sequence_metrics.csv
ipo,0.8,0.9,1.0,47,1.2573121432659964,,ipo_transitive_a0.8_l0.9_b1_dynoracle_frozenref_ipo_sequencesum_v2_relative_sequence_metrics.csv
ipo,0.8,0.9,1.0,48,1.2598548627321688,,ipo_transitive_a0.8_l0.9_b1_dynoracle_frozenref_ipo_sequencesum_v2_relative_sequence_metrics.csv
ipo,0.8,0.9,1.0,49,1.2542392427739182,,ipo_transitive_a0.8_l0.9_b1_dynoracle_frozenref_ipo_sequencesum_v2_relative_sequence_metrics.csv
ipo,0.8,0.9,1.0,50,1.249367767064417,,ipo_transitive_a0.8_l0.9_b1_dynoracle_frozenref_ipo_sequencesum_v2_relative_sequence_metrics.csv
ipo,0.8,0.9,1.0,51,1.2565747585124805,,ipo_transitive_a0.8_l0.9_b1_dynoracle_frozenref_ipo_sequencesum_v2_relative_sequence_metrics.csv
ipo,0.8,0.9,1.0,52,1.2598545086510406,,ipo_transitive_a0.8_l0.9_b1_dynoracle_frozenref_ipo_sequencesum_v2_relative_sequence_metrics.csv
ipo,0.8,0.9,1.0,53,1.2630143875310962,,ipo_transitive_a0.8_l0.9_b1_dynoracle_frozenref_ipo_sequencesum_v2_relative_sequence_metrics.csv
ipo,0.8,0.9,1.0,54,1.2580687908879726,,ipo_transitive_a0.8_l0.9_b1_dynoracle_frozenref_ipo_sequencesum_v2_relative_sequence_metrics.csv
ipo,0.8,0.9,1.0,55,1.2568601753221176,,ipo_transitive_a0.8_l0.9_b1_dynoracle_frozenref_ipo_sequencesum_v2_relative_sequence_metrics.csv
ipo,0.8,0.9,1.0,56,1.253699412726587,,ipo_transitive_a0.8_l0.9_b1_dynoracle_frozenref_ipo_sequencesum_v2_relative_sequence_metrics.csv
ipo,0.8,0.9,1.0,57,1.2617404839955133,,ipo_transitive_a0.8_l0.9_b1_dynoracle_frozenref_ipo_sequencesum_v2_relative_sequence_metrics.csv
ipo,0.8,0.9,1.0,58,1.2619917241665315,,ipo_transitive_a0.8_l0.9_b1_dynoracle_frozenref_ipo_sequencesum_v2_relative_sequence_metrics.csv
ipo,0.8,0.9,1.0,59,1.2553481087395006,,ipo_transitive_a0.8_l0.9_b1_dynoracle_frozenref_ipo_sequencesum_v2_relative_sequence_metrics.csv
ipo,0.8,0.9,1.0,60,1.24855647240632,0.552,ipo_transitive_a0.8_l0.9_b1_dynoracle_frozenref_ipo_sequencesum_v2_relative_sequence_metrics.csv
ipo,0.8,0.9,1.0,61,1.25384663327928,,ipo_transitive_a0.8_l0.9_b1_dynoracle_frozenref_ipo_sequencesum_v2_relative_sequence_metrics.csv
ipo,0.8,0.9,1.0,62,1.2587545349123648,,ipo_transitive_a0.8_l0.9_b1_dynoracle_frozenref_ipo_sequencesum_v2_relative_sequence_metrics.csv
ipo,0.8,0.9,1.0,63,1.2572271911669664,,ipo_transitive_a0.8_l0.9_b1_dynoracle_frozenref_ipo_sequencesum_v2_relative_sequence_metrics.csv
ipo,0.8,0.9,1.0,64,1.2570464550995466,,ipo_transitive_a0.8_l0.9_b1_dynoracle_frozenref_ipo_sequencesum_v2_relative_sequence_metrics.csv
ipo,0.8,0.9,1.0,65,1.2543709645431782,,ipo_transitive_a0.8_l0.9_b1_dynoracle_frozenref_ipo_sequencesum_v2_relative_sequence_metrics.csv
ipo,0.8,0.9,1.0,66,1.2533827348326545,,ipo_transitive_a0.8_l0.9_b1_dynoracle_frozenref_ipo_sequencesum_v2_relative_sequence_metrics.csv
ipo,0.8,0.9,1.0,67,1.2532036169683607,,ipo_transitive_a0.8_l0.9_b1_dynoracle_frozenref_ipo_sequencesum_v2_relative_sequence_metrics.csv
ipo,0.8,0.9,1.0,68,1.2524396563850455,,ipo_transitive_a0.8_l0.9_b1_dynoracle_frozenref_ipo_sequencesum_v2_relative_sequence_metrics.csv
ipo,0.8,0.9,1.0,69,1.2584412678378372,,ipo_transitive_a0.8_l0.9_b1_dynoracle_frozenref_ipo_sequencesum_v2_relative_sequence_metrics.csv
ipo,0.8,0.9,1.0,70,1.2548971974439314,,ipo_transitive_a0.8_l0.9_b1_dynoracle_frozenref_ipo_sequencesum_v2_relative_sequence_metrics.csv
ipo,0.8,0.9,1.0,71,1.2578003630858448,,ipo_transitive_a0.8_l0.9_b1_dynoracle_frozenref_ipo_sequencesum_v2_relative_sequence_metrics.csv
ipo,0.8,0.9,1.0,72,1.26113305986659,,ipo_transitive_a0.8_l0.9_b1_dynoracle_frozenref_ipo_sequencesum_v2_relative_sequence_metrics.csv
ipo,0.8,0.9,1.0,73,1.2531615309582278,,ipo_transitive_a0.8_l0.9_b1_dynoracle_frozenref_ipo_sequencesum_v2_relative_sequence_metrics.csv
ipo,0.8,0.9,1.0,74,1.2556845399725152,,ipo_transitive_a0.8_l0.9_b1_dynoracle_frozenref_ipo_sequencesum_v2_relative_sequence_metrics.csv
ipo,0.8,0.9,1.0,75,1.2558620025565672,,ipo_transitive_a0.8_l0.9_b1_dynoracle_frozenref_ipo_sequencesum_v2_relative_sequence_metrics.csv
ipo,0.8,0.9,1.0,76,1.2532919565861955,,ipo_transitive_a0.8_l0.9_b1_dynoracle_frozenref_ipo_sequencesum_v2_relative_sequence_metrics.csv
ipo,0.8,0.9,1.0,77,1.2483474572534563,,ipo_transitive_a0.8_l0.9_b1_dynoracle_frozenref_ipo_sequencesum_v2_relative_sequence_metrics.csv
ipo,0.8,0.9,1.0,78,1.2496235891594234,,ipo_transitive_a0.8_l0.9_b1_dynoracle_frozenref_ipo_sequencesum_v2_relative_sequence_metrics.csv
ipo,0.8,0.9,1.0,79,1.2509975423639643,,ipo_transitive_a0.8_l0.9_b1_dynoracle_frozenref_ipo_sequencesum_v2_relative_sequence_metrics.csv
ipo,0.8,0.9,1.0,80,1.2559911650107434,0.547,ipo_transitive_a0.8_l0.9_b1_dynoracle_frozenref_ipo_sequencesum_v2_relative_sequence_metrics.csv
ipo,0.9,0.9,1.0,0,1.5583860425604574,0.477875,ipo_transitive_a0.9_l0.9_b1_dynoracle_frozenref_ipo_sequencesum_v2_relative_sequence_metrics.csv
ipo,0.9,0.9,1.0,1,1.5410030454650097,,ipo_transitive_a0.9_l0.9_b1_dynoracle_frozenref_ipo_sequencesum_v2_relative_sequence_metrics.csv
ipo,0.9,0.9,1.0,2,1.5097095167183536,,ipo_transitive_a0.9_l0.9_b1_dynoracle_frozenref_ipo_sequencesum_v2_relative_sequence_metrics.csv
ipo,0.9,0.9,1.0,3,1.4731031337715936,,ipo_transitive_a0.9_l0.9_b1_dynoracle_frozenref_ipo_sequencesum_v2_relative_sequence_metrics.csv
ipo,0.9,0.9,1.0,4,1.4369372230010813,,ipo_transitive_a0.9_l0.9_b1_dynoracle_frozenref_ipo_sequencesum_v2_relative_sequence_metrics.csv
ipo,0.9,0.9,1.0,5,1.394251524853217,,ipo_transitive_a0.9_l0.9_b1_dynoracle_frozenref_ipo_sequencesum_v2_relative_sequence_metrics.csv
ipo,0.9,0.9,1.0,6,1.3494935358664146,,ipo_transitive_a0.9_l0.9_b1_dynoracle_frozenref_ipo_sequencesum_v2_relative_sequence_metrics.csv
ipo,0.9,0.9,1.0,7,1.31899269321746,,ipo_transitive_a0.9_l0.9_b1_dynoracle_frozenref_ipo_sequencesum_v2_relative_sequence_metrics.csv
ipo,0.9,0.9,1.0,8,1.288297137489881,,ipo_transitive_a0.9_l0.9_b1_dynoracle_frozenref_ipo_sequencesum_v2_relative_sequence_metrics.csv
ipo,0.9,0.9,1.0,9,1.2549285338059335,,ipo_transitive_a0.9_l0.9_b1_dynoracle_frozenref_ipo_sequencesum_v2_relative_sequence_metrics.csv
ipo,0.9,0.9,1.0,10,1.2266949055481713,,ipo_transitive_a0.9_l0.9_b1_dynoracle_frozenref_ipo_sequencesum_v2_relative_sequence_metrics.csv
ipo,0.9,0.9,1.0,11,1.2043123911526945,,ipo_transitive_a0.9_l0.9_b1_dynoracle_frozenref_ipo_sequencesum_v2_relative_sequence_metrics.csv
ipo,0.9,0.9,1.0,12,1.1754135694962031,,ipo_transitive_a0.9_l0.9_b1_dynoracle_frozenref_ipo_sequencesum_v2_relative_sequence_metrics.csv
ipo,0.9,0.9,1.0,13,1.153533418009132,,ipo_transitive_a0.9_l0.9_b1_dynoracle_frozenref_ipo_sequencesum_v2_relative_sequence_metrics.csv
ipo,0.9,0.9,1.0,14,1.137926127734994,,ipo_transitive_a0.9_l0.9_b1_dynoracle_frozenref_ipo_sequencesum_v2_relative_sequence_metrics.csv
ipo,0.9,0.9,1.0,15,1.1225454351783095,,ipo_transitive_a0.9_l0.9_b1_dynoracle_frozenref_ipo_sequencesum_v2_relative_sequence_metrics.csv
ipo,0.9,0.9,1.0,16,1.1081318203079846,,ipo_transitive_a0.9_l0.9_b1_dynoracle_frozenref_ipo_sequencesum_v2_relative_sequence_metrics.csv
ipo,0.9,0.9,1.0,17,1.0984661735009695,,ipo_transitive_a0.9_l0.9_b1_dynoracle_frozenref_ipo_sequencesum_v2_relative_sequence_metrics.csv
ipo,0.9,0.9,1.0,18,1.0757479756916897,,ipo_transitive_a0.9_l0.9_b1_dynoracle_frozenref_ipo_sequencesum_v2_relative_sequence_metrics.csv
ipo,0.9,0.9,1.0,19,1.0623077168699149,,ipo_transitive_a0.9_l0.9_b1_dynoracle_frozenref_ipo_sequencesum_v2_relative_sequence_metrics.csv
ipo,0.9,0.9,1.0,20,1.0504718046394097,0.6095,ipo_transitive_a0.9_l0.9_b1_dynoracle_frozenref_ipo_sequencesum_v2_relative_sequence_metrics.csv
ipo,0.9,0.9,1.0,21,1.0456899239347472,,ipo_transitive_a0.9_l0.9_b1_dynoracle_frozenref_ipo_sequencesum_v2_relative_sequence_metrics.csv
ipo,0.9,0.9,1.0,22,1.0410982896013306,,ipo_transitive_a0.9_l0.9_b1_dynoracle_frozenref_ipo_sequencesum_v2_relative_sequence_metrics.csv
ipo,0.9,0.9,1.0,23,1.0394187839871187,,ipo_transitive_a0.9_l0.9_b1_dynoracle_frozenref_ipo_sequencesum_v2_relative_sequence_metrics.csv
ipo,0.9,0.9,1.0,24,1.0279082079389827,,ipo_transitive_a0.9_l0.9_b1_dynoracle_frozenref_ipo_sequencesum_v2_relative_sequence_metrics.csv
ipo,0.9,0.9,1.0,25,1.0282229126993063,,ipo_transitive_a0.9_l0.9_b1_dynoracle_frozenref_ipo_sequencesum_v2_relative_sequence_metrics.csv
ipo,0.9,0.9,1.0,26,1.0256573861718692,,ipo_transitive_a0.9_l0.9_b1_dynoracle_frozenref_ipo_sequencesum_v2_relative_sequence_metrics.csv
ipo,0.9,0.9,1.0,27,1.0169063228979267,,ipo_transitive_a0.9_l0.9_b1_dynoracle_frozenref_ipo_sequencesum_v2_relative_sequence_metrics.csv
ipo,0.9,0.9,1.0,28,1.0174870707936694,,ipo_transitive_a0.9_l0.9_b1_dynoracle_frozenref_ipo_sequencesum_v2_relative_sequence_metrics.csv
ipo,0.9,0.9,1.0,29,1.0195623893887171,,ipo_transitive_a0.9_l0.9_b1_dynoracle_frozenref_ipo_sequencesum_v2_relative_sequence_metrics.csv
ipo,0.9,0.9,1.0,30,1.0068019706543725,,ipo_transitive_a0.9_l0.9_b1_dynoracle_frozenref_ipo_sequencesum_v2_relative_sequence_metrics.csv
ipo,0.9,0.9,1.0,31,1.0044093332988309,,ipo_transitive_a0.9_l0.9_b1_dynoracle_frozenref_ipo_sequencesum_v2_relative_sequence_metrics.csv
ipo,0.9,0.9,1.0,32,0.9994910227389978,,ipo_transitive_a0.9_l0.9_b1_dynoracle_frozenref_ipo_sequencesum_v2_relative_sequence_metrics.csv
ipo,0.9,0.9,1.0,33,0.994691442077529,,ipo_transitive_a0.9_l0.9_b1_dynoracle_frozenref_ipo_sequencesum_v2_relative_sequence_metrics.csv
ipo,0.9,0.9,1.0,34,0.99394060343018,,ipo_transitive_a0.9_l0.9_b1_dynoracle_frozenref_ipo_sequencesum_v2_relative_sequence_metrics.csv
ipo,0.9,0.9,1.0,35,0.9860265630020796,,ipo_transitive_a0.9_l0.9_b1_dynoracle_frozenref_ipo_sequencesum_v2_relative_sequence_metrics.csv
ipo,0.9,0.9,1.0,36,0.980322865446085,,ipo_transitive_a0.9_l0.9_b1_dynoracle_frozenref_ipo_sequencesum_v2_relative_sequence_metrics.csv
ipo,0.9,0.9,1.0,37,0.9789444334935558,,ipo_transitive_a0.9_l0.9_b1_dynoracle_frozenref_ipo_sequencesum_v2_relative_sequence_metrics.csv
ipo,0.9,0.9,1.0,38,0.982159794289112,,ipo_transitive_a0.9_l0.9_b1_dynoracle_frozenref_ipo_sequencesum_v2_relative_sequence_metrics.csv
ipo,0.9,0.9,1.0,39,0.9801271246375004,,ipo_transitive_a0.9_l0.9_b1_dynoracle_frozenref_ipo_sequencesum_v2_relative_sequence_metrics.csv
ipo,0.9,0.9,1.0,40,0.9826832078389478,0.610875,ipo_transitive_a0.9_l0.9_b1_dynoracle_frozenref_ipo_sequencesum_v2_relative_sequence_metrics.csv
ipo,0.9,0.9,1.0,41,0.9862828389802268,,ipo_transitive_a0.9_l0.9_b1_dynoracle_frozenref_ipo_sequencesum_v2_relative_sequence_metrics.csv
ipo,0.9,0.9,1.0,42,0.9868845198805448,,ipo_transitive_a0.9_l0.9_b1_dynoracle_frozenref_ipo_sequencesum_v2_relative_sequence_metrics.csv
ipo,0.9,0.9,1.0,43,0.9842085422827932,,ipo_transitive_a0.9_l0.9_b1_dynoracle_frozenref_ipo_sequencesum_v2_relative_sequence_metrics.csv
ipo,0.9,0.9,1.0,44,0.983088872268636,,ipo_transitive_a0.9_l0.9_b1_dynoracle_frozenref_ipo_sequencesum_v2_relative_sequence_metrics.csv
ipo,0.9,0.9,1.0,45,0.9849799772161586,,ipo_transitive_a0.9_l0.9_b1_dynoracle_frozenref_ipo_sequencesum_v2_relative_sequence_metrics.csv
ipo,0.9,0.9,1.0,46,0.9774718537808506,,ipo_transitive_a0.9_l0.9_b1_dynoracle_frozenref_ipo_sequencesum_v2_relative_sequence_metrics.csv
ipo,0.9,0.9,1.0,47,0.973464294519952,,ipo_transitive_a0.9_l0.9_b1_dynoracle_frozenref_ipo_sequencesum_v2_relative_sequence_metrics.csv
ipo,0.9,0.9,1.0,48,0.9745528020962604,,ipo_transitive_a0.9_l0.9_b1_dynoracle_frozenref_ipo_sequencesum_v2_relative_sequence_metrics.csv
ipo,0.9,0.9,1.0,49,0.9717930985027377,,ipo_transitive_a0.9_l0.9_b1_dynoracle_frozenref_ipo_sequencesum_v2_relative_sequence_metrics.csv
ipo,0.9,0.9,1.0,50,0.9695310541619908,,ipo_transitive_a0.9_l0.9_b1_dynoracle_frozenref_ipo_sequencesum_v2_relative_sequence_metrics.csv
ipo,0.9,0.9,1.0,51,0.966287864742092,,ipo_transitive_a0.9_l0.9_b1_dynoracle_frozenref_ipo_sequencesum_v2_relative_sequence_metrics.csv
ipo,0.9,0.9,1.0,52,0.963659348377756,,ipo_transitive_a0.9_l0.9_b1_dynoracle_frozenref_ipo_sequencesum_v2_relative_sequence_metrics.csv
ipo,0.9,0.9,1.0,53,0.9625660937263564,,ipo_transitive_a0.9_l0.9_b1_dynoracle_frozenref_ipo_sequencesum_v2_relative_sequence_metrics.csv
ipo,0.9,0.9,1.0,54,0.9607651988843005,,ipo_transitive_a0.9_l0.9_b1_dynoracle_frozenref_ipo_sequencesum_v2_relative_sequence_metrics.csv
ipo,0.9,0.9,1.0,55,0.9671919022637524,,ipo_transitive_a0.9_l0.9_b1_dynoracle_frozenref_ipo_sequencesum_v2_relative_sequence_metrics.csv
ipo,0.9,0.9,1.0,56,0.9630771156379144,,ipo_transitive_a0.9_l0.9_b1_dynoracle_frozenref_ipo_sequencesum_v2_relative_sequence_metrics.csv
ipo,0.9,0.9,1.0,57,0.968922408134234,,ipo_transitive_a0.9_l0.9_b1_dynoracle_frozenref_ipo_sequencesum_v2_relative_sequence_metrics.csv
ipo,0.9,0.9,1.0,58,0.9621819235227026,,ipo_transitive_a0.9_l0.9_b1_dynoracle_frozenref_ipo_sequencesum_v2_relative_sequence_metrics.csv
ipo,0.9,0.9,1.0,59,0.9637550473046924,,ipo_transitive_a0.9_l0.9_b1_dynoracle_frozenref_ipo_sequencesum_v2_relative_sequence_metrics.csv
ipo,0.9,0.9,1.0,60,0.9612211784841824,0.6105,ipo_transitive_a0.9_l0.9_b1_dynoracle_frozenref_ipo_sequencesum_v2_relative_sequence_metrics.csv
ipo,0.9,0.9,1.0,61,0.9691497647492986,,ipo_transitive_a0.9_l0.9_b1_dynoracle_frozenref_ipo_sequencesum_v2_relative_sequence_metrics.csv
ipo,0.9,0.9,1.0,62,0.9689771906256164,,ipo_transitive_a0.9_l0.9_b1_dynoracle_frozenref_ipo_sequencesum_v2_relative_sequence_metrics.csv
ipo,0.9,0.9,1.0,63,0.9695352533503436,,ipo_transitive_a0.9_l0.9_b1_dynoracle_frozenref_ipo_sequencesum_v2_relative_sequence_metrics.csv
ipo,0.9,0.9,1.0,64,0.9690825878920334,,ipo_transitive_a0.9_l0.9_b1_dynoracle_frozenref_ipo_sequencesum_v2_relative_sequence_metrics.csv
ipo,0.9,0.9,1.0,65,0.9698408047214988,,ipo_transitive_a0.9_l0.9_b1_dynoracle_frozenref_ipo_sequencesum_v2_relative_sequence_metrics.csv
ipo,0.9,0.9,1.0,66,0.9624657254831342,,ipo_transitive_a0.9_l0.9_b1_dynoracle_frozenref_ipo_sequencesum_v2_relative_sequence_metrics.csv
ipo,0.9,0.9,1.0,67,0.9651086039100496,,ipo_transitive_a0.9_l0.9_b1_dynoracle_frozenref_ipo_sequencesum_v2_relative_sequence_metrics.csv
ipo,0.9,0.9,1.0,68,0.9658639034372232,,ipo_transitive_a0.9_l0.9_b1_dynoracle_frozenref_ipo_sequencesum_v2_relative_sequence_metrics.csv
ipo,0.9,0.9,1.0,69,0.9645469825174028,,ipo_transitive_a0.9_l0.9_b1_dynoracle_frozenref_ipo_sequencesum_v2_relative_sequence_metrics.csv
ipo,0.9,0.9,1.0,70,0.9585649461852744,,ipo_transitive_a0.9_l0.9_b1_dynoracle_frozenref_ipo_sequencesum_v2_relative_sequence_metrics.csv
ipo,0.9,0.9,1.0,71,0.9599204091796067,,ipo_transitive_a0.9_l0.9_b1_dynoracle_frozenref_ipo_sequencesum_v2_relative_sequence_metrics.csv
ipo,0.9,0.9,1.0,72,0.961948140758486,,ipo_transitive_a0.9_l0.9_b1_dynoracle_frozenref_ipo_sequencesum_v2_relative_sequence_metrics.csv
ipo,0.9,0.9,1.0,73,0.955223858403938,,ipo_transitive_a0.9_l0.9_b1_dynoracle_frozenref_ipo_sequencesum_v2_relative_sequence_metrics.csv
ipo,0.9,0.9,1.0,74,0.9541365755208326,,ipo_transitive_a0.9_l0.9_b1_dynoracle_frozenref_ipo_sequencesum_v2_relative_sequence_metrics.csv
ipo,0.9,0.9,1.0,75,0.9465799546920676,,ipo_transitive_a0.9_l0.9_b1_dynoracle_frozenref_ipo_sequencesum_v2_relative_sequence_metrics.csv
ipo,0.9,0.9,1.0,76,0.9388664423705098,,ipo_transitive_a0.9_l0.9_b1_dynoracle_frozenref_ipo_sequencesum_v2_relative_sequence_metrics.csv
ipo,0.9,0.9,1.0,77,0.933972805471518,,ipo_transitive_a0.9_l0.9_b1_dynoracle_frozenref_ipo_sequencesum_v2_relative_sequence_metrics.csv
ipo,0.9,0.9,1.0,78,0.9375626546269004,,ipo_transitive_a0.9_l0.9_b1_dynoracle_frozenref_ipo_sequencesum_v2_relative_sequence_metrics.csv
ipo,0.9,0.9,1.0,79,0.9366106017121162,,ipo_transitive_a0.9_l0.9_b1_dynoracle_frozenref_ipo_sequencesum_v2_relative_sequence_metrics.csv
ipo,0.9,0.9,1.0,80,0.938655710204759,0.6195,ipo_transitive_a0.9_l0.9_b1_dynoracle_frozenref_ipo_sequencesum_v2_relative_sequence_metrics.csv
ipo,0.95,0.9,1.0,0,1.565141004270547,0.486375,ipo_transitive_a0.95_l0.9_b1_dynoracle_frozenref_ipo_sequencesum_v2_relative_sequence_metrics.csv
ipo,0.95,0.9,1.0,1,1.5438829394514422,,ipo_transitive_a0.95_l0.9_b1_dynoracle_frozenref_ipo_sequencesum_v2_relative_sequence_metrics.csv
ipo,0.95,0.9,1.0,2,1.5110957473543576,,ipo_transitive_a0.95_l0.9_b1_dynoracle_frozenref_ipo_sequencesum_v2_relative_sequence_metrics.csv
ipo,0.95,0.9,1.0,3,1.465495679143723,,ipo_transitive_a0.95_l0.9_b1_dynoracle_frozenref_ipo_sequencesum_v2_relative_sequence_metrics.csv
ipo,0.95,0.9,1.0,4,1.4117521874896442,,ipo_transitive_a0.95_l0.9_b1_dynoracle_frozenref_ipo_sequencesum_v2_relative_sequence_metrics.csv
ipo,0.95,0.9,1.0,5,1.3561580038850412,,ipo_transitive_a0.95_l0.9_b1_dynoracle_frozenref_ipo_sequencesum_v2_relative_sequence_metrics.csv
ipo,0.95,0.9,1.0,6,1.2985740220861184,,ipo_transitive_a0.95_l0.9_b1_dynoracle_frozenref_ipo_sequencesum_v2_relative_sequence_metrics.csv
ipo,0.95,0.9,1.0,7,1.2435948633325071,,ipo_transitive_a0.95_l0.9_b1_dynoracle_frozenref_ipo_sequencesum_v2_relative_sequence_metrics.csv
ipo,0.95,0.9,1.0,8,1.1909667648969615,,ipo_transitive_a0.95_l0.9_b1_dynoracle_frozenref_ipo_sequencesum_v2_relative_sequence_metrics.csv
ipo,0.95,0.9,1.0,9,1.1458750621073976,,ipo_transitive_a0.95_l0.9_b1_dynoracle_frozenref_ipo_sequencesum_v2_relative_sequence_metrics.csv
ipo,0.95,0.9,1.0,10,1.112701708003725,,ipo_transitive_a0.95_l0.9_b1_dynoracle_frozenref_ipo_sequencesum_v2_relative_sequence_metrics.csv
ipo,0.95,0.9,1.0,11,1.0685223911695287,,ipo_transitive_a0.95_l0.9_b1_dynoracle_frozenref_ipo_sequencesum_v2_relative_sequence_metrics.csv
ipo,0.95,0.9,1.0,12,1.026831147017258,,ipo_transitive_a0.95_l0.9_b1_dynoracle_frozenref_ipo_sequencesum_v2_relative_sequence_metrics.csv
ipo,0.95,0.9,1.0,13,0.9993034749420904,,ipo_transitive_a0.95_l0.9_b1_dynoracle_frozenref_ipo_sequencesum_v2_relative_sequence_metrics.csv
ipo,0.95,0.9,1.0,14,0.9693811092814808,,ipo_transitive_a0.95_l0.9_b1_dynoracle_frozenref_ipo_sequencesum_v2_relative_sequence_metrics.csv
ipo,0.95,0.9,1.0,15,0.9439348059730152,,ipo_transitive_a0.95_l0.9_b1_dynoracle_frozenref_ipo_sequencesum_v2_relative_sequence_metrics.csv
ipo,0.95,0.9,1.0,16,0.9186082482582616,,ipo_transitive_a0.95_l0.9_b1_dynoracle_frozenref_ipo_sequencesum_v2_relative_sequence_metrics.csv
ipo,0.95,0.9,1.0,17,0.904722636262696,,ipo_transitive_a0.95_l0.9_b1_dynoracle_frozenref_ipo_sequencesum_v2_relative_sequence_metrics.csv
ipo,0.95,0.9,1.0,18,0.8857339467972578,,ipo_transitive_a0.95_l0.9_b1_dynoracle_frozenref_ipo_sequencesum_v2_relative_sequence_metrics.csv
ipo,0.95,0.9,1.0,19,0.8721872301187434,,ipo_transitive_a0.95_l0.9_b1_dynoracle_frozenref_ipo_sequencesum_v2_relative_sequence_metrics.csv
ipo,0.95,0.9,1.0,20,0.8522032808274898,0.649,ipo_transitive_a0.95_l0.9_b1_dynoracle_frozenref_ipo_sequencesum_v2_relative_sequence_metrics.csv
ipo,0.95,0.9,1.0,21,0.8357870201262504,,ipo_transitive_a0.95_l0.9_b1_dynoracle_frozenref_ipo_sequencesum_v2_relative_sequence_metrics.csv
ipo,0.95,0.9,1.0,22,0.8248544105259569,,ipo_transitive_a0.95_l0.9_b1_dynoracle_frozenref_ipo_sequencesum_v2_relative_sequence_metrics.csv
ipo,0.95,0.9,1.0,23,0.8112915363178265,,ipo_transitive_a0.95_l0.9_b1_dynoracle_frozenref_ipo_sequencesum_v2_relative_sequence_metrics.csv
ipo,0.95,0.9,1.0,24,0.802704660295869,,ipo_transitive_a0.95_l0.9_b1_dynoracle_frozenref_ipo_sequencesum_v2_relative_sequence_metrics.csv
ipo,0.95,0.9,1.0,25,0.7959391483018352,,ipo_transitive_a0.95_l0.9_b1_dynoracle_frozenref_ipo_sequencesum_v2_relative_sequence_metrics.csv
ipo,0.95,0.9,1.0,26,0.7871108800785156,,ipo_transitive_a0.95_l0.9_b1_dynoracle_frozenref_ipo_sequencesum_v2_relative_sequence_metrics.csv
ipo,0.95,0.9,1.0,27,0.775914988932224,,ipo_transitive_a0.95_l0.9_b1_dynoracle_frozenref_ipo_sequencesum_v2_relative_sequence_metrics.csv
ipo,0.95,0.9,1.0,28,0.7663537198974236,,ipo_transitive_a0.95_l0.9_b1_dynoracle_frozenref_ipo_sequencesum_v2_relative_sequence_metrics.csv
ipo,0.95,0.9,1.0,29,0.7675320195627071,,ipo_transitive_a0.95_l0.9_b1_dynoracle_frozenref_ipo_sequencesum_v2_relative_sequence_metrics.csv
ipo,0.95,0.9,1.0,30,0.7600427226263702,,ipo_transitive_a0.95_l0.9_b1_dynoracle_frozenref_ipo_sequencesum_v2_relative_sequence_metrics.csv
ipo,0.95,0.9,1.0,31,0.754458210494646,,ipo_transitive_a0.95_l0.9_b1_dynoracle_frozenref_ipo_sequencesum_v2_relative_sequence_metrics.csv
ipo,0.95,0.9,1.0,32,0.7454042340686717,,ipo_transitive_a0.95_l0.9_b1_dynoracle_frozenref_ipo_sequencesum_v2_relative_sequence_metrics.csv
ipo,0.95,0.9,1.0,33,0.7407685367532458,,ipo_transitive_a0.95_l0.9_b1_dynoracle_frozenref_ipo_sequencesum_v2_relative_sequence_metrics.csv
ipo,0.95,0.9,1.0,34,0.7356879522054648,,ipo_transitive_a0.95_l0.9_b1_dynoracle_frozenref_ipo_sequencesum_v2_relative_sequence_metrics.csv
ipo,0.95,0.9,1.0,35,0.7246254913388839,,ipo_transitive_a0.95_l0.9_b1_dynoracle_frozenref_ipo_sequencesum_v2_relative_sequence_metrics.csv
ipo,0.95,0.9,1.0,36,0.7119001884871587,,ipo_transitive_a0.95_l0.9_b1_dynoracle_frozenref_ipo_sequencesum_v2_relative_sequence_metrics.csv
ipo,0.95,0.9,1.0,37,0.7104877749979426,,ipo_transitive_a0.95_l0.9_b1_dynoracle_frozenref_ipo_sequencesum_v2_relative_sequence_metrics.csv
ipo,0.95,0.9,1.0,38,0.7028910091088595,,ipo_transitive_a0.95_l0.9_b1_dynoracle_frozenref_ipo_sequencesum_v2_relative_sequence_metrics.csv
ipo,0.95,0.9,1.0,39,0.6971808380500157,,ipo_transitive_a0.95_l0.9_b1_dynoracle_frozenref_ipo_sequencesum_v2_relative_sequence_metrics.csv
ipo,0.95,0.9,1.0,40,0.6924004604369353,0.690375,ipo_transitive_a0.95_l0.9_b1_dynoracle_frozenref_ipo_sequencesum_v2_relative_sequence_metrics.csv
ipo,0.95,0.9,1.0,41,0.6912827107011633,,ipo_transitive_a0.95_l0.9_b1_dynoracle_frozenref_ipo_sequencesum_v2_relative_sequence_metrics.csv
ipo,0.95,0.9,1.0,42,0.6886439185923855,,ipo_transitive_a0.95_l0.9_b1_dynoracle_frozenref_ipo_sequencesum_v2_relative_sequence_metrics.csv
ipo,0.95,0.9,1.0,43,0.6821411663850963,,ipo_transitive_a0.95_l0.9_b1_dynoracle_frozenref_ipo_sequencesum_v2_relative_sequence_metrics.csv
ipo,0.95,0.9,1.0,44,0.6765559433024891,,ipo_transitive_a0.95_l0.9_b1_dynoracle_frozenref_ipo_sequencesum_v2_relative_sequence_metrics.csv
ipo,0.95,0.9,1.0,45,0.6725252940426524,,ipo_transitive_a0.95_l0.9_b1_dynoracle_frozenref_ipo_sequencesum_v2_relative_sequence_metrics.csv
ipo,0.95,0.9,1.0,46,0.6716583040239613,,ipo_transitive_a0.95_l0.9_b1_dynoracle_frozenref_ipo_sequencesum_v2_relative_sequence_metrics.csv
ipo,0.95,0.9,1.0,47,0.674956082412022,,ipo_transitive_a0.95_l0.9_b1_dynoracle_frozenref_ipo_sequencesum_v2_relative_sequence_metrics.csv
ipo,0.95,0.9,1.0,48,0.6669540110878919,,ipo_transitive_a0.95_l0.9_b1_dynoracle_frozenref_ipo_sequencesum_v2_relative_sequence_metrics.csv
ipo,0.95,0.9,1.0,49,0.6675392199585274,,ipo_transitive_a0.95_l0.9_b1_dynoracle_frozenref_ipo_sequencesum_v2_relative_sequence_metrics.csv
ipo,0.95,0.9,1.0,50,0.6651521645904648,,ipo_transitive_a0.95_l0.9_b1_dynoracle_frozenref_ipo_sequencesum_v2_relative_sequence_metrics.csv
ipo,0.95,0.9,1.0,51,0.6607938193039348,,ipo_transitive_a0.95_l0.9_b1_dynoracle_frozenref_ipo_sequencesum_v2_relative_sequence_metrics.csv
ipo,0.95,0.9,1.0,52,0.6613500414719752,,ipo_transitive_a0.95_l0.9_b1_dynoracle_frozenref_ipo_sequencesum_v2_relative_sequence_metrics.csv
ipo,0.95,0.9,1.0,53,0.6532354775160852,,ipo_transitive_a0.95_l0.9_b1_dynoracle_frozenref_ipo_sequencesum_v2_relative_sequence_metrics.csv
ipo,0.95,0.9,1.0,54,0.6499260810925945,,ipo_transitive_a0.95_l0.9_b1_dynoracle_frozenref_ipo_sequencesum_v2_relative_sequence_metrics.csv
ipo,0.95,0.9,1.0,55,0.645445199245864,,ipo_transitive_a0.95_l0.9_b1_dynoracle_frozenref_ipo_sequencesum_v2_relative_sequence_metrics.csv
ipo,0.95,0.9,1.0,56,0.6453346254053143,,ipo_transitive_a0.95_l0.9_b1_dynoracle_frozenref_ipo_sequencesum_v2_relative_sequence_metrics.csv
ipo,0.95,0.9,1.0,57,0.6431628959544555,,ipo_transitive_a0.95_l0.9_b1_dynoracle_frozenref_ipo_sequencesum_v2_relative_sequence_metrics.csv
ipo,0.95,0.9,1.0,58,0.6438054961366316,,ipo_transitive_a0.95_l0.9_b1_dynoracle_frozenref_ipo_sequencesum_v2_relative_sequence_metrics.csv
ipo,0.95,0.9,1.0,59,0.6426994201593362,,ipo_transitive_a0.95_l0.9_b1_dynoracle_frozenref_ipo_sequencesum_v2_relative_sequence_metrics.csv
ipo,0.95,0.9,1.0,60,0.6428669354883878,0.7085,ipo_transitive_a0.95_l0.9_b1_dynoracle_frozenref_ipo_sequencesum_v2_relative_sequence_metrics.csv
ipo,0.95,0.9,1.0,61,0.6371035791117861,,ipo_transitive_a0.95_l0.9_b1_dynoracle_frozenref_ipo_sequencesum_v2_relative_sequence_metrics.csv
ipo,0.95,0.9,1.0,62,0.6368968921416365,,ipo_transitive_a0.95_l0.9_b1_dynoracle_frozenref_ipo_sequencesum_v2_relative_sequence_metrics.csv
ipo,0.95,0.9,1.0,63,0.6336075561025152,,ipo_transitive_a0.95_l0.9_b1_dynoracle_frozenref_ipo_sequencesum_v2_relative_sequence_metrics.csv
ipo,0.95,0.9,1.0,64,0.6282760491147462,,ipo_transitive_a0.95_l0.9_b1_dynoracle_frozenref_ipo_sequencesum_v2_relative_sequence_metrics.csv
ipo,0.95,0.9,1.0,65,0.6297786778103204,,ipo_transitive_a0.95_l0.9_b1_dynoracle_frozenref_ipo_sequencesum_v2_relative_sequence_metrics.csv
ipo,0.95,0.9,1.0,66,0.624865915271732,,ipo_transitive_a0.95_l0.9_b1_dynoracle_frozenref_ipo_sequencesum_v2_relative_sequence_metrics.csv
ipo,0.95,0.9,1.0,67,0.6226393362158037,,ipo_transitive_a0.95_l0.9_b1_dynoracle_frozenref_ipo_sequencesum_v2_relative_sequence_metrics.csv
ipo,0.95,0.9,1.0,68,0.6196009926635523,,ipo_transitive_a0.95_l0.9_b1_dynoracle_frozenref_ipo_sequencesum_v2_relative_sequence_metrics.csv
ipo,0.95,0.9,1.0,69,0.6180071270503062,,ipo_transitive_a0.95_l0.9_b1_dynoracle_frozenref_ipo_sequencesum_v2_relative_sequence_metrics.csv
ipo,0.95,0.9,1.0,70,0.6151706226727705,,ipo_transitive_a0.95_l0.9_b1_dynoracle_frozenref_ipo_sequencesum_v2_relative_sequence_metrics.csv
ipo,0.95,0.9,1.0,71,0.6164504727641709,,ipo_transitive_a0.95_l0.9_b1_dynoracle_frozenref_ipo_sequencesum_v2_relative_sequence_metrics.csv
ipo,0.95,0.9,1.0,72,0.6139354245757943,,ipo_transitive_a0.95_l0.9_b1_dynoracle_frozenref_ipo_sequencesum_v2_relative_sequence_metrics.csv
ipo,0.95,0.9,1.0,73,0.6110041443558528,,ipo_transitive_a0.95_l0.9_b1_dynoracle_frozenref_ipo_sequencesum_v2_relative_sequence_metrics.csv
ipo,0.95,0.9,1.0,74,0.6117459586571501,,ipo_transitive_a0.95_l0.9_b1_dynoracle_frozenref_ipo_sequencesum_v2_relative_sequence_metrics.csv
ipo,0.95,0.9,1.0,75,0.612408974101194,,ipo_transitive_a0.95_l0.9_b1_dynoracle_frozenref_ipo_sequencesum_v2_relative_sequence_metrics.csv
ipo,0.95,0.9,1.0,76,0.6102288307206347,,ipo_transitive_a0.95_l0.9_b1_dynoracle_frozenref_ipo_sequencesum_v2_relative_sequence_metrics.csv
ipo,0.95,0.9,1.0,77,0.6106816548702777,,ipo_transitive_a0.95_l0.9_b1_dynoracle_frozenref_ipo_sequencesum_v2_relative_sequence_metrics.csv
ipo,0.95,0.9,1.0,78,0.6096006023337557,,ipo_transitive_a0.95_l0.9_b1_dynoracle_frozenref_ipo_sequencesum_v2_relative_sequence_metrics.csv
ipo,0.95,0.9,1.0,79,0.6097860937226028,,ipo_transitive_a0.95_l0.9_b1_dynoracle_frozenref_ipo_sequencesum_v2_relative_sequence_metrics.csv
ipo,0.95,0.9,1.0,80,0.6099858715672726,0.716,ipo_transitive_a0.95_l0.9_b1_dynoracle_frozenref_ipo_sequencesum_v2_relative_sequence_metrics.csv
ipo,0.99,0.9,1.0,0,1.5444795221176435,0.487,ipo_transitive_a0.99_l0.9_b1_dynoracle_frozenref_ipo_sequencesum_v2_relative_sequence_metrics.csv
ipo,0.99,0.9,1.0,1,1.52716793695592,,ipo_transitive_a0.99_l0.9_b1_dynoracle_frozenref_ipo_sequencesum_v2_relative_sequence_metrics.csv
ipo,0.99,0.9,1.0,2,1.4926933420326238,,ipo_transitive_a0.99_l0.9_b1_dynoracle_frozenref_ipo_sequencesum_v2_relative_sequence_metrics.csv
ipo,0.99,0.9,1.0,3,1.4413282374218717,,ipo_transitive_a0.99_l0.9_b1_dynoracle_frozenref_ipo_sequencesum_v2_relative_sequence_metrics.csv
ipo,0.99,0.9,1.0,4,1.3880667255049417,,ipo_transitive_a0.99_l0.9_b1_dynoracle_frozenref_ipo_sequencesum_v2_relative_sequence_metrics.csv
ipo,0.99,0.9,1.0,5,1.318895244960876,,ipo_transitive_a0.99_l0.9_b1_dynoracle_frozenref_ipo_sequencesum_v2_relative_sequence_metrics.csv
ipo,0.99,0.9,1.0,6,1.2469447430505565,,ipo_transitive_a0.99_l0.9_b1_dynoracle_frozenref_ipo_sequencesum_v2_relative_sequence_metrics.csv
ipo,0.99,0.9,1.0,7,1.186068606617773,,ipo_transitive_a0.99_l0.9_b1_dynoracle_frozenref_ipo_sequencesum_v2_relative_sequence_metrics.csv
ipo,0.99,0.9,1.0,8,1.1231877160867536,,ipo_transitive_a0.99_l0.9_b1_dynoracle_frozenref_ipo_sequencesum_v2_relative_sequence_metrics.csv
ipo,0.99,0.9,1.0,9,1.073351344374366,,ipo_transitive_a0.99_l0.9_b1_dynoracle_frozenref_ipo_sequencesum_v2_relative_sequence_metrics.csv
ipo,0.99,0.9,1.0,10,1.0267841359372394,,ipo_transitive_a0.99_l0.9_b1_dynoracle_frozenref_ipo_sequencesum_v2_relative_sequence_metrics.csv
ipo,0.99,0.9,1.0,11,0.983108336999128,,ipo_transitive_a0.99_l0.9_b1_dynoracle_frozenref_ipo_sequencesum_v2_relative_sequence_metrics.csv
ipo,0.99,0.9,1.0,12,0.9466779710846192,,ipo_transitive_a0.99_l0.9_b1_dynoracle_frozenref_ipo_sequencesum_v2_relative_sequence_metrics.csv
ipo,0.99,0.9,1.0,13,0.9117168532778528,,ipo_transitive_a0.99_l0.9_b1_dynoracle_frozenref_ipo_sequencesum_v2_relative_sequence_metrics.csv
ipo,0.99,0.9,1.0,14,0.8715425846098976,,ipo_transitive_a0.99_l0.9_b1_dynoracle_frozenref_ipo_sequencesum_v2_relative_sequence_metrics.csv
ipo,0.99,0.9,1.0,15,0.8399438785056283,,ipo_transitive_a0.99_l0.9_b1_dynoracle_frozenref_ipo_sequencesum_v2_relative_sequence_metrics.csv
ipo,0.99,0.9,1.0,16,0.8134361404316288,,ipo_transitive_a0.99_l0.9_b1_dynoracle_frozenref_ipo_sequencesum_v2_relative_sequence_metrics.csv
ipo,0.99,0.9,1.0,17,0.782739958623105,,ipo_transitive_a0.99_l0.9_b1_dynoracle_frozenref_ipo_sequencesum_v2_relative_sequence_metrics.csv
ipo,0.99,0.9,1.0,18,0.763575897010418,,ipo_transitive_a0.99_l0.9_b1_dynoracle_frozenref_ipo_sequencesum_v2_relative_sequence_metrics.csv
ipo,0.99,0.9,1.0,19,0.7396584886538572,,ipo_transitive_a0.99_l0.9_b1_dynoracle_frozenref_ipo_sequencesum_v2_relative_sequence_metrics.csv
ipo,0.99,0.9,1.0,20,0.7153573110911975,0.68325,ipo_transitive_a0.99_l0.9_b1_dynoracle_frozenref_ipo_sequencesum_v2_relative_sequence_metrics.csv
ipo,0.99,0.9,1.0,21,0.6953085260336416,,ipo_transitive_a0.99_l0.9_b1_dynoracle_frozenref_ipo_sequencesum_v2_relative_sequence_metrics.csv
ipo,0.99,0.9,1.0,22,0.6748975051909339,,ipo_transitive_a0.99_l0.9_b1_dynoracle_frozenref_ipo_sequencesum_v2_relative_sequence_metrics.csv
ipo,0.99,0.9,1.0,23,0.6591276441585555,,ipo_transitive_a0.99_l0.9_b1_dynoracle_frozenref_ipo_sequencesum_v2_relative_sequence_metrics.csv
ipo,0.99,0.9,1.0,24,0.6411829294845366,,ipo_transitive_a0.99_l0.9_b1_dynoracle_frozenref_ipo_sequencesum_v2_relative_sequence_metrics.csv
ipo,0.99,0.9,1.0,25,0.6282065124142432,,ipo_transitive_a0.99_l0.9_b1_dynoracle_frozenref_ipo_sequencesum_v2_relative_sequence_metrics.csv
ipo,0.99,0.9,1.0,26,0.6108136740177028,,ipo_transitive_a0.99_l0.9_b1_dynoracle_frozenref_ipo_sequencesum_v2_relative_sequence_metrics.csv
ipo,0.99,0.9,1.0,27,0.5954282696654263,,ipo_transitive_a0.99_l0.9_b1_dynoracle_frozenref_ipo_sequencesum_v2_relative_sequence_metrics.csv
ipo,0.99,0.9,1.0,28,0.5808808901121383,,ipo_transitive_a0.99_l0.9_b1_dynoracle_frozenref_ipo_sequencesum_v2_relative_sequence_metrics.csv
ipo,0.99,0.9,1.0,29,0.5697194855386681,,ipo_transitive_a0.99_l0.9_b1_dynoracle_frozenref_ipo_sequencesum_v2_relative_sequence_metrics.csv
ipo,0.99,0.9,1.0,30,0.5566160205908213,,ipo_transitive_a0.99_l0.9_b1_dynoracle_frozenref_ipo_sequencesum_v2_relative_sequence_metrics.csv
ipo,0.99,0.9,1.0,31,0.5472564622113414,,ipo_transitive_a0.99_l0.9_b1_dynoracle_frozenref_ipo_sequencesum_v2_relative_sequence_metrics.csv
ipo,0.99,0.9,1.0,32,0.5289317055406432,,ipo_transitive_a0.99_l0.9_b1_dynoracle_frozenref_ipo_sequencesum_v2_relative_sequence_metrics.csv
ipo,0.99,0.9,1.0,33,0.5212485460098389,,ipo_transitive_a0.99_l0.9_b1_dynoracle_frozenref_ipo_sequencesum_v2_relative_sequence_metrics.csv
ipo,0.99,0.9,1.0,34,0.5129525012111061,,ipo_transitive_a0.99_l0.9_b1_dynoracle_frozenref_ipo_sequencesum_v2_relative_sequence_metrics.csv
ipo,0.99,0.9,1.0,35,0.5055191494561037,,ipo_transitive_a0.99_l0.9_b1_dynoracle_frozenref_ipo_sequencesum_v2_relative_sequence_metrics.csv
ipo,0.99,0.9,1.0,36,0.4951470062960777,,ipo_transitive_a0.99_l0.9_b1_dynoracle_frozenref_ipo_sequencesum_v2_relative_sequence_metrics.csv
ipo,0.99,0.9,1.0,37,0.4839983321310042,,ipo_transitive_a0.99_l0.9_b1_dynoracle_frozenref_ipo_sequencesum_v2_relative_sequence_metrics.csv
ipo,0.99,0.9,1.0,38,0.4755521194713373,,ipo_transitive_a0.99_l0.9_b1_dynoracle_frozenref_ipo_sequencesum_v2_relative_sequence_metrics.csv
ipo,0.99,0.9,1.0,39,0.4647673215898009,,ipo_transitive_a0.99_l0.9_b1_dynoracle_frozenref_ipo_sequencesum_v2_relative_sequence_metrics.csv
ipo,0.99,0.9,1.0,40,0.4563419304422276,0.778125,ipo_transitive_a0.99_l0.9_b1_dynoracle_frozenref_ipo_sequencesum_v2_relative_sequence_metrics.csv
ipo,0.99,0.9,1.0,41,0.4490364644936827,,ipo_transitive_a0.99_l0.9_b1_dynoracle_frozenref_ipo_sequencesum_v2_relative_sequence_metrics.csv
ipo,0.99,0.9,1.0,42,0.441688987800115,,ipo_transitive_a0.99_l0.9_b1_dynoracle_frozenref_ipo_sequencesum_v2_relative_sequence_metrics.csv
ipo,0.99,0.9,1.0,43,0.4280607602867848,,ipo_transitive_a0.99_l0.9_b1_dynoracle_frozenref_ipo_sequencesum_v2_relative_sequence_metrics.csv
ipo,0.99,0.9,1.0,44,0.4236997054405748,,ipo_transitive_a0.99_l0.9_b1_dynoracle_frozenref_ipo_sequencesum_v2_relative_sequence_metrics.csv
ipo,0.99,0.9,1.0,45,0.4183564880275795,,ipo_transitive_a0.99_l0.9_b1_dynoracle_frozenref_ipo_sequencesum_v2_relative_sequence_metrics.csv
ipo,0.99,0.9,1.0,46,0.4112578550828643,,ipo_transitive_a0.99_l0.9_b1_dynoracle_frozenref_ipo_sequencesum_v2_relative_sequence_metrics.csv
ipo,0.99,0.9,1.0,47,0.4016050993546451,,ipo_transitive_a0.99_l0.9_b1_dynoracle_frozenref_ipo_sequencesum_v2_relative_sequence_metrics.csv
ipo,0.99,0.9,1.0,48,0.3937817034348191,,ipo_transitive_a0.99_l0.9_b1_dynoracle_frozenref_ipo_sequencesum_v2_relative_sequence_metrics.csv
ipo,0.99,0.9,1.0,49,0.3903900869312205,,ipo_transitive_a0.99_l0.9_b1_dynoracle_frozenref_ipo_sequencesum_v2_relative_sequence_metrics.csv
ipo,0.99,0.9,1.0,50,0.3836812763762566,,ipo_transitive_a0.99_l0.9_b1_dynoracle_frozenref_ipo_sequencesum_v2_relative_sequence_metrics.csv
ipo,0.99,0.9,1.0,51,0.3780970729617209,,ipo_transitive_a0.99_l0.9_b1_dynoracle_frozenref_ipo_sequencesum_v2_relative_sequence_metrics.csv
ipo,0.99,0.9,1.0,52,0.3753786838756712,,ipo_transitive_a0.99_l0.9_b1_dynoracle_frozenref_ipo_sequencesum_v2_relative_sequence_metrics.csv
ipo,0.99,0.9,1.0,53,0.374981970451799,,ipo_transitive_a0.99_l0.9_b1_dynoracle_frozenref_ipo_sequencesum_v2_relative_sequence_metrics.csv
ipo,0.99,0.9,1.0,54,0.3724156234065481,,ipo_transitive_a0.99_l0.9_b1_dynoracle_frozenref_ipo_sequencesum_v2_relative_sequence_metrics.csv
ipo,0.99,0.9,1.0,55,0.3674419870866472,,ipo_transitive_a0.99_l0.9_b1_dynoracle_frozenref_ipo_sequencesum_v2_relative_sequence_metrics.csv
ipo,0.99,0.9,1.0,56,0.3651725846546072,,ipo_transitive_a0.99_l0.9_b1_dynoracle_frozenref_ipo_sequencesum_v2_relative_sequence_metrics.csv
ipo,0.99,0.9,1.0,57,0.362239436474678,,ipo_transitive_a0.99_l0.9_b1_dynoracle_frozenref_ipo_sequencesum_v2_relative_sequence_metrics.csv
ipo,0.99,0.9,1.0,58,0.3602188874904944,,ipo_transitive_a0.99_l0.9_b1_dynoracle_frozenref_ipo_sequencesum_v2_relative_sequence_metrics.csv
ipo,0.99,0.9,1.0,59,0.3571566314277562,,ipo_transitive_a0.99_l0.9_b1_dynoracle_frozenref_ipo_sequencesum_v2_relative_sequence_metrics.csv
ipo,0.99,0.9,1.0,60,0.3555719333127246,0.8145,ipo_transitive_a0.99_l0.9_b1_dynoracle_frozenref_ipo_sequencesum_v2_relative_sequence_metrics.csv
ipo,0.99,0.9,1.0,61,0.3556960102737597,,ipo_transitive_a0.99_l0.9_b1_dynoracle_frozenref_ipo_sequencesum_v2_relative_sequence_metrics.csv
ipo,0.99,0.9,1.0,62,0.3535203398775168,,ipo_transitive_a0.99_l0.9_b1_dynoracle_frozenref_ipo_sequencesum_v2_relative_sequence_metrics.csv
ipo,0.99,0.9,1.0,63,0.3481059220915152,,ipo_transitive_a0.99_l0.9_b1_dynoracle_frozenref_ipo_sequencesum_v2_relative_sequence_metrics.csv
ipo,0.99,0.9,1.0,64,0.3443393802219555,,ipo_transitive_a0.99_l0.9_b1_dynoracle_frozenref_ipo_sequencesum_v2_relative_sequence_metrics.csv
ipo,0.99,0.9,1.0,65,0.3436835266453717,,ipo_transitive_a0.99_l0.9_b1_dynoracle_frozenref_ipo_sequencesum_v2_relative_sequence_metrics.csv
ipo,0.99,0.9,1.0,66,0.3381325522504333,,ipo_transitive_a0.99_l0.9_b1_dynoracle_frozenref_ipo_sequencesum_v2_relative_sequence_metrics.csv
ipo,0.99,0.9,1.0,67,0.3309516093562344,,ipo_transitive_a0.99_l0.9_b1_dynoracle_frozenref_ipo_sequencesum_v2_relative_sequence_metrics.csv
ipo,0.99,0.9,1.0,68,0.3272142524393158,,ipo_transitive_a0.99_l0.9_b1_dynoracle_frozenref_ipo_sequencesum_v2_relative_sequence_metrics.csv
ipo,0.99,0.9,1.0,69,0.3247088643166552,,ipo_transitive_a0.99_l0.9_b1_dynoracle_frozenref_ipo_sequencesum_v2_relative_sequence_metrics.csv
ipo,0.99,0.9,1.0,70,0.320960805882922,,ipo_transitive_a0.99_l0.9_b1_dynoracle_frozenref_ipo_sequencesum_v2_relative_sequence_metrics.csv
ipo,0.99,0.9,1.0,71,0.31445854465898,,ipo_transitive_a0.99_l0.9_b1_dynoracle_frozenref_ipo_sequencesum_v2_relative_sequence_metrics.csv
ipo,0.99,0.9,1.0,72,0.3082410210083215,,ipo_transitive_a0.99_l0.9_b1_dynoracle_frozenref_ipo_sequencesum_v2_relative_sequence_metrics.csv
ipo,0.99,0.9,1.0,73,0.304751369696956,,ipo_transitive_a0.99_l0.9_b1_dynoracle_frozenref_ipo_sequencesum_v2_relative_sequence_metrics.csv
ipo,0.99,0.9,1.0,74,0.2988120862960978,,ipo_transitive_a0.99_l0.9_b1_dynoracle_frozenref_ipo_sequencesum_v2_relative_sequence_metrics.csv
ipo,0.99,0.9,1.0,75,0.2965233150180081,,ipo_transitive_a0.99_l0.9_b1_dynoracle_frozenref_ipo_sequencesum_v2_relative_sequence_metrics.csv
ipo,0.99,0.9,1.0,76,0.292558665518614,,ipo_transitive_a0.99_l0.9_b1_dynoracle_frozenref_ipo_sequencesum_v2_relative_sequence_metrics.csv
ipo,0.99,0.9,1.0,77,0.2876829208295338,,ipo_transitive_a0.99_l0.9_b1_dynoracle_frozenref_ipo_sequencesum_v2_relative_sequence_metrics.csv
ipo,0.99,0.9,1.0,78,0.2844883251355792,,ipo_transitive_a0.99_l0.9_b1_dynoracle_frozenref_ipo_sequencesum_v2_relative_sequence_metrics.csv
ipo,0.99,0.9,1.0,79,0.2775825348798258,,ipo_transitive_a0.99_l0.9_b1_dynoracle_frozenref_ipo_sequencesum_v2_relative_sequence_metrics.csv
ipo,0.99,0.9,1.0,80,0.2779144507094886,0.83225,ipo_transitive_a0.99_l0.9_b1_dynoracle_frozenref_ipo_sequencesum_v2_relative_sequence_metrics.csv
