run_id,method,base_id,arm,alpha,lambda_current,beta_train,nu,kappa,prompt_id,start_step,end_step,tv_mean,probability_temporal_sd,mean_max_probability,leading_response_switches,relative_entropy_mean,tv_mean_ordinary,tv_mean_difference,probability_temporal_sd_ordinary,probability_temporal_sd_difference,mean_max_probability_ordinary,mean_max_probability_difference,leading_response_switches_ordinary,leading_response_switches_difference,relative_entropy_mean_ordinary,relative_entropy_mean_difference
ipo_center_reference_half_b100_s0,ipo,center,reference_half,0.9,0.8,0.2,0.45,0.0,54,1,25,0.09670039674454439,0.11368554949241452,0.6862948890464626,0.0,0.7931936963717722,0.08105224223388292,0.01564815451066147,0.10109496725247774,0.012590582239936782,0.706279464907736,-0.019984575861273335,0.0,0.0,0.8262894766608507,-0.03309578028907856
ipo_center_reference_half_b100_s0,ipo,center,reference_half,0.9,0.8,0.2,0.45,0.0,251,1,25,0.11688672921974237,0.20633113034761624,0.63312434516178,5.0,0.9751656922121354,0.1343281558730501,-0.017441426653307737,0.2004070120160364,0.005924118331579853,0.5905415133233953,0.04258283183838463,4.0,1.0,0.9739168783604577,0.0012488138516777436
ipo_center_reference_half_b100_s0,ipo,center,reference_half,0.9,0.8,0.2,0.45,0.0,612,1,25,0.13132522965198273,0.177788980849394,0.6337761725335098,2.0,0.6655441274296127,0.14554590782793161,-0.014220678175948881,0.19051467271198316,-0.01272569186258915,0.536530393564508,0.09724577896900177,9.0,-7.0,0.707147136718361,-0.04160300928874838
ipo_center_reference_half_b100_s0,ipo,center,reference_half,0.9,0.8,0.2,0.45,0.0,737,1,25,0.11552973096036755,0.14877851953356827,0.7255770348555672,2.0,0.836268142980348,0.10447052849388001,0.011059202466487533,0.14688225931594218,0.0018962602176260945,0.6578068484115495,0.06777018644401778,1.0,1.0,0.9195423462077115,-0.08327420322736345
ipo_center_reference_half_b100_s0,ipo,center,reference_half,0.9,0.8,0.2,0.45,0.0,867,1,25,0.10502704032940309,0.13310461156103037,0.5511760059748407,9.0,0.728951414665262,0.10417736981784886,0.0008496705115542263,0.17374667450854175,-0.04064206294751138,0.6263046597161953,-0.07512865374135458,3.0,6.0,0.6880975780967278,0.04085383656853425
ipo_center_reference_half_b100_s0,ipo,center,reference_half,0.9,0.8,0.2,0.45,0.0,945,1,25,0.11457633876165854,0.10299660827851184,0.5073815894897015,5.0,1.047796753820533,0.11094439633638274,0.0036319424252758,0.13531187491293123,-0.03231526663441939,0.517121532043172,-0.009739942553470549,9.0,-4.0,0.952233733131935,0.09556302068859801
ipo_center_reference_half_b100_s0,ipo,center,reference_half,0.9,0.8,0.2,0.45,0.0,54,26,50,0.08079093733694984,0.045931196062966306,0.4848811919916586,4.0,0.6974969538574746,0.06436368119065246,0.016427256146297378,0.04767273047265842,-0.0017415344096921165,0.5241528631027383,-0.039271671111079764,2.0,2.0,0.7210883453446939,-0.023591391487219338
ipo_center_reference_half_b100_s0,ipo,center,reference_half,0.9,0.8,0.2,0.45,0.0,251,26,50,0.09605193890296732,0.1564523056772072,0.5030786012457357,7.0,1.0514340437255651,0.13263642057190103,-0.036584481668933716,0.1857479499027493,-0.029295644225542095,0.5619261027186556,-0.05884750147291995,5.0,2.0,1.032233815758095,0.019200227967470118
ipo_center_reference_half_b100_s0,ipo,center,reference_half,0.9,0.8,0.2,0.45,0.0,612,26,50,0.09592833599531378,0.1141679868549014,0.48342628621459904,4.0,0.7548673837797175,0.07957447142129792,0.01635386457401586,0.10148640970570946,0.012681577149191936,0.48912545357333753,-0.005699167358738488,3.0,1.0,0.688341338395825,0.06652604538389251
ipo_center_reference_half_b100_s0,ipo,center,reference_half,0.9,0.8,0.2,0.45,0.0,737,26,50,0.10304615890055677,0.11654260766915736,0.4479733151190709,8.0,0.926494298837203,0.07836399323996587,0.024682165660590893,0.07859587932019152,0.03794672834896584,0.4619775063779062,-0.014004191258835286,1.0,7.0,0.8760167503827567,0.0504775484544463
ipo_center_reference_half_b100_s0,ipo,center,reference_half,0.9,0.8,0.2,0.45,0.0,867,26,50,0.07695892262897763,0.11113996242192842,0.5104857933804026,5.0,0.5786527318971977,0.09952441797370737,-0.022565495344729736,0.11840125570651427,-0.007261293284585857,0.5220152261913178,-0.01152943281091523,6.0,-1.0,0.5724874472784586,0.006165284618739109
ipo_center_reference_half_b100_s0,ipo,center,reference_half,0.9,0.8,0.2,0.45,0.0,945,26,50,0.08570488949969757,0.06974363798345266,0.3690842871602352,6.0,1.0350409491577268,0.0851155030444945,0.000589386455203067,0.06170464044631129,0.008038997537141372,0.3565595487566645,0.012524738403570712,9.0,-3.0,1.0977717513441332,-0.06273080218640636
ipo_center_reference_half_b100_s0,ipo,center,reference_half,0.9,0.8,0.2,0.45,0.0,54,51,75,0.07272256505594021,0.06671074586125536,0.4611335276347031,3.0,0.7739852304673586,0.07190975310524486,0.0008128119506953524,0.07458373809257114,-0.007872992231315781,0.46224292669897943,-0.0011093990642763174,5.0,-2.0,0.761643904329698,0.012341326137660591
ipo_center_reference_half_b100_s0,ipo,center,reference_half,0.9,0.8,0.2,0.45,0.0,251,51,75,0.06805306785586614,0.06701267090894009,0.3994080148465575,5.0,1.0185688321557151,0.06938218535281472,-0.0013291174969485842,0.10110528951073666,-0.034092618601796576,0.4773901928951586,-0.07798217804860108,3.0,2.0,0.8750803133322655,0.1434885188234496
ipo_center_reference_half_b100_s0,ipo,center,reference_half,0.9,0.8,0.2,0.45,0.0,612,51,75,0.07078593641427844,0.06030542136297029,0.45627867236754666,3.0,0.7380662840522509,0.07337637778042738,-0.0025904413661489434,0.08085225669442735,-0.020546835331457056,0.49938167593970745,-0.04310300357216079,2.0,1.0,0.6407417548438313,0.09732452920841961
ipo_center_reference_half_b100_s0,ipo,center,reference_half,0.9,0.8,0.2,0.45,0.0,737,51,75,0.0778085327850281,0.06712456664482881,0.41997390073414104,6.0,0.903944251740026,0.08726881350463601,-0.009460280719607916,0.11800217065119549,-0.05087760400636668,0.44300026255951314,-0.0230263618253721,4.0,2.0,0.7270599765550597,0.1768842751849663
ipo_center_reference_half_b100_s0,ipo,center,reference_half,0.9,0.8,0.2,0.45,0.0,867,51,75,0.07333486414477246,0.07401023575106982,0.44707018848321467,2.0,0.740876408700805,0.07331259297685387,2.2271167918586077e-05,0.07841041442216257,-0.0044001786710927415,0.456934659812911,-0.009864471329696312,4.0,-2.0,0.7864876980746607,-0.04561128937385572
ipo_center_reference_half_b100_s0,ipo,center,reference_half,0.9,0.8,0.2,0.45,0.0,945,51,75,0.07488767529996736,0.04645898569676256,0.348802103341878,7.0,1.0680326328976004,0.0739690163229385,0.0009186589770288633,0.07706437227522012,-0.030605386578457558,0.37860192759179745,-0.02979982424991945,4.0,3.0,1.0960098162805325,-0.02797718338293209
ipo_center_reference_half_b100_s0,ipo,center,reference_half,0.9,0.8,0.2,0.45,0.0,54,76,100,0.06428586975155422,0.04286727408479356,0.4908125799082231,0.0,0.8163017811592167,0.05754267740849825,0.006743192343055968,0.03861647783311598,0.004250796251677576,0.4734138756229936,0.017398704285229494,0.0,0.0,0.8019489745819683,0.014352806577248356
ipo_center_reference_half_b100_s0,ipo,center,reference_half,0.9,0.8,0.2,0.45,0.0,251,76,100,0.07666683560226897,0.05526368012865912,0.40787147711450994,3.0,0.9668776748364318,0.08616008625330383,-0.00949325065103486,0.08247787934589544,-0.02721419921723632,0.4304853645973797,-0.022613887482869743,8.0,-5.0,0.9425023483571812,0.02437532647925067
ipo_center_reference_half_b100_s0,ipo,center,reference_half,0.9,0.8,0.2,0.45,0.0,612,76,100,0.07124982280946911,0.06942022786356493,0.45033923407764453,5.0,0.8272946022856806,0.05863504469841515,0.012614778111053958,0.058217236936802044,0.011202990926762885,0.4583372285002538,-0.00799799442260929,5.0,0.0,0.7778030448582229,0.0494915574274577
ipo_center_reference_half_b100_s0,ipo,center,reference_half,0.9,0.8,0.2,0.45,0.0,737,76,100,0.09187680831136918,0.06349974241148229,0.41981384892541757,2.0,0.9382150494190223,0.08022424311151527,0.011652565199853915,0.08624362952047951,-0.02274388710899722,0.4163271390475971,0.0034867098778204597,4.0,-2.0,0.9007742775881585,0.037440771830863806
ipo_center_reference_half_b100_s0,ipo,center,reference_half,0.9,0.8,0.2,0.45,0.0,867,76,100,0.08666272300035949,0.0762622207449295,0.4458512463460154,8.0,0.7170123294285592,0.10097261074886105,-0.01430988774850156,0.1366355115461644,-0.06037329080123491,0.524644607468036,-0.07879336112202057,5.0,3.0,0.7211315561973002,-0.004119226768740991
ipo_center_reference_half_b100_s0,ipo,center,reference_half,0.9,0.8,0.2,0.45,0.0,945,76,100,0.08365885924534261,0.10081454509019994,0.3956085227622554,7.0,1.0855481192926115,0.08092197017299649,0.0027368890723461214,0.13330561334009952,-0.032491068249899585,0.4805383444313035,-0.08492982166904811,4.0,3.0,0.9651233303167275,0.12042478897588405
ipo_center_reference_half_b100_s0,ipo,center,reference_half,0.9,0.8,0.2,0.45,0.0,54,51,100,0.06850421740374721,0.06229311384172729,0.475973053771463,3.0,0.7951435058132879,0.06472621525687154,0.003778002146875667,0.06355413278705567,-0.0012610189453283807,0.46782840116098634,0.008144652610476644,5.0,-2.0,0.7817964394558331,0.013347066357454751
ipo_center_reference_half_b100_s0,ipo,center,reference_half,0.9,0.8,0.2,0.45,0.0,251,51,100,0.07235995172906755,0.06718046693438055,0.40363974598053387,8.0,0.9927232534960734,0.07777113580305926,-0.005411184073991715,0.10038334110663258,-0.033202874172252025,0.45393777874626906,-0.05029803276573519,11.0,-3.0,0.9087913308447233,0.08393192265135008
ipo_center_reference_half_b100_s0,ipo,center,reference_half,0.9,0.8,0.2,0.45,0.0,612,51,100,0.07101787961187378,0.08432856318956103,0.45330895322259557,8.0,0.7826804431689658,0.06600571123942127,0.005012168372452511,0.07730018582361448,0.007028377365946553,0.47885945221998083,-0.025550498997385263,7.0,1.0,0.7092723998510273,0.07340804331793849
ipo_center_reference_half_b100_s0,ipo,center,reference_half,0.9,0.8,0.2,0.45,0.0,737,51,100,0.08484267054819865,0.06577405460047266,0.4198938748297794,8.0,0.921079650579524,0.08374652830807566,0.0010961422401229853,0.10749871224443529,-0.04172465764396263,0.42966370080355515,-0.009769825973775736,8.0,0.0,0.8139171270716093,0.10716252350791466
ipo_center_reference_half_b100_s0,ipo,center,reference_half,0.9,0.8,0.2,0.45,0.0,867,51,100,0.07999879357256595,0.0758204859775469,0.4464607174146151,10.0,0.728944369064682,0.08714260186285747,-0.0071438082902915145,0.11223658964815782,-0.03641610367061092,0.4907896336404737,-0.04432891622585855,9.0,1.0,0.7538096271359805,-0.02486525807129858
ipo_center_reference_half_b100_s0,ipo,center,reference_half,0.9,0.8,0.2,0.45,0.0,945,51,100,0.079273267272655,0.0850561720480931,0.3722053130520668,14.0,1.0767903760951059,0.07744549324796748,0.0018277740246875201,0.1181961784336603,-0.0331400063855672,0.4295701360115504,-0.05736482295948364,8.0,6.0,1.0305665732986302,0.046223802796475644
ipo_center_reference_max_b100_s0,ipo,center,reference_max,0.9,0.8,0.2,0.9,0.0,54,1,25,0.09035658582560158,0.12198736686660283,0.6713897265356659,4.0,0.8315452057860179,0.08105224223388292,0.009304343591718653,0.10109496725247774,0.02089239961412509,0.706279464907736,-0.0348897383720701,0.0,4.0,0.8262894766608507,0.005255729125167141
ipo_center_reference_max_b100_s0,ipo,center,reference_max,0.9,0.8,0.2,0.9,0.0,251,1,25,0.1500511122594766,0.18232525917320214,0.5988293528469913,4.0,1.0192857560054214,0.1343281558730501,0.015722956386426484,0.2004070120160364,-0.018081752842834253,0.5905415133233953,0.008287839523596019,4.0,0.0,0.9739168783604577,0.04536887764496367
ipo_center_reference_max_b100_s0,ipo,center,reference_max,0.9,0.8,0.2,0.9,0.0,612,1,25,0.16074644017711917,0.17376844135123493,0.7125733853779636,1.0,0.5979028786884093,0.14554590782793161,0.015200532349187557,0.19051467271198316,-0.016746231360748237,0.536530393564508,0.1760429918134555,9.0,-8.0,0.707147136718361,-0.10924425802995175
ipo_center_reference_max_b100_s0,ipo,center,reference_max,0.9,0.8,0.2,0.9,0.0,737,1,25,0.1577169109372649,0.14606600229564842,0.7277176612246223,3.0,0.8230720651987063,0.10447052849388001,0.05324638244338488,0.14688225931594218,-0.0008162570202937536,0.6578068484115495,0.06991081281307288,1.0,2.0,0.9195423462077115,-0.09647028100900512
ipo_center_reference_max_b100_s0,ipo,center,reference_max,0.9,0.8,0.2,0.9,0.0,867,1,25,0.19540208968964057,0.1403771035556718,0.5703363740250015,13.0,0.7490721658369708,0.10417736981784886,0.0912247198717917,0.17374667450854175,-0.033369570952869965,0.6263046597161953,-0.05596828569119383,3.0,10.0,0.6880975780967278,0.060974587740243
ipo_center_reference_max_b100_s0,ipo,center,reference_max,0.9,0.8,0.2,0.9,0.0,945,1,25,0.1808276117959118,0.09672855426305163,0.5054573003064092,11.0,1.0882176144353342,0.11094439633638274,0.06988321545952907,0.13531187491293123,-0.0385833206498796,0.517121532043172,-0.011664231736762787,9.0,2.0,0.952233733131935,0.1359838813033991
ipo_center_reference_max_b100_s0,ipo,center,reference_max,0.9,0.8,0.2,0.9,0.0,54,26,50,0.14578222938676283,0.07665726256889364,0.5035411717663711,12.0,0.6972590739242324,0.06436368119065246,0.08141854819611037,0.04767273047265842,0.02898453209623522,0.5241528631027383,-0.0206116913363672,2.0,10.0,0.7210883453446939,-0.02382927142046154
ipo_center_reference_max_b100_s0,ipo,center,reference_max,0.9,0.8,0.2,0.9,0.0,251,26,50,0.1245618300305866,0.12857341647121093,0.4456526836096306,7.0,1.1103178635724171,0.13263642057190103,-0.00807459054131443,0.1857479499027493,-0.05717453343153836,0.5619261027186556,-0.116273419109025,5.0,2.0,1.032233815758095,0.0780840478143221
ipo_center_reference_max_b100_s0,ipo,center,reference_max,0.9,0.8,0.2,0.9,0.0,612,26,50,0.1570121516999455,0.08895804868718112,0.4115823945434217,12.0,0.8409484811300019,0.07957447142129792,0.07743768027864759,0.10148640970570946,-0.012528361018528347,0.48912545357333753,-0.07754305902991582,3.0,9.0,0.688341338395825,0.15260714273417686
ipo_center_reference_max_b100_s0,ipo,center,reference_max,0.9,0.8,0.2,0.9,0.0,737,26,50,0.2305830341086472,0.13631292351848012,0.4429106680795079,15.0,0.7563145917931746,0.07836399323996587,0.15221904086868132,0.07859587932019152,0.0577170441982886,0.4619775063779062,-0.01906683829839828,1.0,14.0,0.8760167503827567,-0.11970215858958211
ipo_center_reference_max_b100_s0,ipo,center,reference_max,0.9,0.8,0.2,0.9,0.0,867,26,50,0.11008382873237675,0.05803121274995181,0.47177390694302745,10.0,0.5517407863023095,0.09952441797370737,0.010559410758669383,0.11840125570651427,-0.06037004295656247,0.5220152261913178,-0.05024131924829034,6.0,4.0,0.5724874472784586,-0.02074666097614908
ipo_center_reference_max_b100_s0,ipo,center,reference_max,0.9,0.8,0.2,0.9,0.0,945,26,50,0.17117941324737082,0.05923651232942611,0.3829090574726443,18.0,0.991245427246128,0.0851155030444945,0.08606391020287632,0.06170464044631129,-0.002468128116885182,0.3565595487566645,0.026349508715979797,9.0,9.0,1.0977717513441332,-0.10652632409800522
ipo_center_reference_max_b100_s0,ipo,center,reference_max,0.9,0.8,0.2,0.9,0.0,54,51,75,0.06081561919428503,0.07147431621509365,0.4977925397452562,1.0,0.7678063329834169,0.07190975310524486,-0.011094133910959834,0.07458373809257114,-0.0031094218774774945,0.46224292669897943,0.035549613046276796,5.0,-4.0,0.761643904329698,0.006162428653718965
ipo_center_reference_max_b100_s0,ipo,center,reference_max,0.9,0.8,0.2,0.9,0.0,251,51,75,0.1334556646560003,0.07945958242093448,0.41511585541947243,9.0,0.9861920710039327,0.06938218535281472,0.06407347930318559,0.10110528951073666,-0.02164570708980218,0.4773901928951586,-0.06227433747568617,3.0,6.0,0.8750803133322655,0.11111175767166714
ipo_center_reference_max_b100_s0,ipo,center,reference_max,0.9,0.8,0.2,0.9,0.0,612,51,75,0.12806190727333264,0.05162773161498107,0.44288586674457464,4.0,0.7680175821068118,0.07337637778042738,0.054685529492905255,0.08085225669442735,-0.029224525079446277,0.49938167593970745,-0.05649580919513281,2.0,2.0,0.6407417548438313,0.12727582726298048
ipo_center_reference_max_b100_s0,ipo,center,reference_max,0.9,0.8,0.2,0.9,0.0,737,51,75,0.09703941687540824,0.06535090405674493,0.429198823820498,4.0,0.7460578844311536,0.08726881350463601,0.009770603370772221,0.11800217065119549,-0.05265126659445056,0.44300026255951314,-0.013801438739015126,4.0,0.0,0.7270599765550597,0.0189979078760939
ipo_center_reference_max_b100_s0,ipo,center,reference_max,0.9,0.8,0.2,0.9,0.0,867,51,75,0.08908751703003802,0.03882207576654963,0.4194401769989571,7.0,0.6487877188626656,0.07331259297685387,0.015774924053184147,0.07841041442216257,-0.03958833865561294,0.456934659812911,-0.0374944828139539,4.0,3.0,0.7864876980746607,-0.13769997921199506
ipo_center_reference_max_b100_s0,ipo,center,reference_max,0.9,0.8,0.2,0.9,0.0,945,51,75,0.0964072153577966,0.041762136434889595,0.3465308489761658,9.0,1.0812047595641638,0.0739690163229385,0.02243819903485811,0.07706437227522012,-0.03530223584033052,0.37860192759179745,-0.03207107861563163,4.0,5.0,1.0960098162805325,-0.01480505671636867
ipo_center_reference_max_b100_s0,ipo,center,reference_max,0.9,0.8,0.2,0.9,0.0,54,76,100,0.08875384550613565,0.058743300575150176,0.4539482833252331,4.0,0.8076112542012918,0.05754267740849825,0.031211168097637396,0.03861647783311598,0.020126822742034194,0.4734138756229936,-0.01946559229776046,0.0,4.0,0.8019489745819683,0.005662279619323418
ipo_center_reference_max_b100_s0,ipo,center,reference_max,0.9,0.8,0.2,0.9,0.0,251,76,100,0.10190734838140557,0.06343262692717785,0.418889903405971,8.0,0.9439750209156237,0.08616008625330383,0.015747262128101736,0.08247787934589544,-0.019045252418717587,0.4304853645973797,-0.011595461191408696,8.0,0.0,0.9425023483571812,0.0014726725584425227
ipo_center_reference_max_b100_s0,ipo,center,reference_max,0.9,0.8,0.2,0.9,0.0,612,76,100,0.10079218416824556,0.06358587338637892,0.46611978970662377,9.0,0.788258261659308,0.05863504469841515,0.042157139469830414,0.058217236936802044,0.005368636449576872,0.4583372285002538,0.007782561206369942,5.0,4.0,0.7778030448582229,0.010455216801085077
ipo_center_reference_max_b100_s0,ipo,center,reference_max,0.9,0.8,0.2,0.9,0.0,737,76,100,0.11604969535593687,0.05170843340484516,0.38952777247709514,13.0,0.8393496462978887,0.08022424311151527,0.0358254522444216,0.08624362952047951,-0.034535196115634346,0.4163271390475971,-0.02679936657050197,4.0,9.0,0.9007742775881585,-0.06142463129026987
ipo_center_reference_max_b100_s0,ipo,center,reference_max,0.9,0.8,0.2,0.9,0.0,867,76,100,0.12463305050482845,0.0665490276854714,0.47401136373841113,10.0,0.6545359967271017,0.10097261074886105,0.023660439755967405,0.1366355115461644,-0.07008648386069301,0.524644607468036,-0.050633243729624855,5.0,5.0,0.7211315561973002,-0.06659555947019846
ipo_center_reference_max_b100_s0,ipo,center,reference_max,0.9,0.8,0.2,0.9,0.0,945,76,100,0.08917019628486886,0.07229613535986261,0.3693086685489677,12.0,1.0157540163320953,0.08092197017299649,0.00824822611187237,0.13330561334009952,-0.06100947798023691,0.4805383444313035,-0.11122967588233579,4.0,8.0,0.9651233303167275,0.0506306860153678
ipo_center_reference_max_b100_s0,ipo,center,reference_max,0.9,0.8,0.2,0.9,0.0,54,51,100,0.07478473235021034,0.07746051305270915,0.4758704115352447,5.0,0.7877087935923547,0.06472621525687154,0.010058517093338798,0.06355413278705567,0.013906380265653481,0.46782840116098634,0.008042010374258335,5.0,0.0,0.7817964394558331,0.00591235413652158
ipo_center_reference_max_b100_s0,ipo,center,reference_max,0.9,0.8,0.2,0.9,0.0,251,51,100,0.11768150651870295,0.0760479704428351,0.4170028794127218,17.0,0.965083545959778,0.07777113580305926,0.039910370715643684,0.10038334110663258,-0.024335370663797484,0.45393777874626906,-0.036934899333547266,11.0,6.0,0.9087913308447233,0.05629221511505467
ipo_center_reference_max_b100_s0,ipo,center,reference_max,0.9,0.8,0.2,0.9,0.0,612,51,100,0.11442704572078911,0.07796553489809163,0.45450282822559934,13.0,0.77813792188306,0.06600571123942127,0.048421334481367845,0.07730018582361448,0.0006653490744771562,0.47885945221998083,-0.024356623994381488,7.0,6.0,0.7092723998510273,0.06886552203203267
ipo_center_reference_max_b100_s0,ipo,center,reference_max,0.9,0.8,0.2,0.9,0.0,737,51,100,0.10654455611567253,0.06334358543034807,0.4093632981487966,17.0,0.7927037653645211,0.08374652830807566,0.022798027807596863,0.10749871224443529,-0.04415512681408722,0.42966370080355515,-0.020300402654758576,8.0,9.0,0.8139171270716093,-0.021213361707088207
ipo_center_reference_max_b100_s0,ipo,center,reference_max,0.9,0.8,0.2,0.9,0.0,867,51,100,0.10686028376743321,0.05540416215494273,0.44672577036868416,17.0,0.6516618577948838,0.08714260186285747,0.01971768190457575,0.11223658964815782,-0.056832427493215085,0.4907896336404737,-0.044063863271789516,9.0,8.0,0.7538096271359805,-0.1021477693410967
ipo_center_reference_max_b100_s0,ipo,center,reference_max,0.9,0.8,0.2,0.9,0.0,945,51,100,0.09278870582133275,0.06330874404988812,0.35791975876256676,21.0,1.0484793879481298,0.07744549324796748,0.015343212573365267,0.1181961784336603,-0.05488743438377218,0.4295701360115504,-0.07165037724898365,8.0,13.0,1.0305665732986302,0.017912814649499564
ipo_center_feedback_half_b100_s0,ipo,center,feedback_half,0.9,0.8,0.2,0.0,0.5,54,1,25,0.07173216137278143,0.08688205875696474,0.7137281415701504,0.0,0.8684281052685925,0.08105224223388292,-0.00932008086110149,0.10109496725247774,-0.014212908495513002,0.706279464907736,0.007448676662414444,0.0,0.0,0.8262894766608507,0.04213862860774176
ipo_center_feedback_half_b100_s0,ipo,center,feedback_half,0.9,0.8,0.2,0.0,0.5,251,1,25,0.13991206869180753,0.186041082867055,0.5685558657114365,6.0,1.0359082472505852,0.1343281558730501,0.005583912818757419,0.2004070120160364,-0.014365929148981382,0.5905415133233953,-0.02198564761195887,4.0,2.0,0.9739168783604577,0.06199136889012746
ipo_center_feedback_half_b100_s0,ipo,center,feedback_half,0.9,0.8,0.2,0.0,0.5,612,1,25,0.13481885964396262,0.16334425415566287,0.5263859489717005,8.0,0.6963664937409022,0.14554590782793161,-0.010727048183968996,0.19051467271198316,-0.027170418556320297,0.536530393564508,-0.0101444445928075,9.0,-1.0,0.707147136718361,-0.010780642977458843
ipo_center_feedback_half_b100_s0,ipo,center,feedback_half,0.9,0.8,0.2,0.0,0.5,737,1,25,0.10207187525004474,0.12482355734145392,0.6669338033581802,1.0,0.9518864946242982,0.10447052849388001,-0.002398653243835272,0.14688225931594218,-0.022058701974488254,0.6578068484115495,0.009126954946630739,1.0,0.0,0.9195423462077115,0.03234414841658673
ipo_center_feedback_half_b100_s0,ipo,center,feedback_half,0.9,0.8,0.2,0.0,0.5,867,1,25,0.10262571236981413,0.14974870932386297,0.586844849302184,7.0,0.7011587111560985,0.10417736981784886,-0.0015516574480347323,0.17374667450854175,-0.023997965184678782,0.6263046597161953,-0.039459810414011365,3.0,4.0,0.6880975780967278,0.013061133059370733
ipo_center_feedback_half_b100_s0,ipo,center,feedback_half,0.9,0.8,0.2,0.0,0.5,945,1,25,0.1101711950724495,0.12169946883329512,0.5176568049791982,4.0,0.9619288666030988,0.11094439633638274,-0.0007732012639332375,0.13531187491293123,-0.01361240607963611,0.517121532043172,0.0005352729360261765,9.0,-5.0,0.952233733131935,0.009695133471163797
ipo_center_feedback_half_b100_s0,ipo,center,feedback_half,0.9,0.8,0.2,0.0,0.5,54,26,50,0.061170196642999324,0.05846596120120359,0.518335131145837,2.0,0.7233861050891638,0.06436368119065246,-0.0031934845476531346,0.04767273047265842,0.01079323072854517,0.5241528631027383,-0.005817731956901384,2.0,0.0,0.7210883453446939,0.002297759744469885
ipo_center_feedback_half_b100_s0,ipo,center,feedback_half,0.9,0.8,0.2,0.0,0.5,251,26,50,0.08389613567671984,0.10400272016382488,0.474104266149995,4.0,1.0429583680609527,0.13263642057190103,-0.04874028489518119,0.1857479499027493,-0.08174522973892441,0.5619261027186556,-0.0878218365686606,5.0,-1.0,1.032233815758095,0.010724552302857626
ipo_center_feedback_half_b100_s0,ipo,center,feedback_half,0.9,0.8,0.2,0.0,0.5,612,26,50,0.1015012658617546,0.10653104055162291,0.4833405147689984,4.0,0.6667988127001887,0.07957447142129792,0.021926794440456684,0.10148640970570946,0.005044630845913445,0.48912545357333753,-0.0057849388043391126,3.0,1.0,0.688341338395825,-0.021542525695636305
ipo_center_feedback_half_b100_s0,ipo,center,feedback_half,0.9,0.8,0.2,0.0,0.5,737,26,50,0.07941799600051223,0.0680923546326158,0.45685913365852393,0.0,0.9025198519544027,0.07836399323996587,0.0010540027605463603,0.07859587932019152,-0.010503524687575719,0.4619775063779062,-0.005118372719382258,1.0,-1.0,0.8760167503827567,0.026503101571645926
ipo_center_feedback_half_b100_s0,ipo,center,feedback_half,0.9,0.8,0.2,0.0,0.5,867,26,50,0.07995186080960294,0.07137002456432459,0.47468344052274786,4.0,0.5466367763601677,0.09952441797370737,-0.01957255716410443,0.11840125570651427,-0.04703123114218968,0.5220152261913178,-0.04733178566856994,6.0,-2.0,0.5724874472784586,-0.025850670918290852
ipo_center_feedback_half_b100_s0,ipo,center,feedback_half,0.9,0.8,0.2,0.0,0.5,945,26,50,0.06786327381728373,0.055174863640517796,0.366287535049271,9.0,1.063779470431827,0.0851155030444945,-0.017252229227210772,0.06170464044631129,-0.0065297768057934955,0.3565595487566645,0.00972798629260646,9.0,0.0,1.0977717513441332,-0.033992280912306105
ipo_center_feedback_half_b100_s0,ipo,center,feedback_half,0.9,0.8,0.2,0.0,0.5,54,51,75,0.06964653095784097,0.07259650293450134,0.454493311143402,3.0,0.7733926850222997,0.07190975310524486,-0.00226322214740389,0.07458373809257114,-0.0019872351580697972,0.46224292669897943,-0.007749615555577405,5.0,-2.0,0.761643904329698,0.011748780692601768
ipo_center_feedback_half_b100_s0,ipo,center,feedback_half,0.9,0.8,0.2,0.0,0.5,251,51,75,0.07334652424419803,0.06910426423342085,0.4256960599810182,6.0,0.9002993871449505,0.06938218535281472,0.003964338891383312,0.10110528951073666,-0.03200102527731581,0.4773901928951586,-0.05169413291414038,3.0,3.0,0.8750803133322655,0.025219073812684956
ipo_center_feedback_half_b100_s0,ipo,center,feedback_half,0.9,0.8,0.2,0.0,0.5,612,51,75,0.06982868318728949,0.0768174680789504,0.48522896955432077,4.0,0.710592414751001,0.07337637778042738,-0.00354769459313789,0.08085225669442735,-0.004034788615476945,0.49938167593970745,-0.014152706385386682,2.0,2.0,0.6407417548438313,0.06985065990716965
ipo_center_feedback_half_b100_s0,ipo,center,feedback_half,0.9,0.8,0.2,0.0,0.5,737,51,75,0.08095322751168066,0.08771782329120788,0.43758053367383987,3.0,0.8488965900127541,0.08726881350463601,-0.006315585992955355,0.11800217065119549,-0.030284347359987612,0.44300026255951314,-0.0054197288856732695,4.0,-1.0,0.7270599765550597,0.12183661345769436
ipo_center_feedback_half_b100_s0,ipo,center,feedback_half,0.9,0.8,0.2,0.0,0.5,867,51,75,0.07799154750572786,0.06762532440017437,0.4435438910051191,8.0,0.7024869097763904,0.07331259297685387,0.004678954528873985,0.07841041442216257,-0.0107850900219882,0.456934659812911,-0.013390768807791886,4.0,4.0,0.7864876980746607,-0.08400078829827029
ipo_center_feedback_half_b100_s0,ipo,center,feedback_half,0.9,0.8,0.2,0.0,0.5,945,51,75,0.08063528180482024,0.07059870571723852,0.37159966882572704,6.0,1.088537046107358,0.0739690163229385,0.006666265481881747,0.07706437227522012,-0.0064656665579816,0.37860192759179745,-0.007002258766070413,4.0,2.0,1.0960098162805325,-0.007472770173174492
ipo_center_feedback_half_b100_s0,ipo,center,feedback_half,0.9,0.8,0.2,0.0,0.5,54,76,100,0.06313283997348194,0.056104954605679415,0.48446819902828253,2.0,0.7993190665525743,0.05754267740849825,0.0055901625649836945,0.03861647783311598,0.017488476772563433,0.4734138756229936,0.011054323405288946,0.0,2.0,0.8019489745819683,-0.0026299080293940014
ipo_center_feedback_half_b100_s0,ipo,center,feedback_half,0.9,0.8,0.2,0.0,0.5,251,76,100,0.07223324837022096,0.08429127288463184,0.42808274254406464,5.0,0.9420563484241454,0.08616008625330383,-0.013926837883082868,0.08247787934589544,0.0018133935387363992,0.4304853645973797,-0.00240262205331504,8.0,-3.0,0.9425023483571812,-0.0004459999330357345
ipo_center_feedback_half_b100_s0,ipo,center,feedback_half,0.9,0.8,0.2,0.0,0.5,612,76,100,0.05671798273666906,0.046250927220098464,0.4545252306262171,4.0,0.7190757887255007,0.05863504469841515,-0.0019170619617460902,0.058217236936802044,-0.01196630971670358,0.4583372285002538,-0.0038119978740367433,5.0,-1.0,0.7778030448582229,-0.05872725613272223
ipo_center_feedback_half_b100_s0,ipo,center,feedback_half,0.9,0.8,0.2,0.0,0.5,737,76,100,0.06919249594930166,0.09110054151350754,0.43329286072831763,2.0,0.9078351354465498,0.08022424311151527,-0.011031747162213612,0.08624362952047951,0.004856911993028026,0.4163271390475971,0.016965721680720525,4.0,-2.0,0.9007742775881585,0.0070608578583912784
ipo_center_feedback_half_b100_s0,ipo,center,feedback_half,0.9,0.8,0.2,0.0,0.5,867,76,100,0.07752158220996411,0.09524773738218038,0.4733771609818584,8.0,0.7045978387715082,0.10097261074886105,-0.02345102853889694,0.1366355115461644,-0.04138777416398402,0.524644607468036,-0.05126744648617759,5.0,3.0,0.7211315561973002,-0.016533717425792016
ipo_center_feedback_half_b100_s0,ipo,center,feedback_half,0.9,0.8,0.2,0.0,0.5,945,76,100,0.07719152588385689,0.0702234886730116,0.35968364208609793,9.0,1.0891756783930269,0.08092197017299649,-0.0037304442891396006,0.13330561334009952,-0.06308212466708792,0.4805383444313035,-0.12085470234520557,4.0,5.0,0.9651233303167275,0.12405234807629939
ipo_center_feedback_half_b100_s0,ipo,center,feedback_half,0.9,0.8,0.2,0.0,0.5,54,51,100,0.06638968546566146,0.06744507402898556,0.46948075508584225,5.0,0.7863558757874372,0.06472621525687154,0.0016634702087899161,0.06355413278705567,0.0038909412419298878,0.46782840116098634,0.0016523539248559094,5.0,0.0,0.7817964394558331,0.00455943633160405
ipo_center_feedback_half_b100_s0,ipo,center,feedback_half,0.9,0.8,0.2,0.0,0.5,251,51,100,0.07278988630720949,0.0828717834638141,0.4268894012625413,11.0,0.921177867784548,0.07777113580305926,-0.004981249495849771,0.10038334110663258,-0.017511557642818476,0.45393777874626906,-0.027048377483727737,11.0,0.0,0.9087913308447233,0.012386536939824722
ipo_center_feedback_half_b100_s0,ipo,center,feedback_half,0.9,0.8,0.2,0.0,0.5,612,51,100,0.06327333296197928,0.08384342981950432,0.46987710009026884,8.0,0.7148341017382508,0.06600571123942127,-0.0027323782774419936,0.07730018582361448,0.006543243995889847,0.47885945221998083,-0.00898235212971199,7.0,1.0,0.7092723998510273,0.005561701887223491
ipo_center_feedback_half_b100_s0,ipo,center,feedback_half,0.9,0.8,0.2,0.0,0.5,737,51,100,0.07507286173049116,0.09065101618626688,0.4354366972010788,5.0,0.8783658627296518,0.08374652830807566,-0.008673666577584505,0.10749871224443529,-0.01684769605816841,0.42966370080355515,0.005772996397523655,8.0,-3.0,0.8139171270716093,0.06444873565804243
ipo_center_feedback_half_b100_s0,ipo,center,feedback_half,0.9,0.8,0.2,0.0,0.5,867,51,100,0.07775656485784598,0.08305517822487546,0.4584605259934888,16.0,0.7035423742739492,0.08714260186285747,-0.009386037005011491,0.11223658964815782,-0.029181411423282358,0.4907896336404737,-0.03232910764698488,9.0,7.0,0.7538096271359805,-0.050267252862031375
ipo_center_feedback_half_b100_s0,ipo,center,feedback_half,0.9,0.8,0.2,0.0,0.5,945,51,100,0.07891340384433859,0.07580802618453007,0.36564165545591243,15.0,1.0888563622501928,0.07744549324796748,0.001467910596371108,0.1181961784336603,-0.04238815224913023,0.4295701360115504,-0.06392848055563799,8.0,7.0,1.0305665732986302,0.05828978895156256
ipo_center_feedback_one_b100_s0,ipo,center,feedback_one,0.9,0.8,0.2,0.0,1.0,54,1,25,0.07001385441638329,0.08453947293828926,0.6703485458497288,0.0,0.8668821857415426,0.08105224223388292,-0.011038387817499634,0.10109496725247774,-0.016555494314188485,0.706279464907736,-0.03593091905800716,0.0,0.0,0.8262894766608507,0.0405927090806919
ipo_center_feedback_one_b100_s0,ipo,center,feedback_one,0.9,0.8,0.2,0.0,1.0,251,1,25,0.12858762520277556,0.1375297116454769,0.48207657902035583,6.0,1.1002646418033388,0.1343281558730501,-0.005740530670274552,0.2004070120160364,-0.0628773003705595,0.5905415133233953,-0.1084649343030395,4.0,2.0,0.9739168783604577,0.12634776344288112
ipo_center_feedback_one_b100_s0,ipo,center,feedback_one,0.9,0.8,0.2,0.0,1.0,612,1,25,0.1157875895201288,0.13969727685276567,0.5418265128385137,4.0,0.6724911705537058,0.14554590782793161,-0.029758318307802817,0.19051467271198316,-0.05081739585921749,0.536530393564508,0.0052961192740056395,9.0,-5.0,0.707147136718361,-0.03465596616465527
ipo_center_feedback_one_b100_s0,ipo,center,feedback_one,0.9,0.8,0.2,0.0,1.0,737,1,25,0.10200362689553062,0.12873778663666788,0.6377119357904779,1.0,0.9721852925603972,0.10447052849388001,-0.0024669015983493914,0.14688225931594218,-0.0181444726792743,0.6578068484115495,-0.020094912621071548,1.0,0.0,0.9195423462077115,0.05264294635268574
ipo_center_feedback_one_b100_s0,ipo,center,feedback_one,0.9,0.8,0.2,0.0,1.0,867,1,25,0.09849644569730684,0.14091354475019116,0.5667519820326095,5.0,0.7510080342400738,0.10417736981784886,-0.005680924120542025,0.17374667450854175,-0.03283312975835059,0.6263046597161953,-0.05955267768358585,3.0,2.0,0.6880975780967278,0.062910456143346
ipo_center_feedback_one_b100_s0,ipo,center,feedback_one,0.9,0.8,0.2,0.0,1.0,945,1,25,0.11715738038108188,0.11273065109903879,0.4958205568393836,4.0,1.000958329947568,0.11094439633638274,0.006212984044699138,0.13531187491293123,-0.022581223813892437,0.517121532043172,-0.02130097520378843,9.0,-5.0,0.952233733131935,0.0487245968156329
ipo_center_feedback_one_b100_s0,ipo,center,feedback_one,0.9,0.8,0.2,0.0,1.0,54,26,50,0.07209440244601345,0.06282005711705443,0.5094517539632037,4.0,0.725931341148775,0.06436368119065246,0.007730721255360992,0.04767273047265842,0.015147326644396011,0.5241528631027383,-0.014701109139534596,2.0,2.0,0.7210883453446939,0.004842995804081096
ipo_center_feedback_one_b100_s0,ipo,center,feedback_one,0.9,0.8,0.2,0.0,1.0,251,26,50,0.09854773982508408,0.08547333964054213,0.3962044339549737,9.0,1.0961260396310297,0.13263642057190103,-0.03408868074681695,0.1857479499027493,-0.10027461026220716,0.5619261027186556,-0.16572166876368194,5.0,4.0,1.032233815758095,0.0638922238729347
ipo_center_feedback_one_b100_s0,ipo,center,feedback_one,0.9,0.8,0.2,0.0,1.0,612,26,50,0.09771936666285255,0.08374485718734598,0.45738706713342486,7.0,0.6744977426927876,0.07957447142129792,0.01814489524155463,0.10148640970570946,-0.017741552518363485,0.48912545357333753,-0.03173838643991267,3.0,4.0,0.688341338395825,-0.013843595703037392
ipo_center_feedback_one_b100_s0,ipo,center,feedback_one,0.9,0.8,0.2,0.0,1.0,737,26,50,0.0866822630396488,0.08147899444293988,0.4315773547327649,3.0,0.8851947646335866,0.07836399323996587,0.00831826979968292,0.07859587932019152,0.0028831151227483587,0.4619775063779062,-0.030400151645141316,1.0,2.0,0.8760167503827567,0.009178014250829869
ipo_center_feedback_one_b100_s0,ipo,center,feedback_one,0.9,0.8,0.2,0.0,1.0,867,26,50,0.08619246765838832,0.08725605198261228,0.4838545261286333,5.0,0.6217862382678759,0.09952441797370737,-0.013331950315319044,0.11840125570651427,-0.03114520372390199,0.5220152261913178,-0.038160700062684516,6.0,-1.0,0.5724874472784586,0.04929879098941736
ipo_center_feedback_one_b100_s0,ipo,center,feedback_one,0.9,0.8,0.2,0.0,1.0,945,26,50,0.07932624930996406,0.06180334715129558,0.36008956177187523,8.0,1.0987073308584845,0.0851155030444945,-0.0057892537345304446,0.06170464044631129,9.870670498429018e-05,0.3565595487566645,0.00353001301521072,9.0,-1.0,1.0977717513441332,0.0009355795143513035
ipo_center_feedback_one_b100_s0,ipo,center,feedback_one,0.9,0.8,0.2,0.0,1.0,54,51,75,0.08467986804463475,0.08840191912606374,0.4664185641558582,4.0,0.7702591863773338,0.07190975310524486,0.012770114939389884,0.07458373809257114,0.013818181033492596,0.46224292669897943,0.004175637456878767,5.0,-1.0,0.761643904329698,0.008615282047635842
ipo_center_feedback_one_b100_s0,ipo,center,feedback_one,0.9,0.8,0.2,0.0,1.0,251,51,75,0.06552730184844395,0.05469194574324726,0.4220265016047916,7.0,0.8926399570393966,0.06938218535281472,-0.0038548835043707708,0.10110528951073666,-0.0464133437674894,0.4773901928951586,-0.055363691290367,3.0,4.0,0.8750803133322655,0.017559643707131034
ipo_center_feedback_one_b100_s0,ipo,center,feedback_one,0.9,0.8,0.2,0.0,1.0,612,51,75,0.07643442353936755,0.05675382070199346,0.4770328413867693,2.0,0.7258834093646882,0.07337637778042738,0.00305804575894017,0.08085225669442735,-0.024098435992433886,0.49938167593970745,-0.022348834552938124,2.0,0.0,0.6407417548438313,0.08514165452085687
ipo_center_feedback_one_b100_s0,ipo,center,feedback_one,0.9,0.8,0.2,0.0,1.0,737,51,75,0.09406167668979233,0.09848966800927006,0.4322754457351881,7.0,0.7469341469327111,0.08726881350463601,0.006792863185156317,0.11800217065119549,-0.01951250264192543,0.44300026255951314,-0.010724816824325023,4.0,3.0,0.7270599765550597,0.01987417037765138
ipo_center_feedback_one_b100_s0,ipo,center,feedback_one,0.9,0.8,0.2,0.0,1.0,867,51,75,0.07912908238767048,0.05448175051627334,0.41561034623494975,7.0,0.7176806957835166,0.07331259297685387,0.005816489410816611,0.07841041442216257,-0.023928663905889228,0.456934659812911,-0.041324313577961236,4.0,3.0,0.7864876980746607,-0.06880700229114411
ipo_center_feedback_one_b100_s0,ipo,center,feedback_one,0.9,0.8,0.2,0.0,1.0,945,51,75,0.07377448072050478,0.05191194252893238,0.36624105667125845,4.0,1.0963947512642407,0.0739690163229385,-0.0001945356024337097,0.07706437227522012,-0.025152429746287737,0.37860192759179745,-0.012360870920539002,4.0,0.0,1.0960098162805325,0.0003849349837081739
ipo_center_feedback_one_b100_s0,ipo,center,feedback_one,0.9,0.8,0.2,0.0,1.0,54,76,100,0.08035664698603616,0.04486197296005205,0.43834617634320433,2.0,0.8091797421358702,0.05754267740849825,0.02281396957753791,0.03861647783311598,0.0062454951269360695,0.4734138756229936,-0.035067699279789255,0.0,2.0,0.8019489745819683,0.00723076755390184
ipo_center_feedback_one_b100_s0,ipo,center,feedback_one,0.9,0.8,0.2,0.0,1.0,251,76,100,0.07887225213050761,0.0642954596055982,0.42792651756989386,4.0,0.895237501117642,0.08616008625330383,-0.0072878341227962246,0.08247787934589544,-0.018182419740297245,0.4304853645973797,-0.002558847027485822,8.0,-4.0,0.9425023483571812,-0.047264847239539165
ipo_center_feedback_one_b100_s0,ipo,center,feedback_one,0.9,0.8,0.2,0.0,1.0,612,76,100,0.07005648064658405,0.0566777232873278,0.43414193238583787,8.0,0.768551892752158,0.05863504469841515,0.011421435948168905,0.058217236936802044,-0.0015395136494742445,0.4583372285002538,-0.024195296114415954,5.0,3.0,0.7778030448582229,-0.009251152106064975
ipo_center_feedback_one_b100_s0,ipo,center,feedback_one,0.9,0.8,0.2,0.0,1.0,737,76,100,0.07814031932856527,0.07944267837596608,0.4318188551169051,4.0,0.9126251740006315,0.08022424311151527,-0.002083923782949998,0.08624362952047951,-0.0068009511445134285,0.4163271390475971,0.015491716069307992,4.0,0.0,0.9007742775881585,0.011850896412472944
ipo_center_feedback_one_b100_s0,ipo,center,feedback_one,0.9,0.8,0.2,0.0,1.0,867,76,100,0.08344968571485907,0.09040059653171212,0.4656510599680271,7.0,0.7135841946828302,0.10097261074886105,-0.017522925034001977,0.1366355115461644,-0.04623491501445229,0.524644607468036,-0.0589935475000089,5.0,2.0,0.7211315561973002,-0.007547361514469997
ipo_center_feedback_one_b100_s0,ipo,center,feedback_one,0.9,0.8,0.2,0.0,1.0,945,76,100,0.08013726653983663,0.08056007272793775,0.36877204203997566,11.0,1.0781756299487093,0.08092197017299649,-0.0007847036331598556,0.13330561334009952,-0.05274554061216177,0.4805383444313035,-0.11176630239132784,4.0,7.0,0.9651233303167275,0.11305229963198182
ipo_center_feedback_one_b100_s0,ipo,center,feedback_one,0.9,0.8,0.2,0.0,1.0,54,51,100,0.08251825751533547,0.07425343848906253,0.4523823702495314,6.0,0.7897194642566019,0.06472621525687154,0.017792042258463925,0.06355413278705567,0.010699305702006862,0.46782840116098634,-0.015446030911454967,5.0,1.0,0.7817964394558331,0.007923024800768785
ipo_center_feedback_one_b100_s0,ipo,center,feedback_one,0.9,0.8,0.2,0.0,1.0,251,51,100,0.07219977698947579,0.06336449952707503,0.4249765095873428,11.0,0.8939387290785191,0.07777113580305926,-0.005571358813583477,0.10038334110663258,-0.03701884157955755,0.45393777874626906,-0.028961269158926273,11.0,0.0,0.9087913308447233,-0.014852601766204176
ipo_center_feedback_one_b100_s0,ipo,center,feedback_one,0.9,0.8,0.2,0.0,1.0,612,51,100,0.07324545209297584,0.06688734796155119,0.4555873868863037,10.0,0.7472176510584232,0.06600571123942127,0.007239740853554569,0.07730018582361448,-0.01041283786206329,0.47885945221998083,-0.02327206533367715,7.0,3.0,0.7092723998510273,0.03794525120739589
ipo_center_feedback_one_b100_s0,ipo,center,feedback_one,0.9,0.8,0.2,0.0,1.0,737,51,100,0.08610099800917878,0.09260284953595896,0.43204715042604663,11.0,0.8297796604666715,0.08374652830807566,0.002354469701103118,0.10749871224443529,-0.014895862708476329,0.42966370080355515,0.0023834496224914847,8.0,3.0,0.8139171270716093,0.01586253339506216
ipo_center_feedback_one_b100_s0,ipo,center,feedback_one,0.9,0.8,0.2,0.0,1.0,867,51,100,0.08128938405126476,0.07577135132619424,0.44063070310148844,14.0,0.7156324452331737,0.08714260186285747,-0.005853217811592704,0.11223658964815782,-0.03646523832196358,0.4907896336404737,-0.050158930538985236,9.0,5.0,0.7538096271359805,-0.038177181902806834
ipo_center_feedback_one_b100_s0,ipo,center,feedback_one,0.9,0.8,0.2,0.0,1.0,945,51,100,0.07695587363017072,0.07128633321339257,0.36750654935561705,15.0,1.087285190606475,0.07744549324796748,-0.0004896196177967688,0.1181961784336603,-0.046909845220267726,0.4295701360115504,-0.06206358665593337,8.0,7.0,1.0305665732986302,0.05671861730784489
dpo_center_reference_half_b100_s0,dpo,center,reference_half,0.9,0.8,0.8,0.45,0.0,54,1,25,0.10358002782758993,0.1309388091004678,0.6687519074378031,4.0,0.7938604180298906,0.07788229668552864,0.025697731142061295,0.10545589612575511,0.025482912974712682,0.7205125639508725,-0.05176065651306938,0.0,4.0,0.842250114666594,-0.04838969663670345
dpo_center_reference_half_b100_s0,dpo,center,reference_half,0.9,0.8,0.8,0.45,0.0,251,1,25,0.1386824914618089,0.21340400323082104,0.614608862061268,5.0,0.9552578256298924,0.138869186019598,-0.0001866945577891077,0.223389038359329,-0.009985035128507957,0.6373951099743672,-0.022786247913099245,4.0,1.0,0.9014852412779798,0.05377258435191257
dpo_center_reference_half_b100_s0,dpo,center,reference_half,0.9,0.8,0.8,0.45,0.0,612,1,25,0.1420517530399057,0.18408175015552644,0.593190920087851,6.0,0.6839524223858631,0.16175073023095898,-0.01969897719105329,0.22669536797201292,-0.04261361781648648,0.5855894298209398,0.007601490266911259,7.0,-1.0,0.6825148119164952,0.001437610469367856
dpo_center_reference_half_b100_s0,dpo,center,reference_half,0.9,0.8,0.8,0.45,0.0,737,1,25,0.11020623944608653,0.15198081090490426,0.7310988687684739,1.0,0.8154393532136527,0.11487715245314466,-0.004670913007058131,0.15178162571509551,0.00019918518980874267,0.6846138518754041,0.04648501689306972,1.0,0.0,0.900535395986432,-0.08509604277277927
dpo_center_reference_half_b100_s0,dpo,center,reference_half,0.9,0.8,0.8,0.45,0.0,867,1,25,0.10403401109195733,0.15081263153015612,0.5658867320921035,7.0,0.6746189279284935,0.11493899280803575,-0.010904981716078427,0.179927047356294,-0.029114415826137885,0.627182590530897,-0.06129585843879348,7.0,0.0,0.6499061366237298,0.02471279130476378
dpo_center_reference_half_b100_s0,dpo,center,reference_half,0.9,0.8,0.8,0.45,0.0,945,1,25,0.11877364304233484,0.1105303109291613,0.49909771607292686,5.0,1.0085800492019843,0.11948078896214501,-0.0007071459198101648,0.1402336119066074,-0.029703300977446112,0.5205849864017715,-0.021487270328844676,9.0,-4.0,0.9351184606764659,0.07346158852551843
dpo_center_reference_half_b100_s0,dpo,center,reference_half,0.9,0.8,0.8,0.45,0.0,54,26,50,0.07055171839764977,0.0594114486915983,0.5327104938295613,2.0,0.6807346057660874,0.06591261999647763,0.004639098401172145,0.06301099726878953,-0.0035995485771912333,0.5296175272434823,0.003092966586078938,4.0,-2.0,0.7257838981845157,-0.045049292418428366
dpo_center_reference_half_b100_s0,dpo,center,reference_half,0.9,0.8,0.8,0.45,0.0,251,26,50,0.09125240464381976,0.15479740722165916,0.5021809735253716,7.0,1.0439672105181355,0.1353385737107311,-0.044086169066911346,0.20345862914603963,-0.048661221924380466,0.6170588082119886,-0.11487783468661694,5.0,2.0,0.9546896282360917,0.08927758228204374
dpo_center_reference_half_b100_s0,dpo,center,reference_half,0.9,0.8,0.8,0.45,0.0,612,26,50,0.09594108448658173,0.13622105728142747,0.5132848655753186,3.0,0.6729692390097928,0.0996250694255928,-0.0036839849390110646,0.12324487908427124,0.012976178197156227,0.502859943170985,0.01042492240433357,3.0,0.0,0.6093826549874045,0.06358658402238826
dpo_center_reference_half_b100_s0,dpo,center,reference_half,0.9,0.8,0.8,0.45,0.0,737,26,50,0.09713843958215987,0.0906387730340576,0.41581338946050567,7.0,0.9925979546404667,0.08164854811490688,0.015489891467252992,0.08527574861205608,0.005363024422001511,0.4615312011353307,-0.045717811674825026,3.0,4.0,0.900901060676493,0.09169689396397374
dpo_center_reference_half_b100_s0,dpo,center,reference_half,0.9,0.8,0.8,0.45,0.0,867,26,50,0.08358614892981298,0.11882808176164507,0.5341133299014778,2.0,0.5770298297741712,0.0952721006658018,-0.011685951735988825,0.14432293542099722,-0.025494853659352154,0.5516665826089578,-0.017553252707480094,3.0,-1.0,0.5458945581139065,0.03113527166026464
dpo_center_reference_half_b100_s0,dpo,center,reference_half,0.9,0.8,0.8,0.45,0.0,945,26,50,0.08694968377769528,0.07387128176452147,0.3857283299120654,4.0,1.0025428850405165,0.0876845274804948,-0.0007348437027995119,0.08001027289512397,-0.0061389911306024975,0.3950655278286114,-0.00933719791654597,7.0,-3.0,1.0557983350569806,-0.053255450016464145
dpo_center_reference_half_b100_s0,dpo,center,reference_half,0.9,0.8,0.8,0.45,0.0,54,51,75,0.06276479824055885,0.05979923269809696,0.4423931100622689,3.0,0.7691090789367379,0.07157669869173051,-0.008811900451171667,0.0743474721270827,-0.01454823942898574,0.478584964941459,-0.03619185487919013,3.0,0.0,0.7545033762105668,0.01460570272617101
dpo_center_reference_half_b100_s0,dpo,center,reference_half,0.9,0.8,0.8,0.45,0.0,251,51,75,0.06281864711572377,0.04805764740222248,0.38970942709721484,10.0,0.9732742191060698,0.08367556150170186,-0.020856914385978087,0.12606249768748373,-0.07800485028526125,0.5178256695091994,-0.12811624241198455,4.0,6.0,0.8683793677645503,0.10489485134151955
dpo_center_reference_half_b100_s0,dpo,center,reference_half,0.9,0.8,0.8,0.45,0.0,612,51,75,0.0706107932949396,0.07709204409871272,0.453509874727471,5.0,0.7225180811456692,0.07925721630481722,-0.008646423009877613,0.0901221934055719,-0.013030149306859182,0.48796212641620024,-0.03445225168872923,4.0,1.0,0.6717363916698175,0.05078168947585171
dpo_center_reference_half_b100_s0,dpo,center,reference_half,0.9,0.8,0.8,0.45,0.0,737,51,75,0.07289840797577479,0.05247194767148563,0.43306042733935163,0.0,0.8930304825151438,0.09320464905974093,-0.020306241083966142,0.1214832733519032,-0.06901132568041757,0.42942824234119087,0.003632184998160759,6.0,-6.0,0.7191506229116749,0.17387985960346897
dpo_center_reference_half_b100_s0,dpo,center,reference_half,0.9,0.8,0.8,0.45,0.0,867,51,75,0.07624615007604997,0.0790599711860529,0.44342653002181004,6.0,0.772742609804385,0.06842638081912128,0.00781976925692869,0.08093288170081758,-0.0018729105147646807,0.48472878260884245,-0.041302252587032406,4.0,2.0,0.7358963396226286,0.03684627018175646
dpo_center_reference_half_b100_s0,dpo,center,reference_half,0.9,0.8,0.8,0.45,0.0,945,51,75,0.07226925899021579,0.04925311922352517,0.3641289677578273,7.0,1.0398708076013432,0.07575660074872212,-0.003487341758506332,0.07744192671387765,-0.028188807490352477,0.38021752562466105,-0.01608855786683372,6.0,1.0,1.1189374096687819,-0.07906660206743865
dpo_center_reference_half_b100_s0,dpo,center,reference_half,0.9,0.8,0.8,0.45,0.0,54,76,100,0.06818963712203452,0.04413548599174251,0.48749778267152094,1.0,0.8161939109093886,0.06360834879992308,0.0045812883221114375,0.06852764877402356,-0.024392162782281054,0.4891999353387302,-0.0017021526672092446,1.0,0.0,0.7852312942058282,0.030962616703560486
dpo_center_reference_half_b100_s0,dpo,center,reference_half,0.9,0.8,0.8,0.45,0.0,251,76,100,0.07851773436224876,0.0682497927663926,0.4266906226506345,6.0,0.9253351428000339,0.07489633386510809,0.0036214004971406727,0.07757630627257184,-0.009326513506179232,0.4347587862610605,-0.008068163610426005,5.0,1.0,0.9375946821513829,-0.012259539351348936
dpo_center_reference_half_b100_s0,dpo,center,reference_half,0.9,0.8,0.8,0.45,0.0,612,76,100,0.06833431391972465,0.061810148365696344,0.4628848612916218,6.0,0.7695077175729115,0.05486339699035528,0.013470916929369373,0.0414867111945736,0.02032343717112274,0.4460492084016671,0.0168356528899547,5.0,1.0,0.7593613938819962,0.010146323690915282
dpo_center_reference_half_b100_s0,dpo,center,reference_half,0.9,0.8,0.8,0.45,0.0,737,76,100,0.08967677362523054,0.07103885422761488,0.42103350906400705,4.0,0.9171422621346617,0.08411078394860803,0.0055659896766225014,0.0811147127068307,-0.010075858479215813,0.4041936057695703,0.016839903294436742,8.0,-4.0,0.8755197833883757,0.041622478746285996
dpo_center_reference_half_b100_s0,dpo,center,reference_half,0.9,0.8,0.8,0.45,0.0,867,76,100,0.0790061226571262,0.08027147450629636,0.4532425780723329,9.0,0.7308404744118357,0.09793703541802726,-0.01893091276090106,0.1352313619288501,-0.05495988742255374,0.5376689091401067,-0.08442633106777375,6.0,3.0,0.6790884123110841,0.05175206210075167
dpo_center_reference_half_b100_s0,dpo,center,reference_half,0.9,0.8,0.8,0.45,0.0,945,76,100,0.08989302429653159,0.11401694165463819,0.42596902682948334,5.0,1.0705953017069525,0.08691727316316283,0.002975751133368759,0.13139288231799076,-0.017375940663352574,0.4582937934199823,-0.03232476659049893,3.0,2.0,1.029802097169734,0.040793204537218575
dpo_center_reference_half_b100_s0,dpo,center,reference_half,0.9,0.8,0.8,0.45,0.0,54,51,100,0.06547721768129669,0.059783486640204116,0.46494544636689505,4.0,0.7926514949230631,0.06759252374582679,-0.002115306064530101,0.07417905332739774,-0.014395566687193627,0.48389245014009463,-0.018947003773199578,4.0,0.0,0.7698673352081975,0.02278415971486558
dpo_center_reference_half_b100_s0,dpo,center,reference_half,0.9,0.8,0.8,0.45,0.0,251,51,100,0.07066819073898628,0.06817053127552701,0.4082000248739248,16.0,0.949304680953052,0.07928594768340497,-0.008617756944418686,0.10978336788229734,-0.04161283660677033,0.47629222788513004,-0.06809220301120522,9.0,7.0,0.9029870249579665,0.04631765599508553
dpo_center_reference_half_b100_s0,dpo,center,reference_half,0.9,0.8,0.8,0.45,0.0,612,51,100,0.06947255360733214,0.085387430353907,0.4581973680095464,11.0,0.7460128993592902,0.06706030664758622,0.0024122469597459145,0.07878177568592157,0.006605654667985433,0.4670056674089338,-0.008808299399387376,9.0,2.0,0.7155488927759069,0.03046400658338322
dpo_center_reference_half_b100_s0,dpo,center,reference_half,0.9,0.8,0.8,0.45,0.0,737,51,100,0.08128759080050267,0.06393451552702495,0.4270469682016795,4.0,0.9050863723249027,0.08865771650417445,-0.007370125703671779,0.10791862587605829,-0.04398411034903334,0.4168109240553805,0.010236044146298973,14.0,-10.0,0.7973352031500253,0.10775116917487748
dpo_center_reference_half_b100_s0,dpo,center,reference_half,0.9,0.8,0.8,0.45,0.0,867,51,100,0.0776261363665881,0.0803785302564036,0.4483345540470714,15.0,0.7517915421081106,0.08318170811857428,-0.005555571751986177,0.11297059497083167,-0.032592064714428076,0.5111988458744746,-0.06286429182740322,10.0,5.0,0.7074923759668563,0.04429916614125429
dpo_center_reference_half_b100_s0,dpo,center,reference_half,0.9,0.8,0.8,0.45,0.0,945,51,100,0.08108114164337371,0.09630300011293366,0.3950489972936553,12.0,1.055233054654148,0.08133693695594248,-0.00025579531256876564,0.11630252632374236,-0.019999526210808694,0.41925565952232163,-0.024206662228666354,9.0,3.0,1.0743697534192578,-0.019136698765109816
dpo_center_reference_max_b100_s0,dpo,center,reference_max,0.9,0.8,0.8,0.9,0.0,54,1,25,0.10936487317408763,0.13557961939363808,0.6690999889292774,5.0,0.7886086004511386,0.07788229668552864,0.031482576488559,0.10545589612575511,0.03012372326788297,0.7205125639508725,-0.05141257502159513,0.0,5.0,0.842250114666594,-0.05364151421545549
dpo_center_reference_max_b100_s0,dpo,center,reference_max,0.9,0.8,0.8,0.9,0.0,251,1,25,0.1603239761277719,0.19993478613437063,0.6356059791232876,4.0,0.9787400259698448,0.138869186019598,0.021454790108173916,0.223389038359329,-0.023454252224958366,0.6373951099743672,-0.0017891308510795678,4.0,0.0,0.9014852412779798,0.07725478469186497
dpo_center_reference_max_b100_s0,dpo,center,reference_max,0.9,0.8,0.8,0.9,0.0,612,1,25,0.1416684645564015,0.17683216453428002,0.7245130186076958,1.0,0.5959987365135185,0.16175073023095898,-0.02008226567455748,0.22669536797201292,-0.0498632034377329,0.5855894298209398,0.13892358878675604,7.0,-6.0,0.6825148119164952,-0.08651607540297668
dpo_center_reference_max_b100_s0,dpo,center,reference_max,0.9,0.8,0.8,0.9,0.0,737,1,25,0.1526719370124022,0.1584787613530038,0.7254824248503458,3.0,0.8054250491004211,0.11487715245314466,0.03779478455925754,0.15178162571509551,0.006697135637908275,0.6846138518754041,0.04086857297494162,1.0,2.0,0.900535395986432,-0.09511034688601083
dpo_center_reference_max_b100_s0,dpo,center,reference_max,0.9,0.8,0.8,0.9,0.0,867,1,25,0.24282261893646503,0.1539448457165572,0.5969504385359573,13.0,0.7077386384414871,0.11493899280803575,0.1278836261284293,0.179927047356294,-0.0259822016397368,0.627182590530897,-0.03023215199493967,7.0,6.0,0.6499061366237298,0.05783250181775734
dpo_center_reference_max_b100_s0,dpo,center,reference_max,0.9,0.8,0.8,0.9,0.0,945,1,25,0.16235702069308025,0.10264428006338447,0.5298354032987092,7.0,1.0721488004956756,0.11948078896214501,0.042876231730935244,0.1402336119066074,-0.03758933184322294,0.5205849864017715,0.009250416896937619,9.0,-2.0,0.9351184606764659,0.13703033981920976
dpo_center_reference_max_b100_s0,dpo,center,reference_max,0.9,0.8,0.8,0.9,0.0,54,26,50,0.2649987359989986,0.08643244479055406,0.5587526189204826,14.0,0.6839262113990475,0.06591261999647763,0.19908611600252096,0.06301099726878953,0.023421447521764532,0.5296175272434823,0.029135091677000235,4.0,10.0,0.7257838981845157,-0.041857686785468196
dpo_center_reference_max_b100_s0,dpo,center,reference_max,0.9,0.8,0.8,0.9,0.0,251,26,50,0.165753186527713,0.12165153328132608,0.42511374250047185,7.0,1.0909646559539121,0.1353385737107311,0.030414612816981906,0.20345862914603963,-0.08180709586471355,0.6170588082119886,-0.1919450657115167,5.0,2.0,0.9546896282360917,0.1362750277178204
dpo_center_reference_max_b100_s0,dpo,center,reference_max,0.9,0.8,0.8,0.9,0.0,612,26,50,0.1879313011571174,0.0893555589894865,0.4417722891579175,16.0,0.8413102048163197,0.0996250694255928,0.0883062317315246,0.12324487908427124,-0.03388932009478475,0.502859943170985,-0.06108765401306754,3.0,13.0,0.6093826549874045,0.23192754982891517
dpo_center_reference_max_b100_s0,dpo,center,reference_max,0.9,0.8,0.8,0.9,0.0,737,26,50,0.201683702306582,0.12822231400283704,0.43197227255751913,18.0,0.8940413026819967,0.08164854811490688,0.12003515419167513,0.08527574861205608,0.042946565390780955,0.4615312011353307,-0.02955892857781156,3.0,15.0,0.900901060676493,-0.0068597579944963405
dpo_center_reference_max_b100_s0,dpo,center,reference_max,0.9,0.8,0.8,0.9,0.0,867,26,50,0.13335510012660523,0.06110888908376414,0.5127006526556097,8.0,0.5060524258242303,0.0952721006658018,0.03808299946080343,0.14432293542099722,-0.08321404633723309,0.5516665826089578,-0.03896592995334813,3.0,5.0,0.5458945581139065,-0.03984213228967626
dpo_center_reference_max_b100_s0,dpo,center,reference_max,0.9,0.8,0.8,0.9,0.0,945,26,50,0.13529414895849196,0.062893118851153,0.3691806012470029,15.0,1.00826181310419,0.0876845274804948,0.04760962147799716,0.08001027289512397,-0.017117154043970975,0.3950655278286114,-0.02588492658160846,7.0,8.0,1.0557983350569806,-0.04753652195279057
dpo_center_reference_max_b100_s0,dpo,center,reference_max,0.9,0.8,0.8,0.9,0.0,54,51,75,0.14298828256868007,0.07738839503240934,0.5104772114136139,1.0,0.7640414613417826,0.07157669869173051,0.07141158387694956,0.0743474721270827,0.0030409229053266346,0.478584964941459,0.031892246472154884,3.0,-2.0,0.7545033762105668,0.00953808513121579
dpo_center_reference_max_b100_s0,dpo,center,reference_max,0.9,0.8,0.8,0.9,0.0,251,51,75,0.17556396387929518,0.08250834616101342,0.40145621617113475,15.0,1.015389963914206,0.08367556150170186,0.09188840237759333,0.12606249768748373,-0.04355415152647031,0.5178256695091994,-0.11636945333806464,4.0,11.0,0.8683793677645503,0.14701059614965584
dpo_center_reference_max_b100_s0,dpo,center,reference_max,0.9,0.8,0.8,0.9,0.0,612,51,75,0.12613042782589517,0.05974055866174091,0.462224464560369,4.0,0.741514013240698,0.07925721630481722,0.046873211521077957,0.0901221934055719,-0.030381634743830987,0.48796212641620024,-0.025737661855831262,4.0,0.0,0.6717363916698175,0.06977762157088052
dpo_center_reference_max_b100_s0,dpo,center,reference_max,0.9,0.8,0.8,0.9,0.0,737,51,75,0.15862086252943958,0.06306670720657184,0.4141336094331637,8.0,0.7876630845458792,0.09320464905974093,0.06541621346969864,0.1214832733519032,-0.05841656614533136,0.42942824234119087,-0.015294632908027184,6.0,2.0,0.7191506229116749,0.06851246163420432
dpo_center_reference_max_b100_s0,dpo,center,reference_max,0.9,0.8,0.8,0.9,0.0,867,51,75,0.08800765332331412,0.03528168321711461,0.4279271436148014,15.0,0.5553904138755037,0.06842638081912128,0.019581272504192837,0.08093288170081758,-0.04565119848370297,0.48472878260884245,-0.05680163899404106,4.0,11.0,0.7358963396226286,-0.18050592574712487
dpo_center_reference_max_b100_s0,dpo,center,reference_max,0.9,0.8,0.8,0.9,0.0,945,51,75,0.08851939909802457,0.05000397115635312,0.3650764544331889,6.0,1.11448416164395,0.07575660074872212,0.012762798349302454,0.07744192671387765,-0.027437955557524527,0.38021752562466105,-0.015141071191472122,6.0,0.0,1.1189374096687819,-0.004453248024831824
dpo_center_reference_max_b100_s0,dpo,center,reference_max,0.9,0.8,0.8,0.9,0.0,54,76,100,0.06842765582520897,0.062436994914855215,0.47417461779768993,2.0,0.7751105719969077,0.06360834879992308,0.004819307025285893,0.06852764877402356,-0.006090653859168349,0.4891999353387302,-0.01502531754104025,1.0,1.0,0.7852312942058282,-0.010120722208920463
dpo_center_reference_max_b100_s0,dpo,center,reference_max,0.9,0.8,0.8,0.9,0.0,251,76,100,0.10828085865758394,0.043698426913143816,0.42267051357358076,10.0,0.9054951027040731,0.07489633386510809,0.03338452479247585,0.07757630627257184,-0.03387787935942802,0.4347587862610605,-0.01208827268747975,5.0,5.0,0.9375946821513829,-0.03209957944730979
dpo_center_reference_max_b100_s0,dpo,center,reference_max,0.9,0.8,0.8,0.9,0.0,612,76,100,0.09402139868947788,0.07110041696706808,0.45635179634622747,1.0,0.8326137291948021,0.05486339699035528,0.039158001699122605,0.0414867111945736,0.029613705772494475,0.4460492084016671,0.010302587944560349,5.0,-4.0,0.7593613938819962,0.07325233531280595
dpo_center_reference_max_b100_s0,dpo,center,reference_max,0.9,0.8,0.8,0.9,0.0,737,76,100,0.11105924515658022,0.05596026968834119,0.3886429977805567,11.0,0.8281274536074625,0.08411078394860803,0.026948461207972188,0.0811147127068307,-0.025154443018489507,0.4041936057695703,-0.015550607989013587,8.0,3.0,0.8755197833883757,-0.04739232978091312
dpo_center_reference_max_b100_s0,dpo,center,reference_max,0.9,0.8,0.8,0.9,0.0,867,76,100,0.12070201567417295,0.05639865102037348,0.47298379318688943,12.0,0.6042629214606955,0.09793703541802726,0.022764980256145692,0.1352313619288501,-0.07883271090847663,0.5376689091401067,-0.06468511595321724,6.0,6.0,0.6790884123110841,-0.07482549085038859
dpo_center_reference_max_b100_s0,dpo,center,reference_max,0.9,0.8,0.8,0.9,0.0,945,76,100,0.08642586182971972,0.07645556042828466,0.36609105890545407,11.0,1.0924460419119908,0.08691727316316283,-0.0004914113334431175,0.13139288231799076,-0.0549373218897061,0.4582937934199823,-0.0922027345145282,3.0,8.0,1.029802097169734,0.06264394474225687
dpo_center_reference_max_b100_s0,dpo,center,reference_max,0.9,0.8,0.8,0.9,0.0,54,51,100,0.10570796919694456,0.0784734345102658,0.4923259146056519,3.0,0.769576016669345,0.06759252374582679,0.038115445451117766,0.07417905332739774,0.004294381182868054,0.48389245014009463,0.008433464465557261,4.0,-1.0,0.7698673352081975,-0.0002913185388524475
dpo_center_reference_max_b100_s0,dpo,center,reference_max,0.9,0.8,0.8,0.9,0.0,251,51,100,0.14192241126843957,0.07691506731620507,0.4120633648723578,25.0,0.9604425333091398,0.07928594768340497,0.06263646358503461,0.10978336788229734,-0.03286830056609227,0.47629222788513004,-0.06422886301277225,9.0,16.0,0.9029870249579665,0.0574555083511733
dpo_center_reference_max_b100_s0,dpo,center,reference_max,0.9,0.8,0.8,0.9,0.0,612,51,100,0.11007591325768655,0.08821693443076815,0.45928813045329825,5.0,0.7870638712177499,0.06706030664758622,0.04301560661010033,0.07878177568592157,0.009435158744846586,0.4670056674089338,-0.00771753695563554,9.0,-4.0,0.7155488927759069,0.07151497844184296
dpo_center_reference_max_b100_s0,dpo,center,reference_max,0.9,0.8,0.8,0.9,0.0,737,51,100,0.1348400538430099,0.06106969969342922,0.40138830360686,19.0,0.8078952690766709,0.08865771650417445,0.04618233733883545,0.10791862587605829,-0.046848926182629064,0.4168109240553805,-0.015422620448520497,14.0,5.0,0.7973352031500253,0.010560065926645601
dpo_center_reference_max_b100_s0,dpo,center,reference_max,0.9,0.8,0.8,0.9,0.0,867,51,100,0.10435483449874358,0.04920396614412988,0.4504554684008454,27.0,0.5798266676680999,0.08318170811857428,0.0211731263801693,0.11297059497083167,-0.06376662882670178,0.5111988458744746,-0.060743377473629234,10.0,17.0,0.7074923759668563,-0.12766570829875645
dpo_center_reference_max_b100_s0,dpo,center,reference_max,0.9,0.8,0.8,0.9,0.0,945,51,100,0.08747263046387213,0.07632361232092347,0.3655837566693215,17.0,1.1034651017779706,0.08133693695594248,0.006135693507929654,0.11630252632374236,-0.03997891400281889,0.41925565952232163,-0.05367190285300011,9.0,8.0,1.0743697534192578,0.029095348358712858
dpo_center_feedback_half_b100_s0,dpo,center,feedback_half,0.9,0.8,0.8,0.0,0.5,54,1,25,0.07356141362497036,0.10176225229842865,0.6908058781099611,0.0,0.8420041269253206,0.07788229668552864,-0.004320883060558278,0.10545589612575511,-0.003693643827326454,0.7205125639508725,-0.029706685840911407,0.0,0.0,0.842250114666594,-0.0002459877412734901
dpo_center_feedback_half_b100_s0,dpo,center,feedback_half,0.9,0.8,0.8,0.0,0.5,251,1,25,0.12936018140972835,0.16268997956623735,0.5334661846324847,6.0,1.0514074607411386,0.138869186019598,-0.009509004609869642,0.223389038359329,-0.06069905879309165,0.6373951099743672,-0.10392892534188247,4.0,2.0,0.9014852412779798,0.14992221946315876
dpo_center_feedback_half_b100_s0,dpo,center,feedback_half,0.9,0.8,0.8,0.0,0.5,612,1,25,0.13205496093109348,0.171548154237987,0.526450971780425,6.0,0.7334313321965169,0.16175073023095898,-0.029695769299865504,0.22669536797201292,-0.055147213734025924,0.5855894298209398,-0.05913845804051476,7.0,-1.0,0.6825148119164952,0.05091652028002169
dpo_center_feedback_half_b100_s0,dpo,center,feedback_half,0.9,0.8,0.8,0.0,0.5,737,1,25,0.1027250503351425,0.13172739317416268,0.6503492237411355,1.0,0.9718321147649792,0.11487715245314466,-0.012152102118002162,0.15178162571509551,-0.02005423254093283,0.6846138518754041,-0.03426462813426867,1.0,0.0,0.900535395986432,0.07129671877854726
dpo_center_feedback_half_b100_s0,dpo,center,feedback_half,0.9,0.8,0.8,0.0,0.5,867,1,25,0.11223679797791401,0.17436351122887528,0.6257972467647508,5.0,0.6680129736298713,0.11493899280803575,-0.0027021948301217402,0.179927047356294,-0.005563536127418722,0.627182590530897,-0.0013853437661461854,7.0,-2.0,0.6499061366237298,0.018106837006141574
dpo_center_feedback_half_b100_s0,dpo,center,feedback_half,0.9,0.8,0.8,0.0,0.5,945,1,25,0.11470732942878965,0.12489868016080355,0.5183911022408773,4.0,0.948606494971524,0.11948078896214501,-0.004773459533355354,0.1402336119066074,-0.01533493174580386,0.5205849864017715,-0.002193884160894277,9.0,-5.0,0.9351184606764659,0.013488034295058182
dpo_center_feedback_half_b100_s0,dpo,center,feedback_half,0.9,0.8,0.8,0.0,0.5,54,26,50,0.07096833344138648,0.06408947186542349,0.5177533008993005,4.0,0.6935821683123697,0.06591261999647763,0.005055713444908849,0.06301099726878953,0.0010784745966339604,0.5296175272434823,-0.011864226344181827,4.0,0.0,0.7257838981845157,-0.03220172987214598
dpo_center_feedback_half_b100_s0,dpo,center,feedback_half,0.9,0.8,0.8,0.0,0.5,251,26,50,0.10261270341899766,0.11573255164469773,0.4468459184259443,7.0,1.0661732898127096,0.1353385737107311,-0.03272587029173345,0.20345862914603963,-0.0877260775013419,0.6170588082119886,-0.17021288978604426,5.0,2.0,0.9546896282360917,0.11148366157661793
dpo_center_feedback_half_b100_s0,dpo,center,feedback_half,0.9,0.8,0.8,0.0,0.5,612,26,50,0.08201896445921157,0.07561480000339187,0.47659933362888895,2.0,0.670576105301335,0.0996250694255928,-0.017606104966381222,0.12324487908427124,-0.04763007908087938,0.502859943170985,-0.02626060954209608,3.0,-1.0,0.6093826549874045,0.06119345031393053
dpo_center_feedback_half_b100_s0,dpo,center,feedback_half,0.9,0.8,0.8,0.0,0.5,737,26,50,0.08866711395921832,0.08281722998326167,0.42471582788994366,5.0,0.8698001682653773,0.08164854811490688,0.007018565844311445,0.08527574861205608,-0.002458518628794412,0.4615312011353307,-0.03681537324538703,3.0,2.0,0.900901060676493,-0.031100892411115688
dpo_center_feedback_half_b100_s0,dpo,center,feedback_half,0.9,0.8,0.8,0.0,0.5,867,26,50,0.09757073947128843,0.10528039138054485,0.5296814010713283,3.0,0.5719117816413024,0.0952721006658018,0.0022986388054866275,0.14432293542099722,-0.039042544040452376,0.5516665826089578,-0.021985181537629517,3.0,0.0,0.5458945581139065,0.026017223527395883
dpo_center_feedback_half_b100_s0,dpo,center,feedback_half,0.9,0.8,0.8,0.0,0.5,945,26,50,0.08243597944919193,0.06594915740790945,0.3641852291220782,8.0,1.0824817462797505,0.0876845274804948,-0.005248548031302869,0.08001027289512397,-0.014061115487214518,0.3950655278286114,-0.030880298706533194,7.0,1.0,1.0557983350569806,0.02668341122276985
dpo_center_feedback_half_b100_s0,dpo,center,feedback_half,0.9,0.8,0.8,0.0,0.5,54,51,75,0.07484487406549822,0.07581287773854865,0.4641579358286443,5.0,0.7703646543264362,0.07157669869173051,0.0032681753737677094,0.0743474721270827,0.0014654056114659503,0.478584964941459,-0.014427029112814738,3.0,2.0,0.7545033762105668,0.01586127811586935
dpo_center_feedback_half_b100_s0,dpo,center,feedback_half,0.9,0.8,0.8,0.0,0.5,251,51,75,0.06374472733127697,0.059462784110844644,0.4158065126723018,10.0,0.9029086939423011,0.08367556150170186,-0.01993083417042489,0.12606249768748373,-0.06659971357663909,0.5178256695091994,-0.1020191568368976,4.0,6.0,0.8683793677645503,0.03452932617775084
dpo_center_feedback_half_b100_s0,dpo,center,feedback_half,0.9,0.8,0.8,0.0,0.5,612,51,75,0.06757363091225861,0.07113503397869313,0.4949790183701717,3.0,0.6864797557099119,0.07925721630481722,-0.011683585392558607,0.0901221934055719,-0.018987159426878772,0.48796212641620024,0.0070168919539714825,4.0,-1.0,0.6717363916698175,0.014743364040094464
dpo_center_feedback_half_b100_s0,dpo,center,feedback_half,0.9,0.8,0.8,0.0,0.5,737,51,75,0.08587660666584124,0.10483412127511593,0.45376878867030146,4.0,0.7597051697418061,0.09320464905974093,-0.0073280423938996975,0.1214832733519032,-0.01664915207678727,0.42942824234119087,0.02434054632911059,6.0,-2.0,0.7191506229116749,0.040554546830131266
dpo_center_feedback_half_b100_s0,dpo,center,feedback_half,0.9,0.8,0.8,0.0,0.5,867,51,75,0.07921985289171783,0.07571590005466254,0.43458868479279594,6.0,0.7227026593174588,0.06842638081912128,0.010793472072596552,0.08093288170081758,-0.005216981646155042,0.48472878260884245,-0.0501400978160465,4.0,2.0,0.7358963396226286,-0.013193680305169764
dpo_center_feedback_half_b100_s0,dpo,center,feedback_half,0.9,0.8,0.8,0.0,0.5,945,51,75,0.07929819990306237,0.0850904202277944,0.38257896985247664,8.0,1.085268381707948,0.07575660074872212,0.0035415991543402553,0.07744192671387765,0.007648493513916749,0.38021752562466105,0.00236144422781559,6.0,2.0,1.1189374096687819,-0.03366902796083382
dpo_center_feedback_half_b100_s0,dpo,center,feedback_half,0.9,0.8,0.8,0.0,0.5,54,76,100,0.06662580587543636,0.06095733846885927,0.49813595392643056,2.0,0.7924772797968741,0.06360834879992308,0.0030174570755132774,0.06852764877402356,-0.007570310305164293,0.4891999353387302,0.008936018587700378,1.0,1.0,0.7852312942058282,0.007245985591045945
dpo_center_feedback_half_b100_s0,dpo,center,feedback_half,0.9,0.8,0.8,0.0,0.5,251,76,100,0.07069701281927368,0.06881662493498668,0.42014795395697363,4.0,0.9023688231389309,0.07489633386510809,-0.004199321045834412,0.07757630627257184,-0.00875968133758516,0.4347587862610605,-0.014610832304086885,5.0,-1.0,0.9375946821513829,-0.03522585901245201
dpo_center_feedback_half_b100_s0,dpo,center,feedback_half,0.9,0.8,0.8,0.0,0.5,612,76,100,0.06560219081480667,0.04688774847295615,0.4440656450417009,8.0,0.7503052817671619,0.05486339699035528,0.010738793824451393,0.0414867111945736,0.0054010372783825505,0.4460492084016671,-0.001983563359966245,5.0,3.0,0.7593613938819962,-0.009056112114834258
dpo_center_feedback_half_b100_s0,dpo,center,feedback_half,0.9,0.8,0.8,0.0,0.5,737,76,100,0.07386991493463868,0.08472324291872552,0.4099415556497984,3.0,0.9126544970401704,0.08411078394860803,-0.010240869013969353,0.0811147127068307,0.00360853021189482,0.4041936057695703,0.005747949880228087,8.0,-5.0,0.8755197833883757,0.03713471365179477
dpo_center_feedback_half_b100_s0,dpo,center,feedback_half,0.9,0.8,0.8,0.0,0.5,867,76,100,0.08654228919627562,0.09811250405289182,0.4765155331835919,6.0,0.7304237745144572,0.09793703541802726,-0.011394746221751642,0.1352313619288501,-0.03711885787595828,0.5376689091401067,-0.061153375956514766,6.0,0.0,0.6790884123110841,0.05133536220337309
dpo_center_feedback_half_b100_s0,dpo,center,feedback_half,0.9,0.8,0.8,0.0,0.5,945,76,100,0.07549652677980358,0.0672858295716312,0.38048845781436746,6.0,1.0618244515808735,0.08691727316316283,-0.011420746383359257,0.13139288231799076,-0.06410705274635956,0.4582937934199823,-0.07780533560561481,3.0,3.0,1.029802097169734,0.03202235441113954
dpo_center_feedback_half_b100_s0,dpo,center,feedback_half,0.9,0.8,0.8,0.0,0.5,54,51,100,0.07073533997046728,0.07155765828056744,0.48114694487753745,7.0,0.7814209670616552,0.06759252374582679,0.0031428162246404934,0.07417905332739774,-0.002621395046830302,0.48389245014009463,-0.0027455052625571796,4.0,3.0,0.7698673352081975,0.011553631853457702
dpo_center_feedback_half_b100_s0,dpo,center,feedback_half,0.9,0.8,0.8,0.0,0.5,251,51,100,0.06722087007527532,0.06823108833565722,0.41797723331463793,14.0,0.9026387585406159,0.07928594768340497,-0.012065077608129651,0.10978336788229734,-0.04155227954664012,0.47629222788513004,-0.05831499457049211,9.0,5.0,0.9029870249579665,-0.000348266417350529
dpo_center_feedback_half_b100_s0,dpo,center,feedback_half,0.9,0.8,0.8,0.0,0.5,612,51,100,0.06658791086353265,0.07702453837655418,0.46952233170593627,11.0,0.7183925187385367,0.06706030664758622,-0.0004723957840535725,0.07878177568592157,-0.0017572373093673876,0.4670056674089338,0.00251666429700248,9.0,2.0,0.7155488927759069,0.00284362596262977
dpo_center_feedback_half_b100_s0,dpo,center,feedback_half,0.9,0.8,0.8,0.0,0.5,737,51,100,0.07987326080023997,0.09920783444150814,0.43185517216005,7.0,0.8361798333909882,0.08865771650417445,-0.008784455703934477,0.10791862587605829,-0.008710791434550141,0.4168109240553805,0.015044248104669478,14.0,-7.0,0.7973352031500253,0.03884463024096296
dpo_center_feedback_half_b100_s0,dpo,center,feedback_half,0.9,0.8,0.8,0.0,0.5,867,51,100,0.08288107104399675,0.08936491355544576,0.4555521089881937,12.0,0.726563216915958,0.08318170811857428,-0.0003006370745775311,0.11297059497083167,-0.02360568141538591,0.5111988458744746,-0.05564673688628091,10.0,2.0,0.7074923759668563,0.01907084094910172
dpo_center_feedback_half_b100_s0,dpo,center,feedback_half,0.9,0.8,0.8,0.0,0.5,945,51,100,0.07739736334143299,0.08569684825281564,0.38153371383342205,14.0,1.0735464166444109,0.08133693695594248,-0.003939573614509487,0.11630252632374236,-0.03060567807092672,0.41925565952232163,-0.03772194568889958,9.0,5.0,1.0743697534192578,-0.0008233367748469167
dpo_center_feedback_one_b100_s0,dpo,center,feedback_one,0.9,0.8,0.8,0.0,1.0,54,1,25,0.0704055332260137,0.08165376884573819,0.677425337538727,0.0,0.8587245034299461,0.07788229668552864,-0.007476763459514937,0.10545589612575511,-0.02380212728001692,0.7205125639508725,-0.04308722641214546,0.0,0.0,0.842250114666594,0.016474388763352055
dpo_center_feedback_one_b100_s0,dpo,center,feedback_one,0.9,0.8,0.8,0.0,1.0,251,1,25,0.13683699298860547,0.16404315406934286,0.5284483909796556,4.0,1.0624794709915502,0.138869186019598,-0.0020321930309925296,0.223389038359329,-0.059345884289986134,0.6373951099743672,-0.10894671899471164,4.0,0.0,0.9014852412779798,0.16099422971357036
dpo_center_feedback_one_b100_s0,dpo,center,feedback_one,0.9,0.8,0.8,0.0,1.0,612,1,25,0.1304650726290309,0.14409163879657175,0.5277010895981362,6.0,0.7106497990189439,0.16175073023095898,-0.031285657601928085,0.22669536797201292,-0.08260372917544118,0.5855894298209398,-0.057888340222803536,7.0,-1.0,0.6825148119164952,0.02813498710244866
dpo_center_feedback_one_b100_s0,dpo,center,feedback_one,0.9,0.8,0.8,0.0,1.0,737,1,25,0.10087394119032389,0.12448965009513285,0.6482967195241744,1.0,0.9883227237720945,0.11487715245314466,-0.014003211262820767,0.15178162571509551,-0.02729197561996266,0.6846138518754041,-0.036317132351229686,1.0,0.0,0.900535395986432,0.08778732778566256
dpo_center_feedback_one_b100_s0,dpo,center,feedback_one,0.9,0.8,0.8,0.0,1.0,867,1,25,0.09976956998838188,0.12266736191127112,0.5434149560528833,3.0,0.7306160473895065,0.11493899280803575,-0.015169422819653874,0.179927047356294,-0.057259685445022884,0.627182590530897,-0.08376763447801372,7.0,-4.0,0.6499061366237298,0.08070991076577672
dpo_center_feedback_one_b100_s0,dpo,center,feedback_one,0.9,0.8,0.8,0.0,1.0,945,1,25,0.12564872447065548,0.11792676196072606,0.495903673129655,4.0,0.9719449621231503,0.11948078896214501,0.006167935508510469,0.1402336119066074,-0.02230684994588135,0.5205849864017715,-0.024681313272116534,9.0,-5.0,0.9351184606764659,0.03682650144668442
dpo_center_feedback_one_b100_s0,dpo,center,feedback_one,0.9,0.8,0.8,0.0,1.0,54,26,50,0.06366009426806878,0.0592283622874012,0.5319618697585405,2.0,0.7277648204902927,0.06591261999647763,-0.0022525257284088523,0.06301099726878953,-0.0037826349813883317,0.5296175272434823,0.0023443425150582176,4.0,-2.0,0.7257838981845157,0.0019809223057769554
dpo_center_feedback_one_b100_s0,dpo,center,feedback_one,0.9,0.8,0.8,0.0,1.0,251,26,50,0.08543708016312251,0.07339853808855928,0.38639020232538074,7.0,1.0798597732307058,0.1353385737107311,-0.04990149354760859,0.20345862914603963,-0.13006009105748034,0.6170588082119886,-0.2306686058866078,5.0,2.0,0.9546896282360917,0.1251701449946141
dpo_center_feedback_one_b100_s0,dpo,center,feedback_one,0.9,0.8,0.8,0.0,1.0,612,26,50,0.09680318129031681,0.07741568784855615,0.45661730572681025,5.0,0.6903188803677297,0.0996250694255928,-0.0028218881352759795,0.12324487908427124,-0.04582919123571509,0.502859943170985,-0.04624263744417478,3.0,2.0,0.6093826549874045,0.08093622538032519
dpo_center_feedback_one_b100_s0,dpo,center,feedback_one,0.9,0.8,0.8,0.0,1.0,737,26,50,0.09228637970945228,0.07588249248521611,0.45414879322750873,4.0,0.9302056921372355,0.08164854811490688,0.0106378315945454,0.08527574861205608,-0.009393256126839972,0.4615312011353307,-0.007382407907821964,3.0,1.0,0.900901060676493,0.02930463146074247
dpo_center_feedback_one_b100_s0,dpo,center,feedback_one,0.9,0.8,0.8,0.0,1.0,867,26,50,0.08153084815879605,0.07977645894235141,0.49377761802427556,5.0,0.598404276746948,0.0952721006658018,-0.013741252507005752,0.14432293542099722,-0.06454647647864581,0.5516665826089578,-0.05788896458468229,3.0,2.0,0.5458945581139065,0.052509718633041436
dpo_center_feedback_one_b100_s0,dpo,center,feedback_one,0.9,0.8,0.8,0.0,1.0,945,26,50,0.07795326084097387,0.06171817104184951,0.3756523590781825,5.0,1.0719129180801614,0.0876845274804948,-0.009731266639520925,0.08001027289512397,-0.018292101853274456,0.3950655278286114,-0.019413168750428866,7.0,-2.0,1.0557983350569806,0.016114583023180806
dpo_center_feedback_one_b100_s0,dpo,center,feedback_one,0.9,0.8,0.8,0.0,1.0,54,51,75,0.07001876954253626,0.06607776699862644,0.4461067652151187,5.0,0.7754638627940774,0.07157669869173051,-0.0015579291491942537,0.0743474721270827,-0.008269705128456262,0.478584964941459,-0.03247819972634031,3.0,2.0,0.7545033762105668,0.020960486583510574
dpo_center_feedback_one_b100_s0,dpo,center,feedback_one,0.9,0.8,0.8,0.0,1.0,251,51,75,0.08868936015912418,0.06684537111042449,0.4200115308609462,7.0,0.9434531540814881,0.08367556150170186,0.005013798657422325,0.12606249768748373,-0.05921712657705924,0.5178256695091994,-0.09781413864825317,4.0,3.0,0.8683793677645503,0.07507378631693784
dpo_center_feedback_one_b100_s0,dpo,center,feedback_one,0.9,0.8,0.8,0.0,1.0,612,51,75,0.07695906019381427,0.0656647384354273,0.4748744537838775,0.0,0.7083182538409054,0.07925721630481722,-0.0022981561110029525,0.0901221934055719,-0.024457454970144593,0.48796212641620024,-0.013087672632322744,4.0,-4.0,0.6717363916698175,0.03658186217108794
dpo_center_feedback_one_b100_s0,dpo,center,feedback_one,0.9,0.8,0.8,0.0,1.0,737,51,75,0.10668411991093504,0.09324403199872126,0.433432282852997,5.0,0.8155520615504736,0.09320464905974093,0.013479470851194109,0.1214832733519032,-0.02823924135318194,0.42942824234119087,0.0040040405118061395,6.0,-1.0,0.7191506229116749,0.09640143863879869
dpo_center_feedback_one_b100_s0,dpo,center,feedback_one,0.9,0.8,0.8,0.0,1.0,867,51,75,0.09005100986331005,0.06617378619881145,0.45009600820596063,8.0,0.7026821616957227,0.06842638081912128,0.02162462904418877,0.08093288170081758,-0.014759095502006131,0.48472878260884245,-0.034632774402881816,4.0,4.0,0.7358963396226286,-0.03321417792690584
dpo_center_feedback_one_b100_s0,dpo,center,feedback_one,0.9,0.8,0.8,0.0,1.0,945,51,75,0.07455307205520702,0.0637117854848087,0.387249317444514,2.0,1.0795704219031028,0.07575660074872212,-0.0012035286935151018,0.07744192671387765,-0.013730141229068946,0.38021752562466105,0.007031791819852973,6.0,-4.0,1.1189374096687819,-0.03936698776567904
dpo_center_feedback_one_b100_s0,dpo,center,feedback_one,0.9,0.8,0.8,0.0,1.0,54,76,100,0.06306134318211636,0.04460159865649597,0.45110675023919555,2.0,0.8078245707921826,0.06360834879992308,-0.0005470056178067256,0.06852764877402356,-0.023926050117527596,0.4891999353387302,-0.03809318509953463,1.0,1.0,0.7852312942058282,0.02259327658635446
dpo_center_feedback_one_b100_s0,dpo,center,feedback_one,0.9,0.8,0.8,0.0,1.0,251,76,100,0.08320488758562022,0.05993362952878033,0.40843689698187097,4.0,0.9300886973288879,0.07489633386510809,0.008308553720512132,0.07757630627257184,-0.01764267674379151,0.4347587862610605,-0.026321889279189548,5.0,-1.0,0.9375946821513829,-0.007505984822494982
dpo_center_feedback_one_b100_s0,dpo,center,feedback_one,0.9,0.8,0.8,0.0,1.0,612,76,100,0.07713715256572341,0.04918738149747514,0.4293309094915327,11.0,0.7585332343030637,0.05486339699035528,0.022273755575368134,0.0414867111945736,0.007700670302901537,0.4460492084016671,-0.016718298910134433,5.0,6.0,0.7593613938819962,-0.0008281595789324525
dpo_center_feedback_one_b100_s0,dpo,center,feedback_one,0.9,0.8,0.8,0.0,1.0,737,76,100,0.06882722756090973,0.07245550387742092,0.422525306159484,4.0,0.8901384996245961,0.08411078394860803,-0.015283556387698308,0.0811147127068307,-0.008659208829409779,0.4041936057695703,0.01833170038991372,8.0,-4.0,0.8755197833883757,0.014618716236220464
dpo_center_feedback_one_b100_s0,dpo,center,feedback_one,0.9,0.8,0.8,0.0,1.0,867,76,100,0.08237583393896834,0.08507325181611067,0.46822378349373683,6.0,0.6862699518271672,0.09793703541802726,-0.015561201479058914,0.1352313619288501,-0.050158110112739435,0.5376689091401067,-0.06944512564636984,6.0,0.0,0.6790884123110841,0.007181539516083135
dpo_center_feedback_one_b100_s0,dpo,center,feedback_one,0.9,0.8,0.8,0.0,1.0,945,76,100,0.07201133484625843,0.06710510114943188,0.3404774528736724,8.0,1.1325694894093958,0.08691727316316283,-0.014905938316904399,0.13139288231799076,-0.06428778116855888,0.4582937934199823,-0.11781634054630985,3.0,5.0,1.029802097169734,0.10276739223966191
dpo_center_feedback_one_b100_s0,dpo,center,feedback_one,0.9,0.8,0.8,0.0,1.0,54,51,100,0.0665400563623263,0.06021172228541252,0.448606757727157,7.0,0.7916442167931302,0.06759252374582679,-0.0010524673835004966,0.07417905332739774,-0.01396733104198522,0.48389245014009463,-0.03528569241293761,4.0,3.0,0.7698673352081975,0.02177688158493274
dpo_center_feedback_one_b100_s0,dpo,center,feedback_one,0.9,0.8,0.8,0.0,1.0,251,51,100,0.08594712387237219,0.06526245534312673,0.41422421392140857,11.0,0.9367709257051877,0.07928594768340497,0.006661176188967222,0.10978336788229734,-0.04452091253917061,0.47629222788513004,-0.06206801396372147,9.0,2.0,0.9029870249579665,0.03378390074722126
dpo_center_feedback_one_b100_s0,dpo,center,feedback_one,0.9,0.8,0.8,0.0,1.0,612,51,100,0.07704810637976883,0.06624462366218484,0.45210268163770523,11.0,0.7334257440719846,0.06706030664758622,0.009987799732182612,0.07878177568592157,-0.01253715202373673,0.4670056674089338,-0.01490298577122856,9.0,2.0,0.7155488927759069,0.017876851296077634
dpo_center_feedback_one_b100_s0,dpo,center,feedback_one,0.9,0.8,0.8,0.0,1.0,737,51,100,0.0877556737359224,0.08453062786008869,0.42797879450624066,9.0,0.8528452805875345,0.08865771650417445,-0.000902042768252051,0.10791862587605829,-0.023387998015969594,0.4168109240553805,0.011167870450860151,14.0,-5.0,0.7973352031500253,0.05551007743750924
dpo_center_feedback_one_b100_s0,dpo,center,feedback_one,0.9,0.8,0.8,0.0,1.0,867,51,100,0.08621342190113918,0.07703221690730569,0.4591598958498489,14.0,0.6944760567614449,0.08318170811857428,0.003031713782564893,0.11297059497083167,-0.03593837806352598,0.5111988458744746,-0.05203895002462572,10.0,4.0,0.7074923759668563,-0.013016319205411464
dpo_center_feedback_one_b100_s0,dpo,center,feedback_one,0.9,0.8,0.8,0.0,1.0,945,51,100,0.07328220345073272,0.07294382566583191,0.3638633851590932,10.0,1.1060699556562494,0.08133693695594248,-0.008054733505209757,0.11630252632374236,-0.04335870065791045,0.41925565952232163,-0.05539227436322841,9.0,1.0,1.0743697534192578,0.03170020223699166
ipo_alpha08_reference_half_b100_s0,ipo,alpha08,reference_half,0.8,0.8,0.2,0.4,0.0,54,1,25,0.07078395484878885,0.08172371270650157,0.7537191662123875,0.0,0.8980623899098742,0.07797672477203707,-0.007192769923248216,0.09803845428415175,-0.016314741577650185,0.6822841936709968,0.07143497254139075,0.0,0.0,0.8551350006870855,0.042927389222788714
ipo_alpha08_reference_half_b100_s0,ipo,alpha08,reference_half,0.8,0.8,0.2,0.4,0.0,251,1,25,0.09867320717034873,0.13196433344835562,0.5445801567137061,9.0,1.1214078417984334,0.10004933442508347,-0.001376127254734738,0.13276509194179126,-0.0008007584934356382,0.5325830057415623,0.011997150972143822,4.0,5.0,1.0988205312511352,0.022587310547298234
ipo_alpha08_reference_half_b100_s0,ipo,alpha08,reference_half,0.8,0.8,0.2,0.4,0.0,612,1,25,0.11142160289801872,0.11224980296567708,0.5669243815123591,4.0,0.7140493849474814,0.12359946696575579,-0.012177864067737063,0.12306122910513376,-0.010811426139456681,0.5430955929009952,0.02382878861136395,3.0,1.0,0.7003194842243041,0.013729900723177257
ipo_alpha08_reference_half_b100_s0,ipo,alpha08,reference_half,0.8,0.8,0.2,0.4,0.0,737,1,25,0.0882951331204781,0.11981581635488464,0.687442720095744,1.0,0.8912079951577424,0.08741028760222795,0.0008848455182501463,0.11365256218816587,0.006163254166718771,0.66693860338694,0.020504116708804032,1.0,0.0,0.9319670990522694,-0.04075910389452697
ipo_alpha08_reference_half_b100_s0,ipo,alpha08,reference_half,0.8,0.8,0.2,0.4,0.0,867,1,25,0.0957658685260136,0.09884362595706025,0.6047699643282876,4.0,0.8856433507056084,0.097081081240974,-0.0013152127149604065,0.11518845865136507,-0.01634483269430481,0.6068653898386116,-0.002095425510324045,6.0,-2.0,0.8627060086108085,0.022937342094799917
ipo_alpha08_reference_half_b100_s0,ipo,alpha08,reference_half,0.8,0.8,0.2,0.4,0.0,945,1,25,0.10047472570613669,0.07915311061861714,0.5148392628262688,3.0,1.146058738662131,0.09965408939178313,0.0008206363143535567,0.09291792584505851,-0.013764815226441365,0.5372607507127648,-0.022421487886496005,3.0,0.0,1.1022759614962403,0.04378277716589074
ipo_alpha08_reference_half_b100_s0,ipo,alpha08,reference_half,0.8,0.8,0.2,0.4,0.0,54,26,50,0.06485435007674385,0.05395001958937686,0.5703817738261961,0.0,0.7276421206417025,0.06474549327413076,0.0001088568026130915,0.07659057500254589,-0.022640555413169026,0.5429875844924337,0.027394189333762475,0.0,0.0,0.6794798711407907,0.04816224950091186
ipo_alpha08_reference_half_b100_s0,ipo,alpha08,reference_half,0.8,0.8,0.2,0.4,0.0,251,26,50,0.09694770342580497,0.07426924935581213,0.4210939718333305,6.0,1.1575590327913596,0.10371774479560893,-0.006770041369803956,0.10583151444011181,-0.031562265084299684,0.43380890693759006,-0.012714935104259528,4.0,2.0,1.1146576426865795,0.04290139010478011
ipo_alpha08_reference_half_b100_s0,ipo,alpha08,reference_half,0.8,0.8,0.2,0.4,0.0,612,26,50,0.07691631077502374,0.06895905598947225,0.4631029440032923,7.0,0.7547148969651433,0.08923890096671805,-0.012322590191694308,0.09939048697956113,-0.03043143099008888,0.49907004222221807,-0.03596709821892574,4.0,3.0,0.7264763129352962,0.028238584029847025
ipo_alpha08_reference_half_b100_s0,ipo,alpha08,reference_half,0.8,0.8,0.2,0.4,0.0,737,26,50,0.0972662367212014,0.056620426175351644,0.5054386114336785,2.0,0.9073909554035496,0.08419927392886295,0.013066962792338446,0.06898784690823315,-0.012367420732881503,0.5142543788127831,-0.008815767379104611,4.0,-2.0,0.9217543817549091,-0.014363426351359454
ipo_alpha08_reference_half_b100_s0,ipo,alpha08,reference_half,0.8,0.8,0.2,0.4,0.0,867,26,50,0.08881152949685804,0.07528945075854515,0.4709816874541906,7.0,0.7679198321423347,0.09137527818977796,-0.0025637486929199205,0.09963872976682826,-0.024349279008283112,0.504344449561101,-0.033362762106910415,6.0,1.0,0.7343403128501796,0.03357951929215508
ipo_alpha08_reference_half_b100_s0,ipo,alpha08,reference_half,0.8,0.8,0.2,0.4,0.0,945,26,50,0.06776807499616222,0.057300056527480395,0.369755604133519,5.0,1.1725651873520178,0.0727800356625037,-0.005011960666341478,0.06228823427797725,-0.0049881777504968555,0.36538464117235586,0.004370962961163127,9.0,-4.0,1.202289948884947,-0.029724761532929245
ipo_alpha08_reference_half_b100_s0,ipo,alpha08,reference_half,0.8,0.8,0.2,0.4,0.0,54,51,75,0.07438268834715686,0.04979896468497272,0.48984968484419655,4.0,0.6182619729223472,0.08339734560731943,-0.009014657260162567,0.07589683201757304,-0.02609786733260032,0.5019780491797539,-0.012128364335557307,6.0,-2.0,0.6155595681088315,0.002702404813515691
ipo_alpha08_reference_half_b100_s0,ipo,alpha08,reference_half,0.8,0.8,0.2,0.4,0.0,251,51,75,0.07024271457119824,0.058100073994570116,0.3987532534988854,9.0,1.0394749728911694,0.06690640965826254,0.0033363049129356975,0.07574716566011591,-0.017647091665545796,0.42912053654600113,-0.030367283047115723,6.0,3.0,1.0105072680865868,0.02896770480458266
ipo_alpha08_reference_half_b100_s0,ipo,alpha08,reference_half,0.8,0.8,0.2,0.4,0.0,612,51,75,0.06535176330276679,0.046760776758408805,0.4553115722912215,1.0,0.7792930063673125,0.07419335734081092,-0.008841594038044132,0.07039640211389511,-0.023635625355486307,0.46816682481668054,-0.012855252525459049,3.0,-2.0,0.6490077534129697,0.1302852529543428
ipo_alpha08_reference_half_b100_s0,ipo,alpha08,reference_half,0.8,0.8,0.2,0.4,0.0,737,51,75,0.07844027648923674,0.06411009266050725,0.5276069978120661,2.0,0.9048045304599264,0.07695375895120288,0.0014865175380338602,0.0642392764976938,-0.00012918383718654725,0.5350562053149075,-0.007449207502841393,2.0,0.0,0.93952995190737,-0.034725421447443616
ipo_alpha08_reference_half_b100_s0,ipo,alpha08,reference_half,0.8,0.8,0.2,0.4,0.0,867,51,75,0.06914596203842895,0.04071629195103934,0.44163435643607435,6.0,0.8865689535421446,0.0844009225709706,-0.015254960532541648,0.05459373712501072,-0.013877445173971381,0.4476089789469595,-0.0059746225108851525,8.0,-2.0,0.8974196518023505,-0.010850698260205904
ipo_alpha08_reference_half_b100_s0,ipo,alpha08,reference_half,0.8,0.8,0.2,0.4,0.0,945,51,75,0.08077494458755949,0.056844876430167404,0.3934917738419283,8.0,1.162213192720428,0.07473880151478673,0.006036143072772754,0.06954130526938486,-0.012696428839217455,0.4214170432232254,-0.02792526938129708,5.0,3.0,1.1441437215682346,0.018069471152193373
ipo_alpha08_reference_half_b100_s0,ipo,alpha08,reference_half,0.8,0.8,0.2,0.4,0.0,54,76,100,0.07736594306766165,0.03846743733441656,0.5479076707359879,0.0,0.7013821501889629,0.066657010444258,0.010708932623403652,0.05088341163733696,-0.0124159743029204,0.5872304623467359,-0.03932279161074803,2.0,-2.0,0.71124206944441,-0.009859919255447158
ipo_alpha08_reference_half_b100_s0,ipo,alpha08,reference_half,0.8,0.8,0.2,0.4,0.0,251,76,100,0.09053987079017654,0.08350375615618189,0.4368220582780324,4.0,1.0074949498271266,0.09454512884563675,-0.0040052580554602035,0.1122882865379711,-0.028784530381789214,0.45269351030127625,-0.01587145202324386,8.0,-4.0,0.9918960412423131,0.015598908584813498
ipo_alpha08_reference_half_b100_s0,ipo,alpha08,reference_half,0.8,0.8,0.2,0.4,0.0,612,76,100,0.08223719915944995,0.059658912990367394,0.41117362583659706,9.0,0.7494085702742865,0.08639551998052282,-0.0041583208210728695,0.08052007062296974,-0.02086115763260235,0.4334541501382385,-0.022280524301641458,8.0,1.0,0.7681507959267985,-0.018742225652511935
ipo_alpha08_reference_half_b100_s0,ipo,alpha08,reference_half,0.8,0.8,0.2,0.4,0.0,737,76,100,0.08029878199380609,0.053789647373255346,0.4654442434872841,8.0,0.8597691716457088,0.07085021814482395,0.009448563848982142,0.0570747252102283,-0.0032850778369729536,0.49227157711058445,-0.026827333623300365,6.0,2.0,0.8671746822872746,-0.0074055106415658045
ipo_alpha08_reference_half_b100_s0,ipo,alpha08,reference_half,0.8,0.8,0.2,0.4,0.0,867,76,100,0.09285325795781121,0.07908870041959895,0.46979642830039436,9.0,0.866380772842286,0.105124081053368,-0.012270823095556785,0.11290416006942561,-0.03381545964982666,0.5200789112615388,-0.05028248296114446,6.0,3.0,0.8665220693654492,-0.0001412965231631924
ipo_alpha08_reference_half_b100_s0,ipo,alpha08,reference_half,0.8,0.8,0.2,0.4,0.0,945,76,100,0.09402363004699305,0.07569856748925806,0.3860352017617886,8.0,1.209401259514418,0.08320808126243788,0.010815548784555165,0.09191871677756083,-0.016220149288302774,0.4130015235618664,-0.026966321800077797,4.0,4.0,1.2016130842995363,0.007788175214881621
ipo_alpha08_reference_half_b100_s0,ipo,alpha08,reference_half,0.8,0.8,0.2,0.4,0.0,54,51,100,0.07587431570740924,0.05304103454101777,0.5188786777900922,4.0,0.6598220615556549,0.07502717802578875,0.000847137681620494,0.07192068858209258,-0.018879654041074806,0.5446042557632448,-0.025725577973152558,8.0,-4.0,0.6634008187766207,-0.003578757220965789
ipo_alpha08_reference_half_b100_s0,ipo,alpha08,reference_half,0.8,0.8,0.2,0.4,0.0,251,51,100,0.08039129268068736,0.08239414167653385,0.41778765588845895,13.0,1.0234849613591481,0.08072576925194964,-0.0003344765712622877,0.10413984916004114,-0.021745707483507293,0.44090702342363863,-0.02311936753517968,14.0,-1.0,1.00120165466445,0.022283306694698135
ipo_alpha08_reference_half_b100_s0,ipo,alpha08,reference_half,0.8,0.8,0.2,0.4,0.0,612,51,100,0.07379448123110835,0.064089204960874,0.4332425990639093,10.0,0.7643507883207994,0.08029443866066685,-0.0064999574295585005,0.0830596309129455,-0.018970425952071504,0.4508104874774596,-0.017567888413550337,11.0,-1.0,0.7085792746698839,0.05577151365091548
ipo_alpha08_reference_half_b100_s0,ipo,alpha08,reference_half,0.8,0.8,0.2,0.4,0.0,737,51,100,0.07936952924152144,0.06343946260039489,0.49652562064967526,10.0,0.8822868510528177,0.0739019885480134,0.005467540693508036,0.06626031708228047,-0.0028208544818855846,0.513663891212746,-0.017138270563070768,8.0,2.0,0.9033523170973219,-0.02106546604450421
ipo_alpha08_reference_half_b100_s0,ipo,alpha08,reference_half,0.8,0.8,0.2,0.4,0.0,867,51,100,0.0809996099981201,0.06366590904846053,0.4557153923682344,15.0,0.8764748631922155,0.0947625018121693,-0.013762891814049202,0.08884904248239889,-0.025183133433938354,0.48384394510424916,-0.028128552736014778,14.0,1.0,0.8819708605838996,-0.00549599739168416
ipo_alpha08_reference_half_b100_s0,ipo,alpha08,reference_half,0.8,0.8,0.2,0.4,0.0,945,51,100,0.08739928731727627,0.07095538955505759,0.38976348780185843,16.0,1.1858072261174228,0.0789734413886123,0.008425845928663966,0.08690503470194108,-0.01594964514688349,0.4172092833925459,-0.027445795590687494,9.0,7.0,1.1728784029338855,0.012928823183537386
ipo_alpha08_reference_max_b100_s0,ipo,alpha08,reference_max,0.8,0.8,0.2,0.8,0.0,54,1,25,0.07652605900958419,0.07784602674148965,0.7421120844668212,0.0,0.8697101722564534,0.07797672477203707,-0.0014506657624528824,0.09803845428415175,-0.02019242754266211,0.6822841936709968,0.0598278907958244,0.0,0.0,0.8551350006870855,0.01457517156936794
ipo_alpha08_reference_max_b100_s0,ipo,alpha08,reference_max,0.8,0.8,0.2,0.8,0.0,251,1,25,0.1550938415217693,0.15930679838596656,0.5925446518984255,7.0,1.0615539095093534,0.10004933442508347,0.05504450709668583,0.13276509194179126,0.026541706444175306,0.5325830057415623,0.05996164615686328,4.0,3.0,1.0988205312511352,-0.03726662174178186
ipo_alpha08_reference_max_b100_s0,ipo,alpha08,reference_max,0.8,0.8,0.2,0.8,0.0,612,1,25,0.1342127090857017,0.10396963703219533,0.5973531015727608,8.0,0.6776687099544947,0.12359946696575579,0.010613242119945923,0.12306122910513376,-0.019091592072938424,0.5430955929009952,0.0542575086717656,3.0,5.0,0.7003194842243041,-0.022650774269809437
ipo_alpha08_reference_max_b100_s0,ipo,alpha08,reference_max,0.8,0.8,0.2,0.8,0.0,737,1,25,0.1220978237094271,0.11795879021870888,0.6794945228865058,3.0,0.8595531368512258,0.08741028760222795,0.03468753610719914,0.11365256218816587,0.004306228030543008,0.66693860338694,0.012555919499565804,1.0,2.0,0.9319670990522694,-0.07241396220104357
ipo_alpha08_reference_max_b100_s0,ipo,alpha08,reference_max,0.8,0.8,0.2,0.8,0.0,867,1,25,0.16159213453755256,0.08923146402717871,0.61860077243294,6.0,0.9323706376177214,0.097081081240974,0.06451105329657855,0.11518845865136507,-0.025956994624186353,0.6068653898386116,0.01173538259432838,6.0,0.0,0.8627060086108085,0.06966462900691295
ipo_alpha08_reference_max_b100_s0,ipo,alpha08,reference_max,0.8,0.8,0.2,0.8,0.0,945,1,25,0.12227819261072437,0.06922066467436148,0.5510163049081214,1.0,1.1762836313066323,0.09965408939178313,0.022624103218941233,0.09291792584505851,-0.023697261170697023,0.5372607507127648,0.013755554195356567,3.0,-2.0,1.1022759614962403,0.07400766981039197
ipo_alpha08_reference_max_b100_s0,ipo,alpha08,reference_max,0.8,0.8,0.2,0.8,0.0,54,26,50,0.08248703256346461,0.04547643229297948,0.5812801879938938,0.0,0.7681090120988648,0.06474549327413076,0.01774153928933385,0.07659057500254589,-0.03111414270956641,0.5429875844924337,0.03829260350146013,0.0,0.0,0.6794798711407907,0.08862914095807417
ipo_alpha08_reference_max_b100_s0,ipo,alpha08,reference_max,0.8,0.8,0.2,0.8,0.0,251,26,50,0.10512624859228337,0.07102347650448694,0.4110430685460223,4.0,1.1901572051839657,0.10371774479560893,0.0014085037966744401,0.10583151444011181,-0.03480803793562487,0.43380890693759006,-0.02276583839156776,4.0,0.0,1.1146576426865795,0.07549956249738621
ipo_alpha08_reference_max_b100_s0,ipo,alpha08,reference_max,0.8,0.8,0.2,0.8,0.0,612,26,50,0.13567499875978067,0.05850118920645305,0.45973373362122494,15.0,0.7842654671410094,0.08923890096671805,0.046436097793062625,0.09939048697956113,-0.040889297773108076,0.49907004222221807,-0.03933630860099313,4.0,11.0,0.7264763129352962,0.05778915420571318
ipo_alpha08_reference_max_b100_s0,ipo,alpha08,reference_max,0.8,0.8,0.2,0.8,0.0,737,26,50,0.20235134006292962,0.08696506720426156,0.4968718979198522,12.0,0.8434358051388112,0.08419927392886295,0.11815206613406667,0.06898784690823315,0.017977220296028412,0.5142543788127831,-0.01738248089293093,4.0,8.0,0.9217543817549091,-0.07831857661609787
ipo_alpha08_reference_max_b100_s0,ipo,alpha08,reference_max,0.8,0.8,0.2,0.8,0.0,867,26,50,0.13137422090387002,0.07038047127204469,0.48637812821074583,7.0,0.7542288845100061,0.09137527818977796,0.03999894271409206,0.09963872976682826,-0.02925825849478357,0.504344449561101,-0.017966321350355197,6.0,1.0,0.7343403128501796,0.019888571659826493
ipo_alpha08_reference_max_b100_s0,ipo,alpha08,reference_max,0.8,0.8,0.2,0.8,0.0,945,26,50,0.10013597880088883,0.06107672893339834,0.40065819890408455,15.0,1.1269566197200769,0.0727800356625037,0.02735594313838513,0.06228823427797725,-0.0012115053445789087,0.36538464117235586,0.03527355773172869,9.0,6.0,1.202289948884947,-0.07533332916487012
ipo_alpha08_reference_max_b100_s0,ipo,alpha08,reference_max,0.8,0.8,0.2,0.8,0.0,54,51,75,0.08290856083755228,0.05418420809169707,0.5148907006750385,8.0,0.6269216540867898,0.08339734560731943,-0.0004887847697671449,0.07589683201757304,-0.021712623925875967,0.5019780491797539,0.012912651495284644,6.0,2.0,0.6155595681088315,0.011362085977958292
ipo_alpha08_reference_max_b100_s0,ipo,alpha08,reference_max,0.8,0.8,0.2,0.8,0.0,251,51,75,0.08904213924491625,0.05062920865647343,0.386671835402035,7.0,1.1182150715026349,0.06690640965826254,0.022135729586653705,0.07574716566011591,-0.02511795700364248,0.42912053654600113,-0.04244870114396615,6.0,1.0,1.0105072680865868,0.10770780341604813
ipo_alpha08_reference_max_b100_s0,ipo,alpha08,reference_max,0.8,0.8,0.2,0.8,0.0,612,51,75,0.11689994396836047,0.04493456483063141,0.46907933995499257,14.0,0.7345321622081254,0.07419335734081092,0.042706586627549545,0.07039640211389511,-0.025461837283263705,0.46816682481668054,0.0009125151383120311,3.0,11.0,0.6490077534129697,0.08552440879515577
ipo_alpha08_reference_max_b100_s0,ipo,alpha08,reference_max,0.8,0.8,0.2,0.8,0.0,737,51,75,0.11089140733984326,0.05926729500862004,0.5023365925323992,6.0,0.8541508854864627,0.07695375895120288,0.033937648388640385,0.0642392764976938,-0.004971981489073761,0.5350562053149075,-0.032719612782508345,2.0,4.0,0.93952995190737,-0.08537906642090731
ipo_alpha08_reference_max_b100_s0,ipo,alpha08,reference_max,0.8,0.8,0.2,0.8,0.0,867,51,75,0.0706900608480228,0.04383284456818709,0.438096622126841,7.0,0.8595378406286891,0.0844009225709706,-0.01371086172294779,0.05459373712501072,-0.01076089255682363,0.4476089789469595,-0.009512356820118528,8.0,-1.0,0.8974196518023505,-0.037881811173661406
ipo_alpha08_reference_max_b100_s0,ipo,alpha08,reference_max,0.8,0.8,0.2,0.8,0.0,945,51,75,0.11765863540490862,0.051032669259669365,0.38070269209559937,12.0,1.1783938268166636,0.07473880151478673,0.04291983389012188,0.06954130526938486,-0.018508636009715494,0.4214170432232254,-0.040714351127626,5.0,7.0,1.1441437215682346,0.034250105248428975
ipo_alpha08_reference_max_b100_s0,ipo,alpha08,reference_max,0.8,0.8,0.2,0.8,0.0,54,76,100,0.10220623762890962,0.04112245674497545,0.5403230994352666,0.0,0.7387398573114464,0.066657010444258,0.03554922718465163,0.05088341163733696,-0.009760954892361506,0.5872304623467359,-0.04690736291146935,2.0,-2.0,0.71124206944441,0.027497787867036383
ipo_alpha08_reference_max_b100_s0,ipo,alpha08,reference_max,0.8,0.8,0.2,0.8,0.0,251,76,100,0.11720311104377032,0.07292798714263211,0.417790674566162,10.0,1.0303213888343699,0.09454512884563675,0.022657982198133572,0.1122882865379711,-0.039360299395338985,0.45269351030127625,-0.03490283573511427,8.0,2.0,0.9918960412423131,0.038425347592056736
ipo_alpha08_reference_max_b100_s0,ipo,alpha08,reference_max,0.8,0.8,0.2,0.8,0.0,612,76,100,0.12703403807743552,0.058593040474801704,0.4071100640458436,19.0,0.794358875618171,0.08639551998052282,0.0406385180969127,0.08052007062296974,-0.02192703014816804,0.4334541501382385,-0.026344086092394914,8.0,11.0,0.7681507959267985,0.02620807969137251
ipo_alpha08_reference_max_b100_s0,ipo,alpha08,reference_max,0.8,0.8,0.2,0.8,0.0,737,76,100,0.09982408065158144,0.04777673218800779,0.4624954729273502,8.0,0.8410208338295737,0.07085021814482395,0.028973862506757486,0.0570747252102283,-0.009297993022220508,0.49227157711058445,-0.02977610418323423,6.0,2.0,0.8671746822872746,-0.026153848457700857
ipo_alpha08_reference_max_b100_s0,ipo,alpha08,reference_max,0.8,0.8,0.2,0.8,0.0,867,76,100,0.10865727168521533,0.06627789932495393,0.46237110864495096,10.0,0.8579087186349235,0.105124081053368,0.00353319063184733,0.11290416006942561,-0.04662626074447168,0.5200789112615388,-0.05770780261658787,6.0,4.0,0.8665220693654492,-0.008613350730525715
ipo_alpha08_reference_max_b100_s0,ipo,alpha08,reference_max,0.8,0.8,0.2,0.8,0.0,945,76,100,0.1057317247118458,0.06944459459625792,0.38048017440119125,8.0,1.2099710717444119,0.08320808126243788,0.022523643449407924,0.09191871677756083,-0.022474122181302916,0.4130015235618664,-0.03252134916067517,4.0,4.0,1.2016130842995363,0.008357987444875592
ipo_alpha08_reference_max_b100_s0,ipo,alpha08,reference_max,0.8,0.8,0.2,0.8,0.0,54,51,100,0.09255739923323096,0.057631324306012435,0.5276069000551525,8.0,0.6828307556991183,0.07502717802578875,0.017530221207442215,0.07192068858209258,-0.014289364276080144,0.5446042557632448,-0.016997355708092243,8.0,0.0,0.6634008187766207,0.019429936922497615
ipo_alpha08_reference_max_b100_s0,ipo,alpha08,reference_max,0.8,0.8,0.2,0.8,0.0,251,51,100,0.1031226251443433,0.06825291750425902,0.40223125498409834,17.0,1.0742682301685025,0.08072576925194964,0.022396855892393652,0.10413984916004114,-0.03588693165578212,0.44090702342363863,-0.03867576843954029,14.0,3.0,1.00120165466445,0.07306657550405249
ipo_alpha08_reference_max_b100_s0,ipo,alpha08,reference_max,0.8,0.8,0.2,0.8,0.0,612,51,100,0.12196699102289799,0.06549297495083312,0.43809470200041817,33.0,0.7644455189131483,0.08029443866066685,0.041672552362231136,0.0830596309129455,-0.01756665596211239,0.4508104874774596,-0.012715785477041441,11.0,22.0,0.7085792746698839,0.05586624424326436
ipo_alpha08_reference_max_b100_s0,ipo,alpha08,reference_max,0.8,0.8,0.2,0.8,0.0,737,51,100,0.10535774399571235,0.05532330827210041,0.48241603272987477,14.0,0.847585859658018,0.0739019885480134,0.03145575544769895,0.06626031708228047,-0.01093700881018006,0.513663891212746,-0.03124785848287126,8.0,6.0,0.9033523170973219,-0.05576645743930386
ipo_alpha08_reference_max_b100_s0,ipo,alpha08,reference_max,0.8,0.8,0.2,0.8,0.0,867,51,100,0.08967366626661906,0.057116964728219956,0.45023386538589605,17.0,0.858723279631806,0.0947625018121693,-0.005088835545550244,0.08884904248239889,-0.03173207775417893,0.48384394510424916,-0.033610079718353114,14.0,3.0,0.8819708605838996,-0.02324758095209367
ipo_alpha08_reference_max_b100_s0,ipo,alpha08,reference_max,0.8,0.8,0.2,0.8,0.0,945,51,100,0.1116951800583772,0.06383609351893331,0.38059143324839523,20.0,1.194182449280538,0.0789734413886123,0.0327217386697649,0.08690503470194108,-0.02306894118300777,0.4172092833925459,-0.0366178501441507,9.0,11.0,1.1728784029338855,0.021304046346652505
ipo_alpha08_feedback_half_b100_s0,ipo,alpha08,feedback_half,0.8,0.8,0.2,0.0,0.5,54,1,25,0.06714098261475206,0.07874481977901616,0.7393619536020317,0.0,0.893439332338142,0.07797672477203707,-0.010835742157285014,0.09803845428415175,-0.01929363450513559,0.6822841936709968,0.05707775993103492,0.0,0.0,0.8551350006870855,0.03830433165105651
ipo_alpha08_feedback_half_b100_s0,ipo,alpha08,feedback_half,0.8,0.8,0.2,0.0,0.5,251,1,25,0.10146139494353189,0.12970690561081538,0.5309906687800547,6.0,1.1219348328822116,0.10004933442508347,0.0014120605184484158,0.13276509194179126,-0.003058186330975876,0.5325830057415623,-0.0015923369615075122,4.0,2.0,1.0988205312511352,0.023114301631076417
ipo_alpha08_feedback_half_b100_s0,ipo,alpha08,feedback_half,0.8,0.8,0.2,0.0,0.5,612,1,25,0.12953995137899224,0.11301934762695402,0.5184539988056506,8.0,0.7414596486520633,0.12359946696575579,0.005940484413236455,0.12306122910513376,-0.010041881478179734,0.5430955929009952,-0.02464159409534461,3.0,5.0,0.7003194842243041,0.04114016442775914
ipo_alpha08_feedback_half_b100_s0,ipo,alpha08,feedback_half,0.8,0.8,0.2,0.0,0.5,737,1,25,0.0825700812235784,0.10681772820943751,0.664938104523165,1.0,0.9375200479767234,0.08741028760222795,-0.004840206378649556,0.11365256218816587,-0.006834833978728361,0.66693860338694,-0.0020004988637749577,1.0,0.0,0.9319670990522694,0.005552948924454015
ipo_alpha08_feedback_half_b100_s0,ipo,alpha08,feedback_half,0.8,0.8,0.2,0.0,0.5,867,1,25,0.0918814074499756,0.11082309840018506,0.6147064338053649,6.0,0.8895452491584933,0.097081081240974,-0.0051996737909984075,0.11518845865136507,-0.004365360251180006,0.6068653898386116,0.007841043966753336,6.0,0.0,0.8627060086108085,0.02683924054768483
ipo_alpha08_feedback_half_b100_s0,ipo,alpha08,feedback_half,0.8,0.8,0.2,0.0,0.5,945,1,25,0.1098637268660569,0.08436313547054312,0.5162904386581993,3.0,1.1213494777885604,0.09965408939178313,0.010209637474273767,0.09291792584505851,-0.008554790374515384,0.5372607507127648,-0.020970312054565454,3.0,0.0,1.1022759614962403,0.019073516292320125
ipo_alpha08_feedback_half_b100_s0,ipo,alpha08,feedback_half,0.8,0.8,0.2,0.0,0.5,54,26,50,0.07623723684596968,0.07890468024282318,0.5492705838789399,0.0,0.7462181681524533,0.06474549327413076,0.011491743571838922,0.07659057500254589,0.002314105240277295,0.5429875844924337,0.006282999386506227,0.0,0.0,0.6794798711407907,0.06673829701166267
ipo_alpha08_feedback_half_b100_s0,ipo,alpha08,feedback_half,0.8,0.8,0.2,0.0,0.5,251,26,50,0.09817936865347276,0.08403324815078594,0.42076133232109314,7.0,1.1238231955328595,0.10371774479560893,-0.005538376142136162,0.10583151444011181,-0.021798266289325866,0.43380890693759006,-0.013047574616496915,4.0,3.0,1.1146576426865795,0.009165552846279956
ipo_alpha08_feedback_half_b100_s0,ipo,alpha08,feedback_half,0.8,0.8,0.2,0.0,0.5,612,26,50,0.08995497794765654,0.07204626969587676,0.48791685289842995,5.0,0.7335499116308043,0.08923890096671805,0.0007160769809384931,0.09939048697956113,-0.02734421728368437,0.49907004222221807,-0.011153189323788115,4.0,1.0,0.7264763129352962,0.007073598695508054
ipo_alpha08_feedback_half_b100_s0,ipo,alpha08,feedback_half,0.8,0.8,0.2,0.0,0.5,737,26,50,0.09182132147179939,0.06457384363113453,0.5036704668218044,4.0,0.861604224299481,0.08419927392886295,0.007622047542936439,0.06898784690823315,-0.0044140032770986215,0.5142543788127831,-0.010583911990978745,4.0,0.0,0.9217543817549091,-0.060150157455428066
ipo_alpha08_feedback_half_b100_s0,ipo,alpha08,feedback_half,0.8,0.8,0.2,0.0,0.5,867,26,50,0.08688230937676492,0.10542269596199487,0.5353139662624201,6.0,0.8072689978650537,0.09137527818977796,-0.004492968813013046,0.09963872976682826,0.005783966195166607,0.504344449561101,0.03096951670131909,6.0,0.0,0.7343403128501796,0.07292868501487404
ipo_alpha08_feedback_half_b100_s0,ipo,alpha08,feedback_half,0.8,0.8,0.2,0.0,0.5,945,26,50,0.07272167016571195,0.058116835073747306,0.3812892183340454,11.0,1.184241413207271,0.0727800356625037,-5.836549679175129e-05,0.06228823427797725,-0.004171399204229945,0.36538464117235586,0.015904577161689526,9.0,2.0,1.202289948884947,-0.01804853567767606
ipo_alpha08_feedback_half_b100_s0,ipo,alpha08,feedback_half,0.8,0.8,0.2,0.0,0.5,54,51,75,0.0835058668500655,0.06975082732505715,0.5062753440570888,4.0,0.6527600508900956,0.08339734560731943,0.00010852124274607355,0.07589683201757304,-0.0061460046925158884,0.5019780491797539,0.0042972948773349895,6.0,-2.0,0.6155595681088315,0.03720048278126409
ipo_alpha08_feedback_half_b100_s0,ipo,alpha08,feedback_half,0.8,0.8,0.2,0.0,0.5,251,51,75,0.07359578909956585,0.059098270693845774,0.4042792417911443,9.0,1.035742861530726,0.06690640965826254,0.006689379441303309,0.07574716566011591,-0.016648894966270138,0.42912053654600113,-0.024841294754856857,6.0,3.0,1.0105072680865868,0.02523559344413928
ipo_alpha08_feedback_half_b100_s0,ipo,alpha08,feedback_half,0.8,0.8,0.2,0.0,0.5,612,51,75,0.07104777532024499,0.06283041871915812,0.47302368522456895,3.0,0.6916324173758452,0.07419335734081092,-0.003145582020565932,0.07039640211389511,-0.0075659833947369914,0.46816682481668054,0.004856860407888408,3.0,0.0,0.6490077534129697,0.042624663962875564
ipo_alpha08_feedback_half_b100_s0,ipo,alpha08,feedback_half,0.8,0.8,0.2,0.0,0.5,737,51,75,0.07572728882347693,0.06778727441178568,0.5296659743407155,2.0,0.8910149646701493,0.07695375895120288,-0.0012264701277259482,0.0642392764976938,0.0035479979140918827,0.5350562053149075,-0.005390230974192001,2.0,0.0,0.93952995190737,-0.0485149872372207
ipo_alpha08_feedback_half_b100_s0,ipo,alpha08,feedback_half,0.8,0.8,0.2,0.0,0.5,867,51,75,0.08472690960336221,0.04816754463255095,0.43626422072841947,6.0,0.8568570600995816,0.0844009225709706,0.00032598703239161697,0.05459373712501072,-0.006426192492459772,0.4476089789469595,-0.01134475821854003,8.0,-2.0,0.8974196518023505,-0.04056259170276888
ipo_alpha08_feedback_half_b100_s0,ipo,alpha08,feedback_half,0.8,0.8,0.2,0.0,0.5,945,51,75,0.07928317815339375,0.059980767893973115,0.39924008598673033,7.0,1.1599212046576783,0.07473880151478673,0.004544376638607017,0.06954130526938486,-0.009560537375411744,0.4214170432232254,-0.022176957236495043,5.0,2.0,1.1441437215682346,0.01577748308944371
ipo_alpha08_feedback_half_b100_s0,ipo,alpha08,feedback_half,0.8,0.8,0.2,0.0,0.5,54,76,100,0.07372139449426039,0.055745710713878835,0.5845171636266125,2.0,0.7020772268900626,0.066657010444258,0.007064384050002398,0.05088341163733696,0.0048622990765418775,0.5872304623467359,-0.0027132987201233805,2.0,0.0,0.71124206944441,-0.009164842554347463
ipo_alpha08_feedback_half_b100_s0,ipo,alpha08,feedback_half,0.8,0.8,0.2,0.0,0.5,251,76,100,0.08866973847910206,0.08586356645591695,0.4287701999656739,7.0,1.0351438391118108,0.09454512884563675,-0.005875390366534686,0.1122882865379711,-0.026424720082054154,0.45269351030127625,-0.023923310335602355,8.0,-1.0,0.9918960412423131,0.04324779786949773
ipo_alpha08_feedback_half_b100_s0,ipo,alpha08,feedback_half,0.8,0.8,0.2,0.0,0.5,612,76,100,0.09219591115143588,0.07345160035492597,0.4166383787696341,12.0,0.7603655184528401,0.08639551998052282,0.0058003911709130634,0.08052007062296974,-0.007068470268043775,0.4334541501382385,-0.016815771368604404,8.0,4.0,0.7681507959267985,-0.007785277473958407
ipo_alpha08_feedback_half_b100_s0,ipo,alpha08,feedback_half,0.8,0.8,0.2,0.0,0.5,737,76,100,0.07435425287166636,0.057947465942503565,0.4720468200167751,4.0,0.8179948268497563,0.07085021814482395,0.003504034726842409,0.0570747252102283,0.000872740732275265,0.49227157711058445,-0.02022475709380933,6.0,-2.0,0.8671746822872746,-0.04917985543751824
ipo_alpha08_feedback_half_b100_s0,ipo,alpha08,feedback_half,0.8,0.8,0.2,0.0,0.5,867,76,100,0.09737104470626166,0.10115695437780983,0.5085327666722643,7.0,0.8621103053219007,0.105124081053368,-0.007753036347106335,0.11290416006942561,-0.011747205691615775,0.5200789112615388,-0.011546144589274498,6.0,1.0,0.8665220693654492,-0.004411764043548483
ipo_alpha08_feedback_half_b100_s0,ipo,alpha08,feedback_half,0.8,0.8,0.2,0.0,0.5,945,76,100,0.08370121683768757,0.0766859988890785,0.37998235388210155,11.0,1.2005323605199407,0.08320808126243788,0.0004931355752496869,0.09191871677756083,-0.015232717888482336,0.4130015235618664,-0.03301916967976487,4.0,7.0,1.2016130842995363,-0.0010807237795955604
ipo_alpha08_feedback_half_b100_s0,ipo,alpha08,feedback_half,0.8,0.8,0.2,0.0,0.5,54,51,100,0.07861363067216294,0.06897382210540895,0.5453962538418505,6.0,0.677418638890079,0.07502717802578875,0.003586452646374194,0.07192068858209258,-0.0029468664766836294,0.5446042557632448,0.000791998078605749,8.0,-2.0,0.6634008187766207,0.014017820113458312
ipo_alpha08_feedback_half_b100_s0,ipo,alpha08,feedback_half,0.8,0.8,0.2,0.0,0.5,251,51,100,0.08113276378933394,0.08052048072147902,0.4165247208784092,16.0,1.0354433503212686,0.08072576925194964,0.0004069945373842976,0.10413984916004114,-0.02361936843856212,0.44090702342363863,-0.02438230254522944,14.0,2.0,1.00120165466445,0.03424169565681856
ipo_alpha08_feedback_half_b100_s0,ipo,alpha08,feedback_half,0.8,0.8,0.2,0.0,0.5,612,51,100,0.08162184323584044,0.07578505512847034,0.4448310319971017,15.0,0.7259989679143425,0.08029443866066685,0.0013274045751735936,0.0830596309129455,-0.007274575784475171,0.4508104874774596,-0.005979455480357887,11.0,4.0,0.7085792746698839,0.01741969324445858
ipo_alpha08_feedback_half_b100_s0,ipo,alpha08,feedback_half,0.8,0.8,0.2,0.0,0.5,737,51,100,0.07504077084757163,0.07089250399918896,0.5008563971787453,6.0,0.854504895759953,0.0739019885480134,0.0011387822995582303,0.06626031708228047,0.00463218691690849,0.513663891212746,-0.012807494034000722,8.0,-2.0,0.9033523170973219,-0.04884742133736886
ipo_alpha08_feedback_half_b100_s0,ipo,alpha08,feedback_half,0.8,0.8,0.2,0.0,0.5,867,51,100,0.09104897715481197,0.07963273494525605,0.4723984937003419,13.0,0.8594836827107408,0.0947625018121693,-0.003713524657357331,0.08884904248239889,-0.009216307537142837,0.48384394510424916,-0.011445451403907236,14.0,-1.0,0.8819708605838996,-0.022487177873158792
ipo_alpha08_feedback_half_b100_s0,ipo,alpha08,feedback_half,0.8,0.8,0.2,0.0,0.5,945,51,100,0.08149219749554064,0.07263683302713111,0.3896112199344159,18.0,1.1802267825888095,0.0789734413886123,0.002518756106928338,0.08690503470194108,-0.014268201674809966,0.4172092833925459,-0.02759806345813004,9.0,9.0,1.1728784029338855,0.007348379654924075
ipo_alpha08_feedback_one_b100_s0,ipo,alpha08,feedback_one,0.8,0.8,0.2,0.0,1.0,54,1,25,0.06635613069156124,0.0742762535337234,0.7227337040393088,0.0,0.8963986497621628,0.07797672477203707,-0.011620594080475832,0.09803845428415175,-0.023762200750428356,0.6822841936709968,0.040449510368312014,0.0,0.0,0.8551350006870855,0.04126364907507729
ipo_alpha08_feedback_one_b100_s0,ipo,alpha08,feedback_one,0.8,0.8,0.2,0.0,1.0,251,1,25,0.11303581110367558,0.12426961366877978,0.5046451362303064,5.0,1.1278178610544995,0.10004933442508347,0.01298647667859211,0.13276509194179126,-0.008495478273011475,0.5325830057415623,-0.027937869511255875,4.0,1.0,1.0988205312511352,0.028997329803364336
ipo_alpha08_feedback_one_b100_s0,ipo,alpha08,feedback_one,0.8,0.8,0.2,0.0,1.0,612,1,25,0.15741072951534035,0.10929260793092378,0.5198626975168835,10.0,0.7437094257018195,0.12359946696575579,0.03381126254958457,0.12306122910513376,-0.013768621174209975,0.5430955929009952,-0.023232895384111663,3.0,7.0,0.7003194842243041,0.043389941477515404
ipo_alpha08_feedback_one_b100_s0,ipo,alpha08,feedback_one,0.8,0.8,0.2,0.0,1.0,737,1,25,0.08348138749320733,0.1067194944786281,0.6687740097188463,1.0,0.9750703090268316,0.08741028760222795,-0.003928900109020625,0.11365256218816587,-0.006933067709537777,0.66693860338694,0.0018354063319062641,1.0,0.0,0.9319670990522694,0.043103209974562184
ipo_alpha08_feedback_one_b100_s0,ipo,alpha08,feedback_one,0.8,0.8,0.2,0.0,1.0,867,1,25,0.09218970794337665,0.10876113751025288,0.6019427788722946,6.0,0.8926954501232767,0.097081081240974,-0.004891373297597354,0.11518845865136507,-0.006427321141112191,0.6068653898386116,-0.004922610966316965,6.0,0.0,0.8627060086108085,0.029989441512468185
ipo_alpha08_feedback_one_b100_s0,ipo,alpha08,feedback_one,0.8,0.8,0.2,0.0,1.0,945,1,25,0.10315118149580663,0.08152197267476177,0.4955386644186768,5.0,1.131358127281223,0.09965408939178313,0.0034970921040234915,0.09291792584505851,-0.011395953170296735,0.5372607507127648,-0.04172208629408802,3.0,2.0,1.1022759614962403,0.029082165784982683
ipo_alpha08_feedback_one_b100_s0,ipo,alpha08,feedback_one,0.8,0.8,0.2,0.0,1.0,54,26,50,0.08672026062051065,0.0689628866782178,0.546316983565956,4.0,0.7022375484030635,0.06474549327413076,0.02197476734637989,0.07659057500254589,-0.007627688324328086,0.5429875844924337,0.0033293990735223655,0.0,4.0,0.6794798711407907,0.022757677262272846
ipo_alpha08_feedback_one_b100_s0,ipo,alpha08,feedback_one,0.8,0.8,0.2,0.0,1.0,251,26,50,0.10687448201989813,0.0709314975826353,0.4345424979061807,7.0,1.138755563368018,0.10371774479560893,0.003156737224289205,0.10583151444011181,-0.03490001685747651,0.43380890693759006,0.0007335909685906583,4.0,3.0,1.1146576426865795,0.024097920681438456
ipo_alpha08_feedback_one_b100_s0,ipo,alpha08,feedback_one,0.8,0.8,0.2,0.0,1.0,612,26,50,0.09821777951107827,0.08077637177668182,0.487697678158415,6.0,0.7122722726952573,0.08923890096671805,0.00897887854436022,0.09939048697956113,-0.01861411520287931,0.49907004222221807,-0.011372364063803042,4.0,2.0,0.7264763129352962,-0.014204040240038962
ipo_alpha08_feedback_one_b100_s0,ipo,alpha08,feedback_one,0.8,0.8,0.2,0.0,1.0,737,26,50,0.09810252004496638,0.06839349745691224,0.5184384622450019,2.0,0.913827060101879,0.08419927392886295,0.013903246116103427,0.06898784690823315,-0.0005943494513209052,0.5142543788127831,0.004184083432218766,4.0,-2.0,0.9217543817549091,-0.007927321653030117
ipo_alpha08_feedback_one_b100_s0,ipo,alpha08,feedback_one,0.8,0.8,0.2,0.0,1.0,867,26,50,0.09052258965255326,0.08394955470020753,0.5091773184178353,5.0,0.8360014030152624,0.09137527818977796,-0.0008526885372246995,0.09963872976682826,-0.015689175066620736,0.504344449561101,0.004832868856734285,6.0,-1.0,0.7343403128501796,0.10166109016508273
ipo_alpha08_feedback_one_b100_s0,ipo,alpha08,feedback_one,0.8,0.8,0.2,0.0,1.0,945,26,50,0.07982707627204229,0.05046291994931666,0.3671436649957807,12.0,1.1999691760750772,0.0727800356625037,0.007047040609538591,0.06228823427797725,-0.011825314328660588,0.36538464117235586,0.0017590238234248545,9.0,3.0,1.202289948884947,-0.0023207728098697533
ipo_alpha08_feedback_one_b100_s0,ipo,alpha08,feedback_one,0.8,0.8,0.2,0.0,1.0,54,51,75,0.08280652080679159,0.07082105625100377,0.46757697236031537,7.0,0.609952640240738,0.08339734560731943,-0.0005908248005278421,0.07589683201757304,-0.005075775766569271,0.5019780491797539,-0.03440107681943849,6.0,1.0,0.6155595681088315,-0.00560692786809347
ipo_alpha08_feedback_one_b100_s0,ipo,alpha08,feedback_one,0.8,0.8,0.2,0.0,1.0,251,51,75,0.07309954116959719,0.04802445445805949,0.38758236266139884,11.0,0.9945203645505595,0.06690640965826254,0.006193131511334646,0.07574716566011591,-0.027722711202056424,0.42912053654600113,-0.04153817388460229,6.0,5.0,1.0105072680865868,-0.015986903536027275
ipo_alpha08_feedback_one_b100_s0,ipo,alpha08,feedback_one,0.8,0.8,0.2,0.0,1.0,612,51,75,0.07506622312616451,0.05284320629473458,0.45218017588553466,8.0,0.7404777844919305,0.07419335734081092,0.0008728657853535882,0.07039640211389511,-0.01755319581916053,0.46816682481668054,-0.015986648931145875,3.0,5.0,0.6490077534129697,0.09147003107896079
ipo_alpha08_feedback_one_b100_s0,ipo,alpha08,feedback_one,0.8,0.8,0.2,0.0,1.0,737,51,75,0.10428292646186796,0.06498571371104785,0.5165227217502141,2.0,0.9054942822432236,0.07695375895120288,0.02732916751066508,0.0642392764976938,0.0007464372133540453,0.5350562053149075,-0.01853348356469342,2.0,0.0,0.93952995190737,-0.034035669664146395
ipo_alpha08_feedback_one_b100_s0,ipo,alpha08,feedback_one,0.8,0.8,0.2,0.0,1.0,867,51,75,0.10653891620357006,0.05795505866676588,0.439948433794291,6.0,0.8625191389712793,0.0844009225709706,0.022137993632599468,0.05459373712501072,0.003361321541755162,0.4476089789469595,-0.0076605451526685076,8.0,-2.0,0.8974196518023505,-0.034900512831071206
ipo_alpha08_feedback_one_b100_s0,ipo,alpha08,feedback_one,0.8,0.8,0.2,0.0,1.0,945,51,75,0.07445479854447139,0.04730928851396052,0.36813145402918557,9.0,1.180377376689544,0.07473880151478673,-0.0002840029703153474,0.06954130526938486,-0.02223201675542434,0.4214170432232254,-0.053285589194039806,5.0,4.0,1.1441437215682346,0.03623365512130938
ipo_alpha08_feedback_one_b100_s0,ipo,alpha08,feedback_one,0.8,0.8,0.2,0.0,1.0,54,76,100,0.08069626805182023,0.04860537361864046,0.5611772644030305,2.0,0.653024538511795,0.066657010444258,0.014039257607562236,0.05088341163733696,-0.002278038018696499,0.5872304623467359,-0.02605319794370542,2.0,0.0,0.71124206944441,-0.05821753093261506
ipo_alpha08_feedback_one_b100_s0,ipo,alpha08,feedback_one,0.8,0.8,0.2,0.0,1.0,251,76,100,0.09822221892522143,0.07409428870647873,0.41383632716179775,6.0,1.075617374479835,0.09454512884563675,0.00367709007958468,0.1122882865379711,-0.03819399783149237,0.45269351030127625,-0.0388571831394785,8.0,-2.0,0.9918960412423131,0.08372133323752184
ipo_alpha08_feedback_one_b100_s0,ipo,alpha08,feedback_one,0.8,0.8,0.2,0.0,1.0,612,76,100,0.12255131636611312,0.07546626162189995,0.42936239896979006,12.0,0.7550010890356521,0.08639551998052282,0.0361557963855903,0.08052007062296974,-0.0050538090010697895,0.4334541501382385,-0.004091751168448454,8.0,4.0,0.7681507959267985,-0.013149706891146362
ipo_alpha08_feedback_one_b100_s0,ipo,alpha08,feedback_one,0.8,0.8,0.2,0.0,1.0,737,76,100,0.09132063040017165,0.0708965525303101,0.49274676979906856,4.0,0.8153080294761103,0.07085021814482395,0.020470412255347695,0.0570747252102283,0.013821827320081803,0.49227157711058445,0.0004751926884841162,6.0,-2.0,0.8671746822872746,-0.051866652811164315
ipo_alpha08_feedback_one_b100_s0,ipo,alpha08,feedback_one,0.8,0.8,0.2,0.0,1.0,867,76,100,0.09214536191575011,0.09367658611975174,0.5049241313141081,5.0,0.8844037594479509,0.105124081053368,-0.012978719137617889,0.11290416006942561,-0.019227573949673865,0.5200789112615388,-0.015154779947430752,6.0,-1.0,0.8665220693654492,0.017881690082501733
ipo_alpha08_feedback_one_b100_s0,ipo,alpha08,feedback_one,0.8,0.8,0.2,0.0,1.0,945,76,100,0.08142793374637908,0.08021596747376986,0.3906541243935518,4.0,1.2047269599801487,0.08320808126243788,-0.0017801475160588026,0.09191871677756083,-0.011702749303790977,0.4130015235618664,-0.02234739916831463,4.0,0.0,1.2016130842995363,0.003113875680612388
ipo_alpha08_feedback_one_b100_s0,ipo,alpha08,feedback_one,0.8,0.8,0.2,0.0,1.0,54,51,100,0.08175139442930592,0.06827674619922613,0.5143771183816729,9.0,0.6314885893762664,0.07502717802578875,0.006724216403517169,0.07192068858209258,-0.003643942382866444,0.5446042557632448,-0.0302271373815719,8.0,1.0,0.6634008187766207,-0.03191222940035432
ipo_alpha08_feedback_one_b100_s0,ipo,alpha08,feedback_one,0.8,0.8,0.2,0.0,1.0,251,51,100,0.0856608800474093,0.07696335917867964,0.4007093449115985,17.0,1.035068869515197,0.08072576925194964,0.004935110795459649,0.10413984916004114,-0.027176489981361504,0.44090702342363863,-0.04019767851204015,14.0,3.0,1.00120165466445,0.03386721485074706
ipo_alpha08_feedback_one_b100_s0,ipo,alpha08,feedback_one,0.8,0.8,0.2,0.0,1.0,612,51,100,0.09880876974613882,0.07096069311084469,0.44077128742766225,20.0,0.7477394367637912,0.08029443866066685,0.01851433108547197,0.0830596309129455,-0.01209893780210082,0.4508104874774596,-0.010039200049797359,11.0,9.0,0.7085792746698839,0.03916016209390727
ipo_alpha08_feedback_one_b100_s0,ipo,alpha08,feedback_one,0.8,0.8,0.2,0.0,1.0,737,51,100,0.09780177843101981,0.07318059411281788,0.5046347457746414,6.0,0.8604011558596666,0.0739019885480134,0.02389978988300641,0.06626031708228047,0.006920277030537408,0.513663891212746,-0.009029145438104624,8.0,-2.0,0.9033523170973219,-0.0429511612376553
ipo_alpha08_feedback_one_b100_s0,ipo,alpha08,feedback_one,0.8,0.8,0.2,0.0,1.0,867,51,100,0.09934213905966009,0.07873123652975464,0.4724362825541995,11.0,0.8734614492096153,0.0947625018121693,0.004579637247490789,0.08884904248239889,-0.010117805952644249,0.48384394510424916,-0.011407662550049658,14.0,-3.0,0.8819708605838996,-0.008509411374284293
ipo_alpha08_feedback_one_b100_s0,ipo,alpha08,feedback_one,0.8,0.8,0.2,0.0,1.0,945,51,100,0.07794136614542524,0.06815490106898198,0.3793927892113688,13.0,1.1925521683348461,0.0789734413886123,-0.0010320752431870611,0.08690503470194108,-0.018750133632959104,0.4172092833925459,-0.03781649418117711,9.0,4.0,1.1728784029338855,0.019673765400960663
dpo_alpha08_reference_half_b100_s0,dpo,alpha08,reference_half,0.8,0.8,0.8,0.4,0.0,54,1,25,0.08406574945901388,0.08907699137843171,0.7299592753775878,0.0,0.862345147678463,0.07832234033616778,0.005743409122846099,0.09612967340168208,-0.0070526820232503645,0.7118477854072015,0.018111489970386252,0.0,0.0,0.8544221276004877,0.007923020077975296
dpo_alpha08_reference_half_b100_s0,dpo,alpha08,reference_half,0.8,0.8,0.8,0.4,0.0,251,1,25,0.10168823142253011,0.14418426393547862,0.5517139107799409,7.0,1.099784090856771,0.11046268585803366,-0.00877445443550355,0.14553716934092023,-0.0013529054054416123,0.5455603409454473,0.006153569834493666,3.0,4.0,1.0851331282205907,0.014650962636180376
dpo_alpha08_reference_half_b100_s0,dpo,alpha08,reference_half,0.8,0.8,0.8,0.4,0.0,612,1,25,0.12795583771938968,0.12279013461808949,0.5521371219859478,6.0,0.7095525127188796,0.14134260563221032,-0.013386767912820646,0.1344655624110294,-0.011675427792939896,0.5127367781050584,0.03940034388088942,7.0,-1.0,0.739772133100295,-0.030219620381415346
dpo_alpha08_reference_half_b100_s0,dpo,alpha08,reference_half,0.8,0.8,0.8,0.4,0.0,737,1,25,0.09303487965985305,0.12633513954364195,0.7057861982641583,1.0,0.8802317705817104,0.09039411537352478,0.0026407642863282704,0.11503671349680077,0.011298426046841184,0.6775846540809586,0.028201544183199756,1.0,0.0,0.9153180210387862,-0.03508625045707581
dpo_alpha08_reference_half_b100_s0,dpo,alpha08,reference_half,0.8,0.8,0.8,0.4,0.0,867,1,25,0.10662908095826232,0.09358247628194671,0.6133466772980999,6.0,0.8957234832240383,0.10273500425034386,0.0038940767079184563,0.13095379719370884,-0.037371320911762124,0.6269992804380393,-0.013652603139939434,4.0,2.0,0.8204626546392271,0.0752608285848112
dpo_alpha08_reference_half_b100_s0,dpo,alpha08,reference_half,0.8,0.8,0.8,0.4,0.0,945,1,25,0.10549689853866112,0.08317221458317836,0.5312781226342423,5.0,1.136390297273275,0.11512603986038678,-0.009629141321725654,0.10367014126239207,-0.020497926679213713,0.5366824817340158,-0.005404359099773437,3.0,2.0,1.0758682410907712,0.060522056182503725
dpo_alpha08_reference_half_b100_s0,dpo,alpha08,reference_half,0.8,0.8,0.8,0.4,0.0,54,26,50,0.07044001232977902,0.061506917048748125,0.54107115368469,0.0,0.7598656655384994,0.07075127945011783,-0.0003112671203388123,0.07070220466062588,-0.009195287611877753,0.5387591651494423,0.002311988535247722,2.0,-2.0,0.7026528617897421,0.05721280374875737
dpo_alpha08_reference_half_b100_s0,dpo,alpha08,reference_half,0.8,0.8,0.8,0.4,0.0,251,26,50,0.09249210801503768,0.06654524741147805,0.4040703806869084,6.0,1.1512323751117726,0.10966640862296258,-0.017174300607924894,0.11208449447070258,-0.04553924705922453,0.43994328268399197,-0.03587290199708354,7.0,-1.0,1.1100776603911846,0.04115471472058796
dpo_alpha08_reference_half_b100_s0,dpo,alpha08,reference_half,0.8,0.8,0.8,0.4,0.0,612,26,50,0.07704391116824544,0.07575406293197809,0.47740756659001193,4.0,0.7144863708164192,0.08888126106747399,-0.01183734989922855,0.0955655900781896,-0.01981152714621151,0.4990590727471296,-0.02165150615711764,5.0,-1.0,0.6851496996383668,0.029336671178052387
dpo_alpha08_reference_half_b100_s0,dpo,alpha08,reference_half,0.8,0.8,0.8,0.4,0.0,737,26,50,0.08525037094471614,0.05715076329666184,0.4878856105511285,2.0,0.9044898676751824,0.09021967212873236,-0.004969301184016214,0.06129678825971715,-0.004146024963055307,0.5002330840310392,-0.012347473479910664,3.0,-1.0,0.8810154647036685,0.02347440297151382
dpo_alpha08_reference_half_b100_s0,dpo,alpha08,reference_half,0.8,0.8,0.8,0.4,0.0,867,26,50,0.09251601887945446,0.08109352040272609,0.4906416557482548,8.0,0.7675783233488714,0.08893014688316049,0.0035858719962939684,0.0885709078877841,-0.00747738748505801,0.4899047195983662,0.0007369361498886229,8.0,0.0,0.737121218556245,0.03045710479262642
dpo_alpha08_reference_half_b100_s0,dpo,alpha08,reference_half,0.8,0.8,0.8,0.4,0.0,945,26,50,0.08000795546871606,0.048690745123834,0.368345668522268,10.0,1.1749151787120788,0.07286659373690656,0.007141361731809501,0.06577759566394692,-0.01708685054011292,0.3803621419976445,-0.012016473475376488,8.0,2.0,1.214341563147485,-0.03942638443540614
dpo_alpha08_reference_half_b100_s0,dpo,alpha08,reference_half,0.8,0.8,0.8,0.4,0.0,54,51,75,0.07639788099768398,0.05794856412525487,0.4733240031161716,6.0,0.6464270052284655,0.08403223437811015,-0.007634353380426173,0.07890210850523029,-0.020953544379975417,0.4996112231700884,-0.02628722005391676,6.0,0.0,0.6730416871311271,-0.026614681902661586
dpo_alpha08_reference_half_b100_s0,dpo,alpha08,reference_half,0.8,0.8,0.8,0.4,0.0,251,51,75,0.07013087904669564,0.05691118553334761,0.3937127570948497,5.0,1.0609747799982607,0.06841317560709595,0.001717703439599691,0.05456861993463291,0.0023425655987147007,0.40266553381185866,-0.008952776717008948,8.0,-3.0,0.9840667605402719,0.07690801945798886
dpo_alpha08_reference_half_b100_s0,dpo,alpha08,reference_half,0.8,0.8,0.8,0.4,0.0,612,51,75,0.07198972061576352,0.04204157580523023,0.4557447257989971,7.0,0.7182667554491993,0.07226782080449358,-0.0002781001887300627,0.0834906287046213,-0.041449052899391076,0.48413166373993194,-0.02838693794093483,5.0,2.0,0.7090996539946326,0.009167101454566673
dpo_alpha08_reference_half_b100_s0,dpo,alpha08,reference_half,0.8,0.8,0.8,0.4,0.0,737,51,75,0.0857769296088243,0.06457068523504925,0.504870425343197,4.0,0.9026310476765224,0.07966936867600552,0.0061075609328187785,0.07354395518120732,-0.008973269946158074,0.5159418782822108,-0.011071452939013793,1.0,3.0,0.900825923625616,0.0018051240509063815
dpo_alpha08_reference_half_b100_s0,dpo,alpha08,reference_half,0.8,0.8,0.8,0.4,0.0,867,51,75,0.06861774472806653,0.04049796511806359,0.4375876485922565,5.0,0.8386847874594858,0.08181129276573562,-0.01319354803766909,0.05343696024523782,-0.012938995127174231,0.4430717586459016,-0.005484110053645075,6.0,-1.0,0.8583298660031169,-0.019645078543631067
dpo_alpha08_reference_half_b100_s0,dpo,alpha08,reference_half,0.8,0.8,0.8,0.4,0.0,945,51,75,0.06925399599755755,0.05628000375516398,0.3975819539575096,10.0,1.1467287968623894,0.07224498420897137,-0.002990988211413817,0.060298899798543,-0.004018896043379017,0.40501047708745347,-0.007428523129943854,7.0,3.0,1.154006271548723,-0.0072774746863335515
dpo_alpha08_reference_half_b100_s0,dpo,alpha08,reference_half,0.8,0.8,0.8,0.4,0.0,54,76,100,0.08075666896324794,0.04478359348350565,0.5328465733627668,2.0,0.7168008672438942,0.07596053647471777,0.004796132488530169,0.04786510590718906,-0.0030815124236834093,0.5489360036138031,-0.016089430251036374,2.0,0.0,0.7134481244145975,0.003352742829296762
dpo_alpha08_reference_half_b100_s0,dpo,alpha08,reference_half,0.8,0.8,0.8,0.4,0.0,251,76,100,0.08200976839270359,0.07347161254748855,0.4132265064684907,8.0,1.0190831528581699,0.08968757728750075,-0.007677808894797161,0.10305196463030024,-0.029580352082811692,0.4459842828582301,-0.032757776389739424,8.0,0.0,1.0148712572949963,0.004211895563173584
dpo_alpha08_reference_half_b100_s0,dpo,alpha08,reference_half,0.8,0.8,0.8,0.4,0.0,612,76,100,0.0821687204145267,0.06050205492657455,0.40846981895516743,7.0,0.771717127149195,0.09435353263297776,-0.012184812218451052,0.09559983302364922,-0.035097778097074664,0.45824709173104616,-0.049777272775878734,5.0,2.0,0.7430335033954278,0.028683623753767207
dpo_alpha08_reference_half_b100_s0,dpo,alpha08,reference_half,0.8,0.8,0.8,0.4,0.0,737,76,100,0.0830569520121763,0.06353451039095817,0.46855254548984326,8.0,0.8433958195802868,0.0765177585578765,0.006539193454299805,0.06303291343876562,0.000501596952192554,0.4636913729006643,0.0048611725891789526,4.0,4.0,0.8434219806621277,-2.6161081840947453e-05
dpo_alpha08_reference_half_b100_s0,dpo,alpha08,reference_half,0.8,0.8,0.8,0.4,0.0,867,76,100,0.08822557001920828,0.08097989328387502,0.467637671656573,10.0,0.846899848144183,0.09656701085245153,-0.008341440833243258,0.10981684231088518,-0.02883694902701016,0.5120031186578218,-0.04436544700124878,6.0,4.0,0.8576397967267205,-0.010739948582537573
dpo_alpha08_reference_half_b100_s0,dpo,alpha08,reference_half,0.8,0.8,0.8,0.4,0.0,945,76,100,0.08125782794276262,0.07336141907536187,0.374181907380683,6.0,1.2051839890636387,0.08416027258091098,-0.0029024446381483576,0.08423157954960636,-0.010870160474244495,0.39107771879381437,-0.016895811413131345,5.0,1.0,1.1930891954982938,0.012094793565344819
dpo_alpha08_reference_half_b100_s0,dpo,alpha08,reference_half,0.8,0.8,0.8,0.4,0.0,54,51,100,0.07857727498046596,0.05825027924274771,0.5030852882394692,8.0,0.6816139362361798,0.07999638542641395,-0.001419110445947988,0.0715783578993225,-0.013328078656574788,0.5242736133919457,-0.021188325152476484,8.0,0.0,0.6932449057728622,-0.011630969536682412
dpo_alpha08_reference_half_b100_s0,dpo,alpha08,reference_half,0.8,0.8,0.8,0.4,0.0,251,51,100,0.07607032371969963,0.07220860343670081,0.4034696317816704,13.0,1.0400289664282154,0.07905037644729834,-0.0029800527275987143,0.09035192326565712,-0.01814331982895631,0.42432490833504444,-0.020855276553374047,16.0,-3.0,0.9994690089176338,0.04055995751058161
dpo_alpha08_reference_half_b100_s0,dpo,alpha08,reference_half,0.8,0.8,0.8,0.4,0.0,612,51,100,0.07707922051514512,0.06447044280584383,0.4321072723770822,14.0,0.744991941299197,0.08331067671873567,-0.0062314562035905435,0.09783933529890972,-0.03336889249306589,0.4711893777354891,-0.03908210535840689,10.0,4.0,0.7260665786950304,0.01892536260416655
dpo_alpha08_reference_half_b100_s0,dpo,alpha08,reference_half,0.8,0.8,0.8,0.4,0.0,737,51,100,0.0844169408105003,0.06710549325403221,0.48671148541652015,12.0,0.8730134336284047,0.078093563616941,0.006323377193559299,0.0744301158557203,-0.007324622601688091,0.4898166255914374,-0.0031051401749172536,5.0,7.0,0.8721239521438713,0.0008894814845333832
dpo_alpha08_reference_half_b100_s0,dpo,alpha08,reference_half,0.8,0.8,0.8,0.4,0.0,867,51,100,0.0784216573736374,0.06511712336112083,0.452612660124415,15.0,0.8427923178018344,0.08918915180909359,-0.010767494435456187,0.08700700235195119,-0.021889878990830364,0.47753743865186166,-0.024924778527446678,12.0,3.0,0.8579848313649184,-0.015192513563084042
dpo_alpha08_reference_half_b100_s0,dpo,alpha08,reference_half,0.8,0.8,0.8,0.4,0.0,945,51,100,0.07525591197016007,0.07137021945158878,0.3858819306690963,16.0,1.1759563929630141,0.07820262839494119,-0.002946716424781115,0.07795216605051074,-0.006581946598921959,0.39804409794063406,-0.012162167271537738,12.0,4.0,1.173547733523508,0.002408659439506078
dpo_alpha08_reference_max_b100_s0,dpo,alpha08,reference_max,0.8,0.8,0.8,0.8,0.0,54,1,25,0.08031206485904427,0.09039792909023221,0.7372247762531934,0.0,0.854864550982682,0.07832234033616778,0.0019897245228764904,0.09612967340168208,-0.005731744311449863,0.7118477854072015,0.025376990845991876,0.0,0.0,0.8544221276004877,0.0004424233821942458
dpo_alpha08_reference_max_b100_s0,dpo,alpha08,reference_max,0.8,0.8,0.8,0.8,0.0,251,1,25,0.1678142188492088,0.15576865667736467,0.590578814487381,8.0,1.0694691261690066,0.11046268585803366,0.05735153299117514,0.14553716934092023,0.01023148733644444,0.5455603409454473,0.04501847354193378,3.0,5.0,1.0851331282205907,-0.015664002051584136
dpo_alpha08_reference_max_b100_s0,dpo,alpha08,reference_max,0.8,0.8,0.8,0.8,0.0,612,1,25,0.15837932742572025,0.12383564267150407,0.5952433462445169,8.0,0.6857488041272833,0.14134260563221032,0.01703672179350993,0.1344655624110294,-0.010629919739525318,0.5127367781050584,0.08250656813945856,7.0,1.0,0.739772133100295,-0.05402332897301165
dpo_alpha08_reference_max_b100_s0,dpo,alpha08,reference_max,0.8,0.8,0.8,0.8,0.0,737,1,25,0.12940977391624395,0.11984577272808795,0.6780027716793959,1.0,0.8871854260880467,0.09039411537352478,0.03901565854271917,0.11503671349680077,0.004809059231287188,0.6775846540809586,0.00041811759843735086,1.0,0.0,0.9153180210387862,-0.028132594950739498
dpo_alpha08_reference_max_b100_s0,dpo,alpha08,reference_max,0.8,0.8,0.8,0.8,0.0,867,1,25,0.18808125830200279,0.10066076525367784,0.5885615722034561,6.0,0.8799226664270999,0.10273500425034386,0.08534625405165892,0.13095379719370884,-0.030293031940030996,0.6269992804380393,-0.03843770823458326,4.0,2.0,0.8204626546392271,0.05946001178787286
dpo_alpha08_reference_max_b100_s0,dpo,alpha08,reference_max,0.8,0.8,0.8,0.8,0.0,945,1,25,0.12412788435084089,0.07033715321820368,0.5126748672436185,5.0,1.1528217708617703,0.11512603986038678,0.009001844490454117,0.10367014126239207,-0.0333329880441884,0.5366824817340158,-0.024007614490397233,3.0,2.0,1.0758682410907712,0.07695352977099912
dpo_alpha08_reference_max_b100_s0,dpo,alpha08,reference_max,0.8,0.8,0.8,0.8,0.0,54,26,50,0.09452587702051535,0.05313670848846395,0.5407007351699701,0.0,0.7557890678329471,0.07075127945011783,0.023774597570397515,0.07070220466062588,-0.01756549617216193,0.5387591651494423,0.0019415700205277497,2.0,-2.0,0.7026528617897421,0.053136206043205014
dpo_alpha08_reference_max_b100_s0,dpo,alpha08,reference_max,0.8,0.8,0.8,0.8,0.0,251,26,50,0.11669887385897117,0.06680267872589117,0.417084413544788,6.0,1.1557215182346876,0.10966640862296258,0.007032465236008589,0.11208449447070258,-0.04528181574481141,0.43994328268399197,-0.022858869139203986,7.0,-1.0,1.1100776603911846,0.045643857843503
dpo_alpha08_reference_max_b100_s0,dpo,alpha08,reference_max,0.8,0.8,0.8,0.8,0.0,612,26,50,0.12730096744537042,0.0734845480726694,0.49044793260251784,11.0,0.7592646831666282,0.08888126106747399,0.038419706377896434,0.0955655900781896,-0.022081042005520204,0.4990590727471296,-0.008611140144611729,5.0,6.0,0.6851496996383668,0.0741149835282614
dpo_alpha08_reference_max_b100_s0,dpo,alpha08,reference_max,0.8,0.8,0.8,0.8,0.0,737,26,50,0.18690357445046854,0.07685573687633722,0.4872953462526815,4.0,0.8915131374385065,0.09021967212873236,0.09668390232173618,0.06129678825971715,0.01555894861662007,0.5002330840310392,-0.01293773777835766,3.0,1.0,0.8810154647036685,0.010497672734837926
dpo_alpha08_reference_max_b100_s0,dpo,alpha08,reference_max,0.8,0.8,0.8,0.8,0.0,867,26,50,0.12691905569782144,0.06829424663598449,0.47419849191788266,9.0,0.7159528456290937,0.08893014688316049,0.03798890881466095,0.0885709078877841,-0.02027666125179961,0.4899047195983662,-0.01570622768048352,8.0,1.0,0.737121218556245,-0.021168372927151347
dpo_alpha08_reference_max_b100_s0,dpo,alpha08,reference_max,0.8,0.8,0.8,0.8,0.0,945,26,50,0.09074747206440766,0.05866310144688197,0.3924676992582557,7.0,1.1334620634024417,0.07286659373690656,0.0178808783275011,0.06577759566394692,-0.007114494217064948,0.3803621419976445,0.012105557260611188,8.0,-1.0,1.214341563147485,-0.08087949974504327
dpo_alpha08_reference_max_b100_s0,dpo,alpha08,reference_max,0.8,0.8,0.8,0.8,0.0,54,51,75,0.0742596335969793,0.04793136991269973,0.4775739042431244,4.0,0.6362119005575202,0.08403223437811015,-0.009772600781130847,0.07890210850523029,-0.030970738592530557,0.4996112231700884,-0.022037318926963978,6.0,-2.0,0.6730416871311271,-0.036829786573606915
dpo_alpha08_reference_max_b100_s0,dpo,alpha08,reference_max,0.8,0.8,0.8,0.8,0.0,251,51,75,0.0770027988685733,0.04518832186341784,0.3697484376224059,10.0,1.0845554936332955,0.06841317560709595,0.008589623261477344,0.05456861993463291,-0.00938029807121507,0.40266553381185866,-0.032917096189452766,8.0,2.0,0.9840667605402719,0.10048873309302364
dpo_alpha08_reference_max_b100_s0,dpo,alpha08,reference_max,0.8,0.8,0.8,0.8,0.0,612,51,75,0.09652594793291806,0.04347779322604775,0.464555373834985,12.0,0.7717340698794353,0.07226782080449358,0.024258127128424484,0.0834906287046213,-0.04001283547857355,0.48413166373993194,-0.01957628990494692,5.0,7.0,0.7090996539946326,0.06263441588480267
dpo_alpha08_reference_max_b100_s0,dpo,alpha08,reference_max,0.8,0.8,0.8,0.8,0.0,737,51,75,0.11768829623428921,0.056487576607022943,0.48656418042259375,8.0,0.8756976300189575,0.07966936867600552,0.03801892755828369,0.07354395518120732,-0.017056378574184378,0.5159418782822108,-0.02937769785961708,1.0,7.0,0.900825923625616,-0.02512829360665847
dpo_alpha08_reference_max_b100_s0,dpo,alpha08,reference_max,0.8,0.8,0.8,0.8,0.0,867,51,75,0.07749103481899385,0.04084674106236771,0.42756401617064826,7.0,0.8411962150059294,0.08181129276573562,-0.004320257946741776,0.05343696024523782,-0.012590219182870115,0.4430717586459016,-0.015507742475253328,6.0,1.0,0.8583298660031169,-0.017133650997187444
dpo_alpha08_reference_max_b100_s0,dpo,alpha08,reference_max,0.8,0.8,0.8,0.8,0.0,945,51,75,0.11334469358663074,0.048835410804861035,0.37462785543729266,10.0,1.1726003890259478,0.07224498420897137,0.041099709377659374,0.060298899798543,-0.011463488993681964,0.40501047708745347,-0.030382621650160813,7.0,3.0,1.154006271548723,0.018594117477224836
dpo_alpha08_reference_max_b100_s0,dpo,alpha08,reference_max,0.8,0.8,0.8,0.8,0.0,54,76,100,0.10672657869971382,0.042636063479081845,0.5312827330191804,0.0,0.6862080222378867,0.07596053647471777,0.030766042224996043,0.04786510590718906,-0.005229042428107213,0.5489360036138031,-0.01765327059462274,2.0,-2.0,0.7134481244145975,-0.0272401021767108
dpo_alpha08_reference_max_b100_s0,dpo,alpha08,reference_max,0.8,0.8,0.8,0.8,0.0,251,76,100,0.10898887687340633,0.05968236933106451,0.4042565689325808,14.0,1.0169724779204534,0.08968757728750075,0.019301299585905582,0.10305196463030024,-0.04336959529923573,0.4459842828582301,-0.041727713925649335,8.0,6.0,1.0148712572949963,0.0021012206254571453
dpo_alpha08_reference_max_b100_s0,dpo,alpha08,reference_max,0.8,0.8,0.8,0.8,0.0,612,76,100,0.11786838151248834,0.06391236415132018,0.40291224516379975,15.0,0.8080591857676909,0.09435353263297776,0.02351484887951058,0.09559983302364922,-0.03168746887232904,0.45824709173104616,-0.05533484656724641,5.0,10.0,0.7430335033954278,0.06502568237226303
dpo_alpha08_reference_max_b100_s0,dpo,alpha08,reference_max,0.8,0.8,0.8,0.8,0.0,737,76,100,0.10207037044593509,0.05249754508406903,0.4623772193339628,6.0,0.8461768395818886,0.0765177585578765,0.025552611888058588,0.06303291343876562,-0.010535368354696588,0.4636913729006643,-0.0013141535667015036,4.0,2.0,0.8434219806621277,0.0027548589197609052
dpo_alpha08_reference_max_b100_s0,dpo,alpha08,reference_max,0.8,0.8,0.8,0.8,0.0,867,76,100,0.10817410227022087,0.063426582274652,0.44543649781981864,9.0,0.8518157182086611,0.09656701085245153,0.011607091417769333,0.10981684231088518,-0.04639026003623317,0.5120031186578218,-0.06656662083800313,6.0,3.0,0.8576397967267205,-0.005824078518059439
dpo_alpha08_reference_max_b100_s0,dpo,alpha08,reference_max,0.8,0.8,0.8,0.8,0.0,945,76,100,0.0932073928293382,0.06648679497201364,0.37269962490805786,6.0,1.2028820806323322,0.08416027258091098,0.009047120248427215,0.08423157954960636,-0.017744784577592723,0.39107771879381437,-0.018378093885756508,5.0,1.0,1.1930891954982938,0.00979288513403831
dpo_alpha08_reference_max_b100_s0,dpo,alpha08,reference_max,0.8,0.8,0.8,0.8,0.0,54,51,100,0.09049310614834656,0.05210900739819344,0.5044283186311523,4.0,0.6612099613977034,0.07999638542641395,0.010496720721932612,0.0715783578993225,-0.019469350501129058,0.5242736133919457,-0.01984529476079333,8.0,-4.0,0.6932449057728622,-0.03203494437515886
dpo_alpha08_reference_max_b100_s0,dpo,alpha08,reference_max,0.8,0.8,0.8,0.8,0.0,251,51,100,0.09299583787098982,0.05794270142800821,0.38700250327749347,24.0,1.050763985776874,0.07905037644729834,0.013945461423691477,0.09035192326565712,-0.03240922183764891,0.42432490833504444,-0.03732240505755097,16.0,8.0,0.9994690089176338,0.05129497685924023
dpo_alpha08_reference_max_b100_s0,dpo,alpha08,reference_max,0.8,0.8,0.8,0.8,0.0,612,51,100,0.1071971647227032,0.07176497252794434,0.4337338094993924,27.0,0.7898966278235633,0.08331067671873567,0.023886488003967532,0.09783933529890972,-0.02607436277096538,0.4711893777354891,-0.03745556823609669,10.0,17.0,0.7260665786950304,0.06383004912853285
dpo_alpha08_reference_max_b100_s0,dpo,alpha08,reference_max,0.8,0.8,0.8,0.8,0.0,737,51,100,0.10987933334011213,0.05589232580213304,0.47447069987827833,14.0,0.8609372348004233,0.078093563616941,0.031785769723171126,0.0744301158557203,-0.018537790053587265,0.4898166255914374,-0.01534592571315907,5.0,9.0,0.8721239521438713,-0.011186717343448005
dpo_alpha08_reference_max_b100_s0,dpo,alpha08,reference_max,0.8,0.8,0.8,0.8,0.0,867,51,100,0.09283256854460736,0.05467755001806924,0.4365002569952334,16.0,0.8465059666072952,0.08918915180909359,0.0036434167355137714,0.08700700235195119,-0.03232945233388195,0.47753743865186166,-0.04103718165662823,12.0,4.0,0.8579848313649184,-0.011478864757623275
dpo_alpha08_reference_max_b100_s0,dpo,alpha08,reference_max,0.8,0.8,0.8,0.8,0.0,945,51,100,0.10327604320798445,0.061099631455958724,0.37366374017267534,16.0,1.18774123482914,0.07820262839494119,0.02507341481304326,0.07795216605051074,-0.016852534594552014,0.39804409794063406,-0.024380357767958716,12.0,4.0,1.173547733523508,0.014193501305632017
dpo_alpha08_feedback_half_b100_s0,dpo,alpha08,feedback_half,0.8,0.8,0.8,0.0,0.5,54,1,25,0.07473897417448257,0.08342484561588262,0.7168672905039213,0.0,0.8567674694364663,0.07832234033616778,-0.0035833661616852114,0.09612967340168208,-0.012704827785799455,0.7118477854072015,0.0050195050967197785,0.0,0.0,0.8544221276004877,0.002345341835978565
dpo_alpha08_feedback_half_b100_s0,dpo,alpha08,feedback_half,0.8,0.8,0.8,0.0,0.5,251,1,25,0.1091344368070459,0.12686501973083097,0.5181767735360032,6.0,1.118731280257735,0.11046268585803366,-0.0013282490509877592,0.14553716934092023,-0.018672149610089256,0.5455603409454473,-0.027383567409444032,3.0,3.0,1.0851331282205907,0.033598152037144224
dpo_alpha08_feedback_half_b100_s0,dpo,alpha08,feedback_half,0.8,0.8,0.8,0.0,0.5,612,1,25,0.1463770365201332,0.13015514608180428,0.5041081478349523,9.0,0.734565532813847,0.14134260563221032,0.0050344308879228805,0.1344655624110294,-0.004310416329225103,0.5127367781050584,-0.008628630270106075,7.0,2.0,0.739772133100295,-0.005206600286448038
dpo_alpha08_feedback_half_b100_s0,dpo,alpha08,feedback_half,0.8,0.8,0.8,0.0,0.5,737,1,25,0.09387484260275908,0.11508958169031011,0.6621914829211778,1.0,0.9440166666446271,0.09039411537352478,0.003480727229234301,0.11503671349680077,5.286819350934502e-05,0.6775846540809586,-0.015393171159780783,1.0,0.0,0.9153180210387862,0.0286986456058409
dpo_alpha08_feedback_half_b100_s0,dpo,alpha08,feedback_half,0.8,0.8,0.8,0.0,0.5,867,1,25,0.10525757773592986,0.1329528043593357,0.6198957814655786,4.0,0.8488780323004529,0.10273500425034386,0.002522573485586002,0.13095379719370884,0.0019990071656268704,0.6269992804380393,-0.0071034989724607644,4.0,0.0,0.8204626546392271,0.028415377661225816
dpo_alpha08_feedback_half_b100_s0,dpo,alpha08,feedback_half,0.8,0.8,0.8,0.0,0.5,945,1,25,0.11144946474169061,0.10157905478091923,0.5262562852555759,3.0,1.087968941641268,0.11512603986038678,-0.0036765751186961654,0.10367014126239207,-0.0020910864814728397,0.5366824817340158,-0.010426196478439897,3.0,0.0,1.0758682410907712,0.012100700550496724
dpo_alpha08_feedback_half_b100_s0,dpo,alpha08,feedback_half,0.8,0.8,0.8,0.0,0.5,54,26,50,0.07256587350289215,0.06132071837402078,0.5515910742290706,0.0,0.7100680571360793,0.07075127945011783,0.0018145940527743154,0.07070220466062588,-0.009381486286605095,0.5387591651494423,0.012831909079628279,2.0,-2.0,0.7026528617897421,0.007415195346337278
dpo_alpha08_feedback_half_b100_s0,dpo,alpha08,feedback_half,0.8,0.8,0.8,0.0,0.5,251,26,50,0.09326190755773445,0.07937554895440718,0.41402516148981744,7.0,1.1297761782668607,0.10966640862296258,-0.01640450106522813,0.11208449447070258,-0.0327089455162954,0.43994328268399197,-0.025918121194174526,7.0,0.0,1.1100776603911846,0.019698517875676114
dpo_alpha08_feedback_half_b100_s0,dpo,alpha08,feedback_half,0.8,0.8,0.8,0.0,0.5,612,26,50,0.08497833057145743,0.07602104860967238,0.47783768868289783,5.0,0.7124228281843689,0.08888126106747399,-0.00390293049601656,0.0955655900781896,-0.019544541468517224,0.4990590727471296,-0.02122138406423174,5.0,0.0,0.6851496996383668,0.027273128546002057
dpo_alpha08_feedback_half_b100_s0,dpo,alpha08,feedback_half,0.8,0.8,0.8,0.0,0.5,737,26,50,0.08521509663241952,0.06576398797694537,0.5046721616001455,3.0,0.8935996028691281,0.09021967212873236,-0.005004575496312835,0.06129678825971715,0.004467199717228219,0.5002330840310392,0.004439077569106331,3.0,0.0,0.8810154647036685,0.012584138165459557
dpo_alpha08_feedback_half_b100_s0,dpo,alpha08,feedback_half,0.8,0.8,0.8,0.0,0.5,867,26,50,0.0779969814074156,0.08594104033491312,0.49440953998082987,8.0,0.8082751399499692,0.08893014688316049,-0.010933165475744896,0.0885709078877841,-0.002629867552870979,0.4899047195983662,0.004504820382463692,8.0,0.0,0.737121218556245,0.07115392139372423
dpo_alpha08_feedback_half_b100_s0,dpo,alpha08,feedback_half,0.8,0.8,0.8,0.0,0.5,945,26,50,0.07602481637444551,0.052843172933898154,0.37181755732831284,8.0,1.2178196780443455,0.07286659373690656,0.0031582226375389544,0.06577759566394692,-0.012934422730048765,0.3803621419976445,-0.008544584669331667,8.0,0.0,1.214341563147485,0.0034781148968605624
dpo_alpha08_feedback_half_b100_s0,dpo,alpha08,feedback_half,0.8,0.8,0.8,0.0,0.5,54,51,75,0.08664415400586138,0.07559786521936383,0.4927237216521293,4.0,0.6682111784247627,0.08403223437811015,0.00261191962775123,0.07890210850523029,-0.003304243285866454,0.4996112231700884,-0.006887501517959083,6.0,-2.0,0.6730416871311271,-0.004830508706364367
dpo_alpha08_feedback_half_b100_s0,dpo,alpha08,feedback_half,0.8,0.8,0.8,0.0,0.5,251,51,75,0.07880650217536175,0.05815445122490345,0.4118858801750763,7.0,0.9987368635828331,0.06841317560709595,0.010393326568265804,0.05456861993463291,0.0035858312902705414,0.40266553381185866,0.009220346363217669,8.0,-1.0,0.9840667605402719,0.014670103042561222
dpo_alpha08_feedback_half_b100_s0,dpo,alpha08,feedback_half,0.8,0.8,0.8,0.0,0.5,612,51,75,0.07500199505134267,0.06631201383982437,0.46123407779248937,3.0,0.7269754861824237,0.07226782080449358,0.0027341742468490887,0.0834906287046213,-0.017178614864796937,0.48413166373993194,-0.022897585947442567,5.0,-2.0,0.7090996539946326,0.017875832187791096
dpo_alpha08_feedback_half_b100_s0,dpo,alpha08,feedback_half,0.8,0.8,0.8,0.0,0.5,737,51,75,0.08432943263508248,0.07623286557986497,0.5264857323622347,3.0,0.9039652189668352,0.07966936867600552,0.004660063959076963,0.07354395518120732,0.0026889103986576512,0.5159418782822108,0.010543854080023896,1.0,2.0,0.900825923625616,0.0031392953412192615
dpo_alpha08_feedback_half_b100_s0,dpo,alpha08,feedback_half,0.8,0.8,0.8,0.0,0.5,867,51,75,0.09371471195441351,0.0634631612219981,0.4539381854152785,6.0,0.8698828687306203,0.08181129276573562,0.011903419188677891,0.05343696024523782,0.010026200976760283,0.4430717586459016,0.01086642676937688,6.0,0.0,0.8583298660031169,0.01155300272750337
dpo_alpha08_feedback_half_b100_s0,dpo,alpha08,feedback_half,0.8,0.8,0.8,0.0,0.5,945,51,75,0.07713561743924813,0.060448460565748596,0.4140994270123348,5.0,1.152975283354364,0.07224498420897137,0.004890633230276761,0.060298899798543,0.00014956076720559763,0.40501047708745347,0.009088949924881351,7.0,-2.0,1.154006271548723,-0.0010309881943588728
dpo_alpha08_feedback_half_b100_s0,dpo,alpha08,feedback_half,0.8,0.8,0.8,0.0,0.5,54,76,100,0.08107237621842903,0.055942516452089946,0.5509879043107905,2.0,0.7194536563962121,0.07596053647471777,0.005111839743711252,0.04786510590718906,0.008077410544900888,0.5489360036138031,0.002051900696987352,2.0,0.0,0.7134481244145975,0.006005531981614576
dpo_alpha08_feedback_half_b100_s0,dpo,alpha08,feedback_half,0.8,0.8,0.8,0.0,0.5,251,76,100,0.0849428943875511,0.07991321856788602,0.41893422557617976,7.0,1.0296775656399626,0.08968757728750075,-0.0047446828999496565,0.10305196463030024,-0.023138746062414214,0.4459842828582301,-0.027050057282050344,8.0,-1.0,1.0148712572949963,0.014806308344966324
dpo_alpha08_feedback_half_b100_s0,dpo,alpha08,feedback_half,0.8,0.8,0.8,0.0,0.5,612,76,100,0.09734622242228744,0.07181748653018627,0.4111506124036892,11.0,0.7653223882611594,0.09435353263297776,0.00299268978930968,0.09559983302364922,-0.023782346493462947,0.45824709173104616,-0.047096479327356944,5.0,6.0,0.7430335033954278,0.02228888486573155
dpo_alpha08_feedback_half_b100_s0,dpo,alpha08,feedback_half,0.8,0.8,0.8,0.0,0.5,737,76,100,0.07266128349576537,0.06793835831204693,0.4930684486548625,2.0,0.8138389771243395,0.0765177585578765,-0.0038564750621111338,0.06303291343876562,0.004905444873281317,0.4636913729006643,0.02937707575419818,4.0,-2.0,0.8434219806621277,-0.0295830035377882
dpo_alpha08_feedback_half_b100_s0,dpo,alpha08,feedback_half,0.8,0.8,0.8,0.0,0.5,867,76,100,0.09481307128382638,0.1049687570302883,0.5060261532180703,5.0,0.860818806406655,0.09656701085245153,-0.0017539395686251569,0.10981684231088518,-0.004848085280596881,0.5120031186578218,-0.005976965439751458,6.0,-1.0,0.8576397967267205,0.0031790096799344525
dpo_alpha08_feedback_half_b100_s0,dpo,alpha08,feedback_half,0.8,0.8,0.8,0.0,0.5,945,76,100,0.07635439937681714,0.08842213596124787,0.39854311436905454,2.0,1.1933000512648975,0.08416027258091098,-0.007805873204093844,0.08423157954960636,0.004190556411641511,0.39107771879381437,0.007465395575240175,5.0,-3.0,1.1930891954982938,0.0002108557666036237
dpo_alpha08_feedback_half_b100_s0,dpo,alpha08,feedback_half,0.8,0.8,0.8,0.0,0.5,54,51,100,0.0838582651121452,0.07226034582212142,0.5218558129814599,6.0,0.6938324174104874,0.07999638542641395,0.003861879685731248,0.0715783578993225,0.0006819879227989156,0.5242736133919457,-0.002417800410485782,8.0,-2.0,0.6932449057728622,0.0005875116376251599
dpo_alpha08_feedback_half_b100_s0,dpo,alpha08,feedback_half,0.8,0.8,0.8,0.0,0.5,251,51,100,0.08187469828145642,0.07629806790274393,0.41541005287562804,14.0,1.0142072146113978,0.07905037644729834,0.0028243218341580806,0.09035192326565712,-0.01405385536291319,0.42432490833504444,-0.008914855459416393,16.0,-2.0,0.9994690089176338,0.01473820569376405
dpo_alpha08_feedback_half_b100_s0,dpo,alpha08,feedback_half,0.8,0.8,0.8,0.0,0.5,612,51,100,0.08617410873681507,0.07453614590557975,0.43619234509808935,14.0,0.7461489372217918,0.08331067671873567,0.002863432018079398,0.09783933529890972,-0.023303189393329968,0.4711893777354891,-0.03499703263739973,10.0,4.0,0.7260665786950304,0.020082358526761324
dpo_alpha08_feedback_half_b100_s0,dpo,alpha08,feedback_half,0.8,0.8,0.8,0.0,0.5,737,51,100,0.07849535806542393,0.07989922942285976,0.5097770905085486,5.0,0.8589020980455873,0.078093563616941,0.00040179444848292833,0.0744301158557203,0.005469113567139458,0.4898166255914374,0.019960464917111176,5.0,0.0,0.8721239521438713,-0.013221854098284025
dpo_alpha08_feedback_half_b100_s0,dpo,alpha08,feedback_half,0.8,0.8,0.8,0.0,0.5,867,51,100,0.09426389161911997,0.08702735934744013,0.4799821693166745,11.0,0.8653508375686378,0.08918915180909359,0.005074739810026374,0.08700700235195119,2.0356995488940433e-05,0.47753743865186166,0.002444730664812822,12.0,-1.0,0.8579848313649184,0.007366006203719411
dpo_alpha08_feedback_half_b100_s0,dpo,alpha08,feedback_half,0.8,0.8,0.8,0.0,0.5,945,51,100,0.07674500840803263,0.08169707992804043,0.4063212706906946,7.0,1.1731376673096308,0.07820262839494119,-0.001457619986908562,0.07795216605051074,0.0037449138775296903,0.39804409794063406,0.008277172750060569,12.0,-5.0,1.173547733523508,-0.0004100662138772915
dpo_alpha08_feedback_one_b100_s0,dpo,alpha08,feedback_one,0.8,0.8,0.8,0.0,1.0,54,1,25,0.07727199075290436,0.07847202356596898,0.6968812571256131,0.0,0.8812159795799666,0.07832234033616778,-0.0010503495832634158,0.09612967340168208,-0.017657649835713093,0.7118477854072015,-0.014966528281588398,0.0,0.0,0.8544221276004877,0.02679385197947881
dpo_alpha08_feedback_one_b100_s0,dpo,alpha08,feedback_one,0.8,0.8,0.8,0.0,1.0,251,1,25,0.12032993470593092,0.13497084495259568,0.5167227972125258,7.0,1.1189692206401403,0.11046268585803366,0.009867248847897261,0.14553716934092023,-0.010566324388324555,0.5455603409454473,-0.028837543732921467,3.0,4.0,1.0851331282205907,0.033836092419549546
dpo_alpha08_feedback_one_b100_s0,dpo,alpha08,feedback_one,0.8,0.8,0.8,0.0,1.0,612,1,25,0.15913554835600593,0.1172920667610946,0.5032933806305696,10.0,0.7527893473700717,0.14134260563221032,0.017792942723795613,0.1344655624110294,-0.017173495649934784,0.5127367781050584,-0.009443397474488746,7.0,3.0,0.739772133100295,0.013017214269776756
dpo_alpha08_feedback_one_b100_s0,dpo,alpha08,feedback_one,0.8,0.8,0.8,0.0,1.0,737,1,25,0.09336988332553486,0.10833675524471024,0.6590154352879707,1.0,0.9620979513451179,0.09039411537352478,0.002975767952010086,0.11503671349680077,-0.006699958252090521,0.6775846540809586,-0.018569218792987896,1.0,0.0,0.9153180210387862,0.04677993030633165
dpo_alpha08_feedback_one_b100_s0,dpo,alpha08,feedback_one,0.8,0.8,0.8,0.0,1.0,867,1,25,0.10268594770638557,0.11330845259706451,0.5929488394361304,4.0,0.8689213576882043,0.10273500425034386,-4.905654395828685e-05,0.13095379719370884,-0.017645344596644325,0.6269992804380393,-0.034050441001908904,4.0,0.0,0.8204626546392271,0.04845870304897726
dpo_alpha08_feedback_one_b100_s0,dpo,alpha08,feedback_one,0.8,0.8,0.8,0.0,1.0,945,1,25,0.11227388294720794,0.09232905097039588,0.5048404539350642,5.0,1.1128883711434252,0.11512603986038678,-0.0028521569131788327,0.10367014126239207,-0.01134109029199619,0.5366824817340158,-0.03184202779895162,3.0,2.0,1.0758682410907712,0.03702013005265403
dpo_alpha08_feedback_one_b100_s0,dpo,alpha08,feedback_one,0.8,0.8,0.8,0.0,1.0,54,26,50,0.07956137685628889,0.052961941934330875,0.5488764350704822,0.0,0.7379423885149766,0.07075127945011783,0.008810097406171058,0.07070220466062588,-0.017740262726295003,0.5387591651494423,0.010117269921039895,2.0,-2.0,0.7026528617897421,0.035289526725234555
dpo_alpha08_feedback_one_b100_s0,dpo,alpha08,feedback_one,0.8,0.8,0.8,0.0,1.0,251,26,50,0.11083708424636038,0.07292137554933013,0.40669732411301546,9.0,1.1343670461646433,0.10966640862296258,0.0011706756233978016,0.11208449447070258,-0.03916311892137245,0.43994328268399197,-0.03324595857097651,7.0,2.0,1.1100776603911846,0.024289385773458738
dpo_alpha08_feedback_one_b100_s0,dpo,alpha08,feedback_one,0.8,0.8,0.8,0.0,1.0,612,26,50,0.10998798866872589,0.07771317303194265,0.4707763852139316,7.0,0.7327055370232982,0.08888126106747399,0.0211067276012519,0.0955655900781896,-0.017852417046246946,0.4990590727471296,-0.02828268753319796,5.0,2.0,0.6851496996383668,0.04755583738493141
dpo_alpha08_feedback_one_b100_s0,dpo,alpha08,feedback_one,0.8,0.8,0.8,0.0,1.0,737,26,50,0.09610672829884406,0.07263293813544458,0.5162498461224017,4.0,0.8797737288587776,0.09021967212873236,0.005887056170111704,0.06129678825971715,0.011336149875727432,0.5002330840310392,0.01601676209136249,3.0,1.0,0.8810154647036685,-0.0012417358448909566
dpo_alpha08_feedback_one_b100_s0,dpo,alpha08,feedback_one,0.8,0.8,0.8,0.0,1.0,867,26,50,0.0915122461085141,0.08319227727716691,0.4965270871687481,10.0,0.7976682254978893,0.08893014688316049,0.002582099225353615,0.0885709078877841,-0.005378630610617191,0.4899047195983662,0.006622367570381926,8.0,2.0,0.737121218556245,0.06054700694164428
dpo_alpha08_feedback_one_b100_s0,dpo,alpha08,feedback_one,0.8,0.8,0.8,0.0,1.0,945,26,50,0.08121740600757217,0.05172976840869983,0.37456743343860593,11.0,1.198540947741652,0.07286659373690656,0.008350812270665614,0.06577759566394692,-0.014047827255247086,0.3803621419976445,-0.005794708559038575,8.0,3.0,1.214341563147485,-0.015800615405832996
dpo_alpha08_feedback_one_b100_s0,dpo,alpha08,feedback_one,0.8,0.8,0.8,0.0,1.0,54,51,75,0.08050116173301806,0.06397698260836218,0.4934746918262093,4.0,0.6580303655916964,0.08403223437811015,-0.003531072645092087,0.07890210850523029,-0.014925125896868105,0.4996112231700884,-0.0061365313438790925,6.0,-2.0,0.6730416871311271,-0.015011321539430744
dpo_alpha08_feedback_one_b100_s0,dpo,alpha08,feedback_one,0.8,0.8,0.8,0.0,1.0,251,51,75,0.09277450065157504,0.050836556948905154,0.39783395875020056,14.0,1.0031642867286028,0.06841317560709595,0.02436132504447909,0.05456861993463291,-0.0037320629857277576,0.40266553381185866,-0.0048315750616581,8.0,6.0,0.9840667605402719,0.019097526188330938
dpo_alpha08_feedback_one_b100_s0,dpo,alpha08,feedback_one,0.8,0.8,0.8,0.0,1.0,612,51,75,0.0916816922089384,0.05552170744657446,0.4611373602154299,11.0,0.7406893783844705,0.07226782080449358,0.019413871404444824,0.0834906287046213,-0.02796892125804684,0.48413166373993194,-0.022994303524502047,5.0,6.0,0.7090996539946326,0.03158972438983787
dpo_alpha08_feedback_one_b100_s0,dpo,alpha08,feedback_one,0.8,0.8,0.8,0.0,1.0,737,51,75,0.09543963623150852,0.07385824632187868,0.5050632062518273,2.0,0.8595038673886809,0.07966936867600552,0.015770267555502995,0.07354395518120732,0.00031429114067135777,0.5159418782822108,-0.010878672030383507,1.0,1.0,0.900825923625616,-0.04132205623693508
dpo_alpha08_feedback_one_b100_s0,dpo,alpha08,feedback_one,0.8,0.8,0.8,0.0,1.0,867,51,75,0.11911821425370799,0.06926239230697223,0.44253305431399853,10.0,0.849685053070574,0.08181129276573562,0.037306921487972364,0.05343696024523782,0.01582543206173441,0.4430717586459016,-0.0005387043319030616,6.0,4.0,0.8583298660031169,-0.008644812932542933
dpo_alpha08_feedback_one_b100_s0,dpo,alpha08,feedback_one,0.8,0.8,0.8,0.0,1.0,945,51,75,0.08459468901129107,0.04839182915377817,0.3772756703728241,9.0,1.185425878407448,0.07224498420897137,0.0123497048023197,0.060298899798543,-0.01190707064476483,0.40501047708745347,-0.027734806714629356,7.0,2.0,1.154006271548723,0.031419606858725135
dpo_alpha08_feedback_one_b100_s0,dpo,alpha08,feedback_one,0.8,0.8,0.8,0.0,1.0,54,76,100,0.10135557519700977,0.06059434435854258,0.5280406044595086,2.0,0.6890904856100987,0.07596053647471777,0.025395038722292,0.04786510590718906,0.012729238451353521,0.5489360036138031,-0.020895399154294503,2.0,0.0,0.7134481244145975,-0.024357638804498816
dpo_alpha08_feedback_one_b100_s0,dpo,alpha08,feedback_one,0.8,0.8,0.8,0.0,1.0,251,76,100,0.09105490459128138,0.06535946934303599,0.403014934996118,9.0,1.0390107375547144,0.08968757728750075,0.0013673273037806272,0.10305196463030024,-0.03769249528726425,0.4459842828582301,-0.042969347862112095,8.0,1.0,1.0148712572949963,0.024139480259718127
dpo_alpha08_feedback_one_b100_s0,dpo,alpha08,feedback_one,0.8,0.8,0.8,0.0,1.0,612,76,100,0.13244941426238255,0.07633706135915644,0.42847529800808765,14.0,0.7651208783699205,0.09435353263297776,0.03809588162940479,0.09559983302364922,-0.019262771664492778,0.45824709173104616,-0.029771793722958517,5.0,9.0,0.7430335033954278,0.022087374974492646
dpo_alpha08_feedback_one_b100_s0,dpo,alpha08,feedback_one,0.8,0.8,0.8,0.0,1.0,737,76,100,0.09018867894827907,0.06627844122542353,0.48156631345545775,4.0,0.8310165684223039,0.0765177585578765,0.013670920390402574,0.06303291343876562,0.0032455277866579174,0.4636913729006643,0.01787494055479344,4.0,0.0,0.8434219806621277,-0.012405412239823832
dpo_alpha08_feedback_one_b100_s0,dpo,alpha08,feedback_one,0.8,0.8,0.8,0.0,1.0,867,76,100,0.08373055839808216,0.08180246181875252,0.48001558102730846,5.0,0.8812651510758035,0.09656701085245153,-0.012836452454369374,0.10981684231088518,-0.02801438049213266,0.5120031186578218,-0.03198753763051332,6.0,-1.0,0.8576397967267205,0.023625354349082972
dpo_alpha08_feedback_one_b100_s0,dpo,alpha08,feedback_one,0.8,0.8,0.8,0.0,1.0,945,76,100,0.08236758997776031,0.07379400435248208,0.3878630378749737,6.0,1.2029622753032494,0.08416027258091098,-0.001792682603150672,0.08423157954960636,-0.01043757519712428,0.39107771879381437,-0.00321468091884064,5.0,1.0,1.1930891954982938,0.009873079804955553
dpo_alpha08_feedback_one_b100_s0,dpo,alpha08,feedback_one,0.8,0.8,0.8,0.0,1.0,54,51,100,0.0909283684650139,0.06564866244436264,0.5107576481428593,6.0,0.6735604256008976,0.07999638542641395,0.010931983038599949,0.0715783578993225,-0.00592969545495986,0.5242736133919457,-0.013515965249086381,8.0,-2.0,0.6932449057728622,-0.01968448017196467
dpo_alpha08_feedback_one_b100_s0,dpo,alpha08,feedback_one,0.8,0.8,0.8,0.0,1.0,251,51,100,0.09191470262142824,0.06475810696990644,0.40042444687315915,23.0,1.0210875121416587,0.07905037644729834,0.0128643261741299,0.09035192326565712,-0.02559381629575068,0.42432490833504444,-0.023900461461885292,16.0,7.0,0.9994690089176338,0.02161850322402492
dpo_alpha08_feedback_one_b100_s0,dpo,alpha08,feedback_one,0.8,0.8,0.8,0.0,1.0,612,51,100,0.1120655532356605,0.07284796318645939,0.4448063291117588,25.0,0.7529051283771955,0.08331067671873567,0.028754876516924835,0.09783933529890972,-0.024991372112450325,0.4711893777354891,-0.026383048623730254,10.0,15.0,0.7260665786950304,0.026838549682165036
dpo_alpha08_feedback_one_b100_s0,dpo,alpha08,feedback_one,0.8,0.8,0.8,0.0,1.0,737,51,100,0.09281415758989377,0.07315435514673012,0.4933147598536425,6.0,0.8452602179054927,0.078093563616941,0.014720593972952764,0.0744301158557203,-0.0012757607089901868,0.4898166255914374,0.003498134262205077,5.0,1.0,0.8721239521438713,-0.026863734238378623
dpo_alpha08_feedback_one_b100_s0,dpo,alpha08,feedback_one,0.8,0.8,0.8,0.0,1.0,867,51,100,0.1014243863258951,0.07654632932991491,0.46127431767065347,15.0,0.8654751020731887,0.08918915180909359,0.012235234516801502,0.08700700235195119,-0.01046067302203628,0.47753743865186166,-0.01626312098120819,12.0,3.0,0.8579848313649184,0.007490270708270241
dpo_alpha08_feedback_one_b100_s0,dpo,alpha08,feedback_one,0.8,0.8,0.8,0.0,1.0,945,51,100,0.08348113949452568,0.06539904976928501,0.3825693541238988,15.0,1.1941940768553487,0.07820262839494119,0.005278511099584493,0.07795216605051074,-0.012553116281225726,0.39804409794063406,-0.015474743816735248,12.0,3.0,1.173547733523508,0.020646343331840677
ipo_alpha099_reference_half_b100_s0,ipo,alpha099,reference_half,0.99,0.8,0.2,0.495,0.0,54,1,25,0.10893846001715078,0.18992793881137032,0.6653486054209603,2.0,0.6290516329472656,0.0974509796280137,0.011487480389137078,0.21006213691014147,-0.02013419809877115,0.7028597144018773,-0.03751110898091703,2.0,0.0,0.6162680745172281,0.012783558430037534
ipo_alpha099_reference_half_b100_s0,ipo,alpha099,reference_half,0.99,0.8,0.2,0.495,0.0,251,1,25,0.10780367694986409,0.2206582686779441,0.6910117421122419,2.0,0.8659430636065683,0.1352747593794458,-0.02747108242958171,0.23154140876614174,-0.01088314008819763,0.616248206455505,0.07476353565673688,5.0,-3.0,0.8364051946205611,0.029537868986007187
ipo_alpha099_reference_half_b100_s0,ipo,alpha099,reference_half,0.99,0.8,0.2,0.495,0.0,612,1,25,0.10802027990505636,0.16841316362994335,0.7820157188687114,1.0,0.5184856254279077,0.1335880373462356,-0.02556775744117923,0.2698252762490028,-0.10141211261905947,0.7065348958815142,0.07548082298719716,5.0,-4.0,0.49245862138099533,0.026027004046912328
ipo_alpha099_reference_half_b100_s0,ipo,alpha099,reference_half,0.99,0.8,0.2,0.495,0.0,737,1,25,0.1558572127305433,0.20221080203203035,0.6948552313689729,4.0,0.6963905374188186,0.12677276386548583,0.029084448865057455,0.2525539053543958,-0.05034310332236547,0.7213338998308099,-0.026478668461836996,3.0,1.0,0.6022187359156842,0.09417180150313442
ipo_alpha099_reference_half_b100_s0,ipo,alpha099,reference_half,0.99,0.8,0.2,0.495,0.0,867,1,25,0.09368469152242694,0.23063286915717976,0.747370710451212,2.0,0.5450157974220311,0.118973997708954,-0.02528930618652707,0.3098151957328649,-0.07918232657568516,0.7835917766842948,-0.036221066233082855,3.0,-1.0,0.5153680600754985,0.029647737346532588
ipo_alpha099_reference_half_b100_s0,ipo,alpha099,reference_half,0.99,0.8,0.2,0.495,0.0,945,1,25,0.12274178969724098,0.15803909078294429,0.563686452938259,4.0,0.8857962021838649,0.11013613305105246,0.012605656646188512,0.20952956634768719,-0.0514904755647429,0.6526051142957963,-0.08891866135753723,2.0,2.0,0.7422695625998034,0.14352663958406153
ipo_alpha099_reference_half_b100_s0,ipo,alpha099,reference_half,0.99,0.8,0.2,0.495,0.0,54,26,50,0.09437696359325785,0.1688062934713021,0.7394161086521106,2.0,0.19614857168068162,0.022828760679399478,0.07154820291385838,0.06004445138866299,0.10876184208263912,0.6517962577311396,0.08761985092097102,3.0,-1.0,0.09539384099535274,0.10075473068532888
ipo_alpha099_reference_half_b100_s0,ipo,alpha099,reference_half,0.99,0.8,0.2,0.495,0.0,251,26,50,0.09224215085134464,0.24398593272818073,0.7661934664402501,2.0,0.5053347568470381,0.11478236644670363,-0.022540215595358987,0.27902168966496055,-0.03503575693677982,0.7183415941438399,0.04785187229641019,3.0,-1.0,0.603076455289903,-0.09774169844286484
ipo_alpha099_reference_half_b100_s0,ipo,alpha099,reference_half,0.99,0.8,0.2,0.495,0.0,612,26,50,0.12315501919864782,0.14351130473628404,0.5662492492689203,8.0,0.7638067103868464,0.07743695951986455,0.04571805967878327,0.24371280126037267,-0.10020149652408863,0.8002526585665833,-0.23400340929766306,2.0,6.0,0.5136199788241197,0.25018673156272675
ipo_alpha099_reference_half_b100_s0,ipo,alpha099,reference_half,0.99,0.8,0.2,0.495,0.0,737,26,50,0.12401408028375113,0.2782894982554356,0.6944546928573062,5.0,0.6977158221011273,0.09946104989863938,0.02455303038511175,0.32364241305287417,-0.04535291479743858,0.8824487116826495,-0.18799401882534328,2.0,3.0,0.34937227067398674,0.3483435514271405
ipo_alpha099_reference_half_b100_s0,ipo,alpha099,reference_half,0.99,0.8,0.2,0.495,0.0,867,26,50,0.09449485233519628,0.22923003449746,0.7205542786867991,2.0,0.6794742755142367,0.11369407285452304,-0.019199220519326765,0.3090200476946625,-0.07979001319720253,0.7980347155970058,-0.07748043691020667,3.0,-1.0,0.6421759321519925,0.037298343362244135
ipo_alpha099_reference_half_b100_s0,ipo,alpha099,reference_half,0.99,0.8,0.2,0.495,0.0,945,26,50,0.07996206116913028,0.16079549295518383,0.6529349036916777,3.0,0.548589535651932,0.09939132877139054,-0.019429267602260256,0.30371974584968064,-0.1429242528944968,0.7712560624279478,-0.11832115873627003,3.0,0.0,0.5560666356270552,-0.007477099975123136
ipo_alpha099_reference_half_b100_s0,ipo,alpha099,reference_half,0.99,0.8,0.2,0.495,0.0,54,51,75,0.05653516938316004,0.0915282095473821,0.7759195915033821,0.0,0.7145530440408487,0.04183619555130882,0.014698973831851224,0.029423224232060542,0.062104985315321555,0.5336103397004708,0.2423092518029113,8.0,-8.0,0.11692337569565303,0.5976296683451957
ipo_alpha099_reference_half_b100_s0,ipo,alpha099,reference_half,0.99,0.8,0.2,0.495,0.0,251,51,75,0.0870733125992777,0.2318345006518118,0.7970305532105334,2.0,0.4414118174328215,0.13944570239031093,-0.05237238979103323,0.27875264427019153,-0.04691814361837973,0.7311139110065611,0.06591664220397231,4.0,-2.0,0.763184915487911,-0.3217730980550895
ipo_alpha099_reference_half_b100_s0,ipo,alpha099,reference_half,0.99,0.8,0.2,0.495,0.0,612,51,75,0.024817431900217787,0.026826106866916513,0.8197508745210338,0.0,0.7494318432436041,0.06397257124120186,-0.039155139340984066,0.08594384662841786,-0.05911773976150135,0.5468924535586774,0.27285842096235635,1.0,-1.0,0.7286495143648892,0.020782328878714895
ipo_alpha099_reference_half_b100_s0,ipo,alpha099,reference_half,0.99,0.8,0.2,0.495,0.0,737,51,75,0.09808501285451715,0.25707860324107035,0.6928748318494984,3.0,0.521940541613185,0.11446292425645327,-0.01637791140193612,0.32211492384660456,-0.06503632060553421,0.8335536995341287,-0.14067886768463034,3.0,0.0,0.32061950891078717,0.20132103270239787
ipo_alpha099_reference_half_b100_s0,ipo,alpha099,reference_half,0.99,0.8,0.2,0.495,0.0,867,51,75,0.08364325491964268,0.18047344303878143,0.6391914033708901,4.0,0.45526516683951274,0.10364799060801082,-0.020004735688368136,0.2460059701188561,-0.06553252708007468,0.7643393483673832,-0.12514794499649307,3.0,1.0,0.5514421775659939,-0.09617701072648116
ipo_alpha099_reference_half_b100_s0,ipo,alpha099,reference_half,0.99,0.8,0.2,0.495,0.0,945,51,75,0.03919401013694993,0.059097457410153036,0.6042344937265607,0.0,0.6797342115677452,0.07613162763008809,-0.036937617493138154,0.24105702437146764,-0.1819595669613146,0.7771666779949195,-0.17293218426835877,2.0,-2.0,0.5401603840941971,0.13957382747354807
ipo_alpha099_reference_half_b100_s0,ipo,alpha099,reference_half,0.99,0.8,0.2,0.495,0.0,54,76,100,0.045994538931385026,0.0918401366405319,0.6580315158662772,1.0,0.3014396121062471,0.03670174402489301,0.009292794906492013,0.04946260940671763,0.042377527233814265,0.5757409617743728,0.08229055409190433,4.0,-3.0,0.11922325492929783,0.18221635717694926
ipo_alpha099_reference_half_b100_s0,ipo,alpha099,reference_half,0.99,0.8,0.2,0.495,0.0,251,76,100,0.08297779094910375,0.1883437332954067,0.6881152717150623,4.0,0.7874603942402737,0.09187169970996939,-0.00889390876086564,0.28404686296888526,-0.09570312967347855,0.8326736572831183,-0.144558385568056,2.0,2.0,0.37533891055963003,0.41212148368064366
ipo_alpha099_reference_half_b100_s0,ipo,alpha099,reference_half,0.99,0.8,0.2,0.495,0.0,612,76,100,0.03446864093735774,0.05236743653687773,0.5469728088592981,4.0,0.3801730117888941,0.04260091602267633,-0.008132275085318587,0.03209650746082828,0.02027092907604945,0.5832468485411685,-0.036274039681870374,2.0,2.0,0.44975862191648747,-0.06958561012759334
ipo_alpha099_reference_half_b100_s0,ipo,alpha099,reference_half,0.99,0.8,0.2,0.495,0.0,737,76,100,0.10754960567831505,0.2384030558893389,0.6498894280812414,3.0,0.7533786078307925,0.07926542788950744,0.02828417778880761,0.20747516999986432,0.030927885889474593,0.854148201223594,-0.20425877314235263,2.0,1.0,0.29008414759066325,0.4632944602401292
ipo_alpha099_reference_half_b100_s0,ipo,alpha099,reference_half,0.99,0.8,0.2,0.495,0.0,867,76,100,0.05053046392344114,0.10858791454802491,0.6157963055575155,1.0,0.5346872864336499,0.06186372758612033,-0.011333263662679192,0.1479356766051842,-0.039347762057159286,0.7335328543849984,-0.11773654882748286,1.0,0.0,0.23497237016214367,0.29971491627150626
ipo_alpha099_reference_half_b100_s0,ipo,alpha099,reference_half,0.99,0.8,0.2,0.495,0.0,945,76,100,0.035315992652274024,0.040686303686078396,0.5721423301475219,1.0,0.38778910389829496,0.08699005666751145,-0.05167406401523742,0.2612572010019653,-0.22057089731588692,0.7832857508610654,-0.21114342071354353,2.0,-1.0,0.6511192507653142,-0.2633301468670192
ipo_alpha099_reference_half_b100_s0,ipo,alpha099,reference_half,0.99,0.8,0.2,0.495,0.0,54,51,100,0.05126485415727255,0.1814390126699038,0.7169755536848296,1.0,0.507996328073548,0.039268969788100926,0.011995884369171622,0.04240976546768592,0.13902924720221788,0.554675650737422,0.1622999029474076,12.0,-11.0,0.11807331531247543,0.38992301276107255
ipo_alpha099_reference_half_b100_s0,ipo,alpha099,reference_half,0.99,0.8,0.2,0.495,0.0,251,51,100,0.08502555177419073,0.2785883249036849,0.7425729124627977,6.0,0.6144361058365474,0.11565870105014012,-0.030633149275949387,0.30567484869065226,-0.027086523786967354,0.7818937841448396,-0.0393208716820419,6.0,0.0,0.5692619130237705,0.0451741928127769
ipo_alpha099_reference_half_b100_s0,ipo,alpha099,reference_half,0.99,0.8,0.2,0.495,0.0,612,51,100,0.02964303641878777,0.08940886781151516,0.6833618416901658,4.0,0.5648024275162493,0.05328674363193909,-0.02364370721315132,0.07935548701669948,0.010053380794815686,0.5650696510499229,0.11829219064024288,3.0,1.0,0.5892040681406884,-0.024401640624439058
ipo_alpha099_reference_half_b100_s0,ipo,alpha099,reference_half,0.99,0.8,0.2,0.495,0.0,737,51,100,0.1028173092664161,0.2630969146652067,0.6713821299653696,6.0,0.6376595747219889,0.09686417607298034,0.005953133193435753,0.3310556279858553,-0.06795871332064862,0.8438509503788613,-0.17246882041349165,5.0,1.0,0.30535182825072527,0.3323077464712636
ipo_alpha099_reference_half_b100_s0,ipo,alpha099,reference_half,0.99,0.8,0.2,0.495,0.0,867,51,100,0.06708685942154191,0.18361970821546658,0.6274938544642028,5.0,0.49497622663658136,0.08275585909706558,-0.015668999675523668,0.28930768801845064,-0.10568797980298406,0.7489361013761909,-0.12144224691198813,4.0,1.0,0.3932072738640692,0.10176895277251219
ipo_alpha099_reference_half_b100_s0,ipo,alpha099,reference_half,0.99,0.8,0.2,0.495,0.0,945,51,100,0.03725500139461199,0.07177077032796655,0.5881884119370413,1.0,0.5337616577330202,0.08156084214879977,-0.04430584075418778,0.28437122807078413,-0.21260045774281758,0.7802262144279924,-0.19203780249095115,4.0,-3.0,0.5956398174297557,-0.06187815969673549
ipo_alpha099_reference_max_b100_s0,ipo,alpha099,reference_max,0.99,0.8,0.2,0.99,0.0,54,1,25,0.09182504412409057,0.18496706956340483,0.6924696577568343,2.0,0.7461243855400801,0.0974509796280137,-0.005625935503923138,0.21006213691014147,-0.025095067346736638,0.7028597144018773,-0.010390056645043,2.0,0.0,0.6162680745172281,0.129856311022852
ipo_alpha099_reference_max_b100_s0,ipo,alpha099,reference_max,0.99,0.8,0.2,0.99,0.0,251,1,25,0.14242834464088636,0.2104065915519145,0.6802818335359342,2.0,0.9131904768172407,0.1352747593794458,0.007153585261440554,0.23154140876614174,-0.021134817214227247,0.616248206455505,0.06403362708042915,5.0,-3.0,0.8364051946205611,0.07678528219667968
ipo_alpha099_reference_max_b100_s0,ipo,alpha099,reference_max,0.99,0.8,0.2,0.99,0.0,612,1,25,0.12650951754194228,0.19340367809927467,0.7890321437323229,3.0,0.5140095645859905,0.1335880373462356,-0.007078519804293304,0.2698252762490028,-0.07642159814972815,0.7065348958815142,0.0824972478508087,5.0,-2.0,0.49245862138099533,0.02155094320499512
ipo_alpha099_reference_max_b100_s0,ipo,alpha099,reference_max,0.99,0.8,0.2,0.99,0.0,737,1,25,0.1654687274411405,0.16926359008573583,0.7395963794318615,3.0,0.7314160956088187,0.12677276386548583,0.03869596357565466,0.2525539053543958,-0.08329031526865999,0.7213338998308099,0.01826247960105165,3.0,0.0,0.6022187359156842,0.1291973596931345
ipo_alpha099_reference_max_b100_s0,ipo,alpha099,reference_max,0.99,0.8,0.2,0.99,0.0,867,1,25,0.15495997015768137,0.19907255416622802,0.6683366484760487,4.0,0.6273960990854269,0.118973997708954,0.035985972448727366,0.3098151957328649,-0.1107426415666369,0.7835917766842948,-0.11525512820824613,3.0,1.0,0.5153680600754985,0.11202803900992842
ipo_alpha099_reference_max_b100_s0,ipo,alpha099,reference_max,0.99,0.8,0.2,0.99,0.0,945,1,25,0.16626798857375957,0.12243798343066456,0.5133716822096624,11.0,1.0024603330311272,0.11013613305105246,0.05613185552270711,0.20952956634768719,-0.08709158291702263,0.6526051142957963,-0.1392334320861338,2.0,9.0,0.7422695625998034,0.2601907704313239
ipo_alpha099_reference_max_b100_s0,ipo,alpha099,reference_max,0.99,0.8,0.2,0.99,0.0,54,26,50,0.22336238348147813,0.10120856277160195,0.8084518522285208,0.0,0.14646538937587372,0.022828760679399478,0.20053362280207865,0.06004445138866299,0.04116411138293896,0.6517962577311396,0.1566555944973812,3.0,-3.0,0.09539384099535274,0.051071548380520984
ipo_alpha099_reference_max_b100_s0,ipo,alpha099,reference_max,0.99,0.8,0.2,0.99,0.0,251,26,50,0.20072822833248,0.19438578920726604,0.7839829285665677,7.0,0.3545396510727253,0.11478236644670363,0.08594586188577637,0.27902168966496055,-0.08463590045769451,0.7183415941438399,0.06564133442272779,3.0,4.0,0.603076455289903,-0.24853680421717766
ipo_alpha099_reference_max_b100_s0,ipo,alpha099,reference_max,0.99,0.8,0.2,0.99,0.0,612,26,50,0.1777829782894548,0.20645784015255295,0.7205043588951411,6.0,0.6005730294801926,0.07743695951986455,0.10034601876959025,0.24371280126037267,-0.03725496110781973,0.8002526585665833,-0.07974829967144226,2.0,4.0,0.5136199788241197,0.08695305065607295
ipo_alpha099_reference_max_b100_s0,ipo,alpha099,reference_max,0.99,0.8,0.2,0.99,0.0,737,26,50,0.2932684705949427,0.203847891683327,0.7249849630635852,8.0,0.44021827878609954,0.09946104989863938,0.19380742069630333,0.32364241305287417,-0.11979452136954716,0.8824487116826495,-0.15746374861906431,2.0,6.0,0.34937227067398674,0.0908460081121128
ipo_alpha099_reference_max_b100_s0,ipo,alpha099,reference_max,0.99,0.8,0.2,0.99,0.0,867,26,50,0.24062177327554057,0.20848380724231816,0.699564819043396,6.0,0.505287730379204,0.11369407285452304,0.12692770042101753,0.3090200476946625,-0.10053624045234436,0.7980347155970058,-0.09846989655360983,3.0,3.0,0.6421759321519925,-0.1368882017727885
ipo_alpha099_reference_max_b100_s0,ipo,alpha099,reference_max,0.99,0.8,0.2,0.99,0.0,945,26,50,0.16912009293819097,0.13156799382278336,0.6846041290123686,8.0,0.4528507852849675,0.09939132877139054,0.06972876416680043,0.30371974584968064,-0.17215175202689728,0.7712560624279478,-0.0866519334155792,3.0,5.0,0.5560666356270552,-0.10321585034208763
ipo_alpha099_reference_max_b100_s0,ipo,alpha099,reference_max,0.99,0.8,0.2,0.99,0.0,54,51,75,0.28249145156909494,0.1406835039078298,0.7642292847356597,8.0,0.5931576925809674,0.04183619555130882,0.24065525601778612,0.029423224232060542,0.11126027967576926,0.5336103397004708,0.23061894503518887,8.0,0.0,0.11692337569565303,0.47623431688531437
ipo_alpha099_reference_max_b100_s0,ipo,alpha099,reference_max,0.99,0.8,0.2,0.99,0.0,251,51,75,0.16360381093637702,0.2254310460407516,0.7053467216362438,5.0,0.7752644686044162,0.13944570239031093,0.024158108546066093,0.27875264427019153,-0.05332159822943994,0.7311139110065611,-0.0257671893703173,4.0,1.0,0.763184915487911,0.012079553116505215
ipo_alpha099_reference_max_b100_s0,ipo,alpha099,reference_max,0.99,0.8,0.2,0.99,0.0,612,51,75,0.20875230745833723,0.1554477374295891,0.6285031452783705,8.0,0.603000600051315,0.06397257124120186,0.14477973621713536,0.08594384662841786,0.06950389080117123,0.5468924535586774,0.08161069171969304,1.0,7.0,0.7286495143648892,-0.12564891431357428
ipo_alpha099_reference_max_b100_s0,ipo,alpha099,reference_max,0.99,0.8,0.2,0.99,0.0,737,51,75,0.1201126390718412,0.19422161234528235,0.593472274018713,3.0,0.8408129856642416,0.11446292425645327,0.005649714815387938,0.32211492384660456,-0.12789331150132222,0.8335536995341287,-0.24008142551541567,3.0,0.0,0.32061950891078717,0.5201934767534544
ipo_alpha099_reference_max_b100_s0,ipo,alpha099,reference_max,0.99,0.8,0.2,0.99,0.0,867,51,75,0.27087666260556104,0.1733901232562373,0.8095885358324938,8.0,0.8742139095446704,0.10364799060801082,0.1672286719975502,0.2460059701188561,-0.07261584686261882,0.7643393483673832,0.04524918746511064,3.0,5.0,0.5514421775659939,0.3227717319786765
ipo_alpha099_reference_max_b100_s0,ipo,alpha099,reference_max,0.99,0.8,0.2,0.99,0.0,945,51,75,0.10316873764127779,0.08188133807741124,0.5341616553313099,6.0,0.5973249141402921,0.07613162763008809,0.027037110011189705,0.24105702437146764,-0.1591756862940564,0.7771666779949195,-0.24300502266360957,2.0,4.0,0.5401603840941971,0.05716453004609501
ipo_alpha099_reference_max_b100_s0,ipo,alpha099,reference_max,0.99,0.8,0.2,0.99,0.0,54,76,100,0.19353131068090296,0.22787212168407145,0.7346172350638792,8.0,0.6218812232551949,0.03670174402489301,0.15682956665600994,0.04946260940671763,0.17840951227735383,0.5757409617743728,0.15887627328950638,4.0,4.0,0.11922325492929783,0.502657968325897
ipo_alpha099_reference_max_b100_s0,ipo,alpha099,reference_max,0.99,0.8,0.2,0.99,0.0,251,76,100,0.15217642899275086,0.16756901627429371,0.7879906810206958,3.0,0.41840930275479155,0.09187169970996939,0.060304729282781466,0.28404686296888526,-0.11647784669459155,0.8326736572831183,-0.04468297626242246,2.0,1.0,0.37533891055963003,0.04307039219516151
ipo_alpha099_reference_max_b100_s0,ipo,alpha099,reference_max,0.99,0.8,0.2,0.99,0.0,612,76,100,0.10764318535666502,0.03825676790355762,0.7212052733204188,0.0,0.22210676942360577,0.04260091602267633,0.06504226933398868,0.03209650746082828,0.00616026044272934,0.5832468485411685,0.13795842477925035,2.0,-2.0,0.44975862191648747,-0.2276518524928817
ipo_alpha099_reference_max_b100_s0,ipo,alpha099,reference_max,0.99,0.8,0.2,0.99,0.0,737,76,100,0.17102124874512425,0.13159028903181103,0.5711254595614079,1.0,0.739501358748951,0.07926542788950744,0.09175582085561682,0.20747516999986432,-0.07588488096805329,0.854148201223594,-0.2830227416621861,2.0,-1.0,0.29008414759066325,0.4494172111582877
ipo_alpha099_reference_max_b100_s0,ipo,alpha099,reference_max,0.99,0.8,0.2,0.99,0.0,867,76,100,0.2275520655765045,0.1254059716607618,0.7274914023562116,6.0,0.2325270485005664,0.06186372758612033,0.16568833799038418,0.1479356766051842,-0.022529704944422385,0.7335328543849984,-0.006041452028786809,1.0,5.0,0.23497237016214367,-0.0024453216615772655
ipo_alpha099_reference_max_b100_s0,ipo,alpha099,reference_max,0.99,0.8,0.2,0.99,0.0,945,76,100,0.08796969713039396,0.06419709791729987,0.5959757878938509,3.0,0.8015292367746814,0.08699005666751145,0.000979640462882514,0.2612572010019653,-0.19706010308466543,0.7832857508610654,-0.18730996296721458,2.0,1.0,0.6511192507653142,0.15040998600936717
ipo_alpha099_reference_max_b100_s0,ipo,alpha099,reference_max,0.99,0.8,0.2,0.99,0.0,54,51,100,0.23801138112499892,0.2427381926660167,0.7494232598997695,16.0,0.6075194579180812,0.039268969788100926,0.198742411336898,0.04240976546768592,0.20032842719833077,0.554675650737422,0.19474760916234757,12.0,4.0,0.11807331531247543,0.4894461426056057
ipo_alpha099_reference_max_b100_s0,ipo,alpha099,reference_max,0.99,0.8,0.2,0.99,0.0,251,51,100,0.15789011996456398,0.2934418022693584,0.7466687013284696,8.0,0.5968368856796039,0.11565870105014012,0.04223141891442386,0.30567484869065226,-0.012233046421293858,0.7818937841448396,-0.035225082816369935,6.0,2.0,0.5692619130237705,0.02757497265583342
ipo_alpha099_reference_max_b100_s0,ipo,alpha099,reference_max,0.99,0.8,0.2,0.99,0.0,612,51,100,0.15819774640750117,0.16517235771609484,0.6748542092993943,8.0,0.41255368473746046,0.05328674363193909,0.10491100277556209,0.07935548701669948,0.08581687069939536,0.5650696510499229,0.10978455824947142,3.0,5.0,0.5892040681406884,-0.17665038340322792
ipo_alpha099_reference_max_b100_s0,ipo,alpha099,reference_max,0.99,0.8,0.2,0.99,0.0,737,51,100,0.14556694390848274,0.2097707190237346,0.5822988667900604,4.0,0.7901571722065961,0.09686417607298034,0.0487027678355024,0.3310556279858553,-0.12128490896212071,0.8438509503788613,-0.2615520835888009,5.0,-1.0,0.30535182825072527,0.4848053439558708
ipo_alpha099_reference_max_b100_s0,ipo,alpha099,reference_max,0.99,0.8,0.2,0.99,0.0,867,51,100,0.24921436409103273,0.23530787993286612,0.7685399690943526,14.0,0.5533704790226185,0.08275585909706558,0.16645850499396714,0.28930768801845064,-0.05399980808558452,0.7489361013761909,0.019603867718161694,4.0,10.0,0.3932072738640692,0.16016320515854932
ipo_alpha099_reference_max_b100_s0,ipo,alpha099,reference_max,0.99,0.8,0.2,0.99,0.0,945,51,100,0.09556921738583586,0.10020888412216246,0.5650687216125803,9.0,0.6994270754574866,0.08156084214879977,0.014008375237036089,0.28437122807078413,-0.1841623439486217,0.7802262144279924,-0.2151574928154122,4.0,5.0,0.5956398174297557,0.10378725802773092
ipo_alpha099_feedback_half_b100_s0,ipo,alpha099,feedback_half,0.99,0.8,0.2,0.0,0.5,54,1,25,0.07324748973000043,0.11497325125443052,0.655732838712175,0.0,0.7396811173359503,0.0974509796280137,-0.02420348989801327,0.21006213691014147,-0.09508888565571096,0.7028597144018773,-0.04712687568970231,2.0,-2.0,0.6162680745172281,0.12341304281872223
ipo_alpha099_feedback_half_b100_s0,ipo,alpha099,feedback_half,0.99,0.8,0.2,0.0,0.5,251,1,25,0.11660195141036636,0.16478644439300633,0.5159270333447754,6.0,0.9390574668827765,0.1352747593794458,-0.01867280796907944,0.23154140876614174,-0.06675496437313541,0.616248206455505,-0.10032117311072963,5.0,1.0,0.8364051946205611,0.1026522722622154
ipo_alpha099_feedback_half_b100_s0,ipo,alpha099,feedback_half,0.99,0.8,0.2,0.0,0.5,612,1,25,0.12283049475840901,0.2943085532139289,0.7471461149200748,3.0,0.5798230778827906,0.1335880373462356,-0.010757542587826574,0.2698252762490028,0.024483276964926082,0.7065348958815142,0.040611219038560575,5.0,-2.0,0.49245862138099533,0.0873644565017953
ipo_alpha099_feedback_half_b100_s0,ipo,alpha099,feedback_half,0.99,0.8,0.2,0.0,0.5,737,1,25,0.13527209980508306,0.2193586829964492,0.6429041227786988,3.0,0.7872935153637936,0.12677276386548583,0.00849933593959723,0.2525539053543958,-0.03319522235794661,0.7213338998308099,-0.07842977705211107,3.0,0.0,0.6022187359156842,0.18507477944810935
ipo_alpha099_feedback_half_b100_s0,ipo,alpha099,feedback_half,0.99,0.8,0.2,0.0,0.5,867,1,25,0.12773576872132975,0.2778009841858081,0.7215883757930958,4.0,0.6708651630278815,0.118973997708954,0.00876177101237574,0.3098151957328649,-0.0320142115470568,0.7835917766842948,-0.062003400891199045,3.0,1.0,0.5153680600754985,0.15549710295238295
ipo_alpha099_feedback_half_b100_s0,ipo,alpha099,feedback_half,0.99,0.8,0.2,0.0,0.5,945,1,25,0.11379547624771771,0.20343908779484662,0.6364422374930291,3.0,0.7108812679481682,0.11013613305105246,0.003659343196665249,0.20952956634768719,-0.006090478552840561,0.6526051142957963,-0.01616287680276718,2.0,1.0,0.7422695625998034,-0.031388294651635174
ipo_alpha099_feedback_half_b100_s0,ipo,alpha099,feedback_half,0.99,0.8,0.2,0.0,0.5,54,26,50,0.034311547395085185,0.04579158770233002,0.5510989461989592,3.0,0.30802730828253755,0.022828760679399478,0.011482786715685707,0.06004445138866299,-0.014252863686332967,0.6517962577311396,-0.10069731153218042,3.0,0.0,0.09539384099535274,0.2126334672871848
ipo_alpha099_feedback_half_b100_s0,ipo,alpha099,feedback_half,0.99,0.8,0.2,0.0,0.5,251,26,50,0.09902535231969405,0.1229449916795318,0.42761374755824044,7.0,1.082170162577053,0.11478236644670363,-0.015757014127009583,0.27902168966496055,-0.15607669798542875,0.7183415941438399,-0.29072784658559947,3.0,4.0,0.603076455289903,0.47909370728715006
ipo_alpha099_feedback_half_b100_s0,ipo,alpha099,feedback_half,0.99,0.8,0.2,0.0,0.5,612,26,50,0.07277113483120652,0.15156274809652698,0.6849841968777163,2.0,0.3643885419429045,0.07743695951986455,-0.004665824688658032,0.24371280126037267,-0.0921500531638457,0.8002526585665833,-0.11526846168886706,2.0,0.0,0.5136199788241197,-0.1492314368812152
ipo_alpha099_feedback_half_b100_s0,ipo,alpha099,feedback_half,0.99,0.8,0.2,0.0,0.5,737,26,50,0.0821755163301686,0.13233810165412496,0.551793643960697,1.0,0.9395393549006532,0.09946104989863938,-0.017285533568470776,0.32364241305287417,-0.1913043113987492,0.8824487116826495,-0.3306550677219525,2.0,-1.0,0.34937227067398674,0.5901670842266664
ipo_alpha099_feedback_half_b100_s0,ipo,alpha099,feedback_half,0.99,0.8,0.2,0.0,0.5,867,26,50,0.09823764002954354,0.17147863115893539,0.6016862790958281,4.0,0.517707684273962,0.11369407285452304,-0.015456432824979507,0.3090200476946625,-0.13754141653572713,0.7980347155970058,-0.19634843650117773,3.0,1.0,0.6421759321519925,-0.12446824787803057
ipo_alpha099_feedback_half_b100_s0,ipo,alpha099,feedback_half,0.99,0.8,0.2,0.0,0.5,945,26,50,0.07308955365303266,0.11555124612049955,0.5542804080296235,4.0,0.7871741425497464,0.09939132877139054,-0.02630177511835788,0.30371974584968064,-0.1881684997291811,0.7712560624279478,-0.21697565439832422,3.0,1.0,0.5560666356270552,0.23110750692269122
ipo_alpha099_feedback_half_b100_s0,ipo,alpha099,feedback_half,0.99,0.8,0.2,0.0,0.5,54,51,75,0.028106311817656503,0.039361588555393456,0.6450748966892905,1.0,0.0739466506265053,0.04183619555130882,-0.013729883733652314,0.029423224232060542,0.009938364323332914,0.5336103397004708,0.11146455698881974,8.0,-7.0,0.11692337569565303,-0.042976725069147736
ipo_alpha099_feedback_half_b100_s0,ipo,alpha099,feedback_half,0.99,0.8,0.2,0.0,0.5,251,51,75,0.07193637057475144,0.106940451964673,0.4676813824486034,3.0,0.8926528453809509,0.13944570239031093,-0.06750933181555949,0.27875264427019153,-0.17181219230551853,0.7311139110065611,-0.2634325285579577,4.0,-1.0,0.763184915487911,0.1294679298930399
ipo_alpha099_feedback_half_b100_s0,ipo,alpha099,feedback_half,0.99,0.8,0.2,0.0,0.5,612,51,75,0.02934247109756762,0.03911885448346062,0.5437563113909188,2.0,0.5907522435251846,0.06397257124120186,-0.03463010014363424,0.08594384662841786,-0.04682499214495724,0.5468924535586774,-0.0031361421677585932,1.0,1.0,0.7286495143648892,-0.1378972708397046
ipo_alpha099_feedback_half_b100_s0,ipo,alpha099,feedback_half,0.99,0.8,0.2,0.0,0.5,737,51,75,0.08383950048687355,0.17318722071374495,0.6400595408568394,3.0,0.8592721192903495,0.11446292425645327,-0.030623423769579716,0.32211492384660456,-0.1489277031328596,0.8335536995341287,-0.19349415867728936,3.0,0.0,0.32061950891078717,0.5386526103795624
ipo_alpha099_feedback_half_b100_s0,ipo,alpha099,feedback_half,0.99,0.8,0.2,0.0,0.5,867,51,75,0.06796116534629382,0.14696949992245198,0.6495902299391291,2.0,0.47850369023627537,0.10364799060801082,-0.035686825261717,0.2460059701188561,-0.09903647019640413,0.7643393483673832,-0.11474911842825408,3.0,-1.0,0.5514421775659939,-0.07293848732971853
ipo_alpha099_feedback_half_b100_s0,ipo,alpha099,feedback_half,0.99,0.8,0.2,0.0,0.5,945,51,75,0.049167856452166064,0.1073355437874303,0.5948469714351614,1.0,0.6002982391774594,0.07613162763008809,-0.026963771177922022,0.24105702437146764,-0.13372148058403735,0.7771666779949195,-0.18231970655975804,2.0,-1.0,0.5401603840941971,0.060137855083262304
ipo_alpha099_feedback_half_b100_s0,ipo,alpha099,feedback_half,0.99,0.8,0.2,0.0,0.5,54,76,100,0.02214184042298489,0.025939741777207072,0.6227183418279393,0.0,0.2705123982410149,0.03670174402489301,-0.014559903601908123,0.04946260940671763,-0.023522867629510558,0.5757409617743728,0.04697738005356644,4.0,-4.0,0.11922325492929783,0.15128914331171708
ipo_alpha099_feedback_half_b100_s0,ipo,alpha099,feedback_half,0.99,0.8,0.2,0.0,0.5,251,76,100,0.06715011664617468,0.10519637868056311,0.5422087051352545,3.0,0.7420886499611911,0.09187169970996939,-0.02472158306379471,0.28404686296888526,-0.17885048428832215,0.8326736572831183,-0.2904649521478637,2.0,1.0,0.37533891055963003,0.366749739401561
ipo_alpha099_feedback_half_b100_s0,ipo,alpha099,feedback_half,0.99,0.8,0.2,0.0,0.5,612,76,100,0.02243042946832496,0.040079877007648604,0.5657842386757458,5.0,0.37405711800559716,0.04260091602267633,-0.020170486554351368,0.03209650746082828,0.007983369546820322,0.5832468485411685,-0.017462609865422696,2.0,3.0,0.44975862191648747,-0.07570150391089031
ipo_alpha099_feedback_half_b100_s0,ipo,alpha099,feedback_half,0.99,0.8,0.2,0.0,0.5,737,76,100,0.039936961561808426,0.045243244255817064,0.5629335126260667,2.0,0.8075665125230619,0.07926542788950744,-0.03932846632769901,0.20747516999986432,-0.16223192574404727,0.854148201223594,-0.2912146885975273,2.0,0.0,0.29008414759066325,0.5174823649323986
ipo_alpha099_feedback_half_b100_s0,ipo,alpha099,feedback_half,0.99,0.8,0.2,0.0,0.5,867,76,100,0.03640345305694512,0.041739754243990054,0.5865923275135241,0.0,0.3190829151241368,0.06186372758612033,-0.025460274529175216,0.1479356766051842,-0.10619592236119414,0.7335328543849984,-0.1469405268714743,1.0,-1.0,0.23497237016214367,0.0841105449619931
ipo_alpha099_feedback_half_b100_s0,ipo,alpha099,feedback_half,0.99,0.8,0.2,0.0,0.5,945,76,100,0.029258747727241848,0.05020231230861768,0.5635754706481463,2.0,0.4507931480826441,0.08699005666751145,-0.05773130894026959,0.2612572010019653,-0.21105488869334763,0.7832857508610654,-0.21971028021291916,2.0,0.0,0.6511192507653142,-0.2003261026826701
ipo_alpha099_feedback_half_b100_s0,ipo,alpha099,feedback_half,0.99,0.8,0.2,0.0,0.5,54,51,100,0.025124076120320697,0.08185373562078693,0.6338966192586147,1.0,0.17222952443376013,0.039268969788100926,-0.014144893667780229,0.04240976546768592,0.03944397015310101,0.554675650737422,0.07922096852119276,12.0,-11.0,0.11807331531247543,0.0541562091212847
ipo_alpha099_feedback_half_b100_s0,ipo,alpha099,feedback_half,0.99,0.8,0.2,0.0,0.5,251,51,100,0.06954324361046307,0.11499863941256738,0.5049450437919291,6.0,0.8173707476710707,0.11565870105014012,-0.04611545743967704,0.30567484869065226,-0.19067620927808487,0.7818937841448396,-0.2769487403529105,6.0,0.0,0.5692619130237705,0.24810883464730016
ipo_alpha099_feedback_half_b100_s0,ipo,alpha099,feedback_half,0.99,0.8,0.2,0.0,0.5,612,51,100,0.025886450282946286,0.042846825868148364,0.5547702750333322,7.0,0.4824046807653909,0.05328674363193909,-0.027400293348992803,0.07935548701669948,-0.036508661148551114,0.5650696510499229,-0.0102993760165907,3.0,4.0,0.5892040681406884,-0.10679938737529748
ipo_alpha099_feedback_half_b100_s0,ipo,alpha099,feedback_half,0.99,0.8,0.2,0.0,0.5,737,51,100,0.061888231024340996,0.14010554062348546,0.6014965267414532,5.0,0.8334193159067058,0.09686417607298034,-0.034975945048639344,0.3310556279858553,-0.19095008736236985,0.8438509503788613,-0.2423544236374081,5.0,0.0,0.30535182825072527,0.5280674876559805
ipo_alpha099_feedback_half_b100_s0,ipo,alpha099,feedback_half,0.99,0.8,0.2,0.0,0.5,867,51,100,0.05218230920161949,0.11600779653052065,0.6180912787263266,2.0,0.3987933026802061,0.08275585909706558,-0.03057354989544609,0.28930768801845064,-0.17329989148792999,0.7489361013761909,-0.1308448226498643,4.0,-2.0,0.3932072738640692,0.005586028816136901
ipo_alpha099_feedback_half_b100_s0,ipo,alpha099,feedback_half,0.99,0.8,0.2,0.0,0.5,945,51,100,0.039213302089703965,0.08962448154465723,0.5792112210416539,3.0,0.5255456936300518,0.08156084214879977,-0.04234754005909581,0.28437122807078413,-0.1947467465261269,0.7802262144279924,-0.20101499338633855,4.0,-1.0,0.5956398174297557,-0.07009412379970392
ipo_alpha099_feedback_one_b100_s0,ipo,alpha099,feedback_one,0.99,0.8,0.2,0.0,1.0,54,1,25,0.0694531104869128,0.11695819641932198,0.623296920389351,2.0,0.6845024850030478,0.0974509796280137,-0.027997869141100903,0.21006213691014147,-0.09310394049081949,0.7028597144018773,-0.0795627940125263,2.0,0.0,0.6162680745172281,0.06823441048581969
ipo_alpha099_feedback_one_b100_s0,ipo,alpha099,feedback_one,0.99,0.8,0.2,0.0,1.0,251,1,25,0.11214909189407382,0.1358717534760917,0.476964812437838,6.0,1.0049949870926769,0.1352747593794458,-0.02312566748537198,0.23154140876614174,-0.09566965529005003,0.616248206455505,-0.13928339401766704,5.0,1.0,0.8364051946205611,0.1685897924721158
ipo_alpha099_feedback_one_b100_s0,ipo,alpha099,feedback_one,0.99,0.8,0.2,0.0,1.0,612,1,25,0.13177618463065696,0.20533278159523602,0.5871888131700641,5.0,0.6168398396987403,0.1335880373462356,-0.0018118527155786268,0.2698252762490028,-0.0644924946537668,0.7065348958815142,-0.11934608271145009,5.0,0.0,0.49245862138099533,0.12438121831774501
ipo_alpha099_feedback_one_b100_s0,ipo,alpha099,feedback_one,0.99,0.8,0.2,0.0,1.0,737,1,25,0.1345386436423372,0.17386042177191602,0.5571709658296361,5.0,0.9021694155529754,0.12677276386548583,0.007765879776851364,0.2525539053543958,-0.0786934835824798,0.7213338998308099,-0.16416293400117377,3.0,2.0,0.6022187359156842,0.29995067963729116
ipo_alpha099_feedback_one_b100_s0,ipo,alpha099,feedback_one,0.99,0.8,0.2,0.0,1.0,867,1,25,0.10546141750336913,0.2029286359554041,0.6109319994966739,3.0,0.7054170568035587,0.118973997708954,-0.013512580205584879,0.3098151957328649,-0.10688655977746081,0.7835917766842948,-0.17265977718762093,3.0,0.0,0.5153680600754985,0.1900489967280602
ipo_alpha099_feedback_one_b100_s0,ipo,alpha099,feedback_one,0.99,0.8,0.2,0.0,1.0,945,1,25,0.09971854413519862,0.14126151552109523,0.5699238590614055,2.0,0.696439120709694,0.11013613305105246,-0.010417588915853843,0.20952956634768719,-0.06826805082659196,0.6526051142957963,-0.08268125523439074,2.0,0.0,0.7422695625998034,-0.04583044189010932
ipo_alpha099_feedback_one_b100_s0,ipo,alpha099,feedback_one,0.99,0.8,0.2,0.0,1.0,54,26,50,0.018367312147414213,0.029739694405499388,0.5546927196517263,2.0,0.17996806918320618,0.022828760679399478,-0.004461448531985265,0.06004445138866299,-0.0303047569831636,0.6517962577311396,-0.0971035380794133,3.0,-1.0,0.09539384099535274,0.08457422818785344
ipo_alpha099_feedback_one_b100_s0,ipo,alpha099,feedback_one,0.99,0.8,0.2,0.0,1.0,251,26,50,0.06544997801434752,0.06918255159580534,0.4946064751517558,2.0,0.7937523702655518,0.11478236644670363,-0.049332388432356114,0.27902168966496055,-0.20983913806915522,0.7183415941438399,-0.2237351189920841,3.0,-1.0,0.603076455289903,0.19067591497564884
ipo_alpha099_feedback_one_b100_s0,ipo,alpha099,feedback_one,0.99,0.8,0.2,0.0,1.0,612,26,50,0.029170283539664582,0.023911079519918124,0.5310887297412243,7.0,0.3574658636772496,0.07743695951986455,-0.04826667598019997,0.24371280126037267,-0.21980172174045454,0.8002526585665833,-0.269163928825359,2.0,5.0,0.5136199788241197,-0.1561541151468701
ipo_alpha099_feedback_one_b100_s0,ipo,alpha099,feedback_one,0.99,0.8,0.2,0.0,1.0,737,26,50,0.058185816498182046,0.06895044283227911,0.4833976682033039,1.0,1.0260866414637715,0.09946104989863938,-0.041275233400457335,0.32364241305287417,-0.2546919702205951,0.8824487116826495,-0.3990510434793456,2.0,-1.0,0.34937227067398674,0.6767143707897847
ipo_alpha099_feedback_one_b100_s0,ipo,alpha099,feedback_one,0.99,0.8,0.2,0.0,1.0,867,26,50,0.05787402209288826,0.08541536028206687,0.5380141442506731,2.0,0.5021461754895958,0.11369407285452304,-0.055820050761634786,0.3090200476946625,-0.22360468741259565,0.7980347155970058,-0.2600205713463327,3.0,-1.0,0.6421759321519925,-0.1400297566623967
ipo_alpha099_feedback_one_b100_s0,ipo,alpha099,feedback_one,0.99,0.8,0.2,0.0,1.0,945,26,50,0.023995449890814338,0.017414180536254747,0.5688305752591057,1.0,0.5536654877902191,0.09939132877139054,-0.0753958788805762,0.30371974584968064,-0.2863055653134259,0.7712560624279478,-0.202425487168842,3.0,-2.0,0.5560666356270552,-0.002401147836836093
ipo_alpha099_feedback_one_b100_s0,ipo,alpha099,feedback_one,0.99,0.8,0.2,0.0,1.0,54,51,75,0.028609747601111533,0.07205999105239096,0.6374737362648619,1.0,0.1883314670441412,0.04183619555130882,-0.013226447950197284,0.029423224232060542,0.042636766820330414,0.5336103397004708,0.10386339656439114,8.0,-7.0,0.11692337569565303,0.07140809134848816
ipo_alpha099_feedback_one_b100_s0,ipo,alpha099,feedback_one,0.99,0.8,0.2,0.0,1.0,251,51,75,0.03393291726647149,0.03837803011402079,0.5315212593151597,2.0,0.5277427238364605,0.13944570239031093,-0.10551278512383944,0.27875264427019153,-0.24037461415617073,0.7311139110065611,-0.1995926516914014,4.0,-2.0,0.763184915487911,-0.23544219165145053
ipo_alpha099_feedback_one_b100_s0,ipo,alpha099,feedback_one,0.99,0.8,0.2,0.0,1.0,612,51,75,0.02199981993017326,0.0360123048516039,0.5477502781826737,4.0,0.36088552874939334,0.06397257124120186,-0.041972751311028594,0.08594384662841786,-0.04993154177681396,0.5468924535586774,0.0008578246239963061,1.0,3.0,0.7286495143648892,-0.3677639856154959
ipo_alpha099_feedback_one_b100_s0,ipo,alpha099,feedback_one,0.99,0.8,0.2,0.0,1.0,737,51,75,0.05163925793933915,0.06118228209836492,0.4785601145628304,6.0,0.9454870560538494,0.11446292425645327,-0.06282366631711411,0.32211492384660456,-0.26093264174823966,0.8335536995341287,-0.35499358497129835,3.0,3.0,0.32061950891078717,0.6248675471430623
ipo_alpha099_feedback_one_b100_s0,ipo,alpha099,feedback_one,0.99,0.8,0.2,0.0,1.0,867,51,75,0.05822649133928248,0.1044886320016465,0.5550849476514225,2.0,0.45197347786803077,0.10364799060801082,-0.045421499268728335,0.2460059701188561,-0.14151733811720962,0.7643393483673832,-0.2092544007159607,3.0,-1.0,0.5514421775659939,-0.09946869969796313
ipo_alpha099_feedback_one_b100_s0,ipo,alpha099,feedback_one,0.99,0.8,0.2,0.0,1.0,945,51,75,0.034932102107178696,0.039583491405882076,0.5242908528212898,5.0,0.5180817686715247,0.07613162763008809,-0.04119952552290939,0.24105702437146764,-0.20147353296558557,0.7771666779949195,-0.2528758251736296,2.0,3.0,0.5401603840941971,-0.02207861542267242
ipo_alpha099_feedback_one_b100_s0,ipo,alpha099,feedback_one,0.99,0.8,0.2,0.0,1.0,54,76,100,0.017690637787489007,0.037070418255702224,0.5688582694240781,1.0,0.10667108301146361,0.03670174402489301,-0.019011106237404006,0.04946260940671763,-0.012392191151015405,0.5757409617743728,-0.006882692350294706,4.0,-3.0,0.11922325492929783,-0.012552171917834226
ipo_alpha099_feedback_one_b100_s0,ipo,alpha099,feedback_one,0.99,0.8,0.2,0.0,1.0,251,76,100,0.030397005710199484,0.03913106819457838,0.5689791456398636,0.0,0.44360466330871895,0.09187169970996939,-0.0614746939997699,0.28404686296888526,-0.2449157947743069,0.8326736572831183,-0.26369451164325464,2.0,-2.0,0.37533891055963003,0.06826575274908891
ipo_alpha099_feedback_one_b100_s0,ipo,alpha099,feedback_one,0.99,0.8,0.2,0.0,1.0,612,76,100,0.024932637960292322,0.06208141234456123,0.6037266507305801,1.0,0.460541409612835,0.04260091602267633,-0.017668278062384007,0.03209650746082828,0.029984904883732948,0.5832468485411685,0.02047980218941159,2.0,-1.0,0.44975862191648747,0.010782787696347551
ipo_alpha099_feedback_one_b100_s0,ipo,alpha099,feedback_one,0.99,0.8,0.2,0.0,1.0,737,76,100,0.025044592412853724,0.024286617154860045,0.523810787225133,8.0,0.7805439705472595,0.07926542788950744,-0.05422083547665371,0.20747516999986432,-0.18318855284500427,0.854148201223594,-0.33033741399846106,2.0,6.0,0.29008414759066325,0.4904598229565963
ipo_alpha099_feedback_one_b100_s0,ipo,alpha099,feedback_one,0.99,0.8,0.2,0.0,1.0,867,76,100,0.025949631322237092,0.04088390067099643,0.5336466764515428,1.0,0.30797739200657015,0.06186372758612033,-0.03591409626388324,0.1479356766051842,-0.10705177593418777,0.7335328543849984,-0.19988617793345553,1.0,0.0,0.23497237016214367,0.07300502184442648
ipo_alpha099_feedback_one_b100_s0,ipo,alpha099,feedback_one,0.99,0.8,0.2,0.0,1.0,945,76,100,0.02840573425584854,0.06027349616842133,0.6016334092630283,1.0,0.40736010897071984,0.08699005666751145,-0.058584322411662906,0.2612572010019653,-0.200983704833544,0.7832857508610654,-0.18165234159803711,2.0,-1.0,0.6511192507653142,-0.24375914179459435
ipo_alpha099_feedback_one_b100_s0,ipo,alpha099,feedback_one,0.99,0.8,0.2,0.0,1.0,54,51,100,0.023150192694300256,0.060145369337787066,0.60316600284447,2.0,0.14750127502780244,0.039268969788100926,-0.01611877709380067,0.04240976546768592,0.017735603870101146,0.554675650737422,0.048490352107047996,12.0,-10.0,0.11807331531247543,0.02942795971532701
ipo_alpha099_feedback_one_b100_s0,ipo,alpha099,feedback_one,0.99,0.8,0.2,0.0,1.0,251,51,100,0.032164961488335496,0.04194878547086515,0.5502502024775116,2.0,0.4856736935725898,0.11565870105014012,-0.08349373956180461,0.30567484869065226,-0.2637260632197871,0.7818937841448396,-0.231643581667328,6.0,-4.0,0.5692619130237705,-0.08358821945118067
ipo_alpha099_feedback_one_b100_s0,ipo,alpha099,feedback_one,0.99,0.8,0.2,0.0,1.0,612,51,100,0.023466228945232807,0.053084866161405245,0.5757384644566269,5.0,0.4107134691811142,0.05328674363193909,-0.02982051468670628,0.07935548701669948,-0.026270620855294233,0.5650696510499229,0.010668813406704003,3.0,2.0,0.5892040681406884,-0.1784905989595742
ipo_alpha099_feedback_one_b100_s0,ipo,alpha099,feedback_one,0.99,0.8,0.2,0.0,1.0,737,51,100,0.03834192517609644,0.05581005589615705,0.5011854508939815,14.0,0.8630155133005545,0.09686417607298034,-0.0585222508968839,0.3310556279858553,-0.27524557208969824,0.8438509503788613,-0.3426654994848798,5.0,9.0,0.30535182825072527,0.5576636850498292
ipo_alpha099_feedback_one_b100_s0,ipo,alpha099,feedback_one,0.99,0.8,0.2,0.0,1.0,867,51,100,0.04208806133075978,0.0854930474873007,0.5443658120514826,3.0,0.37997543493730057,0.08275585909706558,-0.0406677977663058,0.28930768801845064,-0.20381464053114995,0.7489361013761909,-0.20457028932470833,4.0,-1.0,0.3932072738640692,-0.013231838926768602
ipo_alpha099_feedback_one_b100_s0,ipo,alpha099,feedback_one,0.99,0.8,0.2,0.0,1.0,945,51,100,0.03166891818151362,0.05877852483758546,0.5629621310421591,6.0,0.46272093882112236,0.08156084214879977,-0.04989192396728615,0.28437122807078413,-0.2255927032331987,0.7802262144279924,-0.21726408338583336,4.0,2.0,0.5956398174297557,-0.13291887860863333
dpo_alpha099_reference_half_b100_s0,dpo,alpha099,reference_half,0.99,0.8,0.8,0.495,0.0,54,1,25,0.12397766523020859,0.2021464588397704,0.6583794576005189,2.0,0.6655461996195804,0.08959266938876334,0.03438499584144525,0.17977302870760223,0.022373430132168165,0.637852878060235,0.020526579540283807,3.0,-1.0,0.6332805934610546,0.032265606158525806
dpo_alpha099_reference_half_b100_s0,dpo,alpha099,reference_half,0.99,0.8,0.8,0.495,0.0,251,1,25,0.12191815023590151,0.22476122797550524,0.6727095912009037,4.0,0.8558821102568115,0.1257936745166618,-0.0038755242807602813,0.24530825431290326,-0.020547026337398022,0.6202002560757512,0.052509335125152434,5.0,-1.0,0.7681005400042596,0.08778157025255184
dpo_alpha099_reference_half_b100_s0,dpo,alpha099,reference_half,0.99,0.8,0.8,0.495,0.0,612,1,25,0.1194905698222018,0.17180361732379115,0.7703985542048061,1.0,0.5104428156891982,0.13303269920397814,-0.013542129381776347,0.31369702763073093,-0.14189341030693978,0.7865834371349932,-0.01618488293018716,5.0,-4.0,0.37697964058110317,0.13346317510809508
dpo_alpha099_reference_half_b100_s0,dpo,alpha099,reference_half,0.99,0.8,0.8,0.495,0.0,737,1,25,0.16388128898757554,0.21677934128676016,0.7080203959080097,4.0,0.6567238084235524,0.1325183994038095,0.03136288958376604,0.2887766064433278,-0.07199726515656765,0.7710493629658327,-0.06302896705782302,3.0,1.0,0.61251218490226,0.044211623521292376
dpo_alpha099_reference_half_b100_s0,dpo,alpha099,reference_half,0.99,0.8,0.8,0.495,0.0,867,1,25,0.09612553240036256,0.2364786578632608,0.7518125994862921,2.0,0.544244398666743,0.12669268862985691,-0.030567156229494352,0.29049117894974896,-0.05401252108648816,0.7397045664585497,0.012108033027742438,4.0,-2.0,0.5955509971397555,-0.051306598473012444
dpo_alpha099_reference_half_b100_s0,dpo,alpha099,reference_half,0.99,0.8,0.8,0.495,0.0,945,1,25,0.12275929740309774,0.16634024905325,0.5833090752549175,4.0,0.8614864258727851,0.11842137145898679,0.0043379259441109486,0.2193684840484818,-0.05302823499523179,0.6469068541576337,-0.06359777890271623,3.0,1.0,0.7750545233996923,0.08643190247309285
dpo_alpha099_reference_half_b100_s0,dpo,alpha099,reference_half,0.99,0.8,0.8,0.495,0.0,54,26,50,0.08411391940735508,0.18620536969572554,0.7626643701906697,3.0,0.1883630405161594,0.0343799670106476,0.04973395239670748,0.024598714562529878,0.16160665513319566,0.6003923823209617,0.16227198786970798,0.0,3.0,0.14738790296862314,0.04097513754753626
dpo_alpha099_reference_half_b100_s0,dpo,alpha099,reference_half,0.99,0.8,0.8,0.495,0.0,251,26,50,0.11808260074687826,0.2653659607360409,0.7340217904350743,3.0,0.5451499147330099,0.13518167544656431,-0.01709907469968605,0.334789928436163,-0.0694239677001221,0.795794001281999,-0.061772210846924636,4.0,-1.0,0.5446640021078732,0.0004859126251366419
dpo_alpha099_reference_half_b100_s0,dpo,alpha099,reference_half,0.99,0.8,0.8,0.495,0.0,612,26,50,0.1358563628872166,0.1630474214486773,0.5956089241080817,6.0,0.7547097229012684,0.09084291790823575,0.04501344497898084,0.28557906516181547,-0.12253164371313818,0.8387242057776831,-0.2431152816696014,2.0,4.0,0.4292506043142312,0.3254591185870372
dpo_alpha099_reference_half_b100_s0,dpo,alpha099,reference_half,0.99,0.8,0.8,0.495,0.0,737,26,50,0.12070082969933649,0.2928810658327948,0.7454680931120182,3.0,0.6167148442219744,0.09803393674948405,0.02266689294985244,0.3105631219951917,-0.01768205616239693,0.8447562277639848,-0.09928813465196662,3.0,0.0,0.33626736350438735,0.28044748071758707
dpo_alpha099_reference_half_b100_s0,dpo,alpha099,reference_half,0.99,0.8,0.8,0.495,0.0,867,26,50,0.11051638161903879,0.23365871430510013,0.7092813112278833,2.0,0.6702654736251119,0.08405034202328646,0.026466039595752333,0.27476207480769366,-0.04110336050259353,0.8085766556493251,-0.09929534442144183,2.0,0.0,0.6033610579151228,0.06690441570998906
dpo_alpha099_reference_half_b100_s0,dpo,alpha099,reference_half,0.99,0.8,0.8,0.495,0.0,945,26,50,0.10844296669758467,0.2016195266627725,0.6654567332658572,2.0,0.7077815892654921,0.09609696222851487,0.012346004469069805,0.1926704902899335,0.008949036372839003,0.6228900416791154,0.042566691586741756,4.0,-2.0,0.8256244843811212,-0.11784289511562918
dpo_alpha099_reference_half_b100_s0,dpo,alpha099,reference_half,0.99,0.8,0.8,0.495,0.0,54,51,75,0.09559803052479314,0.18712301726197095,0.7025556318547175,8.0,0.6339585761633538,0.0642789453594502,0.031319085165342944,0.13210444854241482,0.05501856871955613,0.648628518399565,0.05392711345515244,2.0,6.0,0.3542478275618323,0.2797107486015215
dpo_alpha099_reference_half_b100_s0,dpo,alpha099,reference_half,0.99,0.8,0.8,0.495,0.0,251,51,75,0.1018623686898951,0.2353920497556592,0.7609675643569648,2.0,0.5612823203457817,0.09616788670565166,0.005694481984243438,0.28942699792887416,-0.05403494817321497,0.809332340475763,-0.04836477611879819,3.0,-1.0,0.4954910100661495,0.06579131027963225
dpo_alpha099_reference_half_b100_s0,dpo,alpha099,reference_half,0.99,0.8,0.8,0.495,0.0,612,51,75,0.04165682987353483,0.07277583839307816,0.764982798225656,0.0,0.6971399052061629,0.09836922680425726,-0.056712396930722435,0.2500004810977006,-0.17722464270462246,0.7621353714917438,0.0028474267339121395,4.0,-4.0,0.48605658416270053,0.21108332104346234
dpo_alpha099_reference_half_b100_s0,dpo,alpha099,reference_half,0.99,0.8,0.8,0.495,0.0,737,51,75,0.11644083136453584,0.3075213577156836,0.7566526681519471,3.0,0.5055099797926,0.10361992538916953,0.012820905975366309,0.24287620632608348,0.06464515138960014,0.8599027216228704,-0.10325005347092331,2.0,1.0,0.21531425134553073,0.2901957284470693
dpo_alpha099_reference_half_b100_s0,dpo,alpha099,reference_half,0.99,0.8,0.8,0.495,0.0,867,51,75,0.1093226271099287,0.24491158874244953,0.702098172987421,3.0,0.5208971223185885,0.0863502996757703,0.02297232743415839,0.23401439763631024,0.010897191106139292,0.8961521252920431,-0.19405395230462208,2.0,1.0,0.3701355347787815,0.150761587539807
dpo_alpha099_reference_half_b100_s0,dpo,alpha099,reference_half,0.99,0.8,0.8,0.495,0.0,945,51,75,0.0965415507257085,0.19474766976583238,0.6561552491686,2.0,0.6747243987187883,0.1257211714524529,-0.029179620726744404,0.2721082866399291,-0.0773606168740967,0.7388422975065998,-0.08268704833799978,5.0,-3.0,0.6500193866234276,0.02470501209536069
dpo_alpha099_reference_half_b100_s0,dpo,alpha099,reference_half,0.99,0.8,0.8,0.495,0.0,54,76,100,0.07609586447333512,0.21217123884222722,0.7192737123481817,4.0,0.31785382208984525,0.046692373561616304,0.029403490911718816,0.08261865800375061,0.1295525808384766,0.7116275226398749,0.007646189708306772,1.0,3.0,0.43416488194405667,-0.11631105985421142
dpo_alpha099_reference_half_b100_s0,dpo,alpha099,reference_half,0.99,0.8,0.8,0.495,0.0,251,76,100,0.1052040958325393,0.29782444236938144,0.7417436509244232,3.0,0.5948251353971388,0.0735261728904497,0.0316779229420896,0.249132014325889,0.04869242804349244,0.8906983144315984,-0.14895466350717523,1.0,2.0,0.17079665340881603,0.42402848198832277
dpo_alpha099_reference_half_b100_s0,dpo,alpha099,reference_half,0.99,0.8,0.8,0.495,0.0,612,76,100,0.03200518974040749,0.06124937700360131,0.6433684586098924,1.0,0.24236638394353388,0.1361190700620418,-0.10411388032163431,0.3192494764522531,-0.25800009944865177,0.8291180461247353,-0.18574958751484283,4.0,-3.0,0.3167900905101294,-0.07442370656659553
dpo_alpha099_reference_half_b100_s0,dpo,alpha099,reference_half,0.99,0.8,0.8,0.495,0.0,737,76,100,0.13384875944361174,0.26264625919409984,0.683666605330425,7.0,0.5815618109675321,0.08203088189232025,0.0518178775512915,0.2776737079359253,-0.015027448741825433,0.8845325044270105,-0.20086589909658548,2.0,5.0,0.27422986676770333,0.3073319441998288
dpo_alpha099_reference_half_b100_s0,dpo,alpha099,reference_half,0.99,0.8,0.8,0.495,0.0,867,76,100,0.07695114751582166,0.14854442558177744,0.6666069513086473,4.0,0.6242666646896701,0.08169333276142815,-0.0047421852456064895,0.242527186874536,-0.09398276129275857,0.8709568692165405,-0.20434991790789314,2.0,2.0,0.22840208133385873,0.3958645833558113
dpo_alpha099_reference_half_b100_s0,dpo,alpha099,reference_half,0.99,0.8,0.8,0.495,0.0,945,76,100,0.07032442326086241,0.10534803766736958,0.5950542887189111,2.0,0.7856959135096139,0.10611649186377671,-0.0357920686029143,0.25186551297477183,-0.14651747530740225,0.8054490630279326,-0.21039477430902154,2.0,0.0,0.380887047820441,0.40480886568917285
dpo_alpha099_reference_half_b100_s0,dpo,alpha099,reference_half,0.99,0.8,0.8,0.495,0.0,54,51,100,0.08584694749906413,0.2389438521426891,0.7109146721014495,12.0,0.4759061991265996,0.055485659460533264,0.030361288038530866,0.12374587993741404,0.11519797220527506,0.68012802051972,0.03078665158172955,3.0,9.0,0.39420635475294463,0.08169984437365496
dpo_alpha099_reference_half_b100_s0,dpo,alpha099,reference_half,0.99,0.8,0.8,0.495,0.0,251,51,100,0.1035332322612172,0.3111956969329591,0.7513556076406939,5.0,0.5780537278714604,0.08484702979805067,0.018686202463166532,0.36067054814159694,-0.049474851208637816,0.8500153274536806,-0.09865971981298671,4.0,1.0,0.33314383173748285,0.2449098961339775
dpo_alpha099_reference_half_b100_s0,dpo,alpha099,reference_half,0.99,0.8,0.8,0.495,0.0,612,51,100,0.03683100980697116,0.1375731768958427,0.7041756284177741,1.0,0.46975314457484835,0.11724414843314955,-0.08041313862617838,0.3316479748496115,-0.1940747979537688,0.7956267088082398,-0.09145108039046568,8.0,-7.0,0.40142333733641494,0.0683298072384334
dpo_alpha099_reference_half_b100_s0,dpo,alpha099,reference_half,0.99,0.8,0.8,0.495,0.0,737,51,100,0.12514479540407383,0.29262555582463623,0.7201596367411862,10.0,0.5435358953800661,0.0928254036407449,0.03231939176332893,0.3642193502878445,-0.0715937944632083,0.8722176130249403,-0.15205797628375406,4.0,6.0,0.24477205905661706,0.29876383632344905
dpo_alpha099_reference_half_b100_s0,dpo,alpha099,reference_half,0.99,0.8,0.8,0.495,0.0,867,51,100,0.09313688731287517,0.26446375989036286,0.6843525621480342,7.0,0.5725818935041294,0.08402181621859924,0.009115071094275937,0.35967470756103104,-0.09521094767066818,0.8835544972542919,-0.19920193510625772,4.0,3.0,0.2992688080563201,0.27331308544780925
dpo_alpha099_reference_half_b100_s0,dpo,alpha099,reference_half,0.99,0.8,0.8,0.495,0.0,945,51,100,0.08343298699328544,0.18631544740488315,0.6256047689437556,4.0,0.7302101561142009,0.11591883165811484,-0.0324858446648294,0.29763035746938443,-0.11131491006450128,0.7721456802672663,-0.14654091132351066,7.0,-3.0,0.5154532172219343,0.21475693889226666
dpo_alpha099_reference_max_b100_s0,dpo,alpha099,reference_max,0.99,0.8,0.8,0.99,0.0,54,1,25,0.10243324543975021,0.19761610419151507,0.6723891815559183,2.0,0.7019515036127245,0.08959266938876334,0.012840576050986874,0.17977302870760223,0.01784307548391284,0.637852878060235,0.03453630349568326,3.0,-1.0,0.6332805934610546,0.06867091015166993
dpo_alpha099_reference_max_b100_s0,dpo,alpha099,reference_max,0.99,0.8,0.8,0.99,0.0,251,1,25,0.12595022437994152,0.21876291900636713,0.6934188718500272,2.0,0.8718309274341814,0.1257936745166618,0.0001565498632797313,0.24530825431290326,-0.026545335306536133,0.6202002560757512,0.07321861577427591,5.0,-3.0,0.7681005400042596,0.1037303874299218
dpo_alpha099_reference_max_b100_s0,dpo,alpha099,reference_max,0.99,0.8,0.8,0.99,0.0,612,1,25,0.12108351518669663,0.18692716531519965,0.7322317164523257,3.0,0.5735889863111371,0.13303269920397814,-0.011949184017281511,0.31369702763073093,-0.12676986231553128,0.7865834371349932,-0.05435172068266758,5.0,-2.0,0.37697964058110317,0.1966093457300339
dpo_alpha099_reference_max_b100_s0,dpo,alpha099,reference_max,0.99,0.8,0.8,0.99,0.0,737,1,25,0.1683580809507717,0.19448291976409643,0.7212241664457624,6.0,0.6609935455112951,0.1325183994038095,0.03583968154696221,0.2887766064433278,-0.09429368667923138,0.7710493629658327,-0.049825196520070336,3.0,3.0,0.61251218490226,0.048481360609035073
dpo_alpha099_reference_max_b100_s0,dpo,alpha099,reference_max,0.99,0.8,0.8,0.99,0.0,867,1,25,0.13762168465287886,0.21858092072791607,0.7234476360453784,2.0,0.5863846249553863,0.12669268862985691,0.010928996023021942,0.29049117894974896,-0.07191025822183289,0.7397045664585497,-0.016256930413171222,4.0,-2.0,0.5955509971397555,-0.00916637218436911
dpo_alpha099_reference_max_b100_s0,dpo,alpha099,reference_max,0.99,0.8,0.8,0.99,0.0,945,1,25,0.21682037732144388,0.14307228267849334,0.5567834919448876,9.0,0.9522726111477582,0.11842137145898679,0.09839900586245709,0.2193684840484818,-0.07629620136998846,0.6469068541576337,-0.09012336221274608,3.0,6.0,0.7750545233996923,0.1772180877480659
dpo_alpha099_reference_max_b100_s0,dpo,alpha099,reference_max,0.99,0.8,0.8,0.99,0.0,54,26,50,0.232325658692071,0.1508017526123287,0.8010007286823051,6.0,0.15133789288260924,0.0343799670106476,0.1979456916814234,0.024598714562529878,0.12620303804979882,0.6003923823209617,0.2006083463613434,0.0,6.0,0.14738790296862314,0.003949989913986096
dpo_alpha099_reference_max_b100_s0,dpo,alpha099,reference_max,0.99,0.8,0.8,0.99,0.0,251,26,50,0.22547596898147432,0.20079630647175617,0.7969217974875407,6.0,0.3121239049731372,0.13518167544656431,0.09029429353491,0.334789928436163,-0.13399362196440684,0.795794001281999,0.001127796205541709,4.0,2.0,0.5446640021078732,-0.23254009713473606
dpo_alpha099_reference_max_b100_s0,dpo,alpha099,reference_max,0.99,0.8,0.8,0.99,0.0,612,26,50,0.12411481869997339,0.19025700868696316,0.7111822232416221,4.0,0.6591292854825316,0.09084291790823575,0.03327190079173764,0.28557906516181547,-0.09532205647485231,0.8387242057776831,-0.12754198253606108,2.0,2.0,0.4292506043142312,0.2298786811683004
dpo_alpha099_reference_max_b100_s0,dpo,alpha099,reference_max,0.99,0.8,0.8,0.99,0.0,737,26,50,0.2047162949919332,0.23481343343216007,0.7297176304408138,6.0,0.559350098800291,0.09803393674948405,0.10668235824244915,0.3105631219951917,-0.07574968856303163,0.8447562277639848,-0.11503859732317101,3.0,3.0,0.33626736350438735,0.2230827352959036
dpo_alpha099_reference_max_b100_s0,dpo,alpha099,reference_max,0.99,0.8,0.8,0.99,0.0,867,26,50,0.1688092864045734,0.23190856462711973,0.7151566406373443,4.0,0.5767033092365541,0.08405034202328646,0.08475894438128695,0.27476207480769366,-0.04285351018057393,0.8085766556493251,-0.09342001501198083,2.0,2.0,0.6033610579151228,-0.026657748678568738
dpo_alpha099_reference_max_b100_s0,dpo,alpha099,reference_max,0.99,0.8,0.8,0.99,0.0,945,26,50,0.20695869384581353,0.13735337805911768,0.6167911327132795,8.0,0.5261521933916226,0.09609696222851487,0.11086173161729866,0.1926704902899335,-0.05531711223081581,0.6228900416791154,-0.006098908965835981,4.0,4.0,0.8256244843811212,-0.2994722909894987
dpo_alpha099_reference_max_b100_s0,dpo,alpha099,reference_max,0.99,0.8,0.8,0.99,0.0,54,51,75,0.21430229302589637,0.13183355942927868,0.7907853057116664,5.0,0.7231968221877232,0.0642789453594502,0.15002334766644618,0.13210444854241482,-0.00027088911313613573,0.648628518399565,0.14215678731210135,2.0,3.0,0.3542478275618323,0.36894899462589087
dpo_alpha099_reference_max_b100_s0,dpo,alpha099,reference_max,0.99,0.8,0.8,0.99,0.0,251,51,75,0.1198478866176393,0.21356148093717875,0.7401938256073106,4.0,0.7205988670322137,0.09616788670565166,0.023679999911987645,0.28942699792887416,-0.07586551699169541,0.809332340475763,-0.06913851486845235,3.0,1.0,0.4954910100661495,0.22510785696606417
dpo_alpha099_reference_max_b100_s0,dpo,alpha099,reference_max,0.99,0.8,0.8,0.99,0.0,612,51,75,0.13548913991934522,0.15358899302097073,0.6088591733789197,6.0,0.5175459305361918,0.09836922680425726,0.03711991311508796,0.2500004810977006,-0.09641148807672989,0.7621353714917438,-0.1532761981128241,4.0,2.0,0.48605658416270053,0.03148934637349127
dpo_alpha099_reference_max_b100_s0,dpo,alpha099,reference_max,0.99,0.8,0.8,0.99,0.0,737,51,75,0.13791061233642038,0.23252071429997512,0.6663642766158432,3.0,0.6724635457965511,0.10361992538916953,0.03429068694725085,0.24287620632608348,-0.01035549202610836,0.8599027216228704,-0.19353844500702722,2.0,1.0,0.21531425134553073,0.45714929445102037
dpo_alpha099_reference_max_b100_s0,dpo,alpha099,reference_max,0.99,0.8,0.8,0.99,0.0,867,51,75,0.27510730508850695,0.2131334560243952,0.7814353299220786,8.0,0.8292140864087736,0.0863502996757703,0.18875700541273666,0.23401439763631024,-0.020880941611915033,0.8961521252920431,-0.11471679536996449,2.0,6.0,0.3701355347787815,0.45907855162999206
dpo_alpha099_reference_max_b100_s0,dpo,alpha099,reference_max,0.99,0.8,0.8,0.99,0.0,945,51,75,0.08581776881860817,0.04443443815059871,0.5105766527831186,6.0,0.6058153303991545,0.1257211714524529,-0.03990340263384473,0.2721082866399291,-0.22767384848933037,0.7388422975065998,-0.2282656447234812,5.0,1.0,0.6500193866234276,-0.04420405622427315
dpo_alpha099_reference_max_b100_s0,dpo,alpha099,reference_max,0.99,0.8,0.8,0.99,0.0,54,76,100,0.126425360762975,0.1763482334513434,0.7642949419384059,5.0,0.31844554224566884,0.046692373561616304,0.0797329872013587,0.08261865800375061,0.09372957544759279,0.7116275226398749,0.052667419298530915,1.0,4.0,0.43416488194405667,-0.11571933969838782
dpo_alpha099_reference_max_b100_s0,dpo,alpha099,reference_max,0.99,0.8,0.8,0.99,0.0,251,76,100,0.16210255244494956,0.2286598471749696,0.7663860756668778,3.0,0.4005726592180981,0.0735261728904497,0.08857637955449986,0.249132014325889,-0.0204721671509194,0.8906983144315984,-0.12431223876472064,1.0,2.0,0.17079665340881603,0.22977600580928206
dpo_alpha099_reference_max_b100_s0,dpo,alpha099,reference_max,0.99,0.8,0.8,0.99,0.0,612,76,100,0.1850832757895628,0.06569993161801244,0.7382838196940417,0.0,0.37829114156571714,0.1361190700620418,0.048964205727521,0.3192494764522531,-0.25354954483424064,0.8291180461247353,-0.09083422643069361,4.0,-4.0,0.3167900905101294,0.06150105105558773
dpo_alpha099_reference_max_b100_s0,dpo,alpha099,reference_max,0.99,0.8,0.8,0.99,0.0,737,76,100,0.16797517355463465,0.1540289157124914,0.6362215074737931,9.0,0.5960540562348511,0.08203088189232025,0.0859442916623144,0.2776737079359253,-0.12364479222343389,0.8845325044270105,-0.24831099695321734,2.0,7.0,0.27422986676770333,0.32182418946714775
dpo_alpha099_reference_max_b100_s0,dpo,alpha099,reference_max,0.99,0.8,0.8,0.99,0.0,867,76,100,0.10078190858071508,0.1123988646928134,0.8011114626843552,1.0,0.2531950257096429,0.08169333276142815,0.019088575819286926,0.242527186874536,-0.1301283221817226,0.8709568692165405,-0.0698454065321853,2.0,-1.0,0.22840208133385873,0.024792944375784193
dpo_alpha099_reference_max_b100_s0,dpo,alpha099,reference_max,0.99,0.8,0.8,0.99,0.0,945,76,100,0.0781748448424392,0.055388099233888655,0.5532141935564685,3.0,0.5460743261356954,0.10611649186377671,-0.027941647021337515,0.25186551297477183,-0.19647741374088318,0.8054490630279326,-0.2522348694714641,2.0,1.0,0.380887047820441,0.16518727831525437
dpo_alpha099_reference_max_b100_s0,dpo,alpha099,reference_max,0.99,0.8,0.8,0.99,0.0,54,51,100,0.17036382689443572,0.26038339721071097,0.777540123825036,10.0,0.5208211822166962,0.055485659460533264,0.11487816743390245,0.12374587993741404,0.13663751727329693,0.68012802051972,0.09741210330531602,3.0,7.0,0.39420635475294463,0.12661482746375152
dpo_alpha099_reference_max_b100_s0,dpo,alpha099,reference_max,0.99,0.8,0.8,0.99,0.0,251,51,100,0.1409752195312944,0.31227374822052745,0.753289950637094,7.0,0.5605857631251557,0.08484702979805067,0.05612818973324374,0.36067054814159694,-0.04839679992106949,0.8500153274536806,-0.09672537681658655,4.0,3.0,0.33314383173748285,0.22744193138767288
dpo_alpha099_reference_max_b100_s0,dpo,alpha099,reference_max,0.99,0.8,0.8,0.99,0.0,612,51,100,0.16028620785445397,0.1566753435552019,0.6735714965364805,6.0,0.4479185360509544,0.11724414843314955,0.043042059421304416,0.3316479748496115,-0.1749726312944096,0.7956267088082398,-0.1220552122717593,8.0,-2.0,0.40142333733641494,0.04649519871453944
dpo_alpha099_reference_max_b100_s0,dpo,alpha099,reference_max,0.99,0.8,0.8,0.99,0.0,737,51,100,0.1529428929455275,0.24306556738822133,0.6512928920448181,12.0,0.6342588010157011,0.0928254036407449,0.060117489304782584,0.3642193502878445,-0.1211537828996232,0.8722176130249403,-0.22092472098012217,4.0,8.0,0.24477205905661706,0.38948674195908406
dpo_alpha099_reference_max_b100_s0,dpo,alpha099,reference_max,0.99,0.8,0.8,0.99,0.0,867,51,100,0.187944606834611,0.27689943725366123,0.791273396303217,9.0,0.5412045560592081,0.08402181621859924,0.10392279061601177,0.35967470756103104,-0.08277527030736981,0.8835544972542919,-0.09228110095107489,4.0,5.0,0.2992688080563201,0.24193574800288803
dpo_alpha099_reference_max_b100_s0,dpo,alpha099,reference_max,0.99,0.8,0.8,0.99,0.0,945,51,100,0.0819963068305237,0.06813319431863148,0.5318954231697934,9.0,0.5759448282674249,0.11591883165811484,-0.033922524827591144,0.29763035746938443,-0.22949716315075297,0.7721456802672663,-0.24025025709747283,7.0,2.0,0.5154532172219343,0.06049161104549061
dpo_alpha099_feedback_half_b100_s0,dpo,alpha099,feedback_half,0.99,0.8,0.8,0.0,0.5,54,1,25,0.07108742291355834,0.11897037313240422,0.6231784979568737,0.0,0.6754201961752405,0.08959266938876334,-0.018505246475205003,0.17977302870760223,-0.06080265557519801,0.637852878060235,-0.014674380103361306,3.0,-3.0,0.6332805934610546,0.04213960271418593
dpo_alpha099_feedback_half_b100_s0,dpo,alpha099,feedback_half,0.99,0.8,0.8,0.0,0.5,251,1,25,0.120113019701228,0.17923294520028035,0.5350800123322325,4.0,0.9936279173826681,0.1257936745166618,-0.005680654815433797,0.24530825431290326,-0.06607530911262291,0.6202002560757512,-0.08512024374351879,5.0,-1.0,0.7681005400042596,0.22552737737840844
dpo_alpha099_feedback_half_b100_s0,dpo,alpha099,feedback_half,0.99,0.8,0.8,0.0,0.5,612,1,25,0.12636486255200174,0.2682872892237297,0.7089111920070452,3.0,0.578742914897201,0.13303269920397814,-0.0066678366519764,0.31369702763073093,-0.04540973840700124,0.7865834371349932,-0.07767224512794801,5.0,-2.0,0.37697964058110317,0.2017632743160978
dpo_alpha099_feedback_half_b100_s0,dpo,alpha099,feedback_half,0.99,0.8,0.8,0.0,0.5,737,1,25,0.1400938024787679,0.16510462967166484,0.5564473834981777,8.0,0.8673872311114574,0.1325183994038095,0.007575403074958409,0.2887766064433278,-0.12367197677166297,0.7710493629658327,-0.21460197946765502,3.0,5.0,0.61251218490226,0.25487504620919743
dpo_alpha099_feedback_half_b100_s0,dpo,alpha099,feedback_half,0.99,0.8,0.8,0.0,0.5,867,1,25,0.13072372244571803,0.2909462087201341,0.7320567765279797,4.0,0.6724383561678577,0.12669268862985691,0.004031033815861118,0.29049117894974896,0.00045502977038514025,0.7397045664585497,-0.007647789930569915,4.0,0.0,0.5955509971397555,0.07688735902810229
dpo_alpha099_feedback_half_b100_s0,dpo,alpha099,feedback_half,0.99,0.8,0.8,0.0,0.5,945,1,25,0.1051794902980104,0.1880572566963884,0.6612224948797515,2.0,0.6423122386025861,0.11842137145898679,-0.013241881160976396,0.2193684840484818,-0.03131122735209341,0.6469068541576337,0.014315640722117773,3.0,-1.0,0.7750545233996923,-0.13274228479710615
dpo_alpha099_feedback_half_b100_s0,dpo,alpha099,feedback_half,0.99,0.8,0.8,0.0,0.5,54,26,50,0.02773165964860599,0.059332107471635934,0.5902777063921552,1.0,0.276920190164206,0.0343799670106476,-0.006648307362041608,0.024598714562529878,0.034733392909106056,0.6003923823209617,-0.010114675928806549,0.0,1.0,0.14738790296862314,0.12953228719558285
dpo_alpha099_feedback_half_b100_s0,dpo,alpha099,feedback_half,0.99,0.8,0.8,0.0,0.5,251,26,50,0.1371379557610829,0.17012721996361596,0.5179963767708228,6.0,0.9693721037973286,0.13518167544656431,0.0019562803145185825,0.334789928436163,-0.16466270847254705,0.795794001281999,-0.2777976245111762,4.0,2.0,0.5446640021078732,0.4247081016894554
dpo_alpha099_feedback_half_b100_s0,dpo,alpha099,feedback_half,0.99,0.8,0.8,0.0,0.5,612,26,50,0.05662576387725268,0.15388417809288607,0.6946532977514269,1.0,0.3053156042168783,0.09084291790823575,-0.03421715403098306,0.28557906516181547,-0.1316948870689294,0.8387242057776831,-0.14407090802625622,2.0,-1.0,0.4292506043142312,-0.12393500009735287
dpo_alpha099_feedback_half_b100_s0,dpo,alpha099,feedback_half,0.99,0.8,0.8,0.0,0.5,737,26,50,0.09824017193287628,0.13210046678253567,0.5111966581369691,6.0,0.8615388189703803,0.09803393674948405,0.00020623518339223101,0.3105631219951917,-0.17846265521265603,0.8447562277639848,-0.3335595696270157,3.0,3.0,0.33626736350438735,0.525271455465993
dpo_alpha099_feedback_half_b100_s0,dpo,alpha099,feedback_half,0.99,0.8,0.8,0.0,0.5,867,26,50,0.06875532880609267,0.16444406149661814,0.6803577601079382,1.0,0.4035943538319486,0.08405034202328646,-0.015295013217193787,0.27476207480769366,-0.11031801331107552,0.8085766556493251,-0.12821889554138688,2.0,-1.0,0.6033610579151228,-0.19976670408317426
dpo_alpha099_feedback_half_b100_s0,dpo,alpha099,feedback_half,0.99,0.8,0.8,0.0,0.5,945,26,50,0.08690385310722312,0.14334492415677458,0.6009974134997542,4.0,0.79224052188616,0.09609696222851487,-0.009193109121291745,0.1926704902899335,-0.049325566133158916,0.6228900416791154,-0.021892628179361218,4.0,0.0,0.8256244843811212,-0.03338396249496123
dpo_alpha099_feedback_half_b100_s0,dpo,alpha099,feedback_half,0.99,0.8,0.8,0.0,0.5,54,51,75,0.023211096205535294,0.06215714981796228,0.6045598230059577,1.0,0.13772030864469398,0.0642789453594502,-0.0410678491539149,0.13210444854241482,-0.06994729872445254,0.648628518399565,-0.04406869539360736,2.0,-1.0,0.3542478275618323,-0.21652751891713834
dpo_alpha099_feedback_half_b100_s0,dpo,alpha099,feedback_half,0.99,0.8,0.8,0.0,0.5,251,51,75,0.07384066522246112,0.09833465599808643,0.48880547639472743,4.0,0.7910077266497316,0.09616788670565166,-0.022327221483190537,0.28942699792887416,-0.19109234193078772,0.809332340475763,-0.32052686408103553,3.0,1.0,0.4954910100661495,0.29551671658358214
dpo_alpha099_feedback_half_b100_s0,dpo,alpha099,feedback_half,0.99,0.8,0.8,0.0,0.5,612,51,75,0.03743919287796769,0.05849650912316706,0.5810038529961947,3.0,0.5971821577756787,0.09836922680425726,-0.060930033926289574,0.2500004810977006,-0.19150397197453356,0.7621353714917438,-0.1811315184955491,4.0,-1.0,0.48605658416270053,0.1111255736129782
dpo_alpha099_feedback_half_b100_s0,dpo,alpha099,feedback_half,0.99,0.8,0.8,0.0,0.5,737,51,75,0.0858380897629639,0.12404330077185279,0.5038816544153903,3.0,0.9536997392763408,0.10361992538916953,-0.017781835626205625,0.24287620632608348,-0.11883290555423069,0.8599027216228704,-0.35602106720748006,2.0,1.0,0.21531425134553073,0.73838548793081
dpo_alpha099_feedback_half_b100_s0,dpo,alpha099,feedback_half,0.99,0.8,0.8,0.0,0.5,867,51,75,0.11339379297957713,0.2748063061233362,0.7334865020141652,4.0,0.5682119338325363,0.0863502996757703,0.02704349330380683,0.23401439763631024,0.040791908487025935,0.8961521252920431,-0.16266562327787792,2.0,2.0,0.3701355347787815,0.1980763990537548
dpo_alpha099_feedback_half_b100_s0,dpo,alpha099,feedback_half,0.99,0.8,0.8,0.0,0.5,945,51,75,0.042873298848260764,0.12798893160072497,0.6710180759860418,1.0,0.48693338201549635,0.1257211714524529,-0.08284787260419213,0.2721082866399291,-0.14411935503920412,0.7388422975065998,-0.067824221520558,5.0,-4.0,0.6500193866234276,-0.16308600460793127
dpo_alpha099_feedback_half_b100_s0,dpo,alpha099,feedback_half,0.99,0.8,0.8,0.0,0.5,54,76,100,0.02840096654868728,0.08215300107026567,0.6188058259492795,1.0,0.3420863021024547,0.046692373561616304,-0.018291407012929025,0.08261865800375061,-0.000465656933484937,0.7116275226398749,-0.09282169669059548,1.0,0.0,0.43416488194405667,-0.09207857984160195
dpo_alpha099_feedback_half_b100_s0,dpo,alpha099,feedback_half,0.99,0.8,0.8,0.0,0.5,251,76,100,0.04220517517109685,0.06501327979781633,0.5593828727984732,1.0,0.5878720698889683,0.0735261728904497,-0.03132099771935285,0.249132014325889,-0.18411873452807265,0.8906983144315984,-0.3313154416331252,1.0,0.0,0.17079665340881603,0.41707541648015234
dpo_alpha099_feedback_half_b100_s0,dpo,alpha099,feedback_half,0.99,0.8,0.8,0.0,0.5,612,76,100,0.023113112999107354,0.036732968174307684,0.5607797246148495,2.0,0.3474175389357614,0.1361190700620418,-0.11300595706293444,0.3192494764522531,-0.2825165082779454,0.8291180461247353,-0.2683383215098858,4.0,-2.0,0.3167900905101294,0.030627448425631976
dpo_alpha099_feedback_half_b100_s0,dpo,alpha099,feedback_half,0.99,0.8,0.8,0.0,0.5,737,76,100,0.043543898135356966,0.05954291458096824,0.5277143990544583,2.0,0.9331912683751139,0.08203088189232025,-0.03848698375696328,0.2776737079359253,-0.21813079335495703,0.8845325044270105,-0.3568181053725522,2.0,0.0,0.27422986676770333,0.6589614016074106
dpo_alpha099_feedback_half_b100_s0,dpo,alpha099,feedback_half,0.99,0.8,0.8,0.0,0.5,867,76,100,0.043713292120159314,0.11245558895639707,0.6542338868365768,1.0,0.3621381397889724,0.08169333276142815,-0.037980040641268836,0.242527186874536,-0.13007159791813894,0.8709568692165405,-0.21672298237996368,2.0,-1.0,0.22840208133385873,0.1337360584551137
dpo_alpha099_feedback_half_b100_s0,dpo,alpha099,feedback_half,0.99,0.8,0.8,0.0,0.5,945,76,100,0.027510261390004696,0.05789828729738202,0.5700855117056233,4.0,0.5122232311409953,0.10611649186377671,-0.07860623047377202,0.25186551297477183,-0.1939672256773898,0.8054490630279326,-0.23536355132230935,2.0,2.0,0.380887047820441,0.1313361833205543
dpo_alpha099_feedback_half_b100_s0,dpo,alpha099,feedback_half,0.99,0.8,0.8,0.0,0.5,54,51,100,0.02580603137711129,0.0758233008500398,0.6116828244776186,2.0,0.23990330537357438,0.055485659460533264,-0.029679628083421974,0.12374587993741404,-0.04792257908737424,0.68012802051972,-0.06844519604210142,3.0,-1.0,0.39420635475294463,-0.15430304937937026
dpo_alpha099_feedback_half_b100_s0,dpo,alpha099,feedback_half,0.99,0.8,0.8,0.0,0.5,251,51,100,0.058022920196778995,0.09319242893719422,0.5240941745966002,5.0,0.6894398982693499,0.08484702979805067,-0.026824109601271677,0.36067054814159694,-0.26747811920440273,0.8500153274536806,-0.32592115285708034,4.0,1.0,0.33314383173748285,0.3562960665318671
dpo_alpha099_feedback_half_b100_s0,dpo,alpha099,feedback_half,0.99,0.8,0.8,0.0,0.5,612,51,100,0.03027615293853753,0.05165062277403015,0.5708917888055218,5.0,0.47229984835572014,0.11724414843314955,-0.08696799549461202,0.3316479748496115,-0.27999735207558135,0.7956267088082398,-0.224734920002718,8.0,-3.0,0.40142333733641494,0.0708765110193052
dpo_alpha099_feedback_half_b100_s0,dpo,alpha099,feedback_half,0.99,0.8,0.8,0.0,0.5,737,51,100,0.06469099394916045,0.11401239728568613,0.5157980267349244,5.0,0.9434455038257269,0.0928254036407449,-0.028134409691584455,0.3642193502878445,-0.2502069530021584,0.8722176130249403,-0.3564195862900159,4.0,1.0,0.24477205905661706,0.6986734447691099
dpo_alpha099_feedback_half_b100_s0,dpo,alpha099,feedback_half,0.99,0.8,0.8,0.0,0.5,867,51,100,0.07855354254986822,0.22436049618451953,0.6938601944253707,5.0,0.46517503681075434,0.08402181621859924,-0.005468273668731011,0.35967470756103104,-0.1353142113765115,0.8835544972542919,-0.1896943028289212,4.0,1.0,0.2992688080563201,0.16590622875443423
dpo_alpha099_feedback_half_b100_s0,dpo,alpha099,feedback_half,0.99,0.8,0.8,0.0,0.5,945,51,100,0.03519178011913273,0.10527145260023274,0.6205517938458325,5.0,0.49957830657824587,0.11591883165811484,-0.0807270515389821,0.29763035746938443,-0.1923589048691517,0.7721456802672663,-0.1515938864214338,7.0,-2.0,0.5154532172219343,-0.0158749106436884
dpo_alpha099_feedback_one_b100_s0,dpo,alpha099,feedback_one,0.99,0.8,0.8,0.0,1.0,54,1,25,0.057721002018201115,0.10091009027448807,0.6377537563220163,0.0,0.6710480804116762,0.08959266938876334,-0.031871667370562226,0.17977302870760223,-0.07886293843311416,0.637852878060235,-9.912173821879922e-05,3.0,-3.0,0.6332805934610546,0.0377674869506216
dpo_alpha099_feedback_one_b100_s0,dpo,alpha099,feedback_one,0.99,0.8,0.8,0.0,1.0,251,1,25,0.11389758663918198,0.14907509177705972,0.4660001894677662,8.0,1.0446821534813082,0.1257936745166618,-0.01189608787747981,0.24530825431290326,-0.09623316253584355,0.6202002560757512,-0.15420006660798502,5.0,3.0,0.7681005400042596,0.27658161347704857
dpo_alpha099_feedback_one_b100_s0,dpo,alpha099,feedback_one,0.99,0.8,0.8,0.0,1.0,612,1,25,0.1301888886259312,0.19493325360829755,0.5631862947284687,9.0,0.6221320295778088,0.13303269920397814,-0.002843810578046946,0.31369702763073093,-0.11876377402243338,0.7865834371349932,-0.22339714240652453,5.0,4.0,0.37697964058110317,0.2451523889967056
dpo_alpha099_feedback_one_b100_s0,dpo,alpha099,feedback_one,0.99,0.8,0.8,0.0,1.0,737,1,25,0.13458645717874362,0.15390985649826855,0.5378230811735988,9.0,0.897114420361394,0.1325183994038095,0.002068057774934129,0.2887766064433278,-0.13486674994505926,0.7710493629658327,-0.23322628179223392,3.0,6.0,0.61251218490226,0.284602235459134
dpo_alpha099_feedback_one_b100_s0,dpo,alpha099,feedback_one,0.99,0.8,0.8,0.0,1.0,867,1,25,0.09376150902422296,0.17549533350341157,0.582526877067622,3.0,0.6567690306423798,0.12669268862985691,-0.03293117960563395,0.29049117894974896,-0.1149958454463374,0.7397045664585497,-0.1571776893909277,4.0,-1.0,0.5955509971397555,0.061218033502624336
dpo_alpha099_feedback_one_b100_s0,dpo,alpha099,feedback_one,0.99,0.8,0.8,0.0,1.0,945,1,25,0.10850598732206995,0.14005046401635568,0.5561365161667351,3.0,0.708335298579096,0.11842137145898679,-0.009915384136916838,0.2193684840484818,-0.07931802003212612,0.6469068541576337,-0.09077033799089862,3.0,0.0,0.7750545233996923,-0.06671922482059622
dpo_alpha099_feedback_one_b100_s0,dpo,alpha099,feedback_one,0.99,0.8,0.8,0.0,1.0,54,26,50,0.027471194610235488,0.02110094970699733,0.5273358980850552,5.0,0.2562206902716716,0.0343799670106476,-0.00690877240041211,0.024598714562529878,-0.003497764855532548,0.6003923823209617,-0.0730564842359065,0.0,5.0,0.14738790296862314,0.10883278730304846
dpo_alpha099_feedback_one_b100_s0,dpo,alpha099,feedback_one,0.99,0.8,0.8,0.0,1.0,251,26,50,0.0832957482995778,0.08514943961825255,0.45456244969299786,6.0,0.8572413711537582,0.13518167544656431,-0.05188592714698652,0.334789928436163,-0.24964048881791046,0.795794001281999,-0.3412315515890011,4.0,2.0,0.5446640021078732,0.31257736904588496
dpo_alpha099_feedback_one_b100_s0,dpo,alpha099,feedback_one,0.99,0.8,0.8,0.0,1.0,612,26,50,0.025935272718723135,0.027488737478819997,0.5544227055134394,2.0,0.3948079344874863,0.09084291790823575,-0.06490764518951261,0.28557906516181547,-0.25809032768299545,0.8387242057776831,-0.2843015002642437,2.0,0.0,0.4292506043142312,-0.034442669826744876
dpo_alpha099_feedback_one_b100_s0,dpo,alpha099,feedback_one,0.99,0.8,0.8,0.0,1.0,737,26,50,0.06500296082581085,0.06566513392296106,0.43355724596048056,1.0,1.0266402134929016,0.09803393674948405,-0.0330309759236732,0.3105631219951917,-0.24489798807223065,0.8447562277639848,-0.4111989818035043,3.0,-2.0,0.33626736350438735,0.6903728499885142
dpo_alpha099_feedback_one_b100_s0,dpo,alpha099,feedback_one,0.99,0.8,0.8,0.0,1.0,867,26,50,0.056378516836257886,0.07498530011738233,0.5479415355485732,2.0,0.3499917061831463,0.08405034202328646,-0.02767182518702857,0.27476207480769366,-0.19977677469031133,0.8085766556493251,-0.26063512010075196,2.0,0.0,0.6033610579151228,-0.25336935173197656
dpo_alpha099_feedback_one_b100_s0,dpo,alpha099,feedback_one,0.99,0.8,0.8,0.0,1.0,945,26,50,0.04050719611341557,0.05460553442132286,0.5755321806558077,1.0,0.6331483549555132,0.09609696222851487,-0.0555897661150993,0.1926704902899335,-0.13806495586861062,0.6228900416791154,-0.047357861023307746,4.0,-3.0,0.8256244843811212,-0.192476129425608
dpo_alpha099_feedback_one_b100_s0,dpo,alpha099,feedback_one,0.99,0.8,0.8,0.0,1.0,54,51,75,0.02188913845605645,0.027143801510624066,0.5824061513854213,2.0,0.13859198831534536,0.0642789453594502,-0.04238980690339375,0.13210444854241482,-0.10496064703179075,0.648628518399565,-0.06622236701414375,2.0,0.0,0.3542478275618323,-0.21565583924648696
dpo_alpha099_feedback_one_b100_s0,dpo,alpha099,feedback_one,0.99,0.8,0.8,0.0,1.0,251,51,75,0.02860206656895619,0.03177730330932572,0.5058109484922467,8.0,0.4998507867850185,0.09616788670565166,-0.06756582013669546,0.28942699792887416,-0.25764969461954845,0.809332340475763,-0.30352139198351624,3.0,5.0,0.4954910100661495,0.004359776718869002
dpo_alpha099_feedback_one_b100_s0,dpo,alpha099,feedback_one,0.99,0.8,0.8,0.0,1.0,612,51,75,0.03269312991338688,0.0389474007228325,0.5533524965866525,1.0,0.3967629394221736,0.09836922680425726,-0.06567609689087038,0.2500004810977006,-0.2110530803748681,0.7621353714917438,-0.2087828749050913,4.0,-3.0,0.48605658416270053,-0.08929364474052692
dpo_alpha099_feedback_one_b100_s0,dpo,alpha099,feedback_one,0.99,0.8,0.8,0.0,1.0,737,51,75,0.062190101713132336,0.05874064914815784,0.4334126236303751,6.0,1.042604606242565,0.10361992538916953,-0.041429823676037196,0.24287620632608348,-0.18413555717792562,0.8599027216228704,-0.4264900979924953,2.0,4.0,0.21531425134553073,0.8272903548970342
dpo_alpha099_feedback_one_b100_s0,dpo,alpha099,feedback_one,0.99,0.8,0.8,0.0,1.0,867,51,75,0.043201842343876716,0.09838080480344591,0.5834903416927024,1.0,0.3769170065167111,0.0863502996757703,-0.04314845733189359,0.23401439763631024,-0.13563359283286433,0.8961521252920431,-0.3126617835993407,2.0,-1.0,0.3701355347787815,0.00678147173792959
dpo_alpha099_feedback_one_b100_s0,dpo,alpha099,feedback_one,0.99,0.8,0.8,0.0,1.0,945,51,75,0.03821338660082721,0.06700461646582503,0.564633980621087,2.0,0.517139315944337,0.1257211714524529,-0.08750778485162569,0.2721082866399291,-0.20510367017410405,0.7388422975065998,-0.17420831688551275,5.0,-3.0,0.6500193866234276,-0.13288007067909058
dpo_alpha099_feedback_one_b100_s0,dpo,alpha099,feedback_one,0.99,0.8,0.8,0.0,1.0,54,76,100,0.02113148600760473,0.03019599790567691,0.5496594813912794,7.0,0.222709380103859,0.046692373561616304,-0.025560887554011574,0.08261865800375061,-0.0524226600980737,0.7116275226398749,-0.16196804124859554,1.0,6.0,0.43416488194405667,-0.21145550184019768
dpo_alpha099_feedback_one_b100_s0,dpo,alpha099,feedback_one,0.99,0.8,0.8,0.0,1.0,251,76,100,0.023059065983326552,0.0381333691439982,0.5912933385111926,3.0,0.3830248362749193,0.0735261728904497,-0.05046710690712315,0.249132014325889,-0.2109986451818908,0.8906983144315984,-0.2994049759204058,1.0,2.0,0.17079665340881603,0.21222818286610326
dpo_alpha099_feedback_one_b100_s0,dpo,alpha099,feedback_one,0.99,0.8,0.8,0.0,1.0,612,76,100,0.020991896362447582,0.03870406637584861,0.567997690806155,1.0,0.438314803730467,0.1361190700620418,-0.11512717369959422,0.3192494764522531,-0.2805454100764045,0.8291180461247353,-0.26112035531858024,4.0,-3.0,0.3167900905101294,0.12152471322033759
dpo_alpha099_feedback_one_b100_s0,dpo,alpha099,feedback_one,0.99,0.8,0.8,0.0,1.0,737,76,100,0.037373624275915486,0.02971438755732453,0.5095727766256669,4.0,0.8861405628899965,0.08203088189232025,-0.04465725761640476,0.2776737079359253,-0.24795932037860074,0.8845325044270105,-0.37495972780134357,2.0,2.0,0.27422986676770333,0.6119106961222932
dpo_alpha099_feedback_one_b100_s0,dpo,alpha099,feedback_one,0.99,0.8,0.8,0.0,1.0,867,76,100,0.028731053210764423,0.04333020132437275,0.5474950027351555,2.0,0.3444554188142818,0.08169333276142815,-0.052962279550663724,0.242527186874536,-0.19919698555016324,0.8709568692165405,-0.323461866481385,2.0,0.0,0.22840208133385873,0.1160533374804231
dpo_alpha099_feedback_one_b100_s0,dpo,alpha099,feedback_one,0.99,0.8,0.8,0.0,1.0,945,76,100,0.029815768515349728,0.052882880232214255,0.5578035553766341,1.0,0.48688075155066657,0.10611649186377671,-0.07630072334842698,0.25186551297477183,-0.19898263274255756,0.8054490630279326,-0.24764550765129856,2.0,-1.0,0.380887047820441,0.10599370373022554
dpo_alpha099_feedback_one_b100_s0,dpo,alpha099,feedback_one,0.99,0.8,0.8,0.0,1.0,54,51,100,0.02151031223183059,0.047223609962956284,0.5660328163883501,9.0,0.18065068420960223,0.055485659460533264,-0.03397534722870267,0.12374587993741404,-0.07652226997445775,0.68012802051972,-0.11409520413136987,3.0,6.0,0.39420635475294463,-0.2135556705433424
dpo_alpha099_feedback_one_b100_s0,dpo,alpha099,feedback_one,0.99,0.8,0.8,0.0,1.0,251,51,100,0.025830566276141373,0.04651908240907483,0.5485521435017197,11.0,0.4414378115299689,0.08484702979805067,-0.0590164635219093,0.36067054814159694,-0.3141514657325221,0.8500153274536806,-0.3014631839519609,4.0,7.0,0.33314383173748285,0.10829397979248606
dpo_alpha099_feedback_one_b100_s0,dpo,alpha099,feedback_one,0.99,0.8,0.8,0.0,1.0,612,51,100,0.02684251313791723,0.04657833100462755,0.5606750936964039,2.0,0.4175388715763204,0.11724414843314955,-0.09040163529523232,0.3316479748496115,-0.28506964384498396,0.7956267088082398,-0.23495161511183593,8.0,-6.0,0.40142333733641494,0.01611553423990547
dpo_alpha099_feedback_one_b100_s0,dpo,alpha099,feedback_one,0.99,0.8,0.8,0.0,1.0,737,51,100,0.04978186299452392,0.06708229756162581,0.4714927001280211,10.0,0.9643725845662807,0.0928254036407449,-0.043043540646220985,0.3642193502878445,-0.2971370527262187,0.8722176130249403,-0.4007249128969192,4.0,6.0,0.24477205905661706,0.7196005255096637
dpo_alpha099_feedback_one_b100_s0,dpo,alpha099,feedback_one,0.99,0.8,0.8,0.0,1.0,867,51,100,0.03596644777732058,0.08258105886812772,0.5654926722139291,3.0,0.3606862126654965,0.08402181621859924,-0.048055368441278654,0.35967470756103104,-0.2770936486929033,0.8835544972542919,-0.31806182504036284,4.0,-1.0,0.2992688080563201,0.061417404609176385
dpo_alpha099_feedback_one_b100_s0,dpo,alpha099,feedback_one,0.99,0.8,0.8,0.0,1.0,945,51,100,0.03401457755808847,0.06164862844163743,0.5612187679988604,3.0,0.5020100337475017,0.11591883165811484,-0.08190425410002637,0.29763035746938443,-0.235981729027747,0.7721456802672663,-0.21092691226840588,7.0,-4.0,0.5154532172219343,-0.013443183474432518
ipo_coverage05_reference_half_b100_s0,ipo,coverage05,reference_half,0.9,0.5,0.2,0.45,0.0,54,1,25,0.039556857883607875,0.0771342339545222,0.8477146266771912,0.0,1.1213193470655396,0.05013000011150133,-0.010573142227893455,0.08762139942583812,-0.010487165471315923,0.8371980721729818,0.010516554504209408,2.0,-2.0,1.0994600092742648,0.021859337791274802
ipo_coverage05_reference_half_b100_s0,ipo,coverage05,reference_half,0.9,0.5,0.2,0.45,0.0,251,1,25,0.08260650052419873,0.15196296148634117,0.6415846096181868,2.0,1.0696966830387449,0.08368685658364004,-0.0010803560594413175,0.16222963727125356,-0.010266675784912388,0.5985020097124621,0.043082599905724606,6.0,-4.0,1.074164539742176,-0.004467856703431083
ipo_coverage05_reference_half_b100_s0,ipo,coverage05,reference_half,0.9,0.5,0.2,0.45,0.0,612,1,25,0.08526171671335335,0.13054748138846564,0.6589857444104459,3.0,0.6279200160106622,0.08937654160298242,-0.004114824889629068,0.15022552437269657,-0.019678042984230926,0.6486950288273284,0.010290715583117449,1.0,2.0,0.6125532243688943,0.015366791641767907
ipo_coverage05_reference_half_b100_s0,ipo,coverage05,reference_half,0.9,0.5,0.2,0.45,0.0,737,1,25,0.07445791491050263,0.1304557617976658,0.7397580427348448,1.0,0.8142204489095226,0.06399425800755962,0.010463656902943014,0.1420732806750867,-0.011617518877420907,0.7549577547477869,-0.015199712012942124,1.0,0.0,0.7990871523350108,0.01513329657451179
ipo_coverage05_reference_half_b100_s0,ipo,coverage05,reference_half,0.9,0.5,0.2,0.45,0.0,867,1,25,0.05656173250803025,0.05303925022606183,0.7142411392031848,0.0,1.040654760506536,0.0661489118163364,-0.009587179308306153,0.07435888472502712,-0.02131963449896529,0.6393695458127148,0.07487159339047,4.0,-4.0,0.9554707270873024,0.08518403341923353
ipo_coverage05_reference_half_b100_s0,ipo,coverage05,reference_half,0.9,0.5,0.2,0.45,0.0,945,1,25,0.08266719994137117,0.07143308984591194,0.583510283496268,1.0,1.1685893468012056,0.08373288504844084,-0.0010656851070696693,0.07734318655510744,-0.0059100967091954976,0.5616462445384041,0.02186403895786393,3.0,-2.0,1.130803614409826,0.03778573239137972
ipo_coverage05_reference_half_b100_s0,ipo,coverage05,reference_half,0.9,0.5,0.2,0.45,0.0,54,26,50,0.04405207902188991,0.03567720189857518,0.7194188152262108,0.0,0.789302818796928,0.03803186580138481,0.006020213220505097,0.059163100814319754,-0.023485898915744575,0.6675782036155112,0.05184061161069953,0.0,0.0,0.7923074304582036,-0.0030046116612756357
ipo_coverage05_reference_half_b100_s0,ipo,coverage05,reference_half,0.9,0.5,0.2,0.45,0.0,251,26,50,0.07880834054735711,0.07329097023345091,0.3837974804085033,6.0,1.0783897917509315,0.08228757290917485,-0.003479232361817741,0.11901072305853695,-0.045719752825086044,0.4513197005261852,-0.06752222011768189,3.0,3.0,1.1203401664524815,-0.04195037470154994
ipo_coverage05_reference_half_b100_s0,ipo,coverage05,reference_half,0.9,0.5,0.2,0.45,0.0,612,26,50,0.08441593930519974,0.07179806403028502,0.4492189306822346,9.0,0.7772080493972209,0.07962400020385234,0.004791939101347398,0.09879992585494732,-0.0270018618246623,0.4745982161710797,-0.025379285488845105,5.0,4.0,0.6411104934096851,0.1360975559875358
ipo_coverage05_reference_half_b100_s0,ipo,coverage05,reference_half,0.9,0.5,0.2,0.45,0.0,737,26,50,0.08767857821356743,0.08417223701707233,0.5236546398671116,0.0,0.8260458804269962,0.06875962844476374,0.01891894976880369,0.0802680587133836,0.003904178303688721,0.5050835103595991,0.018571129507512496,2.0,-2.0,0.9285608384138351,-0.10251495798683885
ipo_coverage05_reference_half_b100_s0,ipo,coverage05,reference_half,0.9,0.5,0.2,0.45,0.0,867,26,50,0.060155012400664926,0.07222297870357672,0.49996276098583275,9.0,0.7683116922597722,0.05841445403606991,0.001740558364595017,0.07615996277383011,-0.003936984070253391,0.471940363014822,0.02802239797101075,2.0,7.0,0.7233350948650048,0.04497659739476745
ipo_coverage05_reference_half_b100_s0,ipo,coverage05,reference_half,0.9,0.5,0.2,0.45,0.0,945,26,50,0.08190860988101197,0.06437041717095061,0.40888095678081327,7.0,1.0400890224999317,0.06552227855540793,0.016386331325604034,0.06820102112869468,-0.0038306039577440665,0.3982460668296867,0.010634889951126547,7.0,0.0,1.063973493771817,-0.02388447127188531
ipo_coverage05_reference_half_b100_s0,ipo,coverage05,reference_half,0.9,0.5,0.2,0.45,0.0,54,51,75,0.058371690631784434,0.05971582644882455,0.5084458532242122,8.0,0.684304184307006,0.05620847153974567,0.0021632190920387664,0.05405376501304518,0.005662061435779367,0.47046253303910146,0.03798332018511075,2.0,6.0,0.7632720428010267,-0.07896785849402066
ipo_coverage05_reference_half_b100_s0,ipo,coverage05,reference_half,0.9,0.5,0.2,0.45,0.0,251,51,75,0.047101305900244396,0.05202930472175113,0.40650942541549745,5.0,0.9009112313373833,0.05873565910112687,-0.011634353200882477,0.07440873125302795,-0.022379426531276822,0.42697350917939564,-0.02046408376389819,5.0,0.0,0.9501991200365327,-0.04928788869914946
ipo_coverage05_reference_half_b100_s0,ipo,coverage05,reference_half,0.9,0.5,0.2,0.45,0.0,612,51,75,0.05771424505409153,0.048784196573210786,0.4535898007150111,6.0,0.6381128017362494,0.06113966780217614,-0.0034254227480846125,0.08173188390202493,-0.032947687328814146,0.4859155568120954,-0.032325756097084324,4.0,2.0,0.6517624777842382,-0.013649676047988835
ipo_coverage05_reference_half_b100_s0,ipo,coverage05,reference_half,0.9,0.5,0.2,0.45,0.0,737,51,75,0.0655663550143784,0.08231321505707626,0.5560148308225841,4.0,0.887369568018609,0.055359395574408804,0.01020695943996959,0.06250253493079666,0.019810680126279595,0.5593341066428558,-0.0033192758202716943,0.0,4.0,0.907552499591319,-0.020182931572710006
ipo_coverage05_reference_half_b100_s0,ipo,coverage05,reference_half,0.9,0.5,0.2,0.45,0.0,867,51,75,0.056924712947654305,0.03807310523235477,0.4567207314528656,1.0,0.798508731665507,0.06512721000748856,-0.008202497059834252,0.07530679303139265,-0.03723368779903788,0.48108664948316815,-0.024365918030302525,6.0,-5.0,0.8696231360757752,-0.07111440441026828
ipo_coverage05_reference_half_b100_s0,ipo,coverage05,reference_half,0.9,0.5,0.2,0.45,0.0,945,51,75,0.07755514136996665,0.05336919306508153,0.381274628295029,6.0,1.0714865514195802,0.06673322391856237,0.010821917451404275,0.06404370325238681,-0.01067451018730528,0.3696831251076557,0.011591503187373287,7.0,-1.0,1.1249152149106425,-0.053428663491062345
ipo_coverage05_reference_half_b100_s0,ipo,coverage05,reference_half,0.9,0.5,0.2,0.45,0.0,54,76,100,0.04882887203140335,0.04020924350118932,0.5287244498295638,0.0,0.816327156489929,0.05427409982877565,-0.005445227797372304,0.030616998343774092,0.009592245157415226,0.5193365329672044,0.009387916862359402,0.0,0.0,0.7991535043368091,0.017173652153119945
ipo_coverage05_reference_half_b100_s0,ipo,coverage05,reference_half,0.9,0.5,0.2,0.45,0.0,251,76,100,0.07149192828987863,0.07172947929767803,0.42053790766485055,3.0,0.9326173393784623,0.06676015958921587,0.004731768700662761,0.08059278718478788,-0.008863307887109845,0.42543657869405554,-0.004898671029204993,9.0,-6.0,0.8993827410986374,0.03323459827982489
ipo_coverage05_reference_half_b100_s0,ipo,coverage05,reference_half,0.9,0.5,0.2,0.45,0.0,612,76,100,0.06197939301032157,0.08033315495847063,0.5289408804717405,1.0,0.7154841644457903,0.05403089277655369,0.007948500233767877,0.07262505281455789,0.007708102143912737,0.46939312636827984,0.05954775410346064,4.0,-3.0,0.7080515938785678,0.007432570567222574
ipo_coverage05_reference_half_b100_s0,ipo,coverage05,reference_half,0.9,0.5,0.2,0.45,0.0,737,76,100,0.08208715729003137,0.06744485510281337,0.4386246142230013,8.0,0.8920217690551325,0.06993175384614968,0.01215540344388169,0.09104980660101618,-0.02360495149820281,0.47058167859145833,-0.03195706436845702,6.0,2.0,0.9485866917026304,-0.056564922647497906
ipo_coverage05_reference_half_b100_s0,ipo,coverage05,reference_half,0.9,0.5,0.2,0.45,0.0,867,76,100,0.08781123427390877,0.04762640027553297,0.4260415675865913,12.0,0.8032004431939826,0.07388519397054581,0.01392604030336296,0.08480530102699363,-0.03717890075146066,0.46213764122757334,-0.03609607364098205,5.0,7.0,0.8058126914197166,-0.0026122482257339152
ipo_coverage05_reference_half_b100_s0,ipo,coverage05,reference_half,0.9,0.5,0.2,0.45,0.0,945,76,100,0.08182247141758121,0.0682830089843113,0.3462486837631457,11.0,1.0697135727062261,0.07910317366679495,0.002719297750786262,0.07543497278062283,-0.007151963796311528,0.3593888894964078,-0.013140205733262078,8.0,3.0,1.0567792754625893,0.012934297243636816
ipo_coverage05_reference_half_b100_s0,ipo,coverage05,reference_half,0.9,0.5,0.2,0.45,0.0,54,51,100,0.05360028133159392,0.06150448783938376,0.518585151526888,8.0,0.7503156703984676,0.055241285684260656,-0.0016410043526667376,0.050407851864829344,0.011096635974554417,0.494899533003153,0.02368561852373502,2.0,6.0,0.7812127735689179,-0.030897103170450357
ipo_coverage05_reference_half_b100_s0,ipo,coverage05,reference_half,0.9,0.5,0.2,0.45,0.0,251,51,100,0.05929661709506152,0.06661175191161847,0.413523666540174,8.0,0.916764285357923,0.06274790934517137,-0.003451292250109851,0.08167614249238986,-0.015064390580771386,0.4262050439367256,-0.012681377396551619,14.0,-6.0,0.924790930567585,-0.008026645209662009
ipo_coverage05_reference_half_b100_s0,ipo,coverage05,reference_half,0.9,0.5,0.2,0.45,0.0,612,51,100,0.059846819032206525,0.09108381248268543,0.49126534059337573,7.0,0.6767984830910199,0.057585280289364923,0.002261538742841601,0.09658489105886069,-0.005501078576175253,0.4776543415901878,0.013610999003187907,8.0,-1.0,0.6799070358314029,-0.0031085527403830193
ipo_coverage05_reference_half_b100_s0,ipo,coverage05,reference_half,0.9,0.5,0.2,0.45,0.0,737,51,100,0.07382675615220488,0.08321807018596838,0.4973197225227926,12.0,0.8896956685368707,0.06264557471027925,0.011181181441925633,0.08570129486860542,-0.0024832246826370363,0.5149578926171574,-0.017638170094364802,6.0,6.0,0.9280695956469747,-0.03837392711010401
ipo_coverage05_reference_half_b100_s0,ipo,coverage05,reference_half,0.9,0.5,0.2,0.45,0.0,867,51,100,0.07236797361078151,0.046943853304067654,0.4413811495197285,13.0,0.8008545874297449,0.06950620198901718,0.0028617716217643335,0.08268555354231505,-0.035741700238247395,0.4716121453553708,-0.030230995835642316,11.0,2.0,0.837717913747746,-0.036863326318001044
ipo_coverage05_reference_half_b100_s0,ipo,coverage05,reference_half,0.9,0.5,0.2,0.45,0.0,945,51,100,0.07968880639377393,0.06769494919673573,0.36376165602908744,17.0,1.070600062062903,0.07291819879267863,0.0067706076010952965,0.07573217687240132,-0.008037227675665587,0.36453600730203173,-0.0007743512729442847,15.0,2.0,1.090847245186616,-0.020247183123712986
ipo_coverage05_reference_max_b100_s0,ipo,coverage05,reference_max,0.9,0.5,0.2,0.9,0.0,54,1,25,0.05160245728464532,0.07528301427528584,0.826270313629809,0.0,1.117302124975332,0.05013000011150133,0.0014724571731439887,0.08762139942583812,-0.012338385150552272,0.8371980721729818,-0.01092775854317285,2.0,-2.0,1.0994600092742648,0.017842115701067307
ipo_coverage05_reference_max_b100_s0,ipo,coverage05,reference_max,0.9,0.5,0.2,0.9,0.0,251,1,25,0.13257735747505514,0.13964785652085884,0.6008268593887302,4.0,1.1020651826976289,0.08368685658364004,0.0488905008914151,0.16222963727125356,-0.022581780750394714,0.5985020097124621,0.0023248496762680038,6.0,-2.0,1.074164539742176,0.027900642955452915
ipo_coverage05_reference_max_b100_s0,ipo,coverage05,reference_max,0.9,0.5,0.2,0.9,0.0,612,1,25,0.10273220715132408,0.10964472083236704,0.6453173314959518,3.0,0.7276359246438505,0.08937654160298242,0.013355665548341666,0.15022552437269657,-0.04058080354032953,0.6486950288273284,-0.0033776973313766057,1.0,2.0,0.6125532243688943,0.11508270027495626
ipo_coverage05_reference_max_b100_s0,ipo,coverage05,reference_max,0.9,0.5,0.2,0.9,0.0,737,1,25,0.10094012506011922,0.13645052483446973,0.7230084875651648,5.0,0.828706622712046,0.06399425800755962,0.0369458670525596,0.1420732806750867,-0.005622755840616972,0.7549577547477869,-0.03194926718262214,1.0,4.0,0.7990871523350108,0.029619470377035162
ipo_coverage05_reference_max_b100_s0,ipo,coverage05,reference_max,0.9,0.5,0.2,0.9,0.0,867,1,25,0.08251381904769976,0.0498708090483565,0.7455017354906337,0.0,1.0780417616161997,0.0661489118163364,0.016364907231363357,0.07435888472502712,-0.02448807567667062,0.6393695458127148,0.10613218967791893,4.0,-4.0,0.9554707270873024,0.12257103452889728
ipo_coverage05_reference_max_b100_s0,ipo,coverage05,reference_max,0.9,0.5,0.2,0.9,0.0,945,1,25,0.10361212966048951,0.06489565551409379,0.5989005804495031,1.0,1.1982513865957403,0.08373288504844084,0.019879244612048666,0.07734318655510744,-0.012447531041013649,0.5616462445384041,0.03725433591109906,3.0,-2.0,1.130803614409826,0.06744777218591436
ipo_coverage05_reference_max_b100_s0,ipo,coverage05,reference_max,0.9,0.5,0.2,0.9,0.0,54,26,50,0.10401197245183423,0.057280940659671924,0.6801656401611695,0.0,0.7567660168717041,0.03803186580138481,0.06598010665044943,0.059163100814319754,-0.00188216015464783,0.6675782036155112,0.012587436545658304,0.0,0.0,0.7923074304582036,-0.03554141358649954
ipo_coverage05_reference_max_b100_s0,ipo,coverage05,reference_max,0.9,0.5,0.2,0.9,0.0,251,26,50,0.11106277593473392,0.0628544202101878,0.3656117227839927,12.0,1.0955004126918748,0.08228757290917485,0.028775203025559068,0.11901072305853695,-0.056156302848349146,0.4513197005261852,-0.08570797774219252,3.0,9.0,1.1203401664524815,-0.024839753760606653
ipo_coverage05_reference_max_b100_s0,ipo,coverage05,reference_max,0.9,0.5,0.2,0.9,0.0,612,26,50,0.12895071530937938,0.06397162495958025,0.4846367181636308,6.0,0.7484955013713449,0.07962400020385234,0.04932671510552704,0.09879992585494732,-0.034828300895367065,0.4745982161710797,0.010038501992551074,5.0,1.0,0.6411104934096851,0.10738500796165984
ipo_coverage05_reference_max_b100_s0,ipo,coverage05,reference_max,0.9,0.5,0.2,0.9,0.0,737,26,50,0.16580167273272917,0.0929727813459326,0.5979972146769432,0.0,0.7887808711984334,0.06875962844476374,0.09704204428796542,0.0802680587133836,0.012704722632549001,0.5050835103595991,0.09291370431734414,2.0,-2.0,0.9285608384138351,-0.13977996721540165
ipo_coverage05_reference_max_b100_s0,ipo,coverage05,reference_max,0.9,0.5,0.2,0.9,0.0,867,26,50,0.11723072955303797,0.07927978831921315,0.509956102740636,10.0,0.7829579207698066,0.05841445403606991,0.05881627551696806,0.07615996277383011,0.003119825545383037,0.471940363014822,0.03801573972581396,2.0,8.0,0.7233350948650048,0.059622825904801835
ipo_coverage05_reference_max_b100_s0,ipo,coverage05,reference_max,0.9,0.5,0.2,0.9,0.0,945,26,50,0.11565247587820221,0.06576338886566356,0.44771274919791926,13.0,1.0327443860492402,0.06552227855540793,0.05013019732279428,0.06820102112869468,-0.00243763226303112,0.3982460668296867,0.04946668236823254,7.0,6.0,1.063973493771817,-0.03122910772257681
ipo_coverage05_reference_max_b100_s0,ipo,coverage05,reference_max,0.9,0.5,0.2,0.9,0.0,54,51,75,0.07735471699073018,0.04321607171178776,0.5078734224295145,4.0,0.7562430321241408,0.05620847153974567,0.021146245450984515,0.05405376501304518,-0.010837693301257417,0.47046253303910146,0.03741088939041304,2.0,2.0,0.7632720428010267,-0.007029010676885883
ipo_coverage05_reference_max_b100_s0,ipo,coverage05,reference_max,0.9,0.5,0.2,0.9,0.0,251,51,75,0.05972529095780299,0.0530785338353485,0.4051741130003992,7.0,0.9529291755248753,0.05873565910112687,0.0009896318566761167,0.07440873125302795,-0.02133019741767945,0.42697350917939564,-0.021799396178996455,5.0,2.0,0.9501991200365327,0.0027300554883425976
ipo_coverage05_reference_max_b100_s0,ipo,coverage05,reference_max,0.9,0.5,0.2,0.9,0.0,612,51,75,0.08795567571658566,0.0410369832079147,0.436153865992504,14.0,0.7140259450070287,0.06113966780217614,0.026816007914409523,0.08173188390202493,-0.040694900694110234,0.4859155568120954,-0.04976169081959142,4.0,10.0,0.6517624777842382,0.062263467222790414
ipo_coverage05_reference_max_b100_s0,ipo,coverage05,reference_max,0.9,0.5,0.2,0.9,0.0,737,51,75,0.10917704407546282,0.056527837232379634,0.45339212703163895,4.0,0.8826386952671306,0.055359395574408804,0.05381764850105401,0.06250253493079666,-0.005974697698417027,0.5593341066428558,-0.10594197961121682,0.0,4.0,0.907552499591319,-0.024913804324188438
ipo_coverage05_reference_max_b100_s0,ipo,coverage05,reference_max,0.9,0.5,0.2,0.9,0.0,867,51,75,0.11218207622661862,0.047709053770627896,0.4155908041032451,8.0,0.7599242939883155,0.06512721000748856,0.04705486621913006,0.07530679303139265,-0.027597739260764753,0.48108664948316815,-0.06549584537992303,6.0,2.0,0.8696231360757752,-0.10969884208745972
ipo_coverage05_reference_max_b100_s0,ipo,coverage05,reference_max,0.9,0.5,0.2,0.9,0.0,945,51,75,0.11986969461993768,0.04668806388739911,0.35347086280726914,20.0,1.0667284387542146,0.06673322391856237,0.05313647070137531,0.06404370325238681,-0.017355639364987706,0.3696831251076557,-0.016212262300386582,7.0,13.0,1.1249152149106425,-0.058186776156427866
ipo_coverage05_reference_max_b100_s0,ipo,coverage05,reference_max,0.9,0.5,0.2,0.9,0.0,54,76,100,0.07144158660055266,0.03376593297546147,0.4795969341317904,0.0,0.8160160100119254,0.05427409982877565,0.017167486771777013,0.030616998343774092,0.003148934631687375,0.5193365329672044,-0.039739598835414,0.0,0.0,0.7991535043368091,0.01686250567511627
ipo_coverage05_reference_max_b100_s0,ipo,coverage05,reference_max,0.9,0.5,0.2,0.9,0.0,251,76,100,0.07805984336751863,0.04496357388733323,0.3988387607240395,11.0,0.9630577601341068,0.06676015958921587,0.01129968377830276,0.08059278718478788,-0.03562921329745465,0.42543657869405554,-0.026597817970016036,9.0,2.0,0.8993827410986374,0.06367501903546946
ipo_coverage05_reference_max_b100_s0,ipo,coverage05,reference_max,0.9,0.5,0.2,0.9,0.0,612,76,100,0.09379469313518232,0.05794945387213953,0.48215518980790323,1.0,0.7145135079539515,0.05403089277655369,0.03976380035862863,0.07262505281455789,-0.014675598942418357,0.46939312636827984,0.012762063439623383,4.0,-3.0,0.7080515938785678,0.006461914075383768
ipo_coverage05_reference_max_b100_s0,ipo,coverage05,reference_max,0.9,0.5,0.2,0.9,0.0,737,76,100,0.10655090056973146,0.05420457334452428,0.44886870846663457,4.0,0.8779721260934227,0.06993175384614968,0.03661914672358178,0.09104980660101618,-0.036845233256491895,0.47058167859145833,-0.02171297012482376,6.0,-2.0,0.9485866917026304,-0.07061456560920776
ipo_coverage05_reference_max_b100_s0,ipo,coverage05,reference_max,0.9,0.5,0.2,0.9,0.0,867,76,100,0.15045386198844699,0.04959384701397901,0.46683226746130857,14.0,0.843897710021182,0.07388519397054581,0.07656866801790117,0.08480530102699363,-0.03521145401301462,0.46213764122757334,0.004694626233735233,5.0,9.0,0.8058126914197166,0.038085018601465404
ipo_coverage05_reference_max_b100_s0,ipo,coverage05,reference_max,0.9,0.5,0.2,0.9,0.0,945,76,100,0.09534736854998443,0.0565341708111073,0.3320125964438235,9.0,1.0649865128657963,0.07910317366679495,0.016244194883189483,0.07543497278062283,-0.018900801969515532,0.3593888894964078,-0.027376293052584266,8.0,1.0,1.0567792754625893,0.008207237403206946
ipo_coverage05_reference_max_b100_s0,ipo,coverage05,reference_max,0.9,0.5,0.2,0.9,0.0,54,51,100,0.07439815179564144,0.046264381556082285,0.49373517828065233,4.0,0.7861295210680328,0.055241285684260656,0.01915686611138078,0.050407851864829344,-0.004143470308747059,0.494899533003153,-0.001164354722500649,2.0,2.0,0.7812127735689179,0.00491674749911486
ipo_coverage05_reference_max_b100_s0,ipo,coverage05,reference_max,0.9,0.5,0.2,0.9,0.0,251,51,100,0.06889256716266083,0.053215596207846064,0.4020064368622194,18.0,0.9579934678294907,0.06274790934517137,0.006144657817489463,0.08167614249238986,-0.028460546284543795,0.4262050439367256,-0.024198607074506218,14.0,4.0,0.924790930567585,0.033202537261905696
ipo_coverage05_reference_max_b100_s0,ipo,coverage05,reference_max,0.9,0.5,0.2,0.9,0.0,612,51,100,0.090875184425884,0.07165237339355081,0.4591545279002036,15.0,0.71426972648049,0.057585280289364923,0.03328990413651908,0.09658489105886069,-0.024932517665309878,0.4776543415901878,-0.018499813689984212,8.0,7.0,0.6799070358314029,0.034362690649087146
ipo_coverage05_reference_max_b100_s0,ipo,coverage05,reference_max,0.9,0.5,0.2,0.9,0.0,737,51,100,0.10786397232259713,0.05560563595044148,0.4511304177491368,8.0,0.8803054106802768,0.06264557471027925,0.045218397612317884,0.08570129486860542,-0.030095658918163938,0.5149578926171574,-0.0638274748680206,6.0,2.0,0.9280695956469747,-0.047764184966697876
ipo_coverage05_reference_max_b100_s0,ipo,coverage05,reference_max,0.9,0.5,0.2,0.9,0.0,867,51,100,0.13131796910753282,0.053262292951159806,0.44121153578227684,22.0,0.8019110020047486,0.06950620198901718,0.061811767118515645,0.08268555354231505,-0.029423260591155243,0.4716121453553708,-0.030400609573093984,11.0,11.0,0.837717913747746,-0.03580691174299733
ipo_coverage05_reference_max_b100_s0,ipo,coverage05,reference_max,0.9,0.5,0.2,0.9,0.0,945,51,100,0.10760853158496105,0.0557448013765707,0.3427417296255463,29.0,1.0658574758100052,0.07291819879267863,0.03469033279228241,0.07573217687240132,-0.019987375495830614,0.36453600730203173,-0.021794277676485452,15.0,14.0,1.090847245186616,-0.024989769376610793
ipo_coverage05_feedback_half_b100_s0,ipo,coverage05,feedback_half,0.9,0.5,0.2,0.0,0.5,54,1,25,0.042192861141760456,0.07423867222276552,0.8353287786355926,0.0,1.0726127137369217,0.05013000011150133,-0.007937138969740874,0.08762139942583812,-0.013382727203072597,0.8371980721729818,-0.0018692935373891828,2.0,-2.0,1.0994600092742648,-0.026847295537343108
ipo_coverage05_feedback_half_b100_s0,ipo,coverage05,feedback_half,0.9,0.5,0.2,0.0,0.5,251,1,25,0.08531827930216097,0.14746327500931725,0.5565860975368305,2.0,1.109768218614939,0.08368685658364004,0.0016314227185209307,0.16222963727125356,-0.014766362261936311,0.5985020097124621,-0.04191591217563162,6.0,-4.0,1.074164539742176,0.035603678872762945
ipo_coverage05_feedback_half_b100_s0,ipo,coverage05,feedback_half,0.9,0.5,0.2,0.0,0.5,612,1,25,0.09307826900357849,0.14318433071323916,0.6361715377873453,1.0,0.6445445527343802,0.08937654160298242,0.003701727400596072,0.15022552437269657,-0.0070411936594574065,0.6486950288273284,-0.012523491039983181,1.0,0.0,0.6125532243688943,0.031991328365485905
ipo_coverage05_feedback_half_b100_s0,ipo,coverage05,feedback_half,0.9,0.5,0.2,0.0,0.5,737,1,25,0.06972985719514256,0.1406838213432634,0.7319825367092261,1.0,0.8816840393150318,0.06399425800755962,0.005735599187582943,0.1420732806750867,-0.0013894593318233006,0.7549577547477869,-0.02297521803856084,1.0,0.0,0.7990871523350108,0.08259688698002099
ipo_coverage05_feedback_half_b100_s0,ipo,coverage05,feedback_half,0.9,0.5,0.2,0.0,0.5,867,1,25,0.0717960425422065,0.07992787615143013,0.6365997028101915,4.0,0.953536072330377,0.0661489118163364,0.0056471307258701,0.07435888472502712,0.0055689914264030055,0.6393695458127148,-0.0027698430025232534,4.0,0.0,0.9554707270873024,-0.0019346547569254469
ipo_coverage05_feedback_half_b100_s0,ipo,coverage05,feedback_half,0.9,0.5,0.2,0.0,0.5,945,1,25,0.09105453814359583,0.08458467861479117,0.5430158728907515,3.0,1.111514060533498,0.08373288504844084,0.007321653095154992,0.07734318655510744,0.007241492059683732,0.5616462445384041,-0.018630371647652577,3.0,0.0,1.130803614409826,-0.019289553876327803
ipo_coverage05_feedback_half_b100_s0,ipo,coverage05,feedback_half,0.9,0.5,0.2,0.0,0.5,54,26,50,0.0414986792551803,0.045483564533829235,0.6815485516487443,0.0,0.7802041918891379,0.03803186580138481,0.0034668134537954864,0.059163100814319754,-0.013679536280490519,0.6675782036155112,0.013970348033233049,0.0,0.0,0.7923074304582036,-0.0121032385690657
ipo_coverage05_feedback_half_b100_s0,ipo,coverage05,feedback_half,0.9,0.5,0.2,0.0,0.5,251,26,50,0.07281270547361672,0.07400738464106318,0.40010885648521266,7.0,1.1133743893050037,0.08228757290917485,-0.00947486743555813,0.11901072305853695,-0.04500333841747377,0.4513197005261852,-0.051210844040972536,3.0,4.0,1.1203401664524815,-0.006965777147477814
ipo_coverage05_feedback_half_b100_s0,ipo,coverage05,feedback_half,0.9,0.5,0.2,0.0,0.5,612,26,50,0.07541935020930701,0.10336259139319098,0.49046764237634366,4.0,0.6255944045077806,0.07962400020385234,-0.004204649994545326,0.09879992585494732,0.004562665538243665,0.4745982161710797,0.015869426205263937,5.0,-1.0,0.6411104934096851,-0.015516088901904479
ipo_coverage05_feedback_half_b100_s0,ipo,coverage05,feedback_half,0.9,0.5,0.2,0.0,0.5,737,26,50,0.07410301346740561,0.06740749217262956,0.5253249092163303,0.0,0.8977333998513517,0.06875962844476374,0.005343385022641867,0.0802680587133836,-0.012860566540754043,0.5050835103595991,0.020241398856731263,2.0,-2.0,0.9285608384138351,-0.030827438562483378
ipo_coverage05_feedback_half_b100_s0,ipo,coverage05,feedback_half,0.9,0.5,0.2,0.0,0.5,867,26,50,0.05845186541334629,0.07295703063037734,0.46615830901835364,3.0,0.7100771821170122,0.05841445403606991,3.741137727638483e-05,0.07615996277383011,-0.003202932143452769,0.471940363014822,-0.0057820539964683615,2.0,1.0,0.7233350948650048,-0.013257912747992595
ipo_coverage05_feedback_half_b100_s0,ipo,coverage05,feedback_half,0.9,0.5,0.2,0.0,0.5,945,26,50,0.06310034301345457,0.058354448179263635,0.3666723627048604,5.0,1.1068503455501264,0.06552227855540793,-0.0024219355419533573,0.06820102112869468,-0.009846572949431046,0.3982460668296867,-0.031573704124826296,7.0,-2.0,1.063973493771817,0.042876851778309355
ipo_coverage05_feedback_half_b100_s0,ipo,coverage05,feedback_half,0.9,0.5,0.2,0.0,0.5,54,51,75,0.05767792757156347,0.04719039697012734,0.4784707757890768,2.0,0.7421287769299783,0.05620847153974567,0.0014694560318177993,0.05405376501304518,-0.006863368042917838,0.47046253303910146,0.008008242749975358,2.0,0.0,0.7632720428010267,-0.021143265871048422
ipo_coverage05_feedback_half_b100_s0,ipo,coverage05,feedback_half,0.9,0.5,0.2,0.0,0.5,251,51,75,0.05424100875508628,0.06496922273896834,0.4224300753064818,7.0,0.9076290428696003,0.05873565910112687,-0.004494650346040595,0.07440873125302795,-0.009439508514059614,0.42697350917939564,-0.004543433872913838,5.0,2.0,0.9501991200365327,-0.042570077166932396
ipo_coverage05_feedback_half_b100_s0,ipo,coverage05,feedback_half,0.9,0.5,0.2,0.0,0.5,612,51,75,0.0583202347917887,0.06316638993095533,0.4530966981505633,6.0,0.6138814392333409,0.06113966780217614,-0.002819433010387437,0.08173188390202493,-0.018565493971069602,0.4859155568120954,-0.03281885866153211,4.0,2.0,0.6517624777842382,-0.037881038550897306
ipo_coverage05_feedback_half_b100_s0,ipo,coverage05,feedback_half,0.9,0.5,0.2,0.0,0.5,737,51,75,0.06444925319960801,0.06190667663808259,0.5093257736998964,0.0,0.9146086700392382,0.055359395574408804,0.009089857625199205,0.06250253493079666,-0.0005958582927140729,0.5593341066428558,-0.050008332942959366,0.0,0.0,0.907552499591319,0.0070561704479191745
ipo_coverage05_feedback_half_b100_s0,ipo,coverage05,feedback_half,0.9,0.5,0.2,0.0,0.5,867,51,75,0.06138825141150131,0.05502425239213932,0.46790627802413,2.0,0.8753018708777064,0.06512721000748856,-0.0037389585959872462,0.07530679303139265,-0.020282540639253333,0.48108664948316815,-0.013180371459038165,6.0,-4.0,0.8696231360757752,0.005678734801931151
ipo_coverage05_feedback_half_b100_s0,ipo,coverage05,feedback_half,0.9,0.5,0.2,0.0,0.5,945,51,75,0.06312364612032156,0.06070173210949259,0.39588785564115236,3.0,1.1044654384344932,0.06673322391856237,-0.0036095777982408095,0.06404370325238681,-0.0033419711428942234,0.3696831251076557,0.026204730533496645,7.0,-4.0,1.1249152149106425,-0.020449776476149317
ipo_coverage05_feedback_half_b100_s0,ipo,coverage05,feedback_half,0.9,0.5,0.2,0.0,0.5,54,76,100,0.0474520162923534,0.046821249612185964,0.5851358634241953,0.0,0.7927803423533882,0.05427409982877565,-0.0068220835364222535,0.030616998343774092,0.016204251268411872,0.5193365329672044,0.06579933045699093,0.0,0.0,0.7991535043368091,-0.006373161983420861
ipo_coverage05_feedback_half_b100_s0,ipo,coverage05,feedback_half,0.9,0.5,0.2,0.0,0.5,251,76,100,0.07397333028233001,0.07579778129838984,0.4255497627145017,7.0,0.8783946809474085,0.06676015958921587,0.00721317069311414,0.08059278718478788,-0.004795005886398043,0.42543657869405554,0.00011318402044613318,9.0,-2.0,0.8993827410986374,-0.020988060151228893
ipo_coverage05_feedback_half_b100_s0,ipo,coverage05,feedback_half,0.9,0.5,0.2,0.0,0.5,612,76,100,0.05532194879311278,0.06498689133452387,0.4769870906723944,1.0,0.705449333342226,0.05403089277655369,0.0012910560165590862,0.07262505281455789,-0.007638161480034017,0.46939312636827984,0.0075939643041145755,4.0,-3.0,0.7080515938785678,-0.002602260536341716
ipo_coverage05_feedback_half_b100_s0,ipo,coverage05,feedback_half,0.9,0.5,0.2,0.0,0.5,737,76,100,0.06823413918026132,0.07431176762849066,0.45738431018378994,8.0,0.888929421355899,0.06993175384614968,-0.0016976146658883584,0.09104980660101618,-0.016738038972525515,0.47058167859145833,-0.013197368407668386,6.0,2.0,0.9485866917026304,-0.059657270346731406
ipo_coverage05_feedback_half_b100_s0,ipo,coverage05,feedback_half,0.9,0.5,0.2,0.0,0.5,867,76,100,0.07868360992419039,0.08332948988495852,0.45426071693672265,8.0,0.8407872738435107,0.07388519397054581,0.00479841595364458,0.08480530102699363,-0.0014758111420351133,0.46213764122757334,-0.007876924290850684,5.0,3.0,0.8058126914197166,0.03497458242379414
ipo_coverage05_feedback_half_b100_s0,ipo,coverage05,feedback_half,0.9,0.5,0.2,0.0,0.5,945,76,100,0.07616319014892134,0.08975275755223533,0.3828478787738278,6.0,1.0416726201506283,0.07910317366679495,-0.0029399835178736122,0.07543497278062283,0.014317784771612496,0.3593888894964078,0.023458989277420017,8.0,-2.0,1.0567792754625893,-0.015106655311960981
ipo_coverage05_feedback_half_b100_s0,ipo,coverage05,feedback_half,0.9,0.5,0.2,0.0,0.5,54,51,100,0.052564971931958436,0.055920167411702,0.5318033196066362,2.0,0.7674545596416834,0.055241285684260656,-0.00267631375230222,0.050407851864829344,0.005512315546872655,0.494899533003153,0.0369037866034832,2.0,0.0,0.7812127735689179,-0.01375821392723453
ipo_coverage05_feedback_half_b100_s0,ipo,coverage05,feedback_half,0.9,0.5,0.2,0.0,0.5,251,51,100,0.06410716951870814,0.07651560072248278,0.4239899190104916,14.0,0.8930118619085045,0.06274790934517137,0.0013592601735367693,0.08167614249238986,-0.005160541769907073,0.4262050439367256,-0.002215124926233991,14.0,0.0,0.924790930567585,-0.031779068659080534
ipo_coverage05_feedback_half_b100_s0,ipo,coverage05,feedback_half,0.9,0.5,0.2,0.0,0.5,612,51,100,0.05682109179245072,0.08266462360686291,0.4650418944114789,7.0,0.6596653862877835,0.057585280289364923,-0.0007641884969142032,0.09658489105886069,-0.013920267451997773,0.4776543415901878,-0.012612447178708908,8.0,-1.0,0.6799070358314029,-0.0202416495436194
ipo_coverage05_feedback_half_b100_s0,ipo,coverage05,feedback_half,0.9,0.5,0.2,0.0,0.5,737,51,100,0.06634169618993464,0.07252631263971236,0.48335504194184303,8.0,0.901769045697569,0.06264557471027925,0.0036961214796553954,0.08570129486860542,-0.013174982228893059,0.5149578926171574,-0.031602850675314376,6.0,2.0,0.9280695956469747,-0.02630054994940567
ipo_coverage05_feedback_half_b100_s0,ipo,coverage05,feedback_half,0.9,0.5,0.2,0.0,0.5,867,51,100,0.07003593066784586,0.07313875526078084,0.4610834974804263,10.0,0.8580445723606086,0.06950620198901718,0.0005297286788286809,0.08268555354231505,-0.009546798281534208,0.4716121453553708,-0.010528647874944508,11.0,-1.0,0.837717913747746,0.020326658612862647
ipo_coverage05_feedback_half_b100_s0,ipo,coverage05,feedback_half,0.9,0.5,0.2,0.0,0.5,945,51,100,0.06964341813462145,0.08505014004231676,0.38936786720749006,9.0,1.0730690292925609,0.07291819879267863,-0.003274780658057183,0.07573217687240132,0.009317963169915441,0.36453600730203173,0.02483185990545833,15.0,-6.0,1.090847245186616,-0.01777821589405515
ipo_coverage05_feedback_one_b100_s0,ipo,coverage05,feedback_one,0.9,0.5,0.2,0.0,1.0,54,1,25,0.04978387766779242,0.08378867146685058,0.8237199729389658,2.0,1.069301398784283,0.05013000011150133,-0.0003461224437089072,0.08762139942583812,-0.0038327279589875363,0.8371980721729818,-0.013478099234015994,2.0,0.0,1.0994600092742648,-0.030158610489981807
ipo_coverage05_feedback_one_b100_s0,ipo,coverage05,feedback_one,0.9,0.5,0.2,0.0,1.0,251,1,25,0.09115579542173428,0.14618371161725466,0.5454136124853577,2.0,1.1052325765392663,0.08368685658364004,0.007468938838094241,0.16222963727125356,-0.0160459256539989,0.5985020097124621,-0.053088397227104456,6.0,-4.0,1.074164539742176,0.03106803679709036
ipo_coverage05_feedback_one_b100_s0,ipo,coverage05,feedback_one,0.9,0.5,0.2,0.0,1.0,612,1,25,0.08740683721134697,0.14292735682741867,0.6317006642164638,1.0,0.6358841573099557,0.08937654160298242,-0.001969704391635449,0.15022552437269657,-0.0072981675452779005,0.6486950288273284,-0.016994364610864676,1.0,0.0,0.6125532243688943,0.023330932941061477
ipo_coverage05_feedback_one_b100_s0,ipo,coverage05,feedback_one,0.9,0.5,0.2,0.0,1.0,737,1,25,0.07458912552334787,0.14083239193562144,0.7210942100366963,1.0,0.9283632285404955,0.06399425800755962,0.010594867515788253,0.1420732806750867,-0.0012408887394652623,0.7549577547477869,-0.033863544711090654,1.0,0.0,0.7990871523350108,0.12927607620548465
ipo_coverage05_feedback_one_b100_s0,ipo,coverage05,feedback_one,0.9,0.5,0.2,0.0,1.0,867,1,25,0.07354158299924815,0.0808696636096011,0.6416975772185345,4.0,0.9702973043131451,0.0661489118163364,0.007392671182911745,0.07435888472502712,0.006510778884573978,0.6393695458127148,0.0023280314058197193,4.0,0.0,0.9554707270873024,0.014826577225842685
ipo_coverage05_feedback_one_b100_s0,ipo,coverage05,feedback_one,0.9,0.5,0.2,0.0,1.0,945,1,25,0.08754040757751533,0.08026387388175477,0.5390917329164556,3.0,1.1368810752773142,0.08373288504844084,0.0038075225290744863,0.07734318655510744,0.0029206873266473254,0.5616462445384041,-0.022554511621948437,3.0,0.0,1.130803614409826,0.006077460867488282
ipo_coverage05_feedback_one_b100_s0,ipo,coverage05,feedback_one,0.9,0.5,0.2,0.0,1.0,54,26,50,0.04550983267576735,0.04510901481667754,0.6706022888793625,0.0,0.7983118825742818,0.03803186580138481,0.007477966874382541,0.059163100814319754,-0.014054085997642213,0.6675782036155112,0.0030240852638512283,0.0,0.0,0.7923074304582036,0.0060044521160781406
ipo_coverage05_feedback_one_b100_s0,ipo,coverage05,feedback_one,0.9,0.5,0.2,0.0,1.0,251,26,50,0.08218176755081925,0.0721353619472968,0.3974923087316124,7.0,1.1256038410243676,0.08228757290917485,-0.00010580535835559568,0.11901072305853695,-0.046875361111240146,0.4513197005261852,-0.0538273917945728,3.0,4.0,1.1203401664524815,0.0052636745718861455
ipo_coverage05_feedback_one_b100_s0,ipo,coverage05,feedback_one,0.9,0.5,0.2,0.0,1.0,612,26,50,0.07807267636201252,0.08376201963868271,0.45074564560273944,10.0,0.6714092271351825,0.07962400020385234,-0.0015513238418398134,0.09879992585494732,-0.015037906216264607,0.4745982161710797,-0.02385257056834028,5.0,5.0,0.6411104934096851,0.030298733725497407
ipo_coverage05_feedback_one_b100_s0,ipo,coverage05,feedback_one,0.9,0.5,0.2,0.0,1.0,737,26,50,0.06652098841232715,0.06394497414008378,0.5095354447756918,0.0,0.8810695648422247,0.06875962844476374,-0.002238640032436595,0.0802680587133836,-0.016323084573299826,0.5050835103595991,0.004451934416092707,2.0,-2.0,0.9285608384138351,-0.047491273571610426
ipo_coverage05_feedback_one_b100_s0,ipo,coverage05,feedback_one,0.9,0.5,0.2,0.0,1.0,867,26,50,0.053177848061642656,0.07040862797678707,0.47402029769981935,3.0,0.7234922648016143,0.05841445403606991,-0.0052366059744272525,0.07615996277383011,-0.0057513347970430395,0.471940363014822,0.002079934684997342,2.0,1.0,0.7233350948650048,0.00015716993660952472
ipo_coverage05_feedback_one_b100_s0,ipo,coverage05,feedback_one,0.9,0.5,0.2,0.0,1.0,945,26,50,0.0710215678365485,0.058043408254673655,0.38413845623905296,5.0,1.109745367199375,0.06552227855540793,0.005499289281140574,0.06820102112869468,-0.010157612874021026,0.3982460668296867,-0.014107610590633757,7.0,-2.0,1.063973493771817,0.04577187342755806
ipo_coverage05_feedback_one_b100_s0,ipo,coverage05,feedback_one,0.9,0.5,0.2,0.0,1.0,54,51,75,0.06244389175078426,0.05206864614099892,0.4862215094982224,2.0,0.7494694560236733,0.05620847153974567,0.006235420211038595,0.05405376501304518,-0.0019851188720462626,0.47046253303910146,0.015758976459120944,2.0,0.0,0.7632720428010267,-0.013802586777353354
ipo_coverage05_feedback_one_b100_s0,ipo,coverage05,feedback_one,0.9,0.5,0.2,0.0,1.0,251,51,75,0.057488142521029253,0.056111796291159255,0.40017651974458446,11.0,0.939065258021092,0.05873565910112687,-0.0012475165800976198,0.07440873125302795,-0.018296934961868697,0.42697350917939564,-0.02679698943481118,5.0,6.0,0.9501991200365327,-0.011133862015440754
ipo_coverage05_feedback_one_b100_s0,ipo,coverage05,feedback_one,0.9,0.5,0.2,0.0,1.0,612,51,75,0.05330630691244049,0.056920195598244114,0.47880253022252084,4.0,0.5601759711495096,0.06113966780217614,-0.00783336088973565,0.08173188390202493,-0.02481168830378082,0.4859155568120954,-0.007113026589574578,4.0,0.0,0.6517624777842382,-0.09158650663472867
ipo_coverage05_feedback_one_b100_s0,ipo,coverage05,feedback_one,0.9,0.5,0.2,0.0,1.0,737,51,75,0.06236003142105862,0.06287907805948922,0.5170989174506335,0.0,0.9401455279821528,0.055359395574408804,0.007000635846649818,0.06250253493079666,0.00037654312869256357,0.5593341066428558,-0.042235189192222244,0.0,0.0,0.907552499591319,0.03259302839083378
ipo_coverage05_feedback_one_b100_s0,ipo,coverage05,feedback_one,0.9,0.5,0.2,0.0,1.0,867,51,75,0.05991638504846269,0.05200811294535129,0.4638074243230873,6.0,0.8609270068877569,0.06512721000748856,-0.0052108249590258685,0.07530679303139265,-0.023298680086041357,0.48108664948316815,-0.017279225160080847,6.0,0.0,0.8696231360757752,-0.00869612918801832
ipo_coverage05_feedback_one_b100_s0,ipo,coverage05,feedback_one,0.9,0.5,0.2,0.0,1.0,945,51,75,0.06074803732312337,0.05390619352811334,0.3814820803240413,5.0,1.1079840500268767,0.06673322391856237,-0.005985186595439,0.06404370325238681,-0.01013750972427347,0.3696831251076557,0.011798955216385576,7.0,-2.0,1.1249152149106425,-0.01693116488376578
ipo_coverage05_feedback_one_b100_s0,ipo,coverage05,feedback_one,0.9,0.5,0.2,0.0,1.0,54,76,100,0.04478664797687543,0.04455486566683532,0.5324103010148364,2.0,0.7861458079324507,0.05427409982877565,-0.009487451851900225,0.030616998343774092,0.01393786732306123,0.5193365329672044,0.01307376804763205,0.0,2.0,0.7991535043368091,-0.013007696404358393
ipo_coverage05_feedback_one_b100_s0,ipo,coverage05,feedback_one,0.9,0.5,0.2,0.0,1.0,251,76,100,0.059511896554230274,0.06500271121444529,0.4124878948987803,6.0,0.9077410448491774,0.06676015958921587,-0.007248263034985596,0.08059278718478788,-0.015590075970342593,0.42543657869405554,-0.012948683795275251,9.0,-3.0,0.8993827410986374,0.00835830375054003
ipo_coverage05_feedback_one_b100_s0,ipo,coverage05,feedback_one,0.9,0.5,0.2,0.0,1.0,612,76,100,0.06350814850670808,0.05295154887216817,0.48531137261070856,4.0,0.64306837716616,0.05403089277655369,0.009477255730154385,0.07262505281455789,-0.019673503942389717,0.46939312636827984,0.015918246242428713,4.0,0.0,0.7080515938785678,-0.0649832167124077
ipo_coverage05_feedback_one_b100_s0,ipo,coverage05,feedback_one,0.9,0.5,0.2,0.0,1.0,737,76,100,0.06994535819423245,0.0696992671104304,0.44195483808185587,4.0,0.9418359546666625,0.06993175384614968,1.3604348082771334e-05,0.09104980660101618,-0.021350539490585782,0.47058167859145833,-0.028626840509602458,6.0,-2.0,0.9485866917026304,-0.0067507370359679575
ipo_coverage05_feedback_one_b100_s0,ipo,coverage05,feedback_one,0.9,0.5,0.2,0.0,1.0,867,76,100,0.07232180461469175,0.07049075166530722,0.4385906025782825,11.0,0.8351169836033299,0.07388519397054581,-0.0015633893558540668,0.08480530102699363,-0.014314549361686413,0.46213764122757334,-0.023547038649290863,5.0,6.0,0.8058126914197166,0.0293042921836133
ipo_coverage05_feedback_one_b100_s0,ipo,coverage05,feedback_one,0.9,0.5,0.2,0.0,1.0,945,76,100,0.07780207646177453,0.07048223690966454,0.3381406381978656,10.0,1.124529405650746,0.07910317366679495,-0.0013010972050204184,0.07543497278062283,-0.004952735870958291,0.3593888894964078,-0.021248251298542187,8.0,2.0,1.0567792754625893,0.06775013018815668
ipo_coverage05_feedback_one_b100_s0,ipo,coverage05,feedback_one,0.9,0.5,0.2,0.0,1.0,54,51,100,0.053615269863829834,0.05153740852748508,0.5093159052565295,4.0,0.7678076319780621,0.055241285684260656,-0.001626015820430822,0.050407851864829344,0.0011295566626557396,0.494899533003153,0.014416372253376497,2.0,2.0,0.7812127735689179,-0.013405141590855818
ipo_coverage05_feedback_one_b100_s0,ipo,coverage05,feedback_one,0.9,0.5,0.2,0.0,1.0,251,51,100,0.058500019537629774,0.06353043069575474,0.40633220732168246,17.0,0.923403151435135,0.06274790934517137,-0.004247889807541594,0.08167614249238986,-0.018145711796635114,0.4262050439367256,-0.019872836615043132,14.0,3.0,0.924790930567585,-0.0013877791324500288
ipo_coverage05_feedback_one_b100_s0,ipo,coverage05,feedback_one,0.9,0.5,0.2,0.0,1.0,612,51,100,0.058407227709574266,0.06924457052669963,0.4820569514166146,8.0,0.6016221741578347,0.057585280289364923,0.000821947420209343,0.09658489105886069,-0.027340320532161053,0.4776543415901878,0.004402609826426762,8.0,0.0,0.6799070358314029,-0.07828486167356818
ipo_coverage05_feedback_one_b100_s0,ipo,coverage05,feedback_one,0.9,0.5,0.2,0.0,1.0,737,51,100,0.0661526948076455,0.07076299693662041,0.4795268777662447,4.0,0.9409907413244073,0.06264557471027925,0.0035071200973662564,0.08570129486860542,-0.014938297931985006,0.5149578926171574,-0.03543101485091271,6.0,-2.0,0.9280695956469747,0.012921145677432633
ipo_coverage05_feedback_one_b100_s0,ipo,coverage05,feedback_one,0.9,0.5,0.2,0.0,1.0,867,51,100,0.0661190948315772,0.0648661371602666,0.45119901345068475,17.0,0.8480219952455436,0.06950620198901718,-0.003387107157439978,0.08268555354231505,-0.017819416382048453,0.4716121453553708,-0.020413131904686077,11.0,6.0,0.837717913747746,0.010304081497797601
ipo_coverage05_feedback_one_b100_s0,ipo,coverage05,feedback_one,0.9,0.5,0.2,0.0,1.0,945,51,100,0.06927505689244895,0.0709470739940046,0.35981135926095353,15.0,1.1162567278388118,0.07291819879267863,-0.003643141900229685,0.07573217687240132,-0.004785102878396716,0.36453600730203173,-0.004724648041078194,15.0,0.0,1.090847245186616,0.02540948265219578
dpo_coverage05_reference_half_b100_s0,dpo,coverage05,reference_half,0.9,0.5,0.8,0.45,0.0,54,1,25,0.03830972966551139,0.07153082713444375,0.8476840987256519,0.0,1.1127300944593619,0.0466626212440827,-0.00835289157857131,0.08282922663126173,-0.011298399496817976,0.8304273729572931,0.017256725768358794,2.0,-2.0,1.071275772720962,0.0414543217383998
dpo_coverage05_reference_half_b100_s0,dpo,coverage05,reference_half,0.9,0.5,0.8,0.45,0.0,251,1,25,0.08850074276058965,0.14744453188397919,0.6234731517697328,2.0,1.0806147426023005,0.09132431901953718,-0.0028235762589475244,0.16906921948936351,-0.02162468760538433,0.5844049811516698,0.039068170618063,4.0,-2.0,1.0658922504448745,0.014722492157426048
dpo_coverage05_reference_half_b100_s0,dpo,coverage05,reference_half,0.9,0.5,0.8,0.45,0.0,612,1,25,0.08953988341698578,0.1370051901821875,0.648059353648543,1.0,0.6473751015280794,0.09290109461352293,-0.0033612111965371505,0.16207598282487565,-0.02507079264268816,0.6646787502398465,-0.016619396591303515,1.0,0.0,0.5880331917900916,0.05934190973798781
dpo_coverage05_reference_half_b100_s0,dpo,coverage05,reference_half,0.9,0.5,0.8,0.45,0.0,737,1,25,0.06759435258303352,0.14343392901726576,0.7514689796827894,1.0,0.812260124979846,0.06990011298451472,-0.0023057604014811994,0.13845302324624753,0.004980905771018229,0.7641520664343588,-0.012683086751569483,1.0,0.0,0.8250345149849337,-0.012774390005087732
dpo_coverage05_reference_half_b100_s0,dpo,coverage05,reference_half,0.9,0.5,0.8,0.45,0.0,867,1,25,0.058390143052590854,0.05427012856337882,0.7113106908583522,0.0,1.037956458942452,0.06861338858721436,-0.010223245534623504,0.07986387739143541,-0.025593748828056595,0.6463730975843753,0.06493759327397686,4.0,-4.0,0.9429012497195163,0.09505520922293564
dpo_coverage05_reference_half_b100_s0,dpo,coverage05,reference_half,0.9,0.5,0.8,0.45,0.0,945,1,25,0.09385258668176232,0.07429998909145517,0.5779174591988359,1.0,1.1563476577189256,0.08832131469964585,0.005531271982116462,0.0899550549702635,-0.015655065878808327,0.5748301319199631,0.0030873272788727313,3.0,-2.0,1.0999932228909342,0.056354434827991406
dpo_coverage05_reference_half_b100_s0,dpo,coverage05,reference_half,0.9,0.5,0.8,0.45,0.0,54,26,50,0.042843524239727725,0.045270380315387965,0.6869285720230914,0.0,0.78351278756436,0.0394298419441168,0.003413682295610926,0.046539113348035996,-0.0012687330326480312,0.693555475981757,-0.006626903958665609,0.0,0.0,0.7900146531664868,-0.006501865602126733
dpo_coverage05_reference_half_b100_s0,dpo,coverage05,reference_half,0.9,0.5,0.8,0.45,0.0,251,26,50,0.07629563477235692,0.08403540187212097,0.37991819913902786,6.0,1.1093057110648494,0.07200120844673934,0.0042944263256175785,0.10579000324313528,-0.021754601371014315,0.43034657052522346,-0.0504283713861956,5.0,1.0,1.0982610489920128,0.011044662072836609
dpo_coverage05_reference_half_b100_s0,dpo,coverage05,reference_half,0.9,0.5,0.8,0.45,0.0,612,26,50,0.0909278396489655,0.07359884218559218,0.45826535662062534,6.0,0.7587395475002099,0.08342283785508457,0.0075050017938809305,0.12506837360183226,-0.05146953141624008,0.5181935610039001,-0.059928204383274786,4.0,2.0,0.6990481627128687,0.05969138478734115
dpo_coverage05_reference_half_b100_s0,dpo,coverage05,reference_half,0.9,0.5,0.8,0.45,0.0,737,26,50,0.08559328146515184,0.08559848206288254,0.49428707165021807,6.0,0.8198654470358765,0.07597276815170423,0.009620513313447612,0.07706135493604409,0.008537127126838448,0.5075093769723518,-0.013222305322133698,2.0,4.0,0.869889716786051,-0.05002426975017449
dpo_coverage05_reference_half_b100_s0,dpo,coverage05,reference_half,0.9,0.5,0.8,0.45,0.0,867,26,50,0.06702823665034668,0.07903848260870847,0.4744901468185548,2.0,0.7345569676703646,0.059891742536588986,0.007136494113757698,0.08961069190353363,-0.010572209294825163,0.4921504865015832,-0.017660339683028436,2.0,0.0,0.7003340475646457,0.034222920105718924
dpo_coverage05_reference_half_b100_s0,dpo,coverage05,reference_half,0.9,0.5,0.8,0.45,0.0,945,26,50,0.07234437094677322,0.060875438627166656,0.4033318686113852,7.0,1.0553448018887683,0.06723334193192201,0.005111029014851207,0.07081935418521845,-0.009943915558051797,0.3805599306324655,0.022771937978919687,10.0,-3.0,1.0555041246505161,-0.00015932276174779325
dpo_coverage05_reference_half_b100_s0,dpo,coverage05,reference_half,0.9,0.5,0.8,0.45,0.0,54,51,75,0.057981528020582186,0.049422593324208654,0.5127835671469263,2.0,0.7449189682612358,0.054692775465315153,0.0032887525552670327,0.038900386855950285,0.010522206468258369,0.4813484089940668,0.03143515815285952,2.0,0.0,0.7560643499264704,-0.0111453816652346
dpo_coverage05_reference_half_b100_s0,dpo,coverage05,reference_half,0.9,0.5,0.8,0.45,0.0,251,51,75,0.054014750393935766,0.06309608838251962,0.42490775972495337,3.0,0.960831190436969,0.05076823930517949,0.0032465110887562737,0.05022654946453847,0.01286953891798115,0.39807135189459397,0.0268364078303594,9.0,-6.0,0.8977686279562471,0.06306256248072184
dpo_coverage05_reference_half_b100_s0,dpo,coverage05,reference_half,0.9,0.5,0.8,0.45,0.0,612,51,75,0.06348006567677586,0.04842138893575443,0.46412412698551436,6.0,0.6747798095470844,0.05811998241360117,0.005360083263174692,0.0732900417684027,-0.024868652832648275,0.47158331017616845,-0.007459183190654084,4.0,2.0,0.6532453343529313,0.02153447519415308
dpo_coverage05_reference_half_b100_s0,dpo,coverage05,reference_half,0.9,0.5,0.8,0.45,0.0,737,51,75,0.06567787713317663,0.0639443080526508,0.509336991237329,4.0,0.8566309959220401,0.06320874281635365,0.0024691343168229823,0.07523561622289819,-0.011291308170247386,0.5344860052114427,-0.025149013974113732,0.0,4.0,0.9229935308126603,-0.06636253489062027
dpo_coverage05_reference_half_b100_s0,dpo,coverage05,reference_half,0.9,0.5,0.8,0.45,0.0,867,51,75,0.0639943308865037,0.050070551541727,0.47178103134134497,1.0,0.822097662065355,0.0661589945709094,-0.002164663684405696,0.08629469915323744,-0.03622414761151044,0.48595852054575334,-0.014177489204408367,9.0,-8.0,0.8984954990882646,-0.0763978370229097
dpo_coverage05_reference_half_b100_s0,dpo,coverage05,reference_half,0.9,0.5,0.8,0.45,0.0,945,51,75,0.08356909944354556,0.04569977307627912,0.35969160874797945,10.0,1.1110978825232412,0.06744290306204259,0.016126196381502964,0.08331398144590356,-0.03761420836962444,0.41443811231705957,-0.05474650356908012,7.0,3.0,1.0941108302793925,0.016987052243848666
dpo_coverage05_reference_half_b100_s0,dpo,coverage05,reference_half,0.9,0.5,0.8,0.45,0.0,54,76,100,0.04908243821342415,0.03346122893834193,0.5286253401890761,0.0,0.8154688270369923,0.050559066307121536,-0.0014766280936973838,0.04908590082511683,-0.015624671886774903,0.595259765547334,-0.06663442535825781,0.0,0.0,0.8060195268722014,0.009449300164790952
dpo_coverage05_reference_half_b100_s0,dpo,coverage05,reference_half,0.9,0.5,0.8,0.45,0.0,251,76,100,0.07611888429585249,0.06710020666761637,0.4198021497091146,7.0,0.9343194475763869,0.07324923373190584,0.0028696505639466546,0.07764343164360665,-0.010543224975990279,0.42270004765349595,-0.0028978979443813335,9.0,-2.0,0.8960381839868526,0.03828126358953421
dpo_coverage05_reference_half_b100_s0,dpo,coverage05,reference_half,0.9,0.5,0.8,0.45,0.0,612,76,100,0.059663061921644445,0.06980689357748701,0.5148877390692731,3.0,0.723762653441427,0.05847075321306612,0.001192308708578324,0.06365918758877528,0.006147705988711727,0.47675379150686736,0.038133947562405734,3.0,0.0,0.7071033595562178,0.016659293885209148
dpo_coverage05_reference_half_b100_s0,dpo,coverage05,reference_half,0.9,0.5,0.8,0.45,0.0,737,76,100,0.08121713525122126,0.07104802375425778,0.4304447908328896,10.0,0.9325323796111903,0.06433105826717922,0.016886076984042042,0.08710049069927299,-0.016052466945015206,0.4500619056983418,-0.0196171148654522,4.0,6.0,0.9208840799137872,0.011648299697403108
dpo_coverage05_reference_half_b100_s0,dpo,coverage05,reference_half,0.9,0.5,0.8,0.45,0.0,867,76,100,0.08375460120254404,0.06485781657366362,0.44300094355392516,7.0,0.8041191704403936,0.08237131545822399,0.001383285744320048,0.10262730766777531,-0.03776949109411169,0.48754675987322516,-0.04454581631929999,4.0,3.0,0.8347537535771294,-0.030634583136735838
dpo_coverage05_reference_half_b100_s0,dpo,coverage05,reference_half,0.9,0.5,0.8,0.45,0.0,945,76,100,0.07985762019001842,0.06249877319913845,0.3317290090974295,13.0,1.0886112425308938,0.08364252140884726,-0.0037849012188288372,0.11844033157256889,-0.05594155837343044,0.41916084651805924,-0.08743183742062977,5.0,8.0,1.0554484810842932,0.033162761446600575
dpo_coverage05_reference_half_b100_s0,dpo,coverage05,reference_half,0.9,0.5,0.8,0.45,0.0,54,51,100,0.05353198311700316,0.04847201892153493,0.5207044536680013,2.0,0.7801938976491143,0.052625920886218355,0.0009060622307848071,0.054924810672110316,-0.006452791750575386,0.5383040872707003,-0.017599633602699005,2.0,0.0,0.781041938399336,-0.0008480407502217124
dpo_coverage05_reference_half_b100_s0,dpo,coverage05,reference_half,0.9,0.5,0.8,0.45,0.0,251,51,100,0.06506681734489413,0.06866920747428651,0.42235495471703394,10.0,0.9475753190066779,0.06200873651854268,0.0030580808263514433,0.07177285201158405,-0.0031036445372975424,0.41038569977404493,0.011969254942989005,18.0,-8.0,0.8969034059715503,0.050671913035127636
dpo_coverage05_reference_half_b100_s0,dpo,coverage05,reference_half,0.9,0.5,0.8,0.45,0.0,612,51,100,0.061571563799210145,0.08723399618037375,0.4895059330273937,9.0,0.6992712314942555,0.05829536781333365,0.003276195985876494,0.08866756902968304,-0.0014335728493092836,0.47416855084151804,0.015337382185875659,7.0,2.0,0.6801743469545747,0.019096884539680836
dpo_coverage05_reference_half_b100_s0,dpo,coverage05,reference_half,0.9,0.5,0.8,0.45,0.0,737,51,100,0.07344750619219897,0.0749422351654791,0.4698908910351093,14.0,0.8945816877666155,0.06376990054176646,0.00967760565043252,0.08797636389900824,-0.013034128733529146,0.49227395545489244,-0.02238306441978316,4.0,10.0,0.9219388053632243,-0.02735711759660875
dpo_coverage05_reference_half_b100_s0,dpo,coverage05,reference_half,0.9,0.5,0.8,0.45,0.0,867,51,100,0.07387446604452388,0.06141583080616182,0.4573909874476352,8.0,0.8131084162528741,0.07426515501456671,-0.000390688970042824,0.09794456076161592,-0.0365287299554541,0.4867526402094892,-0.02936165276185404,13.0,-5.0,0.8666246263326971,-0.05351621007982299
dpo_coverage05_reference_half_b100_s0,dpo,coverage05,reference_half,0.9,0.5,0.8,0.45,0.0,945,51,100,0.08171335981678197,0.059617903093583946,0.3457103089227044,23.0,1.0998545625270677,0.07554271223544493,0.006170647581337049,0.11207384959984512,-0.052455946506261175,0.4167994794175594,-0.07108917049485503,12.0,11.0,1.0747796556818432,0.02507490684522451
dpo_coverage05_reference_max_b100_s0,dpo,coverage05,reference_max,0.9,0.5,0.8,0.9,0.0,54,1,25,0.04550322097904103,0.06990646786386222,0.8308888086098898,0.0,1.0963054787657098,0.0466626212440827,-0.001159400265041667,0.08282922663126173,-0.012922758767399511,0.8304273729572931,0.00046143565259670893,2.0,-2.0,1.071275772720962,0.025029706044747746
dpo_coverage05_reference_max_b100_s0,dpo,coverage05,reference_max,0.9,0.5,0.8,0.9,0.0,251,1,25,0.12294852257441809,0.15054886115290916,0.602775683268959,4.0,1.0982087919023311,0.09132431901953718,0.03162420355488091,0.16906921948936351,-0.01852035833645435,0.5844049811516698,0.018370702117289195,4.0,0.0,1.0658922504448745,0.03231654145745666
dpo_coverage05_reference_max_b100_s0,dpo,coverage05,reference_max,0.9,0.5,0.8,0.9,0.0,612,1,25,0.13434863608891753,0.12749829746443422,0.6787617273627827,5.0,0.6750800110619859,0.09290109461352293,0.0414475414753946,0.16207598282487565,-0.034577685360441424,0.6646787502398465,0.014082977122936269,1.0,4.0,0.5880331917900916,0.08704681927189428
dpo_coverage05_reference_max_b100_s0,dpo,coverage05,reference_max,0.9,0.5,0.8,0.9,0.0,737,1,25,0.08281524086679813,0.13232174724497775,0.7234921381179804,1.0,0.8242013756919129,0.06990011298451472,0.012915127882283411,0.13845302324624753,-0.006131276001269781,0.7641520664343588,-0.040659928316378435,1.0,0.0,0.8250345149849337,-0.0008331392930208681
dpo_coverage05_reference_max_b100_s0,dpo,coverage05,reference_max,0.9,0.5,0.8,0.9,0.0,867,1,25,0.11305104963863467,0.05830903127711091,0.7070313552239795,0.0,1.0430536891131412,0.06861338858721436,0.044437661051420316,0.07986387739143541,-0.021554846114324504,0.6463730975843753,0.060658257639604196,4.0,-4.0,0.9429012497195163,0.10015243939362495
dpo_coverage05_reference_max_b100_s0,dpo,coverage05,reference_max,0.9,0.5,0.8,0.9,0.0,945,1,25,0.11033786388057729,0.06435475761791291,0.6038043961560257,1.0,1.191738532780917,0.08832131469964585,0.022016549180931433,0.0899550549702635,-0.025600297352350587,0.5748301319199631,0.02897426423606253,3.0,-2.0,1.0999932228909342,0.09174530988998275
dpo_coverage05_reference_max_b100_s0,dpo,coverage05,reference_max,0.9,0.5,0.8,0.9,0.0,54,26,50,0.0963553336773003,0.0578897713681513,0.6617876432761766,0.0,0.7681222076031077,0.0394298419441168,0.0569254917331835,0.046539113348035996,0.011350658020115305,0.693555475981757,-0.03176783270558048,0.0,0.0,0.7900146531664868,-0.021892445563379104
dpo_coverage05_reference_max_b100_s0,dpo,coverage05,reference_max,0.9,0.5,0.8,0.9,0.0,251,26,50,0.11814518135929879,0.06813308240883763,0.3760583476518674,11.0,1.0911915261733787,0.07200120844673934,0.04614397291255945,0.10579000324313528,-0.037656920834297655,0.43034657052522346,-0.05428822287335605,5.0,6.0,1.0982610489920128,-0.007069522818634155
dpo_coverage05_reference_max_b100_s0,dpo,coverage05,reference_max,0.9,0.5,0.8,0.9,0.0,612,26,50,0.1387993211033735,0.0748252864213313,0.5157188158171615,3.0,0.7321862081618721,0.08342283785508457,0.055376483248288935,0.12506837360183226,-0.05024308718050097,0.5181935610039001,-0.002474745186738625,4.0,-1.0,0.6990481627128687,0.03313804544900334
dpo_coverage05_reference_max_b100_s0,dpo,coverage05,reference_max,0.9,0.5,0.8,0.9,0.0,737,26,50,0.1532237393854073,0.11030644946847971,0.5534884783603476,2.0,0.7198261840394601,0.07597276815170423,0.07725097123370306,0.07706135493604409,0.033245094532435626,0.5075093769723518,0.04597910138799588,2.0,0.0,0.869889716786051,-0.1500635327465909
dpo_coverage05_reference_max_b100_s0,dpo,coverage05,reference_max,0.9,0.5,0.8,0.9,0.0,867,26,50,0.1194809394247862,0.0945236089619744,0.527009938414813,6.0,0.7795854900495154,0.059891742536588986,0.059589196888197214,0.08961069190353363,0.004912917058440769,0.4921504865015832,0.03485945191322981,2.0,4.0,0.7003340475646457,0.0792514424848697
dpo_coverage05_reference_max_b100_s0,dpo,coverage05,reference_max,0.9,0.5,0.8,0.9,0.0,945,26,50,0.12212738126688338,0.07044703319078896,0.4622675520969365,12.0,1.0163538696079666,0.06723334193192201,0.05489403933496137,0.07081935418521845,-0.0003723209944294925,0.3805599306324655,0.08170762146447097,10.0,2.0,1.0555041246505161,-0.03915025504254954
dpo_coverage05_reference_max_b100_s0,dpo,coverage05,reference_max,0.9,0.5,0.8,0.9,0.0,54,51,75,0.05377170486445983,0.032173979732108185,0.5445069724731799,0.0,0.76992473567423,0.054692775465315153,-0.0009210706008553268,0.038900386855950285,-0.0067264071238421,0.4813484089940668,0.06315856347911314,2.0,-2.0,0.7560643499264704,0.013860385747759607
dpo_coverage05_reference_max_b100_s0,dpo,coverage05,reference_max,0.9,0.5,0.8,0.9,0.0,251,51,75,0.067822902966377,0.04842735769191815,0.4044149146789384,8.0,0.9474076082408724,0.05076823930517949,0.017054663661197504,0.05022654946453847,-0.0017991917726203205,0.39807135189459397,0.0063435627843444475,9.0,-1.0,0.8977686279562471,0.04963898028462532
dpo_coverage05_reference_max_b100_s0,dpo,coverage05,reference_max,0.9,0.5,0.8,0.9,0.0,612,51,75,0.08383765529705546,0.042584922833000846,0.41180951406597766,9.0,0.7450019517389321,0.05811998241360117,0.025717672883454293,0.0732900417684027,-0.030705118935401857,0.47158331017616845,-0.05977379611019079,4.0,5.0,0.6532453343529313,0.09175661738600083
dpo_coverage05_reference_max_b100_s0,dpo,coverage05,reference_max,0.9,0.5,0.8,0.9,0.0,737,51,75,0.08785700568279489,0.06070676517603529,0.4601769889319543,6.0,0.880425308182347,0.06320874281635365,0.024648262866441242,0.07523561622289819,-0.014528851046862898,0.5344860052114427,-0.07430901627948844,0.0,6.0,0.9229935308126603,-0.042568222630313346
dpo_coverage05_reference_max_b100_s0,dpo,coverage05,reference_max,0.9,0.5,0.8,0.9,0.0,867,51,75,0.08643619912791625,0.04671024113724155,0.42944534535489154,3.0,0.7804072343203561,0.0661589945709094,0.02027720455700685,0.08629469915323744,-0.03958445801599589,0.48595852054575334,-0.0565131751908618,9.0,-6.0,0.8984954990882646,-0.11808826476790857
dpo_coverage05_reference_max_b100_s0,dpo,coverage05,reference_max,0.9,0.5,0.8,0.9,0.0,945,51,75,0.12619572410532848,0.05522096132121447,0.34331978146508435,19.0,1.0605975739218423,0.06744290306204259,0.058752821043285886,0.08331398144590356,-0.02809302012468909,0.41443811231705957,-0.07111833085197522,7.0,12.0,1.0941108302793925,-0.0335132563575502
dpo_coverage05_reference_max_b100_s0,dpo,coverage05,reference_max,0.9,0.5,0.8,0.9,0.0,54,76,100,0.06603165022687073,0.03157753708348199,0.5151467476427611,0.0,0.7968629126250609,0.050559066307121536,0.015472583919749192,0.04908590082511683,-0.017508363741634843,0.595259765547334,-0.08011301790457281,0.0,0.0,0.8060195268722014,-0.009156614247140427
dpo_coverage05_reference_max_b100_s0,dpo,coverage05,reference_max,0.9,0.5,0.8,0.9,0.0,251,76,100,0.1038994580890847,0.05199521360476925,0.4062822285308655,12.0,0.9179247966676165,0.07324923373190584,0.03065022435717886,0.07764343164360665,-0.025648218038837406,0.42270004765349595,-0.01641781912263046,9.0,3.0,0.8960381839868526,0.02188661268076386
dpo_coverage05_reference_max_b100_s0,dpo,coverage05,reference_max,0.9,0.5,0.8,0.9,0.0,612,76,100,0.10117013209518731,0.05028901391946528,0.49457013644695286,5.0,0.6543632023036133,0.05847075321306612,0.04269937888212119,0.06365918758877528,-0.013370173669310002,0.47675379150686736,0.017816344940085493,3.0,2.0,0.7071033595562178,-0.0527401572526045
dpo_coverage05_reference_max_b100_s0,dpo,coverage05,reference_max,0.9,0.5,0.8,0.9,0.0,737,76,100,0.11587418998928765,0.05212238848697959,0.44086496864275937,8.0,0.8575232408773377,0.06433105826717922,0.051543131722108435,0.08710049069927299,-0.0349781022122934,0.4500619056983418,-0.009196937055582444,4.0,4.0,0.9208840799137872,-0.06336083903644951
dpo_coverage05_reference_max_b100_s0,dpo,coverage05,reference_max,0.9,0.5,0.8,0.9,0.0,867,76,100,0.13804608777738045,0.05115880347937489,0.44209716776446034,12.0,0.7929355536525436,0.08237131545822399,0.05567477231915646,0.10262730766777531,-0.05146850418840042,0.48754675987322516,-0.045449592108764814,4.0,8.0,0.8347537535771294,-0.0418181999245858
dpo_coverage05_reference_max_b100_s0,dpo,coverage05,reference_max,0.9,0.5,0.8,0.9,0.0,945,76,100,0.11334252541108014,0.05753024937011082,0.3377548842905405,15.0,1.122892405439584,0.08364252140884726,0.029700004002232883,0.11844033157256889,-0.06091008220245807,0.41916084651805924,-0.08140596222751872,5.0,10.0,1.0554484810842932,0.06744392435529067
dpo_coverage05_reference_max_b100_s0,dpo,coverage05,reference_max,0.9,0.5,0.8,0.9,0.0,54,51,100,0.05990167754566529,0.03489661665230038,0.5298268600579705,0.0,0.7833938241496453,0.052625920886218355,0.007275756659446936,0.054924810672110316,-0.020028194019809938,0.5383040872707003,-0.00847722721272981,2.0,-2.0,0.781041938399336,0.0023518857503093127
dpo_coverage05_reference_max_b100_s0,dpo,coverage05,reference_max,0.9,0.5,0.8,0.9,0.0,251,51,100,0.08586118052773087,0.053282576850710736,0.40534857160490184,20.0,0.9326662024542443,0.06200873651854268,0.023852444009188185,0.07177285201158405,-0.018490275160873315,0.41038569977404493,-0.00503712816914309,18.0,2.0,0.8969034059715503,0.03576279648269398
dpo_coverage05_reference_max_b100_s0,dpo,coverage05,reference_max,0.9,0.5,0.8,0.9,0.0,612,51,100,0.09250389369612139,0.06515486888997059,0.4531898252564654,14.0,0.6996825770212729,0.05829536781333365,0.034208525882787735,0.08866756902968304,-0.023512700139712447,0.47416855084151804,-0.02097872558505265,7.0,7.0,0.6801743469545747,0.019508230066698218
dpo_coverage05_reference_max_b100_s0,dpo,coverage05,reference_max,0.9,0.5,0.8,0.9,0.0,737,51,100,0.10186559783604128,0.058188522345291864,0.45052097878735686,14.0,0.8689742745298423,0.06376990054176646,0.038095697294274825,0.08797636389900824,-0.02978784155371638,0.49227395545489244,-0.04175297666753558,4.0,10.0,0.9219388053632243,-0.05296453083338193
dpo_coverage05_reference_max_b100_s0,dpo,coverage05,reference_max,0.9,0.5,0.8,0.9,0.0,867,51,100,0.11224114345264839,0.04970107338425267,0.4357712565596759,15.0,0.78667139398645,0.07426515501456671,0.037975988438081684,0.09794456076161592,-0.04824348737736325,0.4867526402094892,-0.050981383649813306,13.0,2.0,0.8666246263326971,-0.07995323234624707
dpo_coverage05_reference_max_b100_s0,dpo,coverage05,reference_max,0.9,0.5,0.8,0.9,0.0,945,51,100,0.11976912475820431,0.059613687299447105,0.3405373328778124,34.0,1.0917449896807134,0.07554271223544493,0.044226412522759384,0.11207384959984512,-0.05246016230039802,0.4167994794175594,-0.076262146539747,12.0,22.0,1.0747796556818432,0.016965333998870236
dpo_coverage05_feedback_half_b100_s0,dpo,coverage05,feedback_half,0.9,0.5,0.8,0.0,0.5,54,1,25,0.042854993138706915,0.07667828020814026,0.8272567735252083,0.0,1.073766686932771,0.0466626212440827,-0.003807628105375785,0.08282922663126173,-0.006150946423121473,0.8304273729572931,-0.003170599432084753,2.0,-2.0,1.071275772720962,0.0024909142118090255
dpo_coverage05_feedback_half_b100_s0,dpo,coverage05,feedback_half,0.9,0.5,0.8,0.0,0.5,251,1,25,0.08756131203902871,0.14669334569860548,0.5497009198527929,2.0,1.1073689216554825,0.09132431901953718,-0.0037630069805084654,0.16906921948936351,-0.022375873790758033,0.5844049811516698,-0.03470406129887693,4.0,-2.0,1.0658922504448745,0.04147667121060805
dpo_coverage05_feedback_half_b100_s0,dpo,coverage05,feedback_half,0.9,0.5,0.8,0.0,0.5,612,1,25,0.09744835131872857,0.1307199940380877,0.6059666901949876,1.0,0.6767928074594804,0.09290109461352293,0.004547256705205643,0.16207598282487565,-0.03135598878678794,0.6646787502398465,-0.05871206004485885,1.0,0.0,0.5880331917900916,0.08875961566938884
dpo_coverage05_feedback_half_b100_s0,dpo,coverage05,feedback_half,0.9,0.5,0.8,0.0,0.5,737,1,25,0.06664635986530042,0.14253931853988436,0.7532749959227233,1.0,0.8620051875361393,0.06990011298451472,-0.003253753119214303,0.13845302324624753,0.004086295293636827,0.7641520664343588,-0.010877070511635556,1.0,0.0,0.8250345149849337,0.03697067255120556
dpo_coverage05_feedback_half_b100_s0,dpo,coverage05,feedback_half,0.9,0.5,0.8,0.0,0.5,867,1,25,0.0724647648230248,0.08814047661145788,0.6301173936640942,4.0,0.9351301240121423,0.06861338858721436,0.003851376235810444,0.07986387739143541,0.008276599220022468,0.6463730975843753,-0.016255703920281084,4.0,0.0,0.9429012497195163,-0.007771125707373927
dpo_coverage05_feedback_half_b100_s0,dpo,coverage05,feedback_half,0.9,0.5,0.8,0.0,0.5,945,1,25,0.09634254586526143,0.0837238008169148,0.5431230759956519,5.0,1.1216975608279747,0.08832131469964585,0.00802123116561558,0.0899550549702635,-0.0062312541533487,0.5748301319199631,-0.03170705592431122,3.0,2.0,1.0999932228909342,0.02170433793704052
dpo_coverage05_feedback_half_b100_s0,dpo,coverage05,feedback_half,0.9,0.5,0.8,0.0,0.5,54,26,50,0.04273017368662501,0.04058389532569032,0.6733535771241966,0.0,0.8190030685105174,0.0394298419441168,0.0033003317425082113,0.046539113348035996,-0.005955218022345679,0.693555475981757,-0.020201898857560407,0.0,0.0,0.7900146531664868,0.028988415344030627
dpo_coverage05_feedback_half_b100_s0,dpo,coverage05,feedback_half,0.9,0.5,0.8,0.0,0.5,251,26,50,0.08355962629445976,0.0922855338037771,0.4348984226994289,4.0,1.044521822107666,0.07200120844673934,0.011558417847720423,0.10579000324313528,-0.01350446943935818,0.43034657052522346,0.004551852174205451,5.0,-1.0,1.0982610489920128,-0.05373922688434685
dpo_coverage05_feedback_half_b100_s0,dpo,coverage05,feedback_half,0.9,0.5,0.8,0.0,0.5,612,26,50,0.08133182036354086,0.08669881348611032,0.4637174550299641,5.0,0.6962342156117322,0.08342283785508457,-0.002091017491543709,0.12506837360183226,-0.03836956011572194,0.5181935610039001,-0.05447610597393604,4.0,1.0,0.6990481627128687,-0.0028139471011365824
dpo_coverage05_feedback_half_b100_s0,dpo,coverage05,feedback_half,0.9,0.5,0.8,0.0,0.5,737,26,50,0.06956255111726496,0.07709218193598245,0.5147995053293493,0.0,0.9138103586945248,0.07597276815170423,-0.006410217034439267,0.07706135493604409,3.0826999938365907e-05,0.5075093769723518,0.007290128356997494,2.0,-2.0,0.869889716786051,0.04392064190847378
dpo_coverage05_feedback_half_b100_s0,dpo,coverage05,feedback_half,0.9,0.5,0.8,0.0,0.5,867,26,50,0.06178332211597055,0.07451441691071894,0.4740865747084581,3.0,0.7221500173632274,0.059891742536588986,0.001891579579381561,0.08961069190353363,-0.015096274992814684,0.4921504865015832,-0.01806391179312511,2.0,1.0,0.7003340475646457,0.02181596979858169
dpo_coverage05_feedback_half_b100_s0,dpo,coverage05,feedback_half,0.9,0.5,0.8,0.0,0.5,945,26,50,0.06274672573686185,0.05823011047185476,0.37099905694818586,5.0,1.1250220220262297,0.06723334193192201,-0.004486616195060161,0.07081935418521845,-0.012589243713363694,0.3805599306324655,-0.009560873684279658,10.0,-5.0,1.0555041246505161,0.06951789737571357
dpo_coverage05_feedback_half_b100_s0,dpo,coverage05,feedback_half,0.9,0.5,0.8,0.0,0.5,54,51,75,0.05782480179059507,0.05780232826242445,0.48249163288258745,4.0,0.7598451818162576,0.054692775465315153,0.003132026325279917,0.038900386855950285,0.018901941406474165,0.4813484089940668,0.0011432238885206725,2.0,2.0,0.7560643499264704,0.003780831889787173
dpo_coverage05_feedback_half_b100_s0,dpo,coverage05,feedback_half,0.9,0.5,0.8,0.0,0.5,251,51,75,0.051202949306051855,0.0403825955905243,0.40385499415302495,9.0,0.8847484843682507,0.05076823930517949,0.00043471000087236256,0.05022654946453847,-0.009843953874014169,0.39807135189459397,0.005783642258430977,9.0,0.0,0.8977686279562471,-0.013020143587996413
dpo_coverage05_feedback_half_b100_s0,dpo,coverage05,feedback_half,0.9,0.5,0.8,0.0,0.5,612,51,75,0.054940303431833606,0.05602281652930512,0.4691951103868222,6.0,0.590062592511906,0.05811998241360117,-0.0031796789817675614,0.0732900417684027,-0.017267225239097586,0.47158331017616845,-0.0023881997893462348,4.0,2.0,0.6532453343529313,-0.06318274184102535
dpo_coverage05_feedback_half_b100_s0,dpo,coverage05,feedback_half,0.9,0.5,0.8,0.0,0.5,737,51,75,0.06492555199697739,0.07528479231191207,0.5183673679032449,4.0,0.880483858253482,0.06320874281635365,0.0017168091806237379,0.07523561622289819,4.91760890138776e-05,0.5344860052114427,-0.016118637308197847,0.0,4.0,0.9229935308126603,-0.04250967255917837
dpo_coverage05_feedback_half_b100_s0,dpo,coverage05,feedback_half,0.9,0.5,0.8,0.0,0.5,867,51,75,0.0563801864897202,0.05484703285131719,0.4596671346952814,2.0,0.8607915108832723,0.0661589945709094,-0.009778808081189201,0.08629469915323744,-0.03144766630192025,0.48595852054575334,-0.026291385850471916,9.0,-7.0,0.8984954990882646,-0.03770398820499232
dpo_coverage05_feedback_half_b100_s0,dpo,coverage05,feedback_half,0.9,0.5,0.8,0.0,0.5,945,51,75,0.06491576712305565,0.04794754132496692,0.36911953509128453,7.0,1.132678708859963,0.06744290306204259,-0.0025271359389869436,0.08331398144590356,-0.03536644012093664,0.41443811231705957,-0.045318577225775036,7.0,0.0,1.0941108302793925,0.038567878580570536
dpo_coverage05_feedback_half_b100_s0,dpo,coverage05,feedback_half,0.9,0.5,0.8,0.0,0.5,54,76,100,0.045243021674995,0.031587276892323365,0.5774134554525149,0.0,0.8040533661835438,0.050559066307121536,-0.0053160446321265376,0.04908590082511683,-0.017498623932793465,0.595259765547334,-0.017846310094819073,0.0,0.0,0.8060195268722014,-0.0019661606886575145
dpo_coverage05_feedback_half_b100_s0,dpo,coverage05,feedback_half,0.9,0.5,0.8,0.0,0.5,251,76,100,0.07022596962449494,0.09607890838323214,0.4536756116677264,3.0,0.8904037501249803,0.07324923373190584,-0.0030232641074108974,0.07764343164360665,0.018435476739625492,0.42270004765349595,0.03097556401423046,9.0,-6.0,0.8960381839868526,-0.0056344338618723455
dpo_coverage05_feedback_half_b100_s0,dpo,coverage05,feedback_half,0.9,0.5,0.8,0.0,0.5,612,76,100,0.06167985017256786,0.06534158387405113,0.497840690763534,1.0,0.6364973588409484,0.05847075321306612,0.0032090969595017366,0.06365918758877528,0.0016823962852758473,0.47675379150686736,0.021086899256666625,3.0,-2.0,0.7071033595562178,-0.07060600071526946
dpo_coverage05_feedback_half_b100_s0,dpo,coverage05,feedback_half,0.9,0.5,0.8,0.0,0.5,737,76,100,0.0723024610863133,0.074721329332127,0.4257601533320942,4.0,0.941417953635583,0.06433105826717922,0.007971402819134082,0.08710049069927299,-0.012379161367145994,0.4500619056983418,-0.024301752366247598,4.0,0.0,0.9208840799137872,0.020533873721795826
dpo_coverage05_feedback_half_b100_s0,dpo,coverage05,feedback_half,0.9,0.5,0.8,0.0,0.5,867,76,100,0.07749252020424029,0.08028673490351637,0.44171095501934327,5.0,0.8165747618946435,0.08237131545822399,-0.0048787952539837,0.10262730766777531,-0.022340572764258937,0.48754675987322516,-0.04583580485388189,4.0,1.0,0.8347537535771294,-0.018178991682485934
dpo_coverage05_feedback_half_b100_s0,dpo,coverage05,feedback_half,0.9,0.5,0.8,0.0,0.5,945,76,100,0.07982782386394578,0.06348300203085795,0.33872117778653993,9.0,1.105731254086982,0.08364252140884726,-0.003814697544901477,0.11844033157256889,-0.05495732954171094,0.41916084651805924,-0.08043966873151931,5.0,4.0,1.0554484810842932,0.050282773002688685
dpo_coverage05_feedback_half_b100_s0,dpo,coverage05,feedback_half,0.9,0.5,0.8,0.0,0.5,54,51,100,0.051533911732795035,0.05497379620998431,0.5299525441675513,4.0,0.7819492739999008,0.052625920886218355,-0.0010920091534233206,0.054924810672110316,4.898553787399673e-05,0.5383040872707003,-0.008351543103149006,2.0,2.0,0.781041938399336,0.0009073356005647737
dpo_coverage05_feedback_half_b100_s0,dpo,coverage05,feedback_half,0.9,0.5,0.8,0.0,0.5,251,51,100,0.06071445946527339,0.07981001025799819,0.4287653029103757,12.0,0.887576117246616,0.06200873651854268,-0.0012942770532692952,0.07177285201158405,0.008037158246414142,0.41038569977404493,0.018379603136330747,18.0,-6.0,0.8969034059715503,-0.009327288724934268
dpo_coverage05_feedback_half_b100_s0,dpo,coverage05,feedback_half,0.9,0.5,0.8,0.0,0.5,612,51,100,0.05831007680220074,0.08347013454291052,0.48351790057517813,7.0,0.6132799756764271,0.05829536781333365,1.4708988867087602e-05,0.08866756902968304,-0.005197434486772512,0.47416855084151804,0.009349349733660084,7.0,0.0,0.6801743469545747,-0.06689437127814757
dpo_coverage05_feedback_half_b100_s0,dpo,coverage05,feedback_half,0.9,0.5,0.8,0.0,0.5,737,51,100,0.06861400654164533,0.08254017112123048,0.4720637606176695,8.0,0.9109509059445322,0.06376990054176646,0.0048441059998788755,0.08797636389900824,-0.005436192777777765,0.49227395545489244,-0.020210194837222917,4.0,4.0,0.9219388053632243,-0.010987899418692049
dpo_coverage05_feedback_half_b100_s0,dpo,coverage05,feedback_half,0.9,0.5,0.8,0.0,0.5,867,51,100,0.06693635334698023,0.07082820514049264,0.45068904485731226,7.0,0.838683136388958,0.07426515501456671,-0.007328801667586482,0.09794456076161592,-0.027116355621123286,0.4867526402094892,-0.03606359535217696,13.0,-6.0,0.8666246263326971,-0.02794148994373913
dpo_coverage05_feedback_half_b100_s0,dpo,coverage05,feedback_half,0.9,0.5,0.8,0.0,0.5,945,51,100,0.07237179549350074,0.06443790241770776,0.35392035643891234,16.0,1.1192049814734726,0.07554271223544493,-0.0031709167419441825,0.11207384959984512,-0.04763594718213736,0.4167994794175594,-0.06287912297864706,12.0,4.0,1.0747796556818432,0.04442532579162939
dpo_coverage05_feedback_one_b100_s0,dpo,coverage05,feedback_one,0.9,0.5,0.8,0.0,1.0,54,1,25,0.04555988415950355,0.08060562393790827,0.8294498244618425,0.0,1.0661874769828226,0.0466626212440827,-0.0011027370845791487,0.08282922663126173,-0.002223602693353463,0.8304273729572931,-0.0009775484954506197,2.0,-2.0,1.071275772720962,-0.005088295738139514
dpo_coverage05_feedback_one_b100_s0,dpo,coverage05,feedback_one,0.9,0.5,0.8,0.0,1.0,251,1,25,0.08654117265207273,0.14238749919597815,0.5115190093787737,3.0,1.119027987067365,0.09132431901953718,-0.00478314636746445,0.16906921948936351,-0.026681720293385364,0.5844049811516698,-0.07288597177289613,4.0,-1.0,1.0658922504448745,0.05313573662249049
dpo_coverage05_feedback_one_b100_s0,dpo,coverage05,feedback_one,0.9,0.5,0.8,0.0,1.0,612,1,25,0.0985812020218437,0.13552136679490884,0.5886286404289975,3.0,0.7253356881544153,0.09290109461352293,0.00568010740832077,0.16207598282487565,-0.02655461602996681,0.6646787502398465,-0.07605010981084892,1.0,2.0,0.5880331917900916,0.13730249636432368
dpo_coverage05_feedback_one_b100_s0,dpo,coverage05,feedback_one,0.9,0.5,0.8,0.0,1.0,737,1,25,0.0709671225171959,0.13057730836750855,0.7257978728799244,1.0,0.9401280499082785,0.06990011298451472,0.0010670095326811846,0.13845302324624753,-0.007875714878738976,0.7641520664343588,-0.03835419355443448,1.0,0.0,0.8250345149849337,0.11509353492334473
dpo_coverage05_feedback_one_b100_s0,dpo,coverage05,feedback_one,0.9,0.5,0.8,0.0,1.0,867,1,25,0.06711224655006105,0.08081847884718327,0.6242826580588026,4.0,0.9667122013689878,0.06861338858721436,-0.0015011420371533052,0.07986387739143541,0.0009546014557478555,0.6463730975843753,-0.02209043952557277,4.0,0.0,0.9429012497195163,0.023810951649471557
dpo_coverage05_feedback_one_b100_s0,dpo,coverage05,feedback_one,0.9,0.5,0.8,0.0,1.0,945,1,25,0.08208495137836389,0.07796791518933735,0.5588274835801215,3.0,1.1262602474368513,0.08832131469964585,-0.006236363321281968,0.0899550549702635,-0.011987139780926151,0.5748301319199631,-0.016002648339841663,3.0,0.0,1.0999932228909342,0.026267024545917117
dpo_coverage05_feedback_one_b100_s0,dpo,coverage05,feedback_one,0.9,0.5,0.8,0.0,1.0,54,26,50,0.04778033960589903,0.04966897842272489,0.6486461377605721,0.0,0.8074064071563423,0.0394298419441168,0.008350497661782232,0.046539113348035996,0.0031298650746888965,0.693555475981757,-0.044909338221184925,0.0,0.0,0.7900146531664868,0.017391753989855485
dpo_coverage05_feedback_one_b100_s0,dpo,coverage05,feedback_one,0.9,0.5,0.8,0.0,1.0,251,26,50,0.07928194973551983,0.07264663069860851,0.4075306853806392,7.0,1.0797732056241474,0.07200120844673934,0.007280741288780493,0.10579000324313528,-0.033143372544526775,0.43034657052522346,-0.02281588514458427,5.0,2.0,1.0982610489920128,-0.018487843367865464
dpo_coverage05_feedback_one_b100_s0,dpo,coverage05,feedback_one,0.9,0.5,0.8,0.0,1.0,612,26,50,0.08006615532299753,0.08656048205404174,0.4583099063436273,9.0,0.6403392550658515,0.08342283785508457,-0.003356682532087041,0.12506837360183226,-0.038507891547790524,0.5181935610039001,-0.059883654660272845,4.0,5.0,0.6990481627128687,-0.058708907647017194
dpo_coverage05_feedback_one_b100_s0,dpo,coverage05,feedback_one,0.9,0.5,0.8,0.0,1.0,737,26,50,0.07573196587799756,0.07905210070791471,0.5395594724600604,0.0,0.8739235061870129,0.07597276815170423,-0.00024080227370666674,0.07706135493604409,0.001990745771870625,0.5075093769723518,0.03205009548770865,2.0,-2.0,0.869889716786051,0.004033789400961885
dpo_coverage05_feedback_one_b100_s0,dpo,coverage05,feedback_one,0.9,0.5,0.8,0.0,1.0,867,26,50,0.05296822131500764,0.05800822553583494,0.44669856785652795,5.0,0.7095842186405253,0.059891742536588986,-0.0069235212215813455,0.08961069190353363,-0.03160246636769869,0.4921504865015832,-0.04545191864505527,2.0,3.0,0.7003340475646457,0.009250171075879665
dpo_coverage05_feedback_one_b100_s0,dpo,coverage05,feedback_one,0.9,0.5,0.8,0.0,1.0,945,26,50,0.05824699368673888,0.05682917306175622,0.38532074429507934,3.0,1.0965582425888125,0.06723334193192201,-0.008986348245183136,0.07081935418521845,-0.01399018112346223,0.3805599306324655,0.0047608136626138275,10.0,-7.0,1.0555041246505161,0.041054117938296386
dpo_coverage05_feedback_one_b100_s0,dpo,coverage05,feedback_one,0.9,0.5,0.8,0.0,1.0,54,51,75,0.05686478246835084,0.055768165889342705,0.5199171572933868,2.0,0.7647883796005961,0.054692775465315153,0.0021720070030356864,0.038900386855950285,0.01686777903339242,0.4813484089940668,0.038568748299320055,2.0,0.0,0.7560643499264704,0.008724029674125666
dpo_coverage05_feedback_one_b100_s0,dpo,coverage05,feedback_one,0.9,0.5,0.8,0.0,1.0,251,51,75,0.050631648587941724,0.05042957253259888,0.4279710458983433,5.0,0.8307772508943492,0.05076823930517949,-0.0001365907172377681,0.05022654946453847,0.0002030230680604081,0.39807135189459397,0.02989969400374931,9.0,-4.0,0.8977686279562471,-0.06699137706189795
dpo_coverage05_feedback_one_b100_s0,dpo,coverage05,feedback_one,0.9,0.5,0.8,0.0,1.0,612,51,75,0.05860652115953615,0.05559144969818687,0.45836868359711547,6.0,0.6457399883020507,0.05811998241360117,0.0004865387459349821,0.0732900417684027,-0.017698592070215832,0.47158331017616845,-0.01321462657905298,4.0,2.0,0.6532453343529313,-0.007505346050880601
dpo_coverage05_feedback_one_b100_s0,dpo,coverage05,feedback_one,0.9,0.5,0.8,0.0,1.0,737,51,75,0.0676845775764844,0.06281649420017661,0.5321984839766091,2.0,0.8580273440679411,0.06320874281635365,0.004475834760130748,0.07523561622289819,-0.01241912202272158,0.5344860052114427,-0.002287521234833667,0.0,2.0,0.9229935308126603,-0.06496618674471921
dpo_coverage05_feedback_one_b100_s0,dpo,coverage05,feedback_one,0.9,0.5,0.8,0.0,1.0,867,51,75,0.067406539612288,0.0578994334532196,0.4559756256143935,6.0,0.8650080318822291,0.0661589945709094,0.0012475450413785977,0.08629469915323744,-0.028395265700017838,0.48595852054575334,-0.02998289493135986,9.0,-3.0,0.8984954990882646,-0.03348746720603557
dpo_coverage05_feedback_one_b100_s0,dpo,coverage05,feedback_one,0.9,0.5,0.8,0.0,1.0,945,51,75,0.06292335204666019,0.040297954082458044,0.34269953134454945,10.0,1.1302482356168282,0.06744290306204259,-0.0045195510153824,0.08331398144590356,-0.043016027363445515,0.41443811231705957,-0.07173858097251012,7.0,3.0,1.0941108302793925,0.0361374053374357
dpo_coverage05_feedback_one_b100_s0,dpo,coverage05,feedback_one,0.9,0.5,0.8,0.0,1.0,54,76,100,0.050010951455861916,0.043321991041969835,0.525115692626795,2.0,0.7936654260774536,0.050559066307121536,-0.0005481148512596207,0.04908590082511683,-0.005763909783146996,0.595259765547334,-0.07014407292053892,0.0,2.0,0.8060195268722014,-0.012354100794747747
dpo_coverage05_feedback_one_b100_s0,dpo,coverage05,feedback_one,0.9,0.5,0.8,0.0,1.0,251,76,100,0.07338161117993161,0.08725019320530915,0.43192949019922383,5.0,0.9210454135469958,0.07324923373190584,0.00013237744802577223,0.07764343164360665,0.009606761561702495,0.42270004765349595,0.009229442545727884,9.0,-4.0,0.8960381839868526,0.025007229560143118
dpo_coverage05_feedback_one_b100_s0,dpo,coverage05,feedback_one,0.9,0.5,0.8,0.0,1.0,612,76,100,0.05681005103415538,0.056262312530840006,0.4909208972884332,1.0,0.6322682472256909,0.05847075321306612,-0.0016607021789107404,0.06365918758877528,-0.007396875057935279,0.47675379150686736,0.014167105781565825,3.0,-2.0,0.7071033595562178,-0.07483511233052698
dpo_coverage05_feedback_one_b100_s0,dpo,coverage05,feedback_one,0.9,0.5,0.8,0.0,1.0,737,76,100,0.07123013430536716,0.06592171390291428,0.4389464244191702,8.0,0.8895089405153968,0.06433105826717922,0.006899076038187943,0.08710049069927299,-0.02117877679635871,0.4500619056983418,-0.011115481279171613,4.0,4.0,0.9208840799137872,-0.03137513939839043
dpo_coverage05_feedback_one_b100_s0,dpo,coverage05,feedback_one,0.9,0.5,0.8,0.0,1.0,867,76,100,0.0680415151743648,0.0787653292189196,0.44662689470413525,7.0,0.8294264157118163,0.08237131545822399,-0.01432980028385919,0.10262730766777531,-0.02386197844885571,0.48754675987322516,-0.04091986516908991,4.0,3.0,0.8347537535771294,-0.005327337865313142
dpo_coverage05_feedback_one_b100_s0,dpo,coverage05,feedback_one,0.9,0.5,0.8,0.0,1.0,945,76,100,0.07574671751380585,0.06386149963419295,0.3408656713883218,8.0,1.1268180959435758,0.08364252140884726,-0.007895803895041409,0.11844033157256889,-0.05457883193837594,0.41916084651805924,-0.07829517512973744,5.0,3.0,1.0554484810842932,0.07136961485928262
dpo_coverage05_feedback_one_b100_s0,dpo,coverage05,feedback_one,0.9,0.5,0.8,0.0,1.0,54,51,100,0.0534378669621064,0.051795924945104516,0.5225164249600909,4.0,0.779226902839025,0.052625920886218355,0.0008119460758880467,0.054924810672110316,-0.0031288857270058007,0.5383040872707003,-0.015787662310609463,2.0,2.0,0.781041938399336,-0.0018150355603110402
dpo_coverage05_feedback_one_b100_s0,dpo,coverage05,feedback_one,0.9,0.5,0.8,0.0,1.0,251,51,100,0.06200662988393669,0.0767707986187858,0.4299502680487837,10.0,0.8759113322206722,0.06200873651854268,-2.106634605994473e-06,0.07177285201158405,0.00499794660720175,0.41038569977404493,0.01956456827473879,18.0,-8.0,0.8969034059715503,-0.020992073750878082
dpo_coverage05_feedback_one_b100_s0,dpo,coverage05,feedback_one,0.9,0.5,0.8,0.0,1.0,612,51,100,0.057708286096845744,0.0750111994175009,0.47464479044277413,7.0,0.6390041177638708,0.05829536781333365,-0.0005870817164879069,0.08866756902968304,-0.01365636961218214,0.47416855084151804,0.0004762396012560899,7.0,0.0,0.6801743469545747,-0.0411702291907039
dpo_coverage05_feedback_one_b100_s0,dpo,coverage05,feedback_one,0.9,0.5,0.8,0.0,1.0,737,51,100,0.06945735594092578,0.07148649796488393,0.4855724541978896,10.0,0.8737681422916688,0.06376990054176646,0.005687455399159325,0.08797636389900824,-0.016489865934124312,0.49227395545489244,-0.006701501257002862,4.0,6.0,0.9219388053632243,-0.048170663071555486
dpo_coverage05_feedback_one_b100_s0,dpo,coverage05,feedback_one,0.9,0.5,0.8,0.0,1.0,867,51,100,0.0677240273933264,0.07100726478992236,0.4513012601592643,13.0,0.8472172237970226,0.07426515501456671,-0.006541127621240303,0.09794456076161592,-0.02693729597169356,0.4867526402094892,-0.03545138005022491,13.0,0.0,0.8666246263326971,-0.019407402535674523
dpo_coverage05_feedback_one_b100_s0,dpo,coverage05,feedback_one,0.9,0.5,0.8,0.0,1.0,945,51,100,0.06933503478023302,0.05712982302399706,0.34178260136643557,18.0,1.1285331657802018,0.07554271223544493,-0.006207677455211905,0.11207384959984512,-0.054944026575848064,0.4167994794175594,-0.07501687805112384,12.0,6.0,1.0747796556818432,0.0537535100983586
ipo_beta15_reference_half_b100_s0,ipo,beta15,reference_half,0.9,0.8,0.3,0.45,0.0,54,1,25,0.05652277417945526,0.07827099059865426,0.7746116885466136,0.0,0.9324567418836167,0.05688955624681593,-0.00036678206736066865,0.08467083616985926,-0.006399845571205001,0.7613404286587457,0.013271259887867815,0.0,0.0,0.8758277913058812,0.05662895057773554
ipo_beta15_reference_half_b100_s0,ipo,beta15,reference_half,0.9,0.8,0.3,0.45,0.0,251,1,25,0.08193610972425461,0.14598052799122027,0.6221409684745555,2.0,1.0499626462965421,0.0838194893527424,-0.001883379628487794,0.16770234755686125,-0.021721819565640982,0.6053778569887602,0.016763111485795235,2.0,0.0,1.0533594072186492,-0.003396760922107056
ipo_beta15_reference_half_b100_s0,ipo,beta15,reference_half,0.9,0.8,0.3,0.45,0.0,612,1,25,0.0783054101410959,0.13337040695226027,0.648698871740412,1.0,0.6455836894821262,0.07772434018417153,0.0005810699569243766,0.15076333349456897,-0.0173929265423087,0.6692968652181621,-0.020597993477750154,1.0,0.0,0.6129951105526374,0.03258857892948874
ipo_beta15_reference_half_b100_s0,ipo,beta15,reference_half,0.9,0.8,0.3,0.45,0.0,737,1,25,0.06433707018478191,0.12853223817498283,0.7235652814742157,1.0,0.827301985089898,0.06325332637227757,0.0010837438125043397,0.12745643586568883,0.001075802309293994,0.7506271833151419,-0.02706190184092616,1.0,0.0,0.8356303904248819,-0.008328405334983802
ipo_beta15_reference_half_b100_s0,ipo,beta15,reference_half,0.9,0.8,0.3,0.45,0.0,867,1,25,0.07973746057038594,0.08574083052698249,0.6033132104700738,4.0,0.9284257291669621,0.07782574077276812,0.0019117197976178252,0.10220893247178435,-0.01646810194480186,0.5943593776925234,0.008953832777550352,4.0,0.0,0.8505670042769902,0.07785872488997192
ipo_beta15_reference_half_b100_s0,ipo,beta15,reference_half,0.9,0.8,0.3,0.45,0.0,945,1,25,0.07390828061783665,0.07158622938205665,0.5576737975211002,3.0,1.179611526384803,0.08206550170109995,-0.008157221083263305,0.09217408341956812,-0.02058785403751147,0.5346963955625096,0.02297740195859066,3.0,0.0,1.1076675339503894,0.07194399243441363
ipo_beta15_reference_half_b100_s0,ipo,beta15,reference_half,0.9,0.8,0.3,0.45,0.0,54,26,50,0.055675884100642475,0.04089623180871975,0.5149124621060307,0.0,0.7807599346843834,0.05120441172877795,0.0044714723718645225,0.0437015756417976,-0.0028053438330778516,0.5193971472391062,-0.004484685133075539,0.0,0.0,0.8071017570282812,-0.026341822343897814
ipo_beta15_reference_half_b100_s0,ipo,beta15,reference_half,0.9,0.8,0.3,0.45,0.0,251,26,50,0.07237265047309689,0.07697641047389836,0.3805198522047475,8.0,1.091896261352275,0.06903174304589815,0.003340907427198739,0.12674872851101465,-0.04977231803711629,0.4956616323358753,-0.1151417801311278,2.0,6.0,1.1339936945946723,-0.04209743324239734
ipo_beta15_reference_half_b100_s0,ipo,beta15,reference_half,0.9,0.8,0.3,0.45,0.0,612,26,50,0.0780018991304052,0.06397493886589871,0.3987572314874541,12.0,0.845926234046728,0.06717181872504609,0.010830080405359113,0.09392164518427863,-0.029946706318379923,0.4617036138004571,-0.06294638231300298,5.0,7.0,0.7440290128459709,0.10189722120075706
ipo_beta15_reference_half_b100_s0,ipo,beta15,reference_half,0.9,0.8,0.3,0.45,0.0,737,26,50,0.08413442730688886,0.10031596310620404,0.4530378524703345,10.0,0.785569429981941,0.0653569805283654,0.018777446778523457,0.06729107876820992,0.03302488433799412,0.4924924298684016,-0.03945457739806707,0.0,10.0,0.871900307925658,-0.08633087794371697
ipo_beta15_reference_half_b100_s0,ipo,beta15,reference_half,0.9,0.8,0.3,0.45,0.0,867,26,50,0.057664160899645746,0.032969716501548355,0.43729652584745843,2.0,0.6212266845667588,0.053349253556814746,0.0043149073428309995,0.0855528855029401,-0.05258316900139175,0.4731556010837356,-0.03585907523627718,4.0,-2.0,0.6422845762485759,-0.021057891681817154
ipo_beta15_reference_half_b100_s0,ipo,beta15,reference_half,0.9,0.8,0.3,0.45,0.0,945,26,50,0.061961040089949446,0.05663371298944404,0.3784591069743295,9.0,1.0790454809032084,0.056234008018824035,0.005727032071125411,0.05816937492935114,-0.0015356619399070973,0.3671047890372996,0.0113543179370299,5.0,4.0,1.117781599411062,-0.038736118507853634
ipo_beta15_reference_half_b100_s0,ipo,beta15,reference_half,0.9,0.8,0.3,0.45,0.0,54,51,75,0.05486551534819697,0.05132112226741531,0.4947390489094248,4.0,0.7041337433211191,0.05778709337600201,-0.002921578027805044,0.06022780126178344,-0.00890667899436813,0.4838869468272026,0.010852102082222148,2.0,2.0,0.7052422125980996,-0.001108469276980495
ipo_beta15_reference_half_b100_s0,ipo,beta15,reference_half,0.9,0.8,0.3,0.45,0.0,251,51,75,0.05592050078503735,0.07048233963720983,0.4167216966695396,2.0,0.9495861005529704,0.05243973328291494,0.0034807675021224158,0.0899667925250594,-0.01948445288784957,0.4436695884431859,-0.02694789177364626,3.0,-1.0,0.9990550255734683,-0.04946892502049782
ipo_beta15_reference_half_b100_s0,ipo,beta15,reference_half,0.9,0.8,0.3,0.45,0.0,612,51,75,0.0630545751691575,0.04767631304257178,0.44003520154043374,6.0,0.7022487753262022,0.05416182787812546,0.008892747291032038,0.06700639275489641,-0.01933007971232463,0.4378984276418915,0.0021367738985422213,4.0,2.0,0.7917964494663621,-0.08954767414015985
ipo_beta15_reference_half_b100_s0,ipo,beta15,reference_half,0.9,0.8,0.3,0.45,0.0,737,51,75,0.05458180069775977,0.042184270201121574,0.5240795752452683,0.0,0.8219668570843346,0.06469646457407707,-0.0101146638763173,0.08229929707436427,-0.0401150268732427,0.4976979554979557,0.026381619747312568,4.0,-4.0,0.8567048591484472,-0.034738002064112594
ipo_beta15_reference_half_b100_s0,ipo,beta15,reference_half,0.9,0.8,0.3,0.45,0.0,867,51,75,0.05088633092067213,0.04144623102314583,0.44726659145824876,4.0,0.7770484773634726,0.056217618377057556,-0.0053312874563854265,0.0696534083294158,-0.028207177306269968,0.44153948025722817,0.005727111201020596,2.0,2.0,0.8330329442806947,-0.05598446691722214
ipo_beta15_reference_half_b100_s0,ipo,beta15,reference_half,0.9,0.8,0.3,0.45,0.0,945,51,75,0.07341081302125078,0.050485433106782315,0.3647389481418707,10.0,1.1682607643894343,0.06214170127910883,0.011269111742141957,0.07515542438730505,-0.024669991280522732,0.4328739762541709,-0.06813502811230021,1.0,9.0,1.1213815061429837,0.04687925824645056
ipo_beta15_reference_half_b100_s0,ipo,beta15,reference_half,0.9,0.8,0.3,0.45,0.0,54,76,100,0.04894026724952893,0.03752830378703175,0.4940015358427854,0.0,0.7805523722206498,0.051103632328638085,-0.002163365079109157,0.031261024326222374,0.006267279460809377,0.4736605663318113,0.020340969510974083,0.0,0.0,0.7969417414150215,-0.016389369194371728
ipo_beta15_reference_half_b100_s0,ipo,beta15,reference_half,0.9,0.8,0.3,0.45,0.0,251,76,100,0.06670674758469004,0.07069747701076498,0.41677329391673695,9.0,1.0009849945199665,0.060548266008185886,0.006158481576504157,0.06390058063770893,0.006796896373056055,0.4048050076663026,0.011968286250434335,6.0,3.0,0.9976281201265128,0.0033568743934536682
ipo_beta15_reference_half_b100_s0,ipo,beta15,reference_half,0.9,0.8,0.3,0.45,0.0,612,76,100,0.0601557580067289,0.039966729601519015,0.4258700234416266,0.0,0.7881015725751714,0.05587788559577946,0.004277872410949436,0.04638982488815224,-0.006423095286633228,0.4074587644912197,0.018411258950406906,2.0,-2.0,0.7857207794627145,0.0023807931124569803
ipo_beta15_reference_half_b100_s0,ipo,beta15,reference_half,0.9,0.8,0.3,0.45,0.0,737,76,100,0.06586954285432739,0.061911862570407705,0.4308011358669704,6.0,0.8290056003827658,0.06237285533820423,0.0034966875161231564,0.06524947790528393,-0.003337615334876226,0.44400963493378415,-0.013208499066813761,8.0,-2.0,0.9233152985822948,-0.09430969819952895
ipo_beta15_reference_half_b100_s0,ipo,beta15,reference_half,0.9,0.8,0.3,0.45,0.0,867,76,100,0.07654128906650513,0.055745976605657485,0.4267947580980153,8.0,0.7902178853283861,0.07132679281747005,0.005214496249035083,0.09162804931837444,-0.035882072712716956,0.4700997003990583,-0.04330494230104298,4.0,4.0,0.8131410887703627,-0.022923203441976625
ipo_beta15_reference_half_b100_s0,ipo,beta15,reference_half,0.9,0.8,0.3,0.45,0.0,945,76,100,0.07220064731456832,0.06972836507056895,0.3582678098314075,6.0,1.1457892706816157,0.07081108907541155,0.0013895582391567768,0.11300747273129069,-0.04327910766072174,0.4193075337128435,-0.061039723881436025,3.0,3.0,1.1438177996447185,0.00197147103689721
ipo_beta15_reference_half_b100_s0,ipo,beta15,reference_half,0.9,0.8,0.3,0.45,0.0,54,51,100,0.051902891298862955,0.049317866837447245,0.4943702923761052,4.0,0.7423430577708844,0.054445362852320066,-0.002542471553457111,0.05661155558333435,-0.007293688745887102,0.4787737565795071,0.015596535796598088,2.0,2.0,0.7510919770065607,-0.008748919235676333
ipo_beta15_reference_half_b100_s0,ipo,beta15,reference_half,0.9,0.8,0.3,0.45,0.0,251,51,100,0.06131362418486371,0.07855981588254848,0.41674749529313826,11.0,0.9752855475364686,0.05649399964555042,0.00481962453931329,0.08581209991807656,-0.007252284035528078,0.42423729805474425,-0.00748980276160599,9.0,2.0,0.9983415728499904,-0.0230560253135218
ipo_beta15_reference_half_b100_s0,ipo,beta15,reference_half,0.9,0.8,0.3,0.45,0.0,612,51,100,0.06160516658794318,0.05560908994017143,0.4329526124910301,6.0,0.7451751739506871,0.05501985673695246,0.00658530985099072,0.06778538627956017,-0.012176296339388742,0.42267859606655556,0.010274016424474564,6.0,0.0,0.7887586144645381,-0.04358344051385099
ipo_beta15_reference_half_b100_s0,ipo,beta15,reference_half,0.9,0.8,0.3,0.45,0.0,737,51,100,0.06022567177604356,0.061246436746800845,0.4774403555561195,6.0,0.8254862287335503,0.06353465995614066,-0.0033089881800971027,0.0776792627621741,-0.016432826015373256,0.4708537952158698,0.006586560340249736,12.0,-6.0,0.890010078865371,-0.06452385013182071
ipo_beta15_reference_half_b100_s0,ipo,beta15,reference_half,0.9,0.8,0.3,0.45,0.0,867,51,100,0.06371380999358867,0.050737339618897453,0.437030674778132,12.0,0.7836331813459292,0.0637722055972638,-5.8395603675140406e-05,0.08182637159294895,-0.031089031974051495,0.45581959032814334,-0.01878891555001133,6.0,6.0,0.823087016525529,-0.03945383517959977
ipo_beta15_reference_half_b100_s0,ipo,beta15,reference_half,0.9,0.8,0.3,0.45,0.0,945,51,100,0.07280573016790953,0.06511218096735387,0.3615033789866391,16.0,1.1570250175355248,0.06647639517726019,0.006329334990649346,0.10579961040580403,-0.04068742943845016,0.4260907549835071,-0.06458737599686803,4.0,12.0,1.1325996528938511,0.024425364641673664
ipo_beta15_reference_max_b100_s0,ipo,beta15,reference_max,0.9,0.8,0.3,0.9,0.0,54,1,25,0.055759611207596774,0.06583867300082769,0.7926883244379157,0.0,0.9529921095594946,0.05688955624681593,-0.001129945039219156,0.08467083616985926,-0.01883216316903158,0.7613404286587457,0.031347895779169965,0.0,0.0,0.8758277913058812,0.07716431825361347
ipo_beta15_reference_max_b100_s0,ipo,beta15,reference_max,0.9,0.8,0.3,0.9,0.0,251,1,25,0.09343361674978758,0.13564172271321506,0.6484934567625065,3.0,1.0477418801271616,0.0838194893527424,0.009614127397045175,0.16770234755686125,-0.03206062484364619,0.6053778569887602,0.04311559977374624,2.0,1.0,1.0533594072186492,-0.005617527091487551
ipo_beta15_reference_max_b100_s0,ipo,beta15,reference_max,0.9,0.8,0.3,0.9,0.0,612,1,25,0.1228886688469666,0.11461366335270734,0.6691799339401541,7.0,0.6123231338493812,0.07772434018417153,0.04516432866279507,0.15076333349456897,-0.03614967014186163,0.6692968652181621,-0.00011693127800804781,1.0,6.0,0.6129951105526374,-0.0006719767032562496
ipo_beta15_reference_max_b100_s0,ipo,beta15,reference_max,0.9,0.8,0.3,0.9,0.0,737,1,25,0.07988082319048358,0.12899881141562342,0.6847948469644696,3.0,0.8819124204475979,0.06325332637227757,0.01662749681820601,0.12745643586568883,0.0015423755499345826,0.7506271833151419,-0.06583233635067232,1.0,2.0,0.8356303904248819,0.046282030022716025
ipo_beta15_reference_max_b100_s0,ipo,beta15,reference_max,0.9,0.8,0.3,0.9,0.0,867,1,25,0.14998300048031576,0.07770032012507386,0.6310673554911616,2.0,0.9846753021034644,0.07782574077276812,0.07215725970754765,0.10220893247178435,-0.024508612346710493,0.5943593776925234,0.0367079777986381,4.0,-2.0,0.8505670042769902,0.13410829782647427
ipo_beta15_reference_max_b100_s0,ipo,beta15,reference_max,0.9,0.8,0.3,0.9,0.0,945,1,25,0.10908750408896709,0.06329453607710582,0.5789679278392594,1.0,1.2135725754248776,0.08206550170109995,0.02702200238786713,0.09217408341956812,-0.0288795473424623,0.5346963955625096,0.04427153227674985,3.0,-2.0,1.1076675339503894,0.1059050414744882
ipo_beta15_reference_max_b100_s0,ipo,beta15,reference_max,0.9,0.8,0.3,0.9,0.0,54,26,50,0.10433547903773667,0.05201326365299189,0.5692295518126015,0.0,0.7252505394759894,0.05120441172877795,0.05313106730895872,0.0437015756417976,0.008311688011194286,0.5193971472391062,0.04983240457349525,0.0,0.0,0.8071017570282812,-0.08185121755229186
ipo_beta15_reference_max_b100_s0,ipo,beta15,reference_max,0.9,0.8,0.3,0.9,0.0,251,26,50,0.21725395928843674,0.09129408799885574,0.4083528920162576,18.0,1.0380454009998545,0.06903174304589815,0.1482222162425386,0.12674872851101465,-0.03545464051215891,0.4956616323358753,-0.08730874031961772,2.0,16.0,1.1339936945946723,-0.09594829359481771
ipo_beta15_reference_max_b100_s0,ipo,beta15,reference_max,0.9,0.8,0.3,0.9,0.0,612,26,50,0.152286343664166,0.07421532821687228,0.4402256920917631,4.0,0.8050123022555725,0.06717181872504609,0.0851145249391199,0.09392164518427863,-0.01970631696740635,0.4617036138004571,-0.021477921708694003,5.0,-1.0,0.7440290128459709,0.060983289409601626
ipo_beta15_reference_max_b100_s0,ipo,beta15,reference_max,0.9,0.8,0.3,0.9,0.0,737,26,50,0.17113851691558243,0.09782971373527447,0.48429756532437074,5.0,0.7781105939072542,0.0653569805283654,0.10578153638721703,0.06729107876820992,0.03053863496706455,0.4924924298684016,-0.008194864544030844,0.0,5.0,0.871900307925658,-0.09378971401840375
ipo_beta15_reference_max_b100_s0,ipo,beta15,reference_max,0.9,0.8,0.3,0.9,0.0,867,26,50,0.1421690532577989,0.072830253304761,0.4994245437155375,7.0,0.7055017835429339,0.053349253556814746,0.08881979970098416,0.0855528855029401,-0.012722632198179096,0.4731556010837356,0.026268942631801906,4.0,3.0,0.6422845762485759,0.06321720729435798
ipo_beta15_reference_max_b100_s0,ipo,beta15,reference_max,0.9,0.8,0.3,0.9,0.0,945,26,50,0.15352129546059792,0.06031779558085844,0.42154263339287595,19.0,1.083344053212313,0.056234008018824035,0.0972872874417739,0.05816937492935114,0.0021484206515072976,0.3671047890372996,0.05443784435557636,5.0,14.0,1.117781599411062,-0.03443754619874895
ipo_beta15_reference_max_b100_s0,ipo,beta15,reference_max,0.9,0.8,0.3,0.9,0.0,54,51,75,0.054287909839581275,0.038887765413705984,0.5118582842735446,4.0,0.7450317294023301,0.05778709337600201,-0.003499183536420737,0.06022780126178344,-0.021340035848077456,0.4838869468272026,0.027971337446342004,2.0,2.0,0.7052422125980996,0.039789516804230485
ipo_beta15_reference_max_b100_s0,ipo,beta15,reference_max,0.9,0.8,0.3,0.9,0.0,251,51,75,0.07000511963330465,0.04690494342242285,0.37103667732793594,7.0,1.05380789223811,0.05243973328291494,0.017565386350389713,0.0899667925250594,-0.04306184910263655,0.4436695884431859,-0.07263291111524994,3.0,4.0,0.9990550255734683,0.05475286666464174
ipo_beta15_reference_max_b100_s0,ipo,beta15,reference_max,0.9,0.8,0.3,0.9,0.0,612,51,75,0.11446900177439112,0.0462310612783405,0.4110588269092404,14.0,0.8326040438411725,0.05416182787812546,0.060307173896265664,0.06700639275489641,-0.020775331476555907,0.4378984276418915,-0.026839600732651125,4.0,10.0,0.7917964494663621,0.04080759437481041
ipo_beta15_reference_max_b100_s0,ipo,beta15,reference_max,0.9,0.8,0.3,0.9,0.0,737,51,75,0.08953064303545405,0.04824512502484232,0.45173511522505266,9.0,0.8554277618687294,0.06469646457407707,0.024834178461376977,0.08229929707436427,-0.03405417204952195,0.4976979554979557,-0.04596284027290304,4.0,5.0,0.8567048591484472,-0.0012770972797178093
ipo_beta15_reference_max_b100_s0,ipo,beta15,reference_max,0.9,0.8,0.3,0.9,0.0,867,51,75,0.06719744175940878,0.044760660747089204,0.42787132077199014,5.0,0.6796778833275939,0.056217618377057556,0.010979823382351227,0.0696534083294158,-0.024892747582326596,0.44153948025722817,-0.01366815948523803,2.0,3.0,0.8330329442806947,-0.1533550609531008
ipo_beta15_reference_max_b100_s0,ipo,beta15,reference_max,0.9,0.8,0.3,0.9,0.0,945,51,75,0.10622138374183504,0.04014900389210638,0.3622027452170988,13.0,1.1349188307698517,0.06214170127910883,0.044079682462726213,0.07515542438730505,-0.03500642049519867,0.4328739762541709,-0.07067123103707212,1.0,12.0,1.1213815061429837,0.013537324626867964
ipo_beta15_reference_max_b100_s0,ipo,beta15,reference_max,0.9,0.8,0.3,0.9,0.0,54,76,100,0.07251749813682891,0.04581320473423255,0.4911993387405132,0.0,0.814911500429143,0.051103632328638085,0.021413865808190824,0.031261024326222374,0.014552180408010179,0.4736605663318113,0.017538772408701886,0.0,0.0,0.7969417414150215,0.017969759014121456
ipo_beta15_reference_max_b100_s0,ipo,beta15,reference_max,0.9,0.8,0.3,0.9,0.0,251,76,100,0.10507137404394978,0.05342293511990772,0.3899250823617042,16.0,1.0320200172464118,0.060548266008185886,0.0445231080357639,0.06390058063770893,-0.010477645517801205,0.4048050076663026,-0.014879925304598418,6.0,10.0,0.9976281201265128,0.034391897119898984
ipo_beta15_reference_max_b100_s0,ipo,beta15,reference_max,0.9,0.8,0.3,0.9,0.0,612,76,100,0.13433873831812634,0.05055225546393265,0.41787007524982017,7.0,0.7968351155152835,0.05587788559577946,0.07846085272234687,0.04638982488815224,0.004162430575780404,0.4074587644912197,0.010411310758600467,2.0,5.0,0.7857207794627145,0.011114336052569063
ipo_beta15_reference_max_b100_s0,ipo,beta15,reference_max,0.9,0.8,0.3,0.9,0.0,737,76,100,0.12587580062461215,0.053798728819352416,0.4372064117131245,10.0,0.7736101603382828,0.06237285533820423,0.06350294528640792,0.06524947790528393,-0.011450749085931515,0.44400963493378415,-0.006803223220659627,8.0,2.0,0.9233152985822948,-0.149705138244012
ipo_beta15_reference_max_b100_s0,ipo,beta15,reference_max,0.9,0.8,0.3,0.9,0.0,867,76,100,0.0996940516190621,0.044171731604174994,0.43503947556344774,12.0,0.7788125996623261,0.07132679281747005,0.02836725880159205,0.09162804931837444,-0.04745631771419945,0.4700997003990583,-0.035060224835610554,4.0,8.0,0.8131410887703627,-0.03432848910803665
ipo_beta15_reference_max_b100_s0,ipo,beta15,reference_max,0.9,0.8,0.3,0.9,0.0,945,76,100,0.0761946940995965,0.04942482976804806,0.3384298852543192,8.0,1.1505075018413782,0.07081108907541155,0.005383605024184959,0.11300747273129069,-0.06358264296324263,0.4193075337128435,-0.0808776484585243,3.0,5.0,1.1438177996447185,0.006689702196659653
ipo_beta15_reference_max_b100_s0,ipo,beta15,reference_max,0.9,0.8,0.3,0.9,0.0,54,51,100,0.06340270398820508,0.04852155264009994,0.5015288115070291,4.0,0.7799716149157365,0.054445362852320066,0.008957341135885012,0.05661155558333435,-0.008090002943234406,0.4787737565795071,0.022755054927522,2.0,2.0,0.7510919770065607,0.028879637909175804
ipo_beta15_reference_max_b100_s0,ipo,beta15,reference_max,0.9,0.8,0.3,0.9,0.0,251,51,100,0.08753824683862722,0.05197060058513783,0.3804808798448201,23.0,1.042913954742261,0.05649399964555042,0.0310442471930768,0.08581209991807656,-0.03384149933293873,0.42423729805474425,-0.04375641820992415,9.0,14.0,0.9983415728499904,0.04457238189227064
ipo_beta15_reference_max_b100_s0,ipo,beta15,reference_max,0.9,0.8,0.3,0.9,0.0,612,51,100,0.12440387004625872,0.0615656306541507,0.41446445107953034,21.0,0.8147195796782281,0.05501985673695246,0.06938401330930626,0.06778538627956017,-0.006219755625409468,0.42267859606655556,-0.008214144987025218,6.0,15.0,0.7887586144645381,0.025960965213689957
ipo_beta15_reference_max_b100_s0,ipo,beta15,reference_max,0.9,0.8,0.3,0.9,0.0,737,51,100,0.1077032218300331,0.053031117721718764,0.44447076346908854,19.0,0.8145189611035059,0.06353465995614066,0.04416856187389244,0.0776792627621741,-0.024648145040455337,0.4708537952158698,-0.02638303174678125,12.0,7.0,0.890010078865371,-0.07549111776186512
ipo_beta15_reference_max_b100_s0,ipo,beta15,reference_max,0.9,0.8,0.3,0.9,0.0,867,51,100,0.08344574668923546,0.05074484292899335,0.431455398167719,17.0,0.72924524149496,0.0637722055972638,0.019673541091971655,0.08182637159294895,-0.031081528663955596,0.45581959032814334,-0.024364192160424347,6.0,11.0,0.823087016525529,-0.09384177503056901
ipo_beta15_reference_max_b100_s0,ipo,beta15,reference_max,0.9,0.8,0.3,0.9,0.0,945,51,100,0.09120803892071573,0.05081610292870871,0.35031631523570894,21.0,1.142713166305615,0.06647639517726019,0.024731643743455545,0.10579961040580403,-0.05498350747709532,0.4260907549835071,-0.07577443974779818,4.0,17.0,1.1325996528938511,0.010113513411763808
ipo_beta15_feedback_half_b100_s0,ipo,beta15,feedback_half,0.9,0.8,0.3,0.0,0.5,54,1,25,0.06130100720127162,0.09424475781336225,0.7258455067592774,0.0,0.8446250218055517,0.05688955624681593,0.004411450954455692,0.08467083616985926,0.009573921643502986,0.7613404286587457,-0.035494921899468346,0.0,0.0,0.8758277913058812,-0.03120276950032952
ipo_beta15_feedback_half_b100_s0,ipo,beta15,feedback_half,0.9,0.8,0.3,0.0,0.5,251,1,25,0.08532161276882501,0.14604387013177647,0.5316451529294621,4.0,1.1093321941682577,0.0838194893527424,0.001502123416082607,0.16770234755686125,-0.021658477425084782,0.6053778569887602,-0.0737327040592981,2.0,2.0,1.0533594072186492,0.0559727869496085
ipo_beta15_feedback_half_b100_s0,ipo,beta15,feedback_half,0.9,0.8,0.3,0.0,0.5,612,1,25,0.08366940498732557,0.14399088992850856,0.6029435155460309,1.0,0.6610092613905733,0.07772434018417153,0.005945064803154043,0.15076333349456897,-0.00677244356606041,0.6692968652181621,-0.06635334967213125,1.0,0.0,0.6129951105526374,0.04801415083793581
ipo_beta15_feedback_half_b100_s0,ipo,beta15,feedback_half,0.9,0.8,0.3,0.0,0.5,737,1,25,0.06540018771621718,0.12935336197689173,0.7252350598177203,1.0,0.9386064014673035,0.06325332637227757,0.002146861343939613,0.12745643586568883,0.0018969261112029012,0.7506271833151419,-0.025392123497421593,1.0,0.0,0.8356303904248819,0.1029760110424216
ipo_beta15_feedback_half_b100_s0,ipo,beta15,feedback_half,0.9,0.8,0.3,0.0,0.5,867,1,25,0.07965932017815054,0.11022403716178902,0.6000117925592365,4.0,0.8736343266992121,0.07782574077276812,0.001833579405382424,0.10220893247178435,0.008015104690004674,0.5943593776925234,0.005652414866713085,4.0,0.0,0.8505670042769902,0.02306732242222198
ipo_beta15_feedback_half_b100_s0,ipo,beta15,feedback_half,0.9,0.8,0.3,0.0,0.5,945,1,25,0.07547857385431461,0.08165983274036809,0.5195133571288004,3.0,1.1244586577405962,0.08206550170109995,-0.006586927846785343,0.09217408341956812,-0.010514250679200032,0.5346963955625096,-0.015183038433709162,3.0,0.0,1.1076675339503894,0.016791123790206752
ipo_beta15_feedback_half_b100_s0,ipo,beta15,feedback_half,0.9,0.8,0.3,0.0,0.5,54,26,50,0.04818157016933479,0.04006073720392537,0.5305616688465833,0.0,0.8031728969280729,0.05120441172877795,-0.0030228415594431637,0.0437015756417976,-0.003640838437872232,0.5193971472391062,0.011164521607477051,0.0,0.0,0.8071017570282812,-0.00392886010020832
ipo_beta15_feedback_half_b100_s0,ipo,beta15,feedback_half,0.9,0.8,0.3,0.0,0.5,251,26,50,0.06951105531481211,0.07585484560067972,0.4127586591883151,2.0,1.137424524850532,0.06903174304589815,0.0004793122689139562,0.12674872851101465,-0.050893882910334934,0.4956616323358753,-0.08290297314756018,2.0,0.0,1.1339936945946723,0.0034308302558596626
ipo_beta15_feedback_half_b100_s0,ipo,beta15,feedback_half,0.9,0.8,0.3,0.0,0.5,612,26,50,0.0666874800457479,0.08994759572988259,0.4725826870531094,3.0,0.7177367983192465,0.06717181872504609,-0.00048433867929818797,0.09392164518427863,-0.003974049454396042,0.4617036138004571,0.010879073252652305,5.0,-2.0,0.7440290128459709,-0.026292214526724367
ipo_beta15_feedback_half_b100_s0,ipo,beta15,feedback_half,0.9,0.8,0.3,0.0,0.5,737,26,50,0.06259789504165543,0.06614334992228214,0.4989814928293124,0.0,0.9231821381443719,0.0653569805283654,-0.0027590854867099723,0.06729107876820992,-0.001147728845927773,0.4924924298684016,0.006489062960910841,0.0,0.0,0.871900307925658,0.05128183021871391
ipo_beta15_feedback_half_b100_s0,ipo,beta15,feedback_half,0.9,0.8,0.3,0.0,0.5,867,26,50,0.06244181028493195,0.07022284718275609,0.459780344646425,7.0,0.6592556923927257,0.053349253556814746,0.009092556728117207,0.0855528855029401,-0.015330038320184008,0.4731556010837356,-0.013375256437310634,4.0,3.0,0.6422845762485759,0.01697111614414981
ipo_beta15_feedback_half_b100_s0,ipo,beta15,feedback_half,0.9,0.8,0.3,0.0,0.5,945,26,50,0.054409429551813514,0.059300115600084635,0.3682862797434655,5.0,1.150904639306721,0.056234008018824035,-0.0018245784670105208,0.05816937492935114,0.0011307406707334947,0.3671047890372996,0.0011814907061659108,5.0,0.0,1.117781599411062,0.03312303989565901
ipo_beta15_feedback_half_b100_s0,ipo,beta15,feedback_half,0.9,0.8,0.3,0.0,0.5,54,51,75,0.06028547888660026,0.05760461143821062,0.4599717164939073,6.0,0.7058316799221646,0.05778709337600201,0.00249838551059825,0.06022780126178344,-0.002623189823572819,0.4838869468272026,-0.023915230333295345,2.0,4.0,0.7052422125980996,0.0005894673240649517
ipo_beta15_feedback_half_b100_s0,ipo,beta15,feedback_half,0.9,0.8,0.3,0.0,0.5,251,51,75,0.05159031964234187,0.060675952394979416,0.3951365649521821,6.0,0.9805911769737115,0.05243973328291494,-0.0008494136405730671,0.0899667925250594,-0.029290840130079987,0.4436695884431859,-0.0485330234910038,3.0,3.0,0.9990550255734683,-0.018463848599756805
ipo_beta15_feedback_half_b100_s0,ipo,beta15,feedback_half,0.9,0.8,0.3,0.0,0.5,612,51,75,0.04909108607688059,0.0534993511856844,0.46341868002036707,2.0,0.7343872611135841,0.05416182787812546,-0.005070741801244866,0.06700639275489641,-0.013507041569212008,0.4378984276418915,0.02552025237847555,4.0,-2.0,0.7917964494663621,-0.05740918835277797
ipo_beta15_feedback_half_b100_s0,ipo,beta15,feedback_half,0.9,0.8,0.3,0.0,0.5,737,51,75,0.06012435037178693,0.06307526419425719,0.4999807583064863,2.0,0.9008952384546701,0.06469646457407707,-0.004572114202290145,0.08229929707436427,-0.019224032880107086,0.4976979554979557,0.002282802808530604,4.0,-2.0,0.8567048591484472,0.04419037930622294
ipo_beta15_feedback_half_b100_s0,ipo,beta15,feedback_half,0.9,0.8,0.3,0.0,0.5,867,51,75,0.054096922152671076,0.04498945176839003,0.4232648164837625,3.0,0.8187776698709128,0.056217618377057556,-0.00212069622438648,0.0696534083294158,-0.02466395656102577,0.44153948025722817,-0.01827466377346565,2.0,1.0,0.8330329442806947,-0.014255274409781915
ipo_beta15_feedback_half_b100_s0,ipo,beta15,feedback_half,0.9,0.8,0.3,0.0,0.5,945,51,75,0.05503513548662173,0.04857135581598826,0.3686347731434273,6.0,1.1602321940291258,0.06214170127910883,-0.007106565792487099,0.07515542438730505,-0.026584068571316788,0.4328739762541709,-0.0642392031107436,1.0,5.0,1.1213815061429837,0.0388506878861421
ipo_beta15_feedback_half_b100_s0,ipo,beta15,feedback_half,0.9,0.8,0.3,0.0,0.5,54,76,100,0.05701640755514381,0.03245868748768587,0.49923307222824115,0.0,0.7397501887464303,0.051103632328638085,0.005912775226505726,0.031261024326222374,0.001197663161463497,0.4736605663318113,0.025572505896429842,0.0,0.0,0.7969417414150215,-0.05719155266859122
ipo_beta15_feedback_half_b100_s0,ipo,beta15,feedback_half,0.9,0.8,0.3,0.0,0.5,251,76,100,0.07013994436729973,0.0717862170700669,0.4169689152718149,5.0,0.9521545350609366,0.060548266008185886,0.009591678359113842,0.06390058063770893,0.00788563643235797,0.4048050076663026,0.01216390760551228,6.0,-1.0,0.9976281201265128,-0.045473585065576194
ipo_beta15_feedback_half_b100_s0,ipo,beta15,feedback_half,0.9,0.8,0.3,0.0,0.5,612,76,100,0.053301114683907046,0.04906615661923662,0.4318151464102636,2.0,0.7473103534367533,0.05587788559577946,-0.002576770911872417,0.04638982488815224,0.0026763317310843776,0.4074587644912197,0.02435638191904388,2.0,0.0,0.7857207794627145,-0.03841042602596112
ipo_beta15_feedback_half_b100_s0,ipo,beta15,feedback_half,0.9,0.8,0.3,0.0,0.5,737,76,100,0.05756604386464778,0.07911465888267909,0.4703352061190547,4.0,0.8997507690388447,0.06237285533820423,-0.004806811473556452,0.06524947790528393,0.013865180977395156,0.44400963493378415,0.02632557118527057,8.0,-4.0,0.9233152985822948,-0.02356452954345012
ipo_beta15_feedback_half_b100_s0,ipo,beta15,feedback_half,0.9,0.8,0.3,0.0,0.5,867,76,100,0.07255671366431629,0.09097211429997502,0.4631924586800338,6.0,0.8084803987483782,0.07132679281747005,0.0012299208468462414,0.09162804931837444,-0.0006559350183994173,0.4700997003990583,-0.006907241719024515,4.0,2.0,0.8131410887703627,-0.004660690021984548
ipo_beta15_feedback_half_b100_s0,ipo,beta15,feedback_half,0.9,0.8,0.3,0.0,0.5,945,76,100,0.0707100085892593,0.08798314408597982,0.39350473965384436,4.0,1.183572396489694,0.07081108907541155,-0.00010108048615224685,0.11300747273129069,-0.025024328645310873,0.4193075337128435,-0.025802794058999157,3.0,1.0,1.1438177996447185,0.03975459684497551
ipo_beta15_feedback_half_b100_s0,ipo,beta15,feedback_half,0.9,0.8,0.3,0.0,0.5,54,51,100,0.05865094322087205,0.054820532077756605,0.47960239436107427,6.0,0.7227909343342975,0.054445362852320066,0.004205580368551981,0.05661155558333435,-0.001791023505577742,0.4787737565795071,0.0008286377815671653,2.0,4.0,0.7510919770065607,-0.028301042672263188
ipo_beta15_feedback_half_b100_s0,ipo,beta15,feedback_half,0.9,0.8,0.3,0.0,0.5,251,51,100,0.060865132004820806,0.07404951434125924,0.40605274011199843,11.0,0.9663728560173241,0.05649399964555042,0.004371132359270384,0.08581209991807656,-0.011762585576817322,0.42423729805474425,-0.018184557942745816,9.0,2.0,0.9983415728499904,-0.03196871683266622
ipo_beta15_feedback_half_b100_s0,ipo,beta15,feedback_half,0.9,0.8,0.3,0.0,0.5,612,51,100,0.0511961003803938,0.06868663291428449,0.44761691321531527,4.0,0.7408488072751688,0.05501985673695246,-0.003823756356558662,0.06778538627956017,0.0009012466347243231,0.42267859606655556,0.024938317148759714,6.0,-2.0,0.7887586144645381,-0.047909807189369324
ipo_beta15_feedback_half_b100_s0,ipo,beta15,feedback_half,0.9,0.8,0.3,0.0,0.5,737,51,100,0.05884519711821735,0.0729461865817162,0.48515798221277057,6.0,0.9003230037467574,0.06353465995614066,-0.0046894628379233125,0.0776792627621741,-0.004733076180457901,0.4708537952158698,0.01430418699690078,12.0,-6.0,0.890010078865371,0.010312924881386465
ipo_beta15_feedback_half_b100_s0,ipo,beta15,feedback_half,0.9,0.8,0.3,0.0,0.5,867,51,100,0.06332681790849368,0.07241064182299903,0.4432286375818981,9.0,0.8136290343096455,0.0637722055972638,-0.0004453876887701297,0.08182637159294895,-0.009415729769949921,0.45581959032814334,-0.012590952746245221,6.0,3.0,0.823087016525529,-0.009457982215883454
ipo_beta15_feedback_half_b100_s0,ipo,beta15,feedback_half,0.9,0.8,0.3,0.0,0.5,945,51,100,0.06287257203794051,0.07667268016907555,0.38106975639863594,10.0,1.1719022952594103,0.06647639517726019,-0.003603823139319673,0.10579961040580403,-0.02912693023672848,0.4260907549835071,-0.045020998584871186,4.0,6.0,1.1325996528938511,0.03930264236555914
ipo_beta15_feedback_one_b100_s0,ipo,beta15,feedback_one,0.9,0.8,0.3,0.0,1.0,54,1,25,0.057791376386204595,0.07166070613579445,0.727262919636586,0.0,0.8998521108726614,0.05688955624681593,0.0009018201393886649,0.08467083616985926,-0.013010130034064815,0.7613404286587457,-0.03407750902215978,0.0,0.0,0.8758277913058812,0.024024319566780195
ipo_beta15_feedback_one_b100_s0,ipo,beta15,feedback_one,0.9,0.8,0.3,0.0,1.0,251,1,25,0.08899962070329094,0.13527447423919547,0.5238520751340671,7.0,1.121984563072423,0.0838194893527424,0.005180131350548539,0.16770234755686125,-0.03242787331766578,0.6053778569887602,-0.08152578185469317,2.0,5.0,1.0533594072186492,0.06862515585377382
ipo_beta15_feedback_one_b100_s0,ipo,beta15,feedback_one,0.9,0.8,0.3,0.0,1.0,612,1,25,0.08502922456280207,0.13560401803430333,0.597531664976718,1.0,0.6818789022833639,0.07772434018417153,0.007304884378630541,0.15076333349456897,-0.015159315460265638,0.6692968652181621,-0.07176520024144417,1.0,0.0,0.6129951105526374,0.06888379173072645
ipo_beta15_feedback_one_b100_s0,ipo,beta15,feedback_one,0.9,0.8,0.3,0.0,1.0,737,1,25,0.06548627491955378,0.12296211032822671,0.689623027366421,1.0,0.9398903472088169,0.06325332637227757,0.002232948547276209,0.12745643586568883,-0.004494325537462124,0.7506271833151419,-0.061004155948720884,1.0,0.0,0.8356303904248819,0.10425995678393507
ipo_beta15_feedback_one_b100_s0,ipo,beta15,feedback_one,0.9,0.8,0.3,0.0,1.0,867,1,25,0.06704158733572137,0.09044841043316118,0.5931856992350275,4.0,0.9002407835617029,0.07782574077276812,-0.01078415343704675,0.10220893247178435,-0.01176052203862317,0.5943593776925234,-0.0011736784574959414,4.0,0.0,0.8505670042769902,0.04967377928471273
ipo_beta15_feedback_one_b100_s0,ipo,beta15,feedback_one,0.9,0.8,0.3,0.0,1.0,945,1,25,0.07689848689552319,0.07792459775522477,0.5201749521508072,3.0,1.1354299398778127,0.08206550170109995,-0.0051670148055767695,0.09217408341956812,-0.01424948566434335,0.5346963955625096,-0.014521443411702362,3.0,0.0,1.1076675339503894,0.027762405927423295
ipo_beta15_feedback_one_b100_s0,ipo,beta15,feedback_one,0.9,0.8,0.3,0.0,1.0,54,26,50,0.04860799169759366,0.03529715418773651,0.5297207774096528,0.0,0.80665438263077,0.05120441172877795,-0.0025964200311842933,0.0437015756417976,-0.00840442145406109,0.5193971472391062,0.010323630170546605,0.0,0.0,0.8071017570282812,-0.000447374397511191
ipo_beta15_feedback_one_b100_s0,ipo,beta15,feedback_one,0.9,0.8,0.3,0.0,1.0,251,26,50,0.06385799659826823,0.05240480698576648,0.3646763015369844,12.0,1.1014139761818933,0.06903174304589815,-0.005173746447629926,0.12674872851101465,-0.07434392152524817,0.4956616323358753,-0.1309853307988909,2.0,10.0,1.1339936945946723,-0.03257971841277896
ipo_beta15_feedback_one_b100_s0,ipo,beta15,feedback_one,0.9,0.8,0.3,0.0,1.0,612,26,50,0.0722106466131816,0.08048985400970385,0.4521580281585617,6.0,0.708634479715315,0.06717181872504609,0.005038827888135519,0.09392164518427863,-0.013431791174574784,0.4617036138004571,-0.009545585641895393,5.0,1.0,0.7440290128459709,-0.03539453313065588
ipo_beta15_feedback_one_b100_s0,ipo,beta15,feedback_one,0.9,0.8,0.3,0.0,1.0,737,26,50,0.05979540053965359,0.048679535290210546,0.5246915252909217,0.0,0.8884672671635976,0.0653569805283654,-0.005561579988711811,0.06729107876820992,-0.01861154347799937,0.4924924298684016,0.032199095422520085,0.0,0.0,0.871900307925658,0.016566959237939605
ipo_beta15_feedback_one_b100_s0,ipo,beta15,feedback_one,0.9,0.8,0.3,0.0,1.0,867,26,50,0.051654526558812766,0.058516856457255836,0.4464074209028186,5.0,0.6591555206536693,0.053349253556814746,-0.0016947269980019802,0.0855528855029401,-0.027036029045684265,0.4731556010837356,-0.026748180180917014,4.0,1.0,0.6422845762485759,0.016870944405093402
ipo_beta15_feedback_one_b100_s0,ipo,beta15,feedback_one,0.9,0.8,0.3,0.0,1.0,945,26,50,0.05980746406366219,0.057118091435681494,0.3556999060796987,7.0,1.158863784510069,0.056234008018824035,0.0035734560448381567,0.05816937492935114,-0.001051283493669647,0.3671047890372996,-0.011404882957600893,5.0,2.0,1.117781599411062,0.041082185099007074
ipo_beta15_feedback_one_b100_s0,ipo,beta15,feedback_one,0.9,0.8,0.3,0.0,1.0,54,51,75,0.05389713369802788,0.05800913826836747,0.4554378155080893,4.0,0.7267688492719293,0.05778709337600201,-0.0038899596779741336,0.06022780126178344,-0.0022186629934159707,0.4838869468272026,-0.028449131319113308,2.0,2.0,0.7052422125980996,0.021526636673829702
ipo_beta15_feedback_one_b100_s0,ipo,beta15,feedback_one,0.9,0.8,0.3,0.0,1.0,251,51,75,0.05400494862198969,0.05316488905797499,0.3840330179133932,8.0,0.9915188554047731,0.05243973328291494,0.0015652153390747561,0.0899667925250594,-0.03680190346708441,0.4436695884431859,-0.059636570529792654,3.0,5.0,0.9990550255734683,-0.007536170168695122
ipo_beta15_feedback_one_b100_s0,ipo,beta15,feedback_one,0.9,0.8,0.3,0.0,1.0,612,51,75,0.05772137225752649,0.061506206530027266,0.4581386632415186,3.0,0.7423115109550494,0.05416182787812546,0.003559544379401036,0.06700639275489641,-0.005500186224869141,0.4378984276418915,0.020240235599627066,4.0,-1.0,0.7917964494663621,-0.04948493851131264
ipo_beta15_feedback_one_b100_s0,ipo,beta15,feedback_one,0.9,0.8,0.3,0.0,1.0,737,51,75,0.06868706227077542,0.05924592213244,0.49900353441948975,0.0,0.862057770459015,0.06469646457407707,0.00399059769669835,0.08229929707436427,-0.02305337494192427,0.4976979554979557,0.0013055789215340452,4.0,-4.0,0.8567048591484472,0.0053529113105678094
ipo_beta15_feedback_one_b100_s0,ipo,beta15,feedback_one,0.9,0.8,0.3,0.0,1.0,867,51,75,0.05704860812047682,0.04150235160378335,0.42503017706069296,5.0,0.8204738706653626,0.056217618377057556,0.0008309897434192609,0.0696534083294158,-0.02815105672563245,0.44153948025722817,-0.016509303196535208,2.0,3.0,0.8330329442806947,-0.01255907361533215
ipo_beta15_feedback_one_b100_s0,ipo,beta15,feedback_one,0.9,0.8,0.3,0.0,1.0,945,51,75,0.0640905151491344,0.050911656013471335,0.38474332393930516,7.0,1.1357856474922183,0.06214170127910883,0.001948813870025573,0.07515542438730505,-0.024243768373833713,0.4328739762541709,-0.04813065231486574,1.0,6.0,1.1213815061429837,0.014404141349234623
ipo_beta15_feedback_one_b100_s0,ipo,beta15,feedback_one,0.9,0.8,0.3,0.0,1.0,54,76,100,0.05943185554607087,0.033950759446266576,0.45907765127262506,2.0,0.7487851213161725,0.051103632328638085,0.008328223217432783,0.031261024326222374,0.0026897351200442024,0.4736605663318113,-0.014582915059186241,0.0,2.0,0.7969417414150215,-0.04815662009884902
ipo_beta15_feedback_one_b100_s0,ipo,beta15,feedback_one,0.9,0.8,0.3,0.0,1.0,251,76,100,0.0642237252567096,0.06576754322514035,0.4005264960392217,4.0,0.9517348404242749,0.060548266008185886,0.0036754592485237075,0.06390058063770893,0.0018669625874314227,0.4048050076663026,-0.004278511627080928,6.0,-2.0,0.9976281201265128,-0.04589327970223789
ipo_beta15_feedback_one_b100_s0,ipo,beta15,feedback_one,0.9,0.8,0.3,0.0,1.0,612,76,100,0.05554099864168391,0.04419976169047,0.40704166292397964,4.0,0.7593749610922117,0.05587788559577946,-0.0003368869540955541,0.04638982488815224,-0.0021900631976822446,0.4074587644912197,-0.00041710156724006353,2.0,2.0,0.7857207794627145,-0.02634581837050276
ipo_beta15_feedback_one_b100_s0,ipo,beta15,feedback_one,0.9,0.8,0.3,0.0,1.0,737,76,100,0.06244327028641603,0.06264944720031618,0.43605395903387345,8.0,0.8918089030136236,0.06237285533820423,7.041494821179856e-05,0.06524947790528393,-0.002600030704967754,0.44400963493378415,-0.007955675899910697,8.0,0.0,0.9233152985822948,-0.031506395568671186
ipo_beta15_feedback_one_b100_s0,ipo,beta15,feedback_one,0.9,0.8,0.3,0.0,1.0,867,76,100,0.06989445905172884,0.08231092103634197,0.45364789951874296,8.0,0.7897569581448532,0.07132679281747005,-0.0014323337657412144,0.09162804931837444,-0.009317128282032475,0.4700997003990583,-0.016451800880315337,4.0,4.0,0.8131410887703627,-0.02338413062550948
ipo_beta15_feedback_one_b100_s0,ipo,beta15,feedback_one,0.9,0.8,0.3,0.0,1.0,945,76,100,0.06814814106828307,0.07534307604590254,0.37025879877483603,6.0,1.1722155496759235,0.07081108907541155,-0.0026629480071284767,0.11300747273129069,-0.03766439668538815,0.4193075337128435,-0.04904873493800749,3.0,3.0,1.1438177996447185,0.028397750031204927
ipo_beta15_feedback_one_b100_s0,ipo,beta15,feedback_one,0.9,0.8,0.3,0.0,1.0,54,51,100,0.056664494622049394,0.055736819328573904,0.45725773339035714,6.0,0.737776985294051,0.054445362852320066,0.002219131769729328,0.05661155558333435,-0.0008747362547604429,0.4787737565795071,-0.02151602318914997,2.0,4.0,0.7510919770065607,-0.013314991712509716
ipo_beta15_feedback_one_b100_s0,ipo,beta15,feedback_one,0.9,0.8,0.3,0.0,1.0,251,51,100,0.05911433693934965,0.0668761602617899,0.3922797569763074,12.0,0.9716268479145242,0.05649399964555042,0.0026203372937992284,0.08581209991807656,-0.018935939656286663,0.42423729805474425,-0.031957541078436846,9.0,3.0,0.9983415728499904,-0.026714724935466116
ipo_beta15_feedback_one_b100_s0,ipo,beta15,feedback_one,0.9,0.8,0.3,0.0,1.0,612,51,100,0.0566311854496052,0.06403358001900718,0.43259016308274917,7.0,0.7508432360236307,0.05501985673695246,0.0016113287126527376,0.06778538627956017,-0.0037518062605529923,0.42267859606655556,0.009911567016193612,6.0,1.0,0.7887586144645381,-0.03791537844090742
ipo_beta15_feedback_one_b100_s0,ipo,beta15,feedback_one,0.9,0.8,0.3,0.0,1.0,737,51,100,0.0655651662785957,0.0662774040741178,0.46752874672668154,8.0,0.8769333367363195,0.06353465995614066,0.0020305063224550363,0.0776792627621741,-0.011401858688056307,0.4708537952158698,-0.0033250484891882426,12.0,-4.0,0.890010078865371,-0.013076742129051522
ipo_beta15_feedback_one_b100_s0,ipo,beta15,feedback_one,0.9,0.8,0.3,0.0,1.0,867,51,100,0.06347153358610282,0.06595441404555297,0.439339038289718,13.0,0.8051154144051079,0.0637722055972638,-0.0003006720111609906,0.08182637159294895,-0.015871957547395982,0.45581959032814334,-0.016480552038425356,6.0,7.0,0.823087016525529,-0.017971602120421037
ipo_beta15_feedback_one_b100_s0,ipo,beta15,feedback_one,0.9,0.8,0.3,0.0,1.0,945,51,100,0.06611932810870874,0.07083781474337328,0.37750106135707057,13.0,1.1540005985840713,0.06647639517726019,-0.0003570670685514449,0.10579961040580403,-0.03496179566243075,0.4260907549835071,-0.04858969362643656,4.0,9.0,1.1325996528938511,0.02140094569022022
dpo_beta15_reference_half_b100_s0,dpo,beta15,reference_half,0.9,0.8,1.2,0.45,0.0,54,1,25,0.06112370586627401,0.08931320948816826,0.7647881038004116,0.0,0.878619123369235,0.07620941332580236,-0.01508570745952835,0.09865351392655053,-0.009340304438382269,0.7078261901966921,0.056961913603719494,0.0,0.0,0.8064113751956984,0.07220774817353659
dpo_beta15_reference_half_b100_s0,dpo,beta15,reference_half,0.9,0.8,1.2,0.45,0.0,251,1,25,0.08422228486535797,0.16581033976195078,0.6262425180026658,4.0,1.0287153577483448,0.09589027834726122,-0.011667993481903241,0.17894466689773425,-0.013134327135783469,0.5945518324308767,0.03169068557178911,4.0,0.0,1.0344575089559567,-0.005742151207611901
dpo_beta15_reference_half_b100_s0,dpo,beta15,reference_half,0.9,0.8,1.2,0.45,0.0,612,1,25,0.07928569435942383,0.14618387842467429,0.6884032144651466,1.0,0.590267585549917,0.09899001893484902,-0.01970432457542519,0.16383728302160677,-0.017653404596932487,0.6281409845614047,0.06026222990374197,2.0,-1.0,0.6327736805213066,-0.042506094971389574
dpo_beta15_reference_half_b100_s0,dpo,beta15,reference_half,0.9,0.8,1.2,0.45,0.0,737,1,25,0.0819446421789572,0.11918927282413148,0.7140861599513835,1.0,0.834342580369348,0.07564270707518997,0.0063019351037672255,0.1340757195524658,-0.014886446728334321,0.7266688049357454,-0.012582644984361901,1.0,0.0,0.8630610359517965,-0.028718455582448454
dpo_beta15_reference_half_b100_s0,dpo,beta15,reference_half,0.9,0.8,1.2,0.45,0.0,867,1,25,0.07679257426812812,0.08376962998731154,0.5959182838143021,4.0,0.9122154371479525,0.07871968844169101,-0.0019271141735628938,0.11564647291811628,-0.03187684293080474,0.586233691257474,0.009684592556828076,2.0,2.0,0.8009805091425699,0.1112349280053826
dpo_beta15_reference_half_b100_s0,dpo,beta15,reference_half,0.9,0.8,1.2,0.45,0.0,945,1,25,0.08690367423470119,0.06660084817014592,0.5368819358712077,5.0,1.175730478743548,0.08363144582631313,0.0032722284083880615,0.09461246593345102,-0.028011617763305102,0.505157228469227,0.031724707401980745,3.0,2.0,1.1052915309222564,0.07043894782129168
dpo_beta15_reference_half_b100_s0,dpo,beta15,reference_half,0.9,0.8,1.2,0.45,0.0,54,26,50,0.0672553061708392,0.05053578535718484,0.4789128699514291,0.0,0.7644337108549838,0.046822059882162995,0.02043324628867621,0.044252488596053435,0.006283296761131402,0.5102208558845639,-0.031307985933134774,0.0,0.0,0.7957964963524526,-0.03136278549746885
dpo_beta15_reference_half_b100_s0,dpo,beta15,reference_half,0.9,0.8,1.2,0.45,0.0,251,26,50,0.06263554320074892,0.09640965924461498,0.4037134986560519,6.0,1.1209700309383457,0.07268340800218805,-0.010047864801439127,0.10430495916536602,-0.00789529992075104,0.4372634837808002,-0.03354998512474833,4.0,2.0,1.1403820302752032,-0.019411999336857555
dpo_beta15_reference_half_b100_s0,dpo,beta15,reference_half,0.9,0.8,1.2,0.45,0.0,612,26,50,0.07592022973168419,0.08598519376510878,0.4089827793046996,8.0,0.8874174495671674,0.06563927910546852,0.010280950626215674,0.11367768494109592,-0.02769249117598714,0.49618312047750757,-0.08720034117280795,2.0,6.0,0.6994471390044703,0.18797031056269708
dpo_beta15_reference_half_b100_s0,dpo,beta15,reference_half,0.9,0.8,1.2,0.45,0.0,737,26,50,0.08586521433737677,0.07859393523896119,0.4679091366228132,4.0,0.8000410732280359,0.06683151996640968,0.019033694370967094,0.06294957550423756,0.015644359734723626,0.49833789926191213,-0.03042876263909894,0.0,4.0,0.8833581581995208,-0.08331708497148493
dpo_beta15_reference_half_b100_s0,dpo,beta15,reference_half,0.9,0.8,1.2,0.45,0.0,867,26,50,0.0624164654628999,0.03474198491072002,0.42976583866307777,4.0,0.6035271506834343,0.062396891322580084,1.9574140319819633e-05,0.1121201339140977,-0.07737814900337768,0.515987369729381,-0.0862215310663032,2.0,2.0,0.6415230294077467,-0.037995878724312426
dpo_beta15_reference_half_b100_s0,dpo,beta15,reference_half,0.9,0.8,1.2,0.45,0.0,945,26,50,0.06830553904484407,0.054414677558563905,0.37630771559745635,9.0,1.0826909527835837,0.05527905922441558,0.01302647982042849,0.052521634090896066,0.001893043467667839,0.3504468355654119,0.025860880032044453,7.0,2.0,1.116175125455608,-0.033484172672024304
dpo_beta15_reference_half_b100_s0,dpo,beta15,reference_half,0.9,0.8,1.2,0.45,0.0,54,51,75,0.04958510831296982,0.0672276370673626,0.5004461829505723,2.0,0.7450160567161006,0.05616989863005482,-0.006584790317084997,0.0616055823248425,0.005622054742520095,0.4800464996990283,0.02039968325154401,4.0,-2.0,0.7218460776812473,0.023169979034853294
dpo_beta15_reference_half_b100_s0,dpo,beta15,reference_half,0.9,0.8,1.2,0.45,0.0,251,51,75,0.06046622746915339,0.0655696640442115,0.41854681722407344,5.0,0.9921301119282222,0.052880793925410056,0.007585433543743331,0.06925476067824697,-0.0036850966340354757,0.4051942779601806,0.013352539263892849,3.0,2.0,1.001789062204078,-0.009658950275855727
dpo_beta15_reference_half_b100_s0,dpo,beta15,reference_half,0.9,0.8,1.2,0.45,0.0,612,51,75,0.05855471497809917,0.03936536738351318,0.4275341767915888,7.0,0.7708609893730974,0.0549457657183782,0.003608949259720974,0.050452941591152,-0.011087574207638819,0.4499510572597789,-0.022416880468190126,6.0,1.0,0.7025721120853364,0.06828887728776101
dpo_beta15_reference_half_b100_s0,dpo,beta15,reference_half,0.9,0.8,1.2,0.45,0.0,737,51,75,0.06614249029406265,0.052412518337965244,0.5210420971435643,2.0,0.8494147360947292,0.06422040238410638,0.001922087909956266,0.08377459901526052,-0.031362080677295276,0.4818364880786975,0.03920560906486681,4.0,-2.0,0.8340819004461042,0.015332835648624976
dpo_beta15_reference_half_b100_s0,dpo,beta15,reference_half,0.9,0.8,1.2,0.45,0.0,867,51,75,0.04899227670498263,0.03206128791700586,0.4491972410761068,2.0,0.7463708701878364,0.05649578162839837,-0.007503504923415741,0.07696226865454359,-0.044900980737537725,0.4405867553858515,0.008610485690255298,10.0,-8.0,0.8541669152570376,-0.10779604506920115
dpo_beta15_reference_half_b100_s0,dpo,beta15,reference_half,0.9,0.8,1.2,0.45,0.0,945,51,75,0.0650558183107316,0.050212294024317476,0.3903309241211257,5.0,1.1370550640100336,0.055570193221555104,0.00948562508917649,0.06097975729813131,-0.01076746327381383,0.383613387792882,0.006717536328243678,7.0,-2.0,1.1244585242443854,0.01259653976564823
dpo_beta15_reference_half_b100_s0,dpo,beta15,reference_half,0.9,0.8,1.2,0.45,0.0,54,76,100,0.06032290893007424,0.03330107619517579,0.4978552164611721,0.0,0.8066132410628315,0.053117308235157285,0.007205600694916957,0.030097101800234224,0.0032039743949415674,0.49124708736576417,0.006608129095407922,0.0,0.0,0.767253637414393,0.03935960364843849
dpo_beta15_reference_half_b100_s0,dpo,beta15,reference_half,0.9,0.8,1.2,0.45,0.0,251,76,100,0.06393278680692406,0.07194110502732631,0.417158677707118,6.0,0.9485141107977804,0.0646651002920671,-0.0007323134851430352,0.07602832544126266,-0.004087220413936346,0.4312994617625403,-0.014140784055422295,5.0,1.0,0.9713598146810862,-0.022845703883305868
dpo_beta15_reference_half_b100_s0,dpo,beta15,reference_half,0.9,0.8,1.2,0.45,0.0,612,76,100,0.0581513597747255,0.03608204480208102,0.40825840024417887,2.0,0.7775653228267804,0.05648826080330117,0.0016630989714243316,0.04266014903418151,-0.006578104232100493,0.40966243174766637,-0.0014040315034875017,3.0,-1.0,0.7734717376963364,0.004093585130444
dpo_beta15_reference_half_b100_s0,dpo,beta15,reference_half,0.9,0.8,1.2,0.45,0.0,737,76,100,0.067399754508599,0.06420121042247852,0.4329647956021045,4.0,0.8687346384749148,0.057837584126644026,0.009562170381954976,0.07069445745111148,-0.006493247028632965,0.4456917844875368,-0.012726988885432333,6.0,-2.0,0.9028817046574118,-0.034147066182496966
dpo_beta15_reference_half_b100_s0,dpo,beta15,reference_half,0.9,0.8,1.2,0.45,0.0,867,76,100,0.06647127134132241,0.06495666428675734,0.4415069751917877,5.0,0.7356196394813008,0.07344767964341427,-0.006976408302091855,0.0865571159957619,-0.021600451709004556,0.4502595948514834,-0.008752619659695704,7.0,-2.0,0.8056759019991833,-0.07005626251788244
dpo_beta15_reference_half_b100_s0,dpo,beta15,reference_half,0.9,0.8,1.2,0.45,0.0,945,76,100,0.07841259880719384,0.06903954527384598,0.35311717239444507,8.0,1.1442797789930637,0.0711923284850165,0.007220270322177341,0.10096949987254576,-0.03192995459869978,0.3983820020811232,-0.04526482968667811,3.0,5.0,1.1270188362030091,0.017260942790054523
dpo_beta15_reference_half_b100_s0,dpo,beta15,reference_half,0.9,0.8,1.2,0.45,0.0,54,51,100,0.05495400862152204,0.0627924931576313,0.4991506997058721,2.0,0.7758146488894657,0.05464360343260605,0.00031040518891599367,0.05766149541736758,0.005130997740263724,0.4856467935323961,0.013503906173476021,4.0,-2.0,0.7445498575478203,0.03126479134164539
dpo_beta15_reference_half_b100_s0,dpo,beta15,reference_half,0.9,0.8,1.2,0.45,0.0,251,51,100,0.0621995071380387,0.07048735740510507,0.41785274746559564,11.0,0.9703221113630014,0.05877294710873857,0.003426560029300127,0.08416776666056938,-0.013680409255464307,0.4182468698613605,-0.0003941223957648621,8.0,3.0,0.986574438442582,-0.016252327079580575
dpo_beta15_reference_half_b100_s0,dpo,beta15,reference_half,0.9,0.8,1.2,0.45,0.0,612,51,100,0.05835303737641235,0.05545383115617672,0.4178962885178838,9.0,0.7742131560999387,0.05571701326083971,0.0026360241155726424,0.06443269279136703,-0.008978861635190308,0.42980674450372264,-0.011910455985838841,9.0,0.0,0.7380219248908366,0.03619123120910206
dpo_beta15_reference_half_b100_s0,dpo,beta15,reference_half,0.9,0.8,1.2,0.45,0.0,737,51,100,0.06677112240133083,0.0661687588715751,0.47700344637283465,6.0,0.8590746872848224,0.06102899325537521,0.005742129145955621,0.08015546152005049,-0.013986702648475388,0.463764136283117,0.013239310089717626,10.0,-4.0,0.868481802551758,-0.009407115266935606
dpo_beta15_reference_half_b100_s0,dpo,beta15,reference_half,0.9,0.8,1.2,0.45,0.0,867,51,100,0.057731774023152535,0.05280243343635259,0.4453521081339472,7.0,0.7409952548345684,0.06497173063590632,-0.007239956612753784,0.08397161476322668,-0.031169181326874087,0.44542317511866747,-7.10669847202583e-05,17.0,-10.0,0.8299214086281107,-0.0889261537935423
dpo_beta15_reference_half_b100_s0,dpo,beta15,reference_half,0.9,0.8,1.2,0.45,0.0,945,51,100,0.0717342085589627,0.07256258990043636,0.37172404825778527,13.0,1.1406674215015489,0.06338126085328578,0.008352947705676919,0.09048914931585758,-0.01792655941542122,0.3909976949370026,-0.019273646679217327,10.0,3.0,1.1257386802236973,0.014928741277851598
dpo_beta15_reference_max_b100_s0,dpo,beta15,reference_max,0.9,0.8,1.2,0.9,0.0,54,1,25,0.0761792173144735,0.08114827821948,0.7566587644273344,0.0,0.8965138291908394,0.07620941332580236,-3.0196011328864625e-05,0.09865351392655053,-0.017505235707070535,0.7078261901966921,0.048832574230642245,0.0,0.0,0.8064113751956984,0.09010245399514105
dpo_beta15_reference_max_b100_s0,dpo,beta15,reference_max,0.9,0.8,1.2,0.9,0.0,251,1,25,0.09304715645960655,0.15562521295347126,0.6481831401528549,4.0,1.0326595905382756,0.09589027834726122,-0.002843121887654662,0.17894466689773425,-0.02331945394426299,0.5945518324308767,0.053631307721978216,4.0,0.0,1.0344575089559567,-0.0017979184176810659
dpo_beta15_reference_max_b100_s0,dpo,beta15,reference_max,0.9,0.8,1.2,0.9,0.0,612,1,25,0.11079139047181055,0.13240117901165102,0.674237423520768,5.0,0.6059580390080361,0.09899001893484902,0.011801371536961536,0.16383728302160677,-0.03143610400995575,0.6281409845614047,0.04609643895936333,2.0,3.0,0.6327736805213066,-0.026815641513270427
dpo_beta15_reference_max_b100_s0,dpo,beta15,reference_max,0.9,0.8,1.2,0.9,0.0,737,1,25,0.074983354026789,0.1339078011666618,0.7147961878303144,1.0,0.8393739817418121,0.07564270707518997,-0.0006593530484009652,0.1340757195524658,-0.00016791838580401675,0.7266688049357454,-0.011872617105430971,1.0,0.0,0.8630610359517965,-0.023687054209984404
dpo_beta15_reference_max_b100_s0,dpo,beta15,reference_max,0.9,0.8,1.2,0.9,0.0,867,1,25,0.1640463076272227,0.08476786542863506,0.6163647176338568,5.0,0.9583586264922893,0.07871968844169101,0.08532661918553168,0.11564647291811628,-0.030878607489481222,0.586233691257474,0.030131026376382763,2.0,3.0,0.8009805091425699,0.1573781173497194
dpo_beta15_reference_max_b100_s0,dpo,beta15,reference_max,0.9,0.8,1.2,0.9,0.0,945,1,25,0.11812870972104618,0.06758724173177037,0.5646453488869679,1.0,1.1905344087978944,0.08363144582631313,0.03449726389473305,0.09461246593345102,-0.027025224201680645,0.505157228469227,0.059488120417740986,3.0,-2.0,1.1052915309222564,0.085242877875638
dpo_beta15_reference_max_b100_s0,dpo,beta15,reference_max,0.9,0.8,1.2,0.9,0.0,54,26,50,0.08580744890187054,0.05247540596883066,0.5418439223525907,2.0,0.7523233450450426,0.046822059882162995,0.03898538901970755,0.044252488596053435,0.008222917372777222,0.5102208558845639,0.03162306646802682,0.0,2.0,0.7957964963524526,-0.04347315130741003
dpo_beta15_reference_max_b100_s0,dpo,beta15,reference_max,0.9,0.8,1.2,0.9,0.0,251,26,50,0.13858566556180604,0.08618664292058673,0.41801397446036886,9.0,1.042364952117942,0.07268340800218805,0.065902257559618,0.10430495916536602,-0.01811831624477929,0.4372634837808002,-0.019249509320431346,4.0,5.0,1.1403820302752032,-0.09801707815726135
dpo_beta15_reference_max_b100_s0,dpo,beta15,reference_max,0.9,0.8,1.2,0.9,0.0,612,26,50,0.21264839135927585,0.10746372920434427,0.43814274669680964,13.0,0.8205352009688254,0.06563927910546852,0.14700911225380733,0.11367768494109592,-0.006213955736751653,0.49618312047750757,-0.05804037378069793,2.0,11.0,0.6994471390044703,0.12108806196435506
dpo_beta15_reference_max_b100_s0,dpo,beta15,reference_max,0.9,0.8,1.2,0.9,0.0,737,26,50,0.24482953072077965,0.1318689540282329,0.49946786040471886,13.0,0.6576820645014879,0.06683151996640968,0.17799801075436997,0.06294957550423756,0.06891937852399534,0.49833789926191213,0.0011299611428067236,0.0,13.0,0.8833581581995208,-0.22567609369803288
dpo_beta15_reference_max_b100_s0,dpo,beta15,reference_max,0.9,0.8,1.2,0.9,0.0,867,26,50,0.16967207719829683,0.062058554746077105,0.4890909018518177,9.0,0.5963799622025558,0.062396891322580084,0.10727518587571674,0.1121201339140977,-0.05006157916802059,0.515987369729381,-0.02689646787756328,2.0,7.0,0.6415230294077467,-0.0451430672051909
dpo_beta15_reference_max_b100_s0,dpo,beta15,reference_max,0.9,0.8,1.2,0.9,0.0,945,26,50,0.1109166356378878,0.06927571219856528,0.4400992181813128,13.0,1.0415828066474575,0.05527905922441558,0.055637576413472216,0.052521634090896066,0.016754078107669212,0.3504468355654119,0.08965238261590092,7.0,6.0,1.116175125455608,-0.07459231880815054
dpo_beta15_reference_max_b100_s0,dpo,beta15,reference_max,0.9,0.8,1.2,0.9,0.0,54,51,75,0.07721492457291328,0.04565083834934506,0.5127200211148143,6.0,0.7445769363724399,0.05616989863005482,0.02104502594285846,0.0616055823248425,-0.01595474397549744,0.4800464996990283,0.032673521415786,4.0,2.0,0.7218460776812473,0.022730858691192624
dpo_beta15_reference_max_b100_s0,dpo,beta15,reference_max,0.9,0.8,1.2,0.9,0.0,251,51,75,0.07050444741647692,0.04388468262444771,0.3751624668426055,4.0,1.0290485043089865,0.052880793925410056,0.017623653491066864,0.06925476067824697,-0.02537007805379926,0.4051942779601806,-0.03003181111757508,3.0,1.0,1.001789062204078,0.027259442104908604
dpo_beta15_reference_max_b100_s0,dpo,beta15,reference_max,0.9,0.8,1.2,0.9,0.0,612,51,75,0.0895578458108074,0.051213378514119945,0.42754069667068834,6.0,0.7604281828567437,0.0549457657183782,0.03461208009242921,0.050452941591152,0.0007604369229679483,0.4499510572597789,-0.022410360589090572,6.0,0.0,0.7025721120853364,0.05785607077140731
dpo_beta15_reference_max_b100_s0,dpo,beta15,reference_max,0.9,0.8,1.2,0.9,0.0,737,51,75,0.10319504102145018,0.07644496494265057,0.4808823303756322,1.0,0.7840085744190748,0.06422040238410638,0.038974638637343795,0.08377459901526052,-0.007329634072609947,0.4818364880786975,-0.0009541577030652837,4.0,-3.0,0.8340819004461042,-0.05007332602702941
dpo_beta15_reference_max_b100_s0,dpo,beta15,reference_max,0.9,0.8,1.2,0.9,0.0,867,51,75,0.07343563484836503,0.028087142129033627,0.39707446631537124,4.0,0.7275857816766887,0.05649578162839837,0.01693985321996666,0.07696226865454359,-0.04887512652550996,0.4405867553858515,-0.04351228907048027,10.0,-6.0,0.8541669152570376,-0.12658113358034884
dpo_beta15_reference_max_b100_s0,dpo,beta15,reference_max,0.9,0.8,1.2,0.9,0.0,945,51,75,0.09075968670953027,0.048302168985431805,0.32663926157986267,12.0,1.1530972293510187,0.055570193221555104,0.03518949348797517,0.06097975729813131,-0.012677588312699502,0.383613387792882,-0.05697412621301934,7.0,5.0,1.1244585242443854,0.028638705106633244
dpo_beta15_reference_max_b100_s0,dpo,beta15,reference_max,0.9,0.8,1.2,0.9,0.0,54,76,100,0.07528341136232529,0.04396045130492317,0.45980075862918673,2.0,0.8079961435840682,0.053117308235157285,0.022166103127168005,0.030097101800234224,0.013863349504688944,0.49124708736576417,-0.031446328736577434,0.0,2.0,0.767253637414393,0.04074250616967523
dpo_beta15_reference_max_b100_s0,dpo,beta15,reference_max,0.9,0.8,1.2,0.9,0.0,251,76,100,0.10868261776616028,0.04745710268377164,0.38338617938244185,15.0,0.9999981934425872,0.0646651002920671,0.04401751747409319,0.07602832544126266,-0.02857122275749102,0.4312994617625403,-0.047913282380098454,5.0,10.0,0.9713598146810862,0.028638378761500993
dpo_beta15_reference_max_b100_s0,dpo,beta15,reference_max,0.9,0.8,1.2,0.9,0.0,612,76,100,0.12527774829709226,0.05677470051947252,0.4325399357321186,3.0,0.7792105236444526,0.05648826080330117,0.0687894874937911,0.04266014903418151,0.014114551485291005,0.40966243174766637,0.022877503984452208,3.0,0.0,0.7734717376963364,0.005738785948116276
dpo_beta15_reference_max_b100_s0,dpo,beta15,reference_max,0.9,0.8,1.2,0.9,0.0,737,76,100,0.11012975632227938,0.055008899852576544,0.40851020070079586,12.0,0.7154663304302088,0.057837584126644026,0.05229217219563535,0.07069445745111148,-0.01568555759853494,0.4456917844875368,-0.03718158378674097,6.0,6.0,0.9028817046574118,-0.187415374227203
dpo_beta15_reference_max_b100_s0,dpo,beta15,reference_max,0.9,0.8,1.2,0.9,0.0,867,76,100,0.11343120862533276,0.03940069450576345,0.44269043374221206,4.0,0.7469925312969901,0.07344767964341427,0.039983528981918495,0.0865571159957619,-0.04715642148999844,0.4502595948514834,-0.007569161109271361,7.0,-3.0,0.8056759019991833,-0.058683370702193205
dpo_beta15_reference_max_b100_s0,dpo,beta15,reference_max,0.9,0.8,1.2,0.9,0.0,945,76,100,0.0912152274849883,0.05451373018188807,0.3381742697843915,15.0,1.135693617547181,0.0711923284850165,0.020022898999971797,0.10096949987254576,-0.04645576969065769,0.3983820020811232,-0.06020773229673165,3.0,12.0,1.1270188362030091,0.008674781344171878
dpo_beta15_reference_max_b100_s0,dpo,beta15,reference_max,0.9,0.8,1.2,0.9,0.0,54,51,100,0.07624916796761927,0.05277069126398971,0.48626038987200054,8.0,0.7762865399782543,0.05464360343260605,0.021605564535013222,0.05766149541736758,-0.0048908041533778715,0.4856467935323961,0.0006135963396044497,4.0,4.0,0.7445498575478203,0.03173668243043393
dpo_beta15_reference_max_b100_s0,dpo,beta15,reference_max,0.9,0.8,1.2,0.9,0.0,251,51,100,0.08959353259131861,0.04808067667564154,0.37927432311252374,19.0,1.0145233488757868,0.05877294710873857,0.030820585482580036,0.08416776666056938,-0.03608708998492784,0.4182468698613605,-0.03897254674883677,8.0,11.0,0.986574438442582,0.0279489104332048
dpo_beta15_reference_max_b100_s0,dpo,beta15,reference_max,0.9,0.8,1.2,0.9,0.0,612,51,100,0.10741779705394984,0.0702813816871659,0.4300403162014035,9.0,0.7698193532505984,0.05571701326083971,0.05170078379311013,0.06443269279136703,0.00584868889579887,0.42980674450372264,0.00023357169768084551,9.0,0.0,0.7380219248908366,0.03179742835976174
dpo_beta15_reference_max_b100_s0,dpo,beta15,reference_max,0.9,0.8,1.2,0.9,0.0,737,51,100,0.10666239867186478,0.0714309560715777,0.4446962655382141,13.0,0.7497374524246416,0.06102899325537521,0.04563340541648957,0.08015546152005049,-0.00872450544847278,0.463764136283117,-0.019067870744902904,10.0,3.0,0.868481802551758,-0.11874435012711637
dpo_beta15_reference_max_b100_s0,dpo,beta15,reference_max,0.9,0.8,1.2,0.9,0.0,867,51,100,0.0934334217368489,0.0365635844122365,0.41988245002879165,8.0,0.7372891564868393,0.06497173063590632,0.028461691100942585,0.08397161476322668,-0.04740803035099018,0.44542317511866747,-0.025540725089875815,17.0,-9.0,0.8299214086281107,-0.09263225214127135
dpo_beta15_reference_max_b100_s0,dpo,beta15,reference_max,0.9,0.8,1.2,0.9,0.0,945,51,100,0.0909874570972593,0.05229076215031902,0.3324067656821272,27.0,1.1443954234490996,0.06338126085328578,0.02760619624397352,0.09048914931585758,-0.03819838716553856,0.3909976949370026,-0.05859092925487541,10.0,17.0,1.1257386802236973,0.01865674322540234
dpo_beta15_feedback_half_b100_s0,dpo,beta15,feedback_half,0.9,0.8,1.2,0.0,0.5,54,1,25,0.058755320870256256,0.07515109809646044,0.7613318047921176,0.0,0.8684015444052765,0.07620941332580236,-0.017454092455546105,0.09865351392655053,-0.023502415830090093,0.7078261901966921,0.053505614595425466,0.0,0.0,0.8064113751956984,0.061990169209578116
dpo_beta15_feedback_half_b100_s0,dpo,beta15,feedback_half,0.9,0.8,1.2,0.0,0.5,251,1,25,0.0943373151887084,0.17373395592264707,0.5699729215573851,5.0,1.05719184034528,0.09589027834726122,-0.0015529631585528142,0.17894466689773425,-0.005210710975087185,0.5945518324308767,-0.024578910873491622,4.0,1.0,1.0344575089559567,0.022734331389323348
dpo_beta15_feedback_half_b100_s0,dpo,beta15,feedback_half,0.9,0.8,1.2,0.0,0.5,612,1,25,0.10153150020001796,0.1450805177190879,0.5669158603684226,2.0,0.7133064120028944,0.09899001893484902,0.0025414812651689406,0.16383728302160677,-0.01875676530251888,0.6281409845614047,-0.061225124192982094,2.0,0.0,0.6327736805213066,0.0805327314815878
dpo_beta15_feedback_half_b100_s0,dpo,beta15,feedback_half,0.9,0.8,1.2,0.0,0.5,737,1,25,0.06907576791772317,0.13243671776894983,0.7523925186181999,1.0,0.8992292328877132,0.07564270707518997,-0.006566939157466797,0.1340757195524658,-0.0016390017835159754,0.7266688049357454,0.02572371368245452,1.0,0.0,0.8630610359517965,0.03616819693591666
dpo_beta15_feedback_half_b100_s0,dpo,beta15,feedback_half,0.9,0.8,1.2,0.0,0.5,867,1,25,0.08548963214832819,0.11171438411356069,0.5804306198985405,4.0,0.8368660483318842,0.07871968844169101,0.00676994370663718,0.11564647291811628,-0.003932088804555589,0.586233691257474,-0.0058030713589335425,2.0,2.0,0.8009805091425699,0.03588553918931425
dpo_beta15_feedback_half_b100_s0,dpo,beta15,feedback_half,0.9,0.8,1.2,0.0,0.5,945,1,25,0.08684458912580578,0.09762256564329841,0.5239568065138996,3.0,1.0839078398618107,0.08363144582631313,0.0032131432994926545,0.09461246593345102,0.0030100997098473914,0.505157228469227,0.018799578044672693,3.0,0.0,1.1052915309222564,-0.021383691060445686
dpo_beta15_feedback_half_b100_s0,dpo,beta15,feedback_half,0.9,0.8,1.2,0.0,0.5,54,26,50,0.05363453108280259,0.04505773661337147,0.54238985641864,0.0,0.8098612025774556,0.046822059882162995,0.006812471200639596,0.044252488596053435,0.0008052480173180374,0.5102208558845639,0.03216900053407612,0.0,0.0,0.7957964963524526,0.014064706225002999
dpo_beta15_feedback_half_b100_s0,dpo,beta15,feedback_half,0.9,0.8,1.2,0.0,0.5,251,26,50,0.07240246137893695,0.08419018161369123,0.4198878105870743,1.0,1.1580606277522227,0.07268340800218805,-0.00028094662325109376,0.10430495916536602,-0.02011477755167479,0.4372634837808002,-0.017375673193725905,4.0,-3.0,1.1403820302752032,0.017678597477019498
dpo_beta15_feedback_half_b100_s0,dpo,beta15,feedback_half,0.9,0.8,1.2,0.0,0.5,612,26,50,0.05465185578236377,0.07254854763538647,0.4302853141278641,4.0,0.756671295240445,0.06563927910546852,-0.010987423323104747,0.11367768494109592,-0.041129137305709454,0.49618312047750757,-0.06589780634964348,2.0,2.0,0.6994471390044703,0.057224156235974655
dpo_beta15_feedback_half_b100_s0,dpo,beta15,feedback_half,0.9,0.8,1.2,0.0,0.5,737,26,50,0.060499214857269015,0.054568077597029134,0.4961154259676466,0.0,0.9360359908940191,0.06683151996640968,-0.006332305109140665,0.06294957550423756,-0.008381497907208428,0.49833789926191213,-0.002222473294265559,0.0,0.0,0.8833581581995208,0.05267783269449833
dpo_beta15_feedback_half_b100_s0,dpo,beta15,feedback_half,0.9,0.8,1.2,0.0,0.5,867,26,50,0.05961973887365156,0.06964406254317485,0.45881232101121205,3.0,0.6615993941164534,0.062396891322580084,-0.0027771524489285243,0.1121201339140977,-0.04247607137092285,0.515987369729381,-0.05717504871816892,2.0,1.0,0.6415230294077467,0.020076364708706662
dpo_beta15_feedback_half_b100_s0,dpo,beta15,feedback_half,0.9,0.8,1.2,0.0,0.5,945,26,50,0.0551126871557243,0.05364042254990742,0.364197701854816,6.0,1.1267452307585322,0.05527905922441558,-0.0001663720686912798,0.052521634090896066,0.0011187884590113523,0.3504468355654119,0.013750866289404085,7.0,-1.0,1.116175125455608,0.010570105302924127
dpo_beta15_feedback_half_b100_s0,dpo,beta15,feedback_half,0.9,0.8,1.2,0.0,0.5,54,51,75,0.06433459354093062,0.06697299823116543,0.47133642051326496,8.0,0.7142923168616645,0.05616989863005482,0.008164694910875799,0.0616055823248425,0.005367415906322927,0.4800464996990283,-0.00871007918576333,4.0,4.0,0.7218460776812473,-0.007553760819582811
dpo_beta15_feedback_half_b100_s0,dpo,beta15,feedback_half,0.9,0.8,1.2,0.0,0.5,251,51,75,0.053762557018567796,0.07489216738791175,0.4185657787500473,3.0,1.026030026689992,0.052880793925410056,0.0008817630931577392,0.06925476067824697,0.005637406709664783,0.4051942779601806,0.013371500789866708,3.0,0.0,1.001789062204078,0.024240964485914063
dpo_beta15_feedback_half_b100_s0,dpo,beta15,feedback_half,0.9,0.8,1.2,0.0,0.5,612,51,75,0.05056112837369244,0.06403435698621142,0.4698858051078914,2.0,0.7204808386507543,0.0549457657183782,-0.004384637344685756,0.050452941591152,0.013581415395059422,0.4499510572597789,0.0199347478481125,6.0,-4.0,0.7025721120853364,0.017908726565417865
dpo_beta15_feedback_half_b100_s0,dpo,beta15,feedback_half,0.9,0.8,1.2,0.0,0.5,737,51,75,0.06468506706688609,0.06530249624280343,0.48894209945181477,2.0,0.8697228759345187,0.06422040238410638,0.0004646646827797113,0.08377459901526052,-0.01847210277245709,0.4818364880786975,0.007105611373117271,4.0,-2.0,0.8340819004461042,0.035640975488414495
dpo_beta15_feedback_half_b100_s0,dpo,beta15,feedback_half,0.9,0.8,1.2,0.0,0.5,867,51,75,0.0551650377777319,0.04210700344226885,0.42340879551964106,5.0,0.7805886037141508,0.05649578162839837,-0.00133074385066647,0.07696226865454359,-0.034855265212274736,0.4405867553858515,-0.017177959866210457,10.0,-5.0,0.8541669152570376,-0.07357831154288674
dpo_beta15_feedback_half_b100_s0,dpo,beta15,feedback_half,0.9,0.8,1.2,0.0,0.5,945,51,75,0.062335930661187186,0.04988445576190113,0.3748752288886632,3.0,1.134540762323907,0.055570193221555104,0.006765737439632082,0.06097975729813131,-0.01109530153623018,0.383613387792882,-0.008738158904218807,7.0,-4.0,1.1244585242443854,0.010082238079521577
dpo_beta15_feedback_half_b100_s0,dpo,beta15,feedback_half,0.9,0.8,1.2,0.0,0.5,54,76,100,0.05286734026187591,0.034451249371017026,0.5117642921294828,2.0,0.7869203790748556,0.053117308235157285,-0.0002499679732813759,0.030097101800234224,0.004354147570782802,0.49124708736576417,0.020517204763718655,0.0,2.0,0.767253637414393,0.01966674166046256
dpo_beta15_feedback_half_b100_s0,dpo,beta15,feedback_half,0.9,0.8,1.2,0.0,0.5,251,76,100,0.0666450750854304,0.06348586752277247,0.4102380273534173,4.0,0.9596088118876271,0.0646651002920671,0.001979974793363301,0.07602832544126266,-0.012542457918490194,0.4312994617625403,-0.021061434409123003,5.0,-1.0,0.9713598146810862,-0.011751002793459087
dpo_beta15_feedback_half_b100_s0,dpo,beta15,feedback_half,0.9,0.8,1.2,0.0,0.5,612,76,100,0.05838129585812361,0.04957718425475895,0.4008704078620004,2.0,0.7979180589910672,0.05648826080330117,0.0018930350548224395,0.04266014903418151,0.00691703522057744,0.40966243174766637,-0.008792023885665967,3.0,-1.0,0.7734717376963364,0.02444632129473079
dpo_beta15_feedback_half_b100_s0,dpo,beta15,feedback_half,0.9,0.8,1.2,0.0,0.5,737,76,100,0.06221224734361096,0.08302652352017631,0.4648947230823995,2.0,0.8501684258764973,0.057837584126644026,0.004374663216966931,0.07069445745111148,0.012332066069064826,0.4456917844875368,0.019202938594862662,6.0,-4.0,0.9028817046574118,-0.052713278780914474
dpo_beta15_feedback_half_b100_s0,dpo,beta15,feedback_half,0.9,0.8,1.2,0.0,0.5,867,76,100,0.07250398528988615,0.09262500519492683,0.47224596326482804,4.0,0.7937406989033042,0.07344767964341427,-0.0009436943535281184,0.0865571159957619,0.006067889199164941,0.4502595948514834,0.021986368413344615,7.0,-3.0,0.8056759019991833,-0.011935203095879032
dpo_beta15_feedback_half_b100_s0,dpo,beta15,feedback_half,0.9,0.8,1.2,0.0,0.5,945,76,100,0.06084828432752157,0.07419453476508792,0.35473772591989344,7.0,1.136274316077921,0.0711923284850165,-0.01034404415749493,0.10096949987254576,-0.026774965107457846,0.3983820020811232,-0.043644276161229734,3.0,4.0,1.1270188362030091,0.00925547987491182
dpo_beta15_feedback_half_b100_s0,dpo,beta15,feedback_half,0.9,0.8,1.2,0.0,0.5,54,51,100,0.058600966901403255,0.06108535908593485,0.4915503563213738,10.0,0.75060634796826,0.05464360343260605,0.003957363468797208,0.05766149541736758,0.00342386366856727,0.4856467935323961,0.00590356278897769,4.0,6.0,0.7445498575478203,0.006056490420439653
dpo_beta15_feedback_half_b100_s0,dpo,beta15,feedback_half,0.9,0.8,1.2,0.0,0.5,251,51,100,0.06020381605199909,0.07759999543940893,0.4144019030517323,7.0,0.9928194192888096,0.05877294710873857,0.0014308689432605201,0.08416776666056938,-0.006567771221160451,0.4182468698613605,-0.003844966809628203,8.0,-1.0,0.986574438442582,0.006244980846227599
dpo_beta15_feedback_half_b100_s0,dpo,beta15,feedback_half,0.9,0.8,1.2,0.0,0.5,612,51,100,0.054471212115908024,0.07401435882262968,0.4353781064849459,4.0,0.7591994488209107,0.05571701326083971,-0.0012458011449316825,0.06443269279136703,0.009581666031262648,0.42980674450372264,0.005571361981223266,9.0,-5.0,0.7380219248908366,0.021177523930074105
dpo_beta15_feedback_half_b100_s0,dpo,beta15,feedback_half,0.9,0.8,1.2,0.0,0.5,737,51,100,0.06344865720524853,0.07746006584233515,0.47691841126710693,4.0,0.8599456509055079,0.06102899325537521,0.0024196639498733213,0.08015546152005049,-0.0026953956777153315,0.463764136283117,0.013154274983989911,10.0,-6.0,0.868481802551758,-0.0085361516462501
dpo_beta15_feedback_half_b100_s0,dpo,beta15,feedback_half,0.9,0.8,1.2,0.0,0.5,867,51,100,0.06383451153380904,0.07230874002006621,0.44782737939223466,9.0,0.7871646513087276,0.06497173063590632,-0.0011372191020972838,0.08397161476322668,-0.011662874743160467,0.44542317511866747,0.00240420427356719,17.0,-8.0,0.8299214086281107,-0.04275675731938311
dpo_beta15_feedback_half_b100_s0,dpo,beta15,feedback_half,0.9,0.8,1.2,0.0,0.5,945,51,100,0.06159210749435439,0.0678651401381457,0.3648064774042784,10.0,1.1354075392009142,0.06338126085328578,-0.0017891533589313932,0.09048914931585758,-0.022624009177711887,0.3909976949370026,-0.026191217532724187,10.0,0.0,1.1257386802236973,0.009668858977216921
dpo_beta15_feedback_one_b100_s0,dpo,beta15,feedback_one,0.9,0.8,1.2,0.0,1.0,54,1,25,0.06669130566060259,0.09329854283168754,0.6907519892618958,0.0,0.8662877106057622,0.07620941332580236,-0.009518107665199768,0.09865351392655053,-0.0053549710948629925,0.7078261901966921,-0.01707420093479628,0.0,0.0,0.8064113751956984,0.059876335410063763
dpo_beta15_feedback_one_b100_s0,dpo,beta15,feedback_one,0.9,0.8,1.2,0.0,1.0,251,1,25,0.09583481443247335,0.14054615593277148,0.5246881204501932,6.0,1.1107092116133246,0.09589027834726122,-5.546391478786217e-05,0.17894466689773425,-0.03839851096496277,0.5945518324308767,-0.06986371198068353,4.0,2.0,1.0344575089559567,0.07625170265736791
dpo_beta15_feedback_one_b100_s0,dpo,beta15,feedback_one,0.9,0.8,1.2,0.0,1.0,612,1,25,0.1022910689312,0.12441127219352893,0.5352036011865743,1.0,0.7113336587574226,0.09899001893484902,0.003301049996350988,0.16383728302160677,-0.03942601082807784,0.6281409845614047,-0.09293738337483037,2.0,-1.0,0.6327736805213066,0.07855997823611605
dpo_beta15_feedback_one_b100_s0,dpo,beta15,feedback_one,0.9,0.8,1.2,0.0,1.0,737,1,25,0.0709756575968876,0.12601746373774358,0.7003690790728535,1.0,0.9655218953586387,0.07564270707518997,-0.0046670494783023625,0.1340757195524658,-0.00805825581472222,0.7266688049357454,-0.026299725862891865,1.0,0.0,0.8630610359517965,0.10246085940684224
dpo_beta15_feedback_one_b100_s0,dpo,beta15,feedback_one,0.9,0.8,1.2,0.0,1.0,867,1,25,0.08425001129319605,0.11587887537611322,0.565159421920374,6.0,0.8333494550823407,0.07871968844169101,0.005530322851505037,0.11564647291811628,0.0002324024579969386,0.586233691257474,-0.021074269337099993,2.0,4.0,0.8009805091425699,0.0323689459397708
dpo_beta15_feedback_one_b100_s0,dpo,beta15,feedback_one,0.9,0.8,1.2,0.0,1.0,945,1,25,0.08315863105493744,0.0892233604542039,0.5055946583859132,3.0,1.1158651192304452,0.08363144582631313,-0.0004728147713756875,0.09461246593345102,-0.005389105479247119,0.505157228469227,0.0004374299166862716,3.0,0.0,1.1052915309222564,0.010573588308188775
dpo_beta15_feedback_one_b100_s0,dpo,beta15,feedback_one,0.9,0.8,1.2,0.0,1.0,54,26,50,0.05381263810792539,0.04317430067513706,0.5193622947222427,0.0,0.805308321175407,0.046822059882162995,0.006990578225762392,0.044252488596053435,-0.0010781879209163722,0.5102208558845639,0.009141438837678817,0.0,0.0,0.7957964963524526,0.009511824822954318
dpo_beta15_feedback_one_b100_s0,dpo,beta15,feedback_one,0.9,0.8,1.2,0.0,1.0,251,26,50,0.063770321912451,0.06559543131110429,0.3700579355854151,5.0,1.1318118596268187,0.07268340800218805,-0.008913086089737052,0.10430495916536602,-0.038709527854261724,0.4372634837808002,-0.0672055481953851,4.0,1.0,1.1403820302752032,-0.0085701706483845
dpo_beta15_feedback_one_b100_s0,dpo,beta15,feedback_one,0.9,0.8,1.2,0.0,1.0,612,26,50,0.05698724827927812,0.06212233072163994,0.44021964754186776,4.0,0.741413037195873,0.06563927910546852,-0.008652030826190399,0.11367768494109592,-0.051555354219455986,0.49618312047750757,-0.0559634729356398,2.0,2.0,0.6994471390044703,0.04196589819140273
dpo_beta15_feedback_one_b100_s0,dpo,beta15,feedback_one,0.9,0.8,1.2,0.0,1.0,737,26,50,0.06161196512904113,0.05004781021376754,0.5171133192436445,0.0,0.8888047436213591,0.06683151996640968,-0.005219554837368551,0.06294957550423756,-0.012901765290470019,0.49833789926191213,0.018775419981732322,0.0,0.0,0.8833581581995208,0.00544658542183829
dpo_beta15_feedback_one_b100_s0,dpo,beta15,feedback_one,0.9,0.8,1.2,0.0,1.0,867,26,50,0.057420773925159256,0.08199599668702072,0.47605522299209324,3.0,0.6777536668883731,0.062396891322580084,-0.0049761173974208275,0.1121201339140977,-0.030124137227076977,0.515987369729381,-0.03993214673728773,2.0,1.0,0.6415230294077467,0.03623063748062638
dpo_beta15_feedback_one_b100_s0,dpo,beta15,feedback_one,0.9,0.8,1.2,0.0,1.0,945,26,50,0.054505490702940015,0.043399123784087466,0.3509225558365644,5.0,1.172812480869797,0.05527905922441558,-0.0007735685214755664,0.052521634090896066,-0.0091225103068086,0.3504468355654119,0.00047572027115250215,7.0,-2.0,1.116175125455608,0.05663735541418902
dpo_beta15_feedback_one_b100_s0,dpo,beta15,feedback_one,0.9,0.8,1.2,0.0,1.0,54,51,75,0.060911196921334405,0.06127481332077121,0.45836287866427433,4.0,0.7408386603836589,0.05616989863005482,0.004741298291279589,0.0616055823248425,-0.00033076900407128657,0.4800464996990283,-0.021683621034753964,4.0,0.0,0.7218460776812473,0.018992582702411553
dpo_beta15_feedback_one_b100_s0,dpo,beta15,feedback_one,0.9,0.8,1.2,0.0,1.0,251,51,75,0.05345453100185438,0.056024205895760314,0.4095200438597885,6.0,0.930052392025932,0.052880793925410056,0.0005737370764443209,0.06925476067824697,-0.013230554782486657,0.4051942779601806,0.004325765899607925,3.0,3.0,1.001789062204078,-0.07173667017814589
dpo_beta15_feedback_one_b100_s0,dpo,beta15,feedback_one,0.9,0.8,1.2,0.0,1.0,612,51,75,0.05469135395623513,0.05485597007202681,0.4390577916344175,2.0,0.7362945032306847,0.0549457657183782,-0.00025441176214306693,0.050452941591152,0.0044030284808748155,0.4499510572597789,-0.010893265625361415,6.0,-4.0,0.7025721120853364,0.03372239114534825
dpo_beta15_feedback_one_b100_s0,dpo,beta15,feedback_one,0.9,0.8,1.2,0.0,1.0,737,51,75,0.05274235173357548,0.06787385244126562,0.5022613639769795,2.0,0.874002306675966,0.06422040238410638,-0.011478050650530904,0.08377459901526052,-0.0159007465739949,0.4818364880786975,0.020424875898282013,4.0,-2.0,0.8340819004461042,0.039920406229861816
dpo_beta15_feedback_one_b100_s0,dpo,beta15,feedback_one,0.9,0.8,1.2,0.0,1.0,867,51,75,0.05644299977370906,0.04127776448798903,0.42715159803495323,6.0,0.7804644585527123,0.05649578162839837,-5.2781854689307184e-05,0.07696226865454359,-0.035684504166554554,0.4405867553858515,-0.013435157350898286,10.0,-4.0,0.8541669152570376,-0.07370245670432529
dpo_beta15_feedback_one_b100_s0,dpo,beta15,feedback_one,0.9,0.8,1.2,0.0,1.0,945,51,75,0.06080900656698701,0.05325860561550876,0.3892776964854488,3.0,1.1433891147184787,0.055570193221555104,0.005238813345431907,0.06097975729813131,-0.007721151682622544,0.383613387792882,0.0056643086925667885,7.0,-4.0,1.1244585242443854,0.01893059047409329
dpo_beta15_feedback_one_b100_s0,dpo,beta15,feedback_one,0.9,0.8,1.2,0.0,1.0,54,76,100,0.05907216278852306,0.04137123063398622,0.5022060069547568,2.0,0.7839985911538876,0.053117308235157285,0.005954854553365772,0.030097101800234224,0.011274128833751996,0.49124708736576417,0.010958919588992644,0.0,2.0,0.767253637414393,0.016744953739494584
dpo_beta15_feedback_one_b100_s0,dpo,beta15,feedback_one,0.9,0.8,1.2,0.0,1.0,251,76,100,0.059121815633427374,0.07292573165993213,0.3957341079893926,8.0,0.972942476824017,0.0646651002920671,-0.005543284658639722,0.07602832544126266,-0.0031025937813305288,0.4312994617625403,-0.03556535377314768,5.0,3.0,0.9713598146810862,0.0015826621429307908
dpo_beta15_feedback_one_b100_s0,dpo,beta15,feedback_one,0.9,0.8,1.2,0.0,1.0,612,76,100,0.07205143710028493,0.05507566887367171,0.4202556558306059,3.0,0.7669480994875503,0.05648826080330117,0.015563176296983762,0.04266014903418151,0.0124155198394902,0.40966243174766637,0.010593224082939556,3.0,0.0,0.7734717376963364,-0.006523638208786098
dpo_beta15_feedback_one_b100_s0,dpo,beta15,feedback_one,0.9,0.8,1.2,0.0,1.0,737,76,100,0.05461468469994291,0.07119747503014082,0.447959727271045,2.0,0.8445015580988627,0.057837584126644026,-0.0032228994267011132,0.07069445745111148,0.0005030175790293329,0.4456917844875368,0.00226794278350817,6.0,-4.0,0.9028817046574118,-0.05838014655854906
dpo_beta15_feedback_one_b100_s0,dpo,beta15,feedback_one,0.9,0.8,1.2,0.0,1.0,867,76,100,0.0666829315832101,0.07739911946299444,0.45139439363276324,7.0,0.8062064870599199,0.07344767964341427,-0.006764748060204162,0.0865571159957619,-0.009157996532767457,0.4502595948514834,0.001134798781279811,7.0,0.0,0.8056759019991833,0.0005305850607366658
dpo_beta15_feedback_one_b100_s0,dpo,beta15,feedback_one,0.9,0.8,1.2,0.0,1.0,945,76,100,0.06520419893274063,0.06600665632628643,0.3447543128453969,7.0,1.157700836105375,0.0711923284850165,-0.005988129552275873,0.10096949987254576,-0.03496284354625934,0.3983820020811232,-0.05362768923572625,3.0,4.0,1.1270188362030091,0.030681999902365975
dpo_beta15_feedback_one_b100_s0,dpo,beta15,feedback_one,0.9,0.8,1.2,0.0,1.0,54,51,100,0.05999167985492871,0.058441716474435544,0.48028444280951554,6.0,0.7624186257687734,0.05464360343260605,0.005348076422322663,0.05766149541736758,0.000780221057067966,0.4856467935323961,-0.005362350722880549,4.0,2.0,0.7445498575478203,0.01786876822095307
dpo_beta15_feedback_one_b100_s0,dpo,beta15,feedback_one,0.9,0.8,1.2,0.0,1.0,251,51,100,0.05628817331764087,0.07129421447434323,0.4026270759245907,14.0,0.9514974344249745,0.05877294710873857,-0.002484773791097704,0.08416776666056938,-0.012873552186226156,0.4182468698613605,-0.015619793936769821,8.0,6.0,0.986574438442582,-0.035077004017607494
dpo_beta15_feedback_one_b100_s0,dpo,beta15,feedback_one,0.9,0.8,1.2,0.0,1.0,612,51,100,0.06337139552826004,0.06323446044325236,0.4296567237325118,5.0,0.7516213013591171,0.05571701326083971,0.007654382267420337,0.06443269279136703,-0.0011982323481146695,0.42980674450372264,-0.0001500207712108459,9.0,-4.0,0.7380219248908366,0.013599376468280466
dpo_beta15_feedback_one_b100_s0,dpo,beta15,feedback_one,0.9,0.8,1.2,0.0,1.0,737,51,100,0.053678518216759175,0.07479123267046915,0.4751105456240122,4.0,0.8592519323874143,0.06102899325537521,-0.007350475038616036,0.08015546152005049,-0.0053642288495813345,0.463764136283117,0.011346409340895203,10.0,-6.0,0.868481802551758,-0.009229870164343734
dpo_beta15_feedback_one_b100_s0,dpo,beta15,feedback_one,0.9,0.8,1.2,0.0,1.0,867,51,100,0.06156296567845959,0.06277263840961778,0.4392729958338581,13.0,0.7933354728063158,0.06497173063590632,-0.0034087649574467277,0.08397161476322668,-0.0211989763536089,0.44542317511866747,-0.006150179284809376,17.0,-4.0,0.8299214086281107,-0.036585935821794924
dpo_beta15_feedback_one_b100_s0,dpo,beta15,feedback_one,0.9,0.8,1.2,0.0,1.0,945,51,100,0.06300660274986385,0.06422668468723235,0.36701600466542295,10.0,1.1505449754119268,0.06338126085328578,-0.0003746581034219376,0.09048914931585758,-0.026262464628625234,0.3909976949370026,-0.023981690271579648,10.0,0.0,1.1257386802236973,0.02480629518822952
