run_id,method,base_id,arm,alpha,lambda_current,beta_train,nu,kappa,prompt_id,start_step,end_step,tv_mean,probability_temporal_sd,mean_max_probability,leading_response_switches,relative_entropy_mean
ipo_center_ordinary_b100_s0,ipo,center,ordinary,0.9,0.8,0.2,0.0,0.0,54,1,25,0.08105224223388292,0.10109496725247774,0.706279464907736,0.0,0.8262894766608507
ipo_center_ordinary_b100_s0,ipo,center,ordinary,0.9,0.8,0.2,0.0,0.0,251,1,25,0.1343281558730501,0.2004070120160364,0.5905415133233953,4.0,0.9739168783604577
ipo_center_ordinary_b100_s0,ipo,center,ordinary,0.9,0.8,0.2,0.0,0.0,612,1,25,0.14554590782793161,0.19051467271198316,0.536530393564508,9.0,0.707147136718361
ipo_center_ordinary_b100_s0,ipo,center,ordinary,0.9,0.8,0.2,0.0,0.0,737,1,25,0.10447052849388001,0.14688225931594218,0.6578068484115495,1.0,0.9195423462077115
ipo_center_ordinary_b100_s0,ipo,center,ordinary,0.9,0.8,0.2,0.0,0.0,867,1,25,0.10417736981784886,0.17374667450854175,0.6263046597161953,3.0,0.6880975780967278
ipo_center_ordinary_b100_s0,ipo,center,ordinary,0.9,0.8,0.2,0.0,0.0,945,1,25,0.11094439633638274,0.13531187491293123,0.517121532043172,9.0,0.952233733131935
ipo_center_ordinary_b100_s0,ipo,center,ordinary,0.9,0.8,0.2,0.0,0.0,54,26,50,0.06436368119065246,0.04767273047265842,0.5241528631027383,2.0,0.7210883453446939
ipo_center_ordinary_b100_s0,ipo,center,ordinary,0.9,0.8,0.2,0.0,0.0,251,26,50,0.13263642057190103,0.1857479499027493,0.5619261027186556,5.0,1.032233815758095
ipo_center_ordinary_b100_s0,ipo,center,ordinary,0.9,0.8,0.2,0.0,0.0,612,26,50,0.07957447142129792,0.10148640970570946,0.48912545357333753,3.0,0.688341338395825
ipo_center_ordinary_b100_s0,ipo,center,ordinary,0.9,0.8,0.2,0.0,0.0,737,26,50,0.07836399323996587,0.07859587932019152,0.4619775063779062,1.0,0.8760167503827567
ipo_center_ordinary_b100_s0,ipo,center,ordinary,0.9,0.8,0.2,0.0,0.0,867,26,50,0.09952441797370737,0.11840125570651427,0.5220152261913178,6.0,0.5724874472784586
ipo_center_ordinary_b100_s0,ipo,center,ordinary,0.9,0.8,0.2,0.0,0.0,945,26,50,0.0851155030444945,0.06170464044631129,0.3565595487566645,9.0,1.0977717513441332
ipo_center_ordinary_b100_s0,ipo,center,ordinary,0.9,0.8,0.2,0.0,0.0,54,51,75,0.07190975310524486,0.07458373809257114,0.46224292669897943,5.0,0.761643904329698
ipo_center_ordinary_b100_s0,ipo,center,ordinary,0.9,0.8,0.2,0.0,0.0,251,51,75,0.06938218535281472,0.10110528951073666,0.4773901928951586,3.0,0.8750803133322655
ipo_center_ordinary_b100_s0,ipo,center,ordinary,0.9,0.8,0.2,0.0,0.0,612,51,75,0.07337637778042738,0.08085225669442735,0.49938167593970745,2.0,0.6407417548438313
ipo_center_ordinary_b100_s0,ipo,center,ordinary,0.9,0.8,0.2,0.0,0.0,737,51,75,0.08726881350463601,0.11800217065119549,0.44300026255951314,4.0,0.7270599765550597
ipo_center_ordinary_b100_s0,ipo,center,ordinary,0.9,0.8,0.2,0.0,0.0,867,51,75,0.07331259297685387,0.07841041442216257,0.456934659812911,4.0,0.7864876980746607
ipo_center_ordinary_b100_s0,ipo,center,ordinary,0.9,0.8,0.2,0.0,0.0,945,51,75,0.0739690163229385,0.07706437227522012,0.37860192759179745,4.0,1.0960098162805325
ipo_center_ordinary_b100_s0,ipo,center,ordinary,0.9,0.8,0.2,0.0,0.0,54,76,100,0.05754267740849825,0.03861647783311598,0.4734138756229936,0.0,0.8019489745819683
ipo_center_ordinary_b100_s0,ipo,center,ordinary,0.9,0.8,0.2,0.0,0.0,251,76,100,0.08616008625330383,0.08247787934589544,0.4304853645973797,8.0,0.9425023483571812
ipo_center_ordinary_b100_s0,ipo,center,ordinary,0.9,0.8,0.2,0.0,0.0,612,76,100,0.05863504469841515,0.058217236936802044,0.4583372285002538,5.0,0.7778030448582229
ipo_center_ordinary_b100_s0,ipo,center,ordinary,0.9,0.8,0.2,0.0,0.0,737,76,100,0.08022424311151527,0.08624362952047951,0.4163271390475971,4.0,0.9007742775881585
ipo_center_ordinary_b100_s0,ipo,center,ordinary,0.9,0.8,0.2,0.0,0.0,867,76,100,0.10097261074886105,0.1366355115461644,0.524644607468036,5.0,0.7211315561973002
ipo_center_ordinary_b100_s0,ipo,center,ordinary,0.9,0.8,0.2,0.0,0.0,945,76,100,0.08092197017299649,0.13330561334009952,0.4805383444313035,4.0,0.9651233303167275
ipo_center_ordinary_b100_s0,ipo,center,ordinary,0.9,0.8,0.2,0.0,0.0,54,51,100,0.06472621525687154,0.06355413278705567,0.46782840116098634,5.0,0.7817964394558331
ipo_center_ordinary_b100_s0,ipo,center,ordinary,0.9,0.8,0.2,0.0,0.0,251,51,100,0.07777113580305926,0.10038334110663258,0.45393777874626906,11.0,0.9087913308447233
ipo_center_ordinary_b100_s0,ipo,center,ordinary,0.9,0.8,0.2,0.0,0.0,612,51,100,0.06600571123942127,0.07730018582361448,0.47885945221998083,7.0,0.7092723998510273
ipo_center_ordinary_b100_s0,ipo,center,ordinary,0.9,0.8,0.2,0.0,0.0,737,51,100,0.08374652830807566,0.10749871224443529,0.42966370080355515,8.0,0.8139171270716093
ipo_center_ordinary_b100_s0,ipo,center,ordinary,0.9,0.8,0.2,0.0,0.0,867,51,100,0.08714260186285747,0.11223658964815782,0.4907896336404737,9.0,0.7538096271359805
ipo_center_ordinary_b100_s0,ipo,center,ordinary,0.9,0.8,0.2,0.0,0.0,945,51,100,0.07744549324796748,0.1181961784336603,0.4295701360115504,8.0,1.0305665732986302
ipo_center_reference_half_b100_s0,ipo,center,reference_half,0.9,0.8,0.2,0.45,0.0,54,1,25,0.09670039674454439,0.11368554949241452,0.6862948890464626,0.0,0.7931936963717722
ipo_center_reference_half_b100_s0,ipo,center,reference_half,0.9,0.8,0.2,0.45,0.0,251,1,25,0.11688672921974237,0.20633113034761624,0.63312434516178,5.0,0.9751656922121354
ipo_center_reference_half_b100_s0,ipo,center,reference_half,0.9,0.8,0.2,0.45,0.0,612,1,25,0.13132522965198273,0.177788980849394,0.6337761725335098,2.0,0.6655441274296127
ipo_center_reference_half_b100_s0,ipo,center,reference_half,0.9,0.8,0.2,0.45,0.0,737,1,25,0.11552973096036755,0.14877851953356827,0.7255770348555672,2.0,0.836268142980348
ipo_center_reference_half_b100_s0,ipo,center,reference_half,0.9,0.8,0.2,0.45,0.0,867,1,25,0.10502704032940309,0.13310461156103037,0.5511760059748407,9.0,0.728951414665262
ipo_center_reference_half_b100_s0,ipo,center,reference_half,0.9,0.8,0.2,0.45,0.0,945,1,25,0.11457633876165854,0.10299660827851184,0.5073815894897015,5.0,1.047796753820533
ipo_center_reference_half_b100_s0,ipo,center,reference_half,0.9,0.8,0.2,0.45,0.0,54,26,50,0.08079093733694984,0.045931196062966306,0.4848811919916586,4.0,0.6974969538574746
ipo_center_reference_half_b100_s0,ipo,center,reference_half,0.9,0.8,0.2,0.45,0.0,251,26,50,0.09605193890296732,0.1564523056772072,0.5030786012457357,7.0,1.0514340437255651
ipo_center_reference_half_b100_s0,ipo,center,reference_half,0.9,0.8,0.2,0.45,0.0,612,26,50,0.09592833599531378,0.1141679868549014,0.48342628621459904,4.0,0.7548673837797175
ipo_center_reference_half_b100_s0,ipo,center,reference_half,0.9,0.8,0.2,0.45,0.0,737,26,50,0.10304615890055677,0.11654260766915736,0.4479733151190709,8.0,0.926494298837203
ipo_center_reference_half_b100_s0,ipo,center,reference_half,0.9,0.8,0.2,0.45,0.0,867,26,50,0.07695892262897763,0.11113996242192842,0.5104857933804026,5.0,0.5786527318971977
ipo_center_reference_half_b100_s0,ipo,center,reference_half,0.9,0.8,0.2,0.45,0.0,945,26,50,0.08570488949969757,0.06974363798345266,0.3690842871602352,6.0,1.0350409491577268
ipo_center_reference_half_b100_s0,ipo,center,reference_half,0.9,0.8,0.2,0.45,0.0,54,51,75,0.07272256505594021,0.06671074586125536,0.4611335276347031,3.0,0.7739852304673586
ipo_center_reference_half_b100_s0,ipo,center,reference_half,0.9,0.8,0.2,0.45,0.0,251,51,75,0.06805306785586614,0.06701267090894009,0.3994080148465575,5.0,1.0185688321557151
ipo_center_reference_half_b100_s0,ipo,center,reference_half,0.9,0.8,0.2,0.45,0.0,612,51,75,0.07078593641427844,0.06030542136297029,0.45627867236754666,3.0,0.7380662840522509
ipo_center_reference_half_b100_s0,ipo,center,reference_half,0.9,0.8,0.2,0.45,0.0,737,51,75,0.0778085327850281,0.06712456664482881,0.41997390073414104,6.0,0.903944251740026
ipo_center_reference_half_b100_s0,ipo,center,reference_half,0.9,0.8,0.2,0.45,0.0,867,51,75,0.07333486414477246,0.07401023575106982,0.44707018848321467,2.0,0.740876408700805
ipo_center_reference_half_b100_s0,ipo,center,reference_half,0.9,0.8,0.2,0.45,0.0,945,51,75,0.07488767529996736,0.04645898569676256,0.348802103341878,7.0,1.0680326328976004
ipo_center_reference_half_b100_s0,ipo,center,reference_half,0.9,0.8,0.2,0.45,0.0,54,76,100,0.06428586975155422,0.04286727408479356,0.4908125799082231,0.0,0.8163017811592167
ipo_center_reference_half_b100_s0,ipo,center,reference_half,0.9,0.8,0.2,0.45,0.0,251,76,100,0.07666683560226897,0.05526368012865912,0.40787147711450994,3.0,0.9668776748364318
ipo_center_reference_half_b100_s0,ipo,center,reference_half,0.9,0.8,0.2,0.45,0.0,612,76,100,0.07124982280946911,0.06942022786356493,0.45033923407764453,5.0,0.8272946022856806
ipo_center_reference_half_b100_s0,ipo,center,reference_half,0.9,0.8,0.2,0.45,0.0,737,76,100,0.09187680831136918,0.06349974241148229,0.41981384892541757,2.0,0.9382150494190223
ipo_center_reference_half_b100_s0,ipo,center,reference_half,0.9,0.8,0.2,0.45,0.0,867,76,100,0.08666272300035949,0.0762622207449295,0.4458512463460154,8.0,0.7170123294285592
ipo_center_reference_half_b100_s0,ipo,center,reference_half,0.9,0.8,0.2,0.45,0.0,945,76,100,0.08365885924534261,0.10081454509019994,0.3956085227622554,7.0,1.0855481192926115
ipo_center_reference_half_b100_s0,ipo,center,reference_half,0.9,0.8,0.2,0.45,0.0,54,51,100,0.06850421740374721,0.06229311384172729,0.475973053771463,3.0,0.7951435058132879
ipo_center_reference_half_b100_s0,ipo,center,reference_half,0.9,0.8,0.2,0.45,0.0,251,51,100,0.07235995172906755,0.06718046693438055,0.40363974598053387,8.0,0.9927232534960734
ipo_center_reference_half_b100_s0,ipo,center,reference_half,0.9,0.8,0.2,0.45,0.0,612,51,100,0.07101787961187378,0.08432856318956103,0.45330895322259557,8.0,0.7826804431689658
ipo_center_reference_half_b100_s0,ipo,center,reference_half,0.9,0.8,0.2,0.45,0.0,737,51,100,0.08484267054819865,0.06577405460047266,0.4198938748297794,8.0,0.921079650579524
ipo_center_reference_half_b100_s0,ipo,center,reference_half,0.9,0.8,0.2,0.45,0.0,867,51,100,0.07999879357256595,0.0758204859775469,0.4464607174146151,10.0,0.728944369064682
ipo_center_reference_half_b100_s0,ipo,center,reference_half,0.9,0.8,0.2,0.45,0.0,945,51,100,0.079273267272655,0.0850561720480931,0.3722053130520668,14.0,1.0767903760951059
ipo_center_reference_max_b100_s0,ipo,center,reference_max,0.9,0.8,0.2,0.9,0.0,54,1,25,0.09035658582560158,0.12198736686660283,0.6713897265356659,4.0,0.8315452057860179
ipo_center_reference_max_b100_s0,ipo,center,reference_max,0.9,0.8,0.2,0.9,0.0,251,1,25,0.1500511122594766,0.18232525917320214,0.5988293528469913,4.0,1.0192857560054214
ipo_center_reference_max_b100_s0,ipo,center,reference_max,0.9,0.8,0.2,0.9,0.0,612,1,25,0.16074644017711917,0.17376844135123493,0.7125733853779636,1.0,0.5979028786884093
ipo_center_reference_max_b100_s0,ipo,center,reference_max,0.9,0.8,0.2,0.9,0.0,737,1,25,0.1577169109372649,0.14606600229564842,0.7277176612246223,3.0,0.8230720651987063
ipo_center_reference_max_b100_s0,ipo,center,reference_max,0.9,0.8,0.2,0.9,0.0,867,1,25,0.19540208968964057,0.1403771035556718,0.5703363740250015,13.0,0.7490721658369708
ipo_center_reference_max_b100_s0,ipo,center,reference_max,0.9,0.8,0.2,0.9,0.0,945,1,25,0.1808276117959118,0.09672855426305163,0.5054573003064092,11.0,1.0882176144353342
ipo_center_reference_max_b100_s0,ipo,center,reference_max,0.9,0.8,0.2,0.9,0.0,54,26,50,0.14578222938676283,0.07665726256889364,0.5035411717663711,12.0,0.6972590739242324
ipo_center_reference_max_b100_s0,ipo,center,reference_max,0.9,0.8,0.2,0.9,0.0,251,26,50,0.1245618300305866,0.12857341647121093,0.4456526836096306,7.0,1.1103178635724171
ipo_center_reference_max_b100_s0,ipo,center,reference_max,0.9,0.8,0.2,0.9,0.0,612,26,50,0.1570121516999455,0.08895804868718112,0.4115823945434217,12.0,0.8409484811300019
ipo_center_reference_max_b100_s0,ipo,center,reference_max,0.9,0.8,0.2,0.9,0.0,737,26,50,0.2305830341086472,0.13631292351848012,0.4429106680795079,15.0,0.7563145917931746
ipo_center_reference_max_b100_s0,ipo,center,reference_max,0.9,0.8,0.2,0.9,0.0,867,26,50,0.11008382873237675,0.05803121274995181,0.47177390694302745,10.0,0.5517407863023095
ipo_center_reference_max_b100_s0,ipo,center,reference_max,0.9,0.8,0.2,0.9,0.0,945,26,50,0.17117941324737082,0.05923651232942611,0.3829090574726443,18.0,0.991245427246128
ipo_center_reference_max_b100_s0,ipo,center,reference_max,0.9,0.8,0.2,0.9,0.0,54,51,75,0.06081561919428503,0.07147431621509365,0.4977925397452562,1.0,0.7678063329834169
ipo_center_reference_max_b100_s0,ipo,center,reference_max,0.9,0.8,0.2,0.9,0.0,251,51,75,0.1334556646560003,0.07945958242093448,0.41511585541947243,9.0,0.9861920710039327
ipo_center_reference_max_b100_s0,ipo,center,reference_max,0.9,0.8,0.2,0.9,0.0,612,51,75,0.12806190727333264,0.05162773161498107,0.44288586674457464,4.0,0.7680175821068118
ipo_center_reference_max_b100_s0,ipo,center,reference_max,0.9,0.8,0.2,0.9,0.0,737,51,75,0.09703941687540824,0.06535090405674493,0.429198823820498,4.0,0.7460578844311536
ipo_center_reference_max_b100_s0,ipo,center,reference_max,0.9,0.8,0.2,0.9,0.0,867,51,75,0.08908751703003802,0.03882207576654963,0.4194401769989571,7.0,0.6487877188626656
ipo_center_reference_max_b100_s0,ipo,center,reference_max,0.9,0.8,0.2,0.9,0.0,945,51,75,0.0964072153577966,0.041762136434889595,0.3465308489761658,9.0,1.0812047595641638
ipo_center_reference_max_b100_s0,ipo,center,reference_max,0.9,0.8,0.2,0.9,0.0,54,76,100,0.08875384550613565,0.058743300575150176,0.4539482833252331,4.0,0.8076112542012918
ipo_center_reference_max_b100_s0,ipo,center,reference_max,0.9,0.8,0.2,0.9,0.0,251,76,100,0.10190734838140557,0.06343262692717785,0.418889903405971,8.0,0.9439750209156237
ipo_center_reference_max_b100_s0,ipo,center,reference_max,0.9,0.8,0.2,0.9,0.0,612,76,100,0.10079218416824556,0.06358587338637892,0.46611978970662377,9.0,0.788258261659308
ipo_center_reference_max_b100_s0,ipo,center,reference_max,0.9,0.8,0.2,0.9,0.0,737,76,100,0.11604969535593687,0.05170843340484516,0.38952777247709514,13.0,0.8393496462978887
ipo_center_reference_max_b100_s0,ipo,center,reference_max,0.9,0.8,0.2,0.9,0.0,867,76,100,0.12463305050482845,0.0665490276854714,0.47401136373841113,10.0,0.6545359967271017
ipo_center_reference_max_b100_s0,ipo,center,reference_max,0.9,0.8,0.2,0.9,0.0,945,76,100,0.08917019628486886,0.07229613535986261,0.3693086685489677,12.0,1.0157540163320953
ipo_center_reference_max_b100_s0,ipo,center,reference_max,0.9,0.8,0.2,0.9,0.0,54,51,100,0.07478473235021034,0.07746051305270915,0.4758704115352447,5.0,0.7877087935923547
ipo_center_reference_max_b100_s0,ipo,center,reference_max,0.9,0.8,0.2,0.9,0.0,251,51,100,0.11768150651870295,0.0760479704428351,0.4170028794127218,17.0,0.965083545959778
ipo_center_reference_max_b100_s0,ipo,center,reference_max,0.9,0.8,0.2,0.9,0.0,612,51,100,0.11442704572078911,0.07796553489809163,0.45450282822559934,13.0,0.77813792188306
ipo_center_reference_max_b100_s0,ipo,center,reference_max,0.9,0.8,0.2,0.9,0.0,737,51,100,0.10654455611567253,0.06334358543034807,0.4093632981487966,17.0,0.7927037653645211
ipo_center_reference_max_b100_s0,ipo,center,reference_max,0.9,0.8,0.2,0.9,0.0,867,51,100,0.10686028376743321,0.05540416215494273,0.44672577036868416,17.0,0.6516618577948838
ipo_center_reference_max_b100_s0,ipo,center,reference_max,0.9,0.8,0.2,0.9,0.0,945,51,100,0.09278870582133275,0.06330874404988812,0.35791975876256676,21.0,1.0484793879481298
ipo_center_feedback_half_b100_s0,ipo,center,feedback_half,0.9,0.8,0.2,0.0,0.5,54,1,25,0.07173216137278143,0.08688205875696474,0.7137281415701504,0.0,0.8684281052685925
ipo_center_feedback_half_b100_s0,ipo,center,feedback_half,0.9,0.8,0.2,0.0,0.5,251,1,25,0.13991206869180753,0.186041082867055,0.5685558657114365,6.0,1.0359082472505852
ipo_center_feedback_half_b100_s0,ipo,center,feedback_half,0.9,0.8,0.2,0.0,0.5,612,1,25,0.13481885964396262,0.16334425415566287,0.5263859489717005,8.0,0.6963664937409022
ipo_center_feedback_half_b100_s0,ipo,center,feedback_half,0.9,0.8,0.2,0.0,0.5,737,1,25,0.10207187525004474,0.12482355734145392,0.6669338033581802,1.0,0.9518864946242982
ipo_center_feedback_half_b100_s0,ipo,center,feedback_half,0.9,0.8,0.2,0.0,0.5,867,1,25,0.10262571236981413,0.14974870932386297,0.586844849302184,7.0,0.7011587111560985
ipo_center_feedback_half_b100_s0,ipo,center,feedback_half,0.9,0.8,0.2,0.0,0.5,945,1,25,0.1101711950724495,0.12169946883329512,0.5176568049791982,4.0,0.9619288666030988
ipo_center_feedback_half_b100_s0,ipo,center,feedback_half,0.9,0.8,0.2,0.0,0.5,54,26,50,0.061170196642999324,0.05846596120120359,0.518335131145837,2.0,0.7233861050891638
ipo_center_feedback_half_b100_s0,ipo,center,feedback_half,0.9,0.8,0.2,0.0,0.5,251,26,50,0.08389613567671984,0.10400272016382488,0.474104266149995,4.0,1.0429583680609527
ipo_center_feedback_half_b100_s0,ipo,center,feedback_half,0.9,0.8,0.2,0.0,0.5,612,26,50,0.1015012658617546,0.10653104055162291,0.4833405147689984,4.0,0.6667988127001887
ipo_center_feedback_half_b100_s0,ipo,center,feedback_half,0.9,0.8,0.2,0.0,0.5,737,26,50,0.07941799600051223,0.0680923546326158,0.45685913365852393,0.0,0.9025198519544027
ipo_center_feedback_half_b100_s0,ipo,center,feedback_half,0.9,0.8,0.2,0.0,0.5,867,26,50,0.07995186080960294,0.07137002456432459,0.47468344052274786,4.0,0.5466367763601677
ipo_center_feedback_half_b100_s0,ipo,center,feedback_half,0.9,0.8,0.2,0.0,0.5,945,26,50,0.06786327381728373,0.055174863640517796,0.366287535049271,9.0,1.063779470431827
ipo_center_feedback_half_b100_s0,ipo,center,feedback_half,0.9,0.8,0.2,0.0,0.5,54,51,75,0.06964653095784097,0.07259650293450134,0.454493311143402,3.0,0.7733926850222997
ipo_center_feedback_half_b100_s0,ipo,center,feedback_half,0.9,0.8,0.2,0.0,0.5,251,51,75,0.07334652424419803,0.06910426423342085,0.4256960599810182,6.0,0.9002993871449505
ipo_center_feedback_half_b100_s0,ipo,center,feedback_half,0.9,0.8,0.2,0.0,0.5,612,51,75,0.06982868318728949,0.0768174680789504,0.48522896955432077,4.0,0.710592414751001
ipo_center_feedback_half_b100_s0,ipo,center,feedback_half,0.9,0.8,0.2,0.0,0.5,737,51,75,0.08095322751168066,0.08771782329120788,0.43758053367383987,3.0,0.8488965900127541
ipo_center_feedback_half_b100_s0,ipo,center,feedback_half,0.9,0.8,0.2,0.0,0.5,867,51,75,0.07799154750572786,0.06762532440017437,0.4435438910051191,8.0,0.7024869097763904
ipo_center_feedback_half_b100_s0,ipo,center,feedback_half,0.9,0.8,0.2,0.0,0.5,945,51,75,0.08063528180482024,0.07059870571723852,0.37159966882572704,6.0,1.088537046107358
ipo_center_feedback_half_b100_s0,ipo,center,feedback_half,0.9,0.8,0.2,0.0,0.5,54,76,100,0.06313283997348194,0.056104954605679415,0.48446819902828253,2.0,0.7993190665525743
ipo_center_feedback_half_b100_s0,ipo,center,feedback_half,0.9,0.8,0.2,0.0,0.5,251,76,100,0.07223324837022096,0.08429127288463184,0.42808274254406464,5.0,0.9420563484241454
ipo_center_feedback_half_b100_s0,ipo,center,feedback_half,0.9,0.8,0.2,0.0,0.5,612,76,100,0.05671798273666906,0.046250927220098464,0.4545252306262171,4.0,0.7190757887255007
ipo_center_feedback_half_b100_s0,ipo,center,feedback_half,0.9,0.8,0.2,0.0,0.5,737,76,100,0.06919249594930166,0.09110054151350754,0.43329286072831763,2.0,0.9078351354465498
ipo_center_feedback_half_b100_s0,ipo,center,feedback_half,0.9,0.8,0.2,0.0,0.5,867,76,100,0.07752158220996411,0.09524773738218038,0.4733771609818584,8.0,0.7045978387715082
ipo_center_feedback_half_b100_s0,ipo,center,feedback_half,0.9,0.8,0.2,0.0,0.5,945,76,100,0.07719152588385689,0.0702234886730116,0.35968364208609793,9.0,1.0891756783930269
ipo_center_feedback_half_b100_s0,ipo,center,feedback_half,0.9,0.8,0.2,0.0,0.5,54,51,100,0.06638968546566146,0.06744507402898556,0.46948075508584225,5.0,0.7863558757874372
ipo_center_feedback_half_b100_s0,ipo,center,feedback_half,0.9,0.8,0.2,0.0,0.5,251,51,100,0.07278988630720949,0.0828717834638141,0.4268894012625413,11.0,0.921177867784548
ipo_center_feedback_half_b100_s0,ipo,center,feedback_half,0.9,0.8,0.2,0.0,0.5,612,51,100,0.06327333296197928,0.08384342981950432,0.46987710009026884,8.0,0.7148341017382508
ipo_center_feedback_half_b100_s0,ipo,center,feedback_half,0.9,0.8,0.2,0.0,0.5,737,51,100,0.07507286173049116,0.09065101618626688,0.4354366972010788,5.0,0.8783658627296518
ipo_center_feedback_half_b100_s0,ipo,center,feedback_half,0.9,0.8,0.2,0.0,0.5,867,51,100,0.07775656485784598,0.08305517822487546,0.4584605259934888,16.0,0.7035423742739492
ipo_center_feedback_half_b100_s0,ipo,center,feedback_half,0.9,0.8,0.2,0.0,0.5,945,51,100,0.07891340384433859,0.07580802618453007,0.36564165545591243,15.0,1.0888563622501928
ipo_center_feedback_one_b100_s0,ipo,center,feedback_one,0.9,0.8,0.2,0.0,1.0,54,1,25,0.07001385441638329,0.08453947293828926,0.6703485458497288,0.0,0.8668821857415426
ipo_center_feedback_one_b100_s0,ipo,center,feedback_one,0.9,0.8,0.2,0.0,1.0,251,1,25,0.12858762520277556,0.1375297116454769,0.48207657902035583,6.0,1.1002646418033388
ipo_center_feedback_one_b100_s0,ipo,center,feedback_one,0.9,0.8,0.2,0.0,1.0,612,1,25,0.1157875895201288,0.13969727685276567,0.5418265128385137,4.0,0.6724911705537058
ipo_center_feedback_one_b100_s0,ipo,center,feedback_one,0.9,0.8,0.2,0.0,1.0,737,1,25,0.10200362689553062,0.12873778663666788,0.6377119357904779,1.0,0.9721852925603972
ipo_center_feedback_one_b100_s0,ipo,center,feedback_one,0.9,0.8,0.2,0.0,1.0,867,1,25,0.09849644569730684,0.14091354475019116,0.5667519820326095,5.0,0.7510080342400738
ipo_center_feedback_one_b100_s0,ipo,center,feedback_one,0.9,0.8,0.2,0.0,1.0,945,1,25,0.11715738038108188,0.11273065109903879,0.4958205568393836,4.0,1.000958329947568
ipo_center_feedback_one_b100_s0,ipo,center,feedback_one,0.9,0.8,0.2,0.0,1.0,54,26,50,0.07209440244601345,0.06282005711705443,0.5094517539632037,4.0,0.725931341148775
ipo_center_feedback_one_b100_s0,ipo,center,feedback_one,0.9,0.8,0.2,0.0,1.0,251,26,50,0.09854773982508408,0.08547333964054213,0.3962044339549737,9.0,1.0961260396310297
ipo_center_feedback_one_b100_s0,ipo,center,feedback_one,0.9,0.8,0.2,0.0,1.0,612,26,50,0.09771936666285255,0.08374485718734598,0.45738706713342486,7.0,0.6744977426927876
ipo_center_feedback_one_b100_s0,ipo,center,feedback_one,0.9,0.8,0.2,0.0,1.0,737,26,50,0.0866822630396488,0.08147899444293988,0.4315773547327649,3.0,0.8851947646335866
ipo_center_feedback_one_b100_s0,ipo,center,feedback_one,0.9,0.8,0.2,0.0,1.0,867,26,50,0.08619246765838832,0.08725605198261228,0.4838545261286333,5.0,0.6217862382678759
ipo_center_feedback_one_b100_s0,ipo,center,feedback_one,0.9,0.8,0.2,0.0,1.0,945,26,50,0.07932624930996406,0.06180334715129558,0.36008956177187523,8.0,1.0987073308584845
ipo_center_feedback_one_b100_s0,ipo,center,feedback_one,0.9,0.8,0.2,0.0,1.0,54,51,75,0.08467986804463475,0.08840191912606374,0.4664185641558582,4.0,0.7702591863773338
ipo_center_feedback_one_b100_s0,ipo,center,feedback_one,0.9,0.8,0.2,0.0,1.0,251,51,75,0.06552730184844395,0.05469194574324726,0.4220265016047916,7.0,0.8926399570393966
ipo_center_feedback_one_b100_s0,ipo,center,feedback_one,0.9,0.8,0.2,0.0,1.0,612,51,75,0.07643442353936755,0.05675382070199346,0.4770328413867693,2.0,0.7258834093646882
ipo_center_feedback_one_b100_s0,ipo,center,feedback_one,0.9,0.8,0.2,0.0,1.0,737,51,75,0.09406167668979233,0.09848966800927006,0.4322754457351881,7.0,0.7469341469327111
ipo_center_feedback_one_b100_s0,ipo,center,feedback_one,0.9,0.8,0.2,0.0,1.0,867,51,75,0.07912908238767048,0.05448175051627334,0.41561034623494975,7.0,0.7176806957835166
ipo_center_feedback_one_b100_s0,ipo,center,feedback_one,0.9,0.8,0.2,0.0,1.0,945,51,75,0.07377448072050478,0.05191194252893238,0.36624105667125845,4.0,1.0963947512642407
ipo_center_feedback_one_b100_s0,ipo,center,feedback_one,0.9,0.8,0.2,0.0,1.0,54,76,100,0.08035664698603616,0.04486197296005205,0.43834617634320433,2.0,0.8091797421358702
ipo_center_feedback_one_b100_s0,ipo,center,feedback_one,0.9,0.8,0.2,0.0,1.0,251,76,100,0.07887225213050761,0.0642954596055982,0.42792651756989386,4.0,0.895237501117642
ipo_center_feedback_one_b100_s0,ipo,center,feedback_one,0.9,0.8,0.2,0.0,1.0,612,76,100,0.07005648064658405,0.0566777232873278,0.43414193238583787,8.0,0.768551892752158
ipo_center_feedback_one_b100_s0,ipo,center,feedback_one,0.9,0.8,0.2,0.0,1.0,737,76,100,0.07814031932856527,0.07944267837596608,0.4318188551169051,4.0,0.9126251740006315
ipo_center_feedback_one_b100_s0,ipo,center,feedback_one,0.9,0.8,0.2,0.0,1.0,867,76,100,0.08344968571485907,0.09040059653171212,0.4656510599680271,7.0,0.7135841946828302
ipo_center_feedback_one_b100_s0,ipo,center,feedback_one,0.9,0.8,0.2,0.0,1.0,945,76,100,0.08013726653983663,0.08056007272793775,0.36877204203997566,11.0,1.0781756299487093
ipo_center_feedback_one_b100_s0,ipo,center,feedback_one,0.9,0.8,0.2,0.0,1.0,54,51,100,0.08251825751533547,0.07425343848906253,0.4523823702495314,6.0,0.7897194642566019
ipo_center_feedback_one_b100_s0,ipo,center,feedback_one,0.9,0.8,0.2,0.0,1.0,251,51,100,0.07219977698947579,0.06336449952707503,0.4249765095873428,11.0,0.8939387290785191
ipo_center_feedback_one_b100_s0,ipo,center,feedback_one,0.9,0.8,0.2,0.0,1.0,612,51,100,0.07324545209297584,0.06688734796155119,0.4555873868863037,10.0,0.7472176510584232
ipo_center_feedback_one_b100_s0,ipo,center,feedback_one,0.9,0.8,0.2,0.0,1.0,737,51,100,0.08610099800917878,0.09260284953595896,0.43204715042604663,11.0,0.8297796604666715
ipo_center_feedback_one_b100_s0,ipo,center,feedback_one,0.9,0.8,0.2,0.0,1.0,867,51,100,0.08128938405126476,0.07577135132619424,0.44063070310148844,14.0,0.7156324452331737
ipo_center_feedback_one_b100_s0,ipo,center,feedback_one,0.9,0.8,0.2,0.0,1.0,945,51,100,0.07695587363017072,0.07128633321339257,0.36750654935561705,15.0,1.087285190606475
dpo_center_ordinary_b100_s0,dpo,center,ordinary,0.9,0.8,0.8,0.0,0.0,54,1,25,0.07788229668552864,0.10545589612575511,0.7205125639508725,0.0,0.842250114666594
dpo_center_ordinary_b100_s0,dpo,center,ordinary,0.9,0.8,0.8,0.0,0.0,251,1,25,0.138869186019598,0.223389038359329,0.6373951099743672,4.0,0.9014852412779798
dpo_center_ordinary_b100_s0,dpo,center,ordinary,0.9,0.8,0.8,0.0,0.0,612,1,25,0.16175073023095898,0.22669536797201292,0.5855894298209398,7.0,0.6825148119164952
dpo_center_ordinary_b100_s0,dpo,center,ordinary,0.9,0.8,0.8,0.0,0.0,737,1,25,0.11487715245314466,0.15178162571509551,0.6846138518754041,1.0,0.900535395986432
dpo_center_ordinary_b100_s0,dpo,center,ordinary,0.9,0.8,0.8,0.0,0.0,867,1,25,0.11493899280803575,0.179927047356294,0.627182590530897,7.0,0.6499061366237298
dpo_center_ordinary_b100_s0,dpo,center,ordinary,0.9,0.8,0.8,0.0,0.0,945,1,25,0.11948078896214501,0.1402336119066074,0.5205849864017715,9.0,0.9351184606764659
dpo_center_ordinary_b100_s0,dpo,center,ordinary,0.9,0.8,0.8,0.0,0.0,54,26,50,0.06591261999647763,0.06301099726878953,0.5296175272434823,4.0,0.7257838981845157
dpo_center_ordinary_b100_s0,dpo,center,ordinary,0.9,0.8,0.8,0.0,0.0,251,26,50,0.1353385737107311,0.20345862914603963,0.6170588082119886,5.0,0.9546896282360917
dpo_center_ordinary_b100_s0,dpo,center,ordinary,0.9,0.8,0.8,0.0,0.0,612,26,50,0.0996250694255928,0.12324487908427124,0.502859943170985,3.0,0.6093826549874045
dpo_center_ordinary_b100_s0,dpo,center,ordinary,0.9,0.8,0.8,0.0,0.0,737,26,50,0.08164854811490688,0.08527574861205608,0.4615312011353307,3.0,0.900901060676493
dpo_center_ordinary_b100_s0,dpo,center,ordinary,0.9,0.8,0.8,0.0,0.0,867,26,50,0.0952721006658018,0.14432293542099722,0.5516665826089578,3.0,0.5458945581139065
dpo_center_ordinary_b100_s0,dpo,center,ordinary,0.9,0.8,0.8,0.0,0.0,945,26,50,0.0876845274804948,0.08001027289512397,0.3950655278286114,7.0,1.0557983350569806
dpo_center_ordinary_b100_s0,dpo,center,ordinary,0.9,0.8,0.8,0.0,0.0,54,51,75,0.07157669869173051,0.0743474721270827,0.478584964941459,3.0,0.7545033762105668
dpo_center_ordinary_b100_s0,dpo,center,ordinary,0.9,0.8,0.8,0.0,0.0,251,51,75,0.08367556150170186,0.12606249768748373,0.5178256695091994,4.0,0.8683793677645503
dpo_center_ordinary_b100_s0,dpo,center,ordinary,0.9,0.8,0.8,0.0,0.0,612,51,75,0.07925721630481722,0.0901221934055719,0.48796212641620024,4.0,0.6717363916698175
dpo_center_ordinary_b100_s0,dpo,center,ordinary,0.9,0.8,0.8,0.0,0.0,737,51,75,0.09320464905974093,0.1214832733519032,0.42942824234119087,6.0,0.7191506229116749
dpo_center_ordinary_b100_s0,dpo,center,ordinary,0.9,0.8,0.8,0.0,0.0,867,51,75,0.06842638081912128,0.08093288170081758,0.48472878260884245,4.0,0.7358963396226286
dpo_center_ordinary_b100_s0,dpo,center,ordinary,0.9,0.8,0.8,0.0,0.0,945,51,75,0.07575660074872212,0.07744192671387765,0.38021752562466105,6.0,1.1189374096687819
dpo_center_ordinary_b100_s0,dpo,center,ordinary,0.9,0.8,0.8,0.0,0.0,54,76,100,0.06360834879992308,0.06852764877402356,0.4891999353387302,1.0,0.7852312942058282
dpo_center_ordinary_b100_s0,dpo,center,ordinary,0.9,0.8,0.8,0.0,0.0,251,76,100,0.07489633386510809,0.07757630627257184,0.4347587862610605,5.0,0.9375946821513829
dpo_center_ordinary_b100_s0,dpo,center,ordinary,0.9,0.8,0.8,0.0,0.0,612,76,100,0.05486339699035528,0.0414867111945736,0.4460492084016671,5.0,0.7593613938819962
dpo_center_ordinary_b100_s0,dpo,center,ordinary,0.9,0.8,0.8,0.0,0.0,737,76,100,0.08411078394860803,0.0811147127068307,0.4041936057695703,8.0,0.8755197833883757
dpo_center_ordinary_b100_s0,dpo,center,ordinary,0.9,0.8,0.8,0.0,0.0,867,76,100,0.09793703541802726,0.1352313619288501,0.5376689091401067,6.0,0.6790884123110841
dpo_center_ordinary_b100_s0,dpo,center,ordinary,0.9,0.8,0.8,0.0,0.0,945,76,100,0.08691727316316283,0.13139288231799076,0.4582937934199823,3.0,1.029802097169734
dpo_center_ordinary_b100_s0,dpo,center,ordinary,0.9,0.8,0.8,0.0,0.0,54,51,100,0.06759252374582679,0.07417905332739774,0.48389245014009463,4.0,0.7698673352081975
dpo_center_ordinary_b100_s0,dpo,center,ordinary,0.9,0.8,0.8,0.0,0.0,251,51,100,0.07928594768340497,0.10978336788229734,0.47629222788513004,9.0,0.9029870249579665
dpo_center_ordinary_b100_s0,dpo,center,ordinary,0.9,0.8,0.8,0.0,0.0,612,51,100,0.06706030664758622,0.07878177568592157,0.4670056674089338,9.0,0.7155488927759069
dpo_center_ordinary_b100_s0,dpo,center,ordinary,0.9,0.8,0.8,0.0,0.0,737,51,100,0.08865771650417445,0.10791862587605829,0.4168109240553805,14.0,0.7973352031500253
dpo_center_ordinary_b100_s0,dpo,center,ordinary,0.9,0.8,0.8,0.0,0.0,867,51,100,0.08318170811857428,0.11297059497083167,0.5111988458744746,10.0,0.7074923759668563
dpo_center_ordinary_b100_s0,dpo,center,ordinary,0.9,0.8,0.8,0.0,0.0,945,51,100,0.08133693695594248,0.11630252632374236,0.41925565952232163,9.0,1.0743697534192578
dpo_center_reference_half_b100_s0,dpo,center,reference_half,0.9,0.8,0.8,0.45,0.0,54,1,25,0.10358002782758993,0.1309388091004678,0.6687519074378031,4.0,0.7938604180298906
dpo_center_reference_half_b100_s0,dpo,center,reference_half,0.9,0.8,0.8,0.45,0.0,251,1,25,0.1386824914618089,0.21340400323082104,0.614608862061268,5.0,0.9552578256298924
dpo_center_reference_half_b100_s0,dpo,center,reference_half,0.9,0.8,0.8,0.45,0.0,612,1,25,0.1420517530399057,0.18408175015552644,0.593190920087851,6.0,0.6839524223858631
dpo_center_reference_half_b100_s0,dpo,center,reference_half,0.9,0.8,0.8,0.45,0.0,737,1,25,0.11020623944608653,0.15198081090490426,0.7310988687684739,1.0,0.8154393532136527
dpo_center_reference_half_b100_s0,dpo,center,reference_half,0.9,0.8,0.8,0.45,0.0,867,1,25,0.10403401109195733,0.15081263153015612,0.5658867320921035,7.0,0.6746189279284935
dpo_center_reference_half_b100_s0,dpo,center,reference_half,0.9,0.8,0.8,0.45,0.0,945,1,25,0.11877364304233484,0.1105303109291613,0.49909771607292686,5.0,1.0085800492019843
dpo_center_reference_half_b100_s0,dpo,center,reference_half,0.9,0.8,0.8,0.45,0.0,54,26,50,0.07055171839764977,0.0594114486915983,0.5327104938295613,2.0,0.6807346057660874
dpo_center_reference_half_b100_s0,dpo,center,reference_half,0.9,0.8,0.8,0.45,0.0,251,26,50,0.09125240464381976,0.15479740722165916,0.5021809735253716,7.0,1.0439672105181355
dpo_center_reference_half_b100_s0,dpo,center,reference_half,0.9,0.8,0.8,0.45,0.0,612,26,50,0.09594108448658173,0.13622105728142747,0.5132848655753186,3.0,0.6729692390097928
dpo_center_reference_half_b100_s0,dpo,center,reference_half,0.9,0.8,0.8,0.45,0.0,737,26,50,0.09713843958215987,0.0906387730340576,0.41581338946050567,7.0,0.9925979546404667
dpo_center_reference_half_b100_s0,dpo,center,reference_half,0.9,0.8,0.8,0.45,0.0,867,26,50,0.08358614892981298,0.11882808176164507,0.5341133299014778,2.0,0.5770298297741712
dpo_center_reference_half_b100_s0,dpo,center,reference_half,0.9,0.8,0.8,0.45,0.0,945,26,50,0.08694968377769528,0.07387128176452147,0.3857283299120654,4.0,1.0025428850405165
dpo_center_reference_half_b100_s0,dpo,center,reference_half,0.9,0.8,0.8,0.45,0.0,54,51,75,0.06276479824055885,0.05979923269809696,0.4423931100622689,3.0,0.7691090789367379
dpo_center_reference_half_b100_s0,dpo,center,reference_half,0.9,0.8,0.8,0.45,0.0,251,51,75,0.06281864711572377,0.04805764740222248,0.38970942709721484,10.0,0.9732742191060698
dpo_center_reference_half_b100_s0,dpo,center,reference_half,0.9,0.8,0.8,0.45,0.0,612,51,75,0.0706107932949396,0.07709204409871272,0.453509874727471,5.0,0.7225180811456692
dpo_center_reference_half_b100_s0,dpo,center,reference_half,0.9,0.8,0.8,0.45,0.0,737,51,75,0.07289840797577479,0.05247194767148563,0.43306042733935163,0.0,0.8930304825151438
dpo_center_reference_half_b100_s0,dpo,center,reference_half,0.9,0.8,0.8,0.45,0.0,867,51,75,0.07624615007604997,0.0790599711860529,0.44342653002181004,6.0,0.772742609804385
dpo_center_reference_half_b100_s0,dpo,center,reference_half,0.9,0.8,0.8,0.45,0.0,945,51,75,0.07226925899021579,0.04925311922352517,0.3641289677578273,7.0,1.0398708076013432
dpo_center_reference_half_b100_s0,dpo,center,reference_half,0.9,0.8,0.8,0.45,0.0,54,76,100,0.06818963712203452,0.04413548599174251,0.48749778267152094,1.0,0.8161939109093886
dpo_center_reference_half_b100_s0,dpo,center,reference_half,0.9,0.8,0.8,0.45,0.0,251,76,100,0.07851773436224876,0.0682497927663926,0.4266906226506345,6.0,0.9253351428000339
dpo_center_reference_half_b100_s0,dpo,center,reference_half,0.9,0.8,0.8,0.45,0.0,612,76,100,0.06833431391972465,0.061810148365696344,0.4628848612916218,6.0,0.7695077175729115
dpo_center_reference_half_b100_s0,dpo,center,reference_half,0.9,0.8,0.8,0.45,0.0,737,76,100,0.08967677362523054,0.07103885422761488,0.42103350906400705,4.0,0.9171422621346617
dpo_center_reference_half_b100_s0,dpo,center,reference_half,0.9,0.8,0.8,0.45,0.0,867,76,100,0.0790061226571262,0.08027147450629636,0.4532425780723329,9.0,0.7308404744118357
dpo_center_reference_half_b100_s0,dpo,center,reference_half,0.9,0.8,0.8,0.45,0.0,945,76,100,0.08989302429653159,0.11401694165463819,0.42596902682948334,5.0,1.0705953017069525
dpo_center_reference_half_b100_s0,dpo,center,reference_half,0.9,0.8,0.8,0.45,0.0,54,51,100,0.06547721768129669,0.059783486640204116,0.46494544636689505,4.0,0.7926514949230631
dpo_center_reference_half_b100_s0,dpo,center,reference_half,0.9,0.8,0.8,0.45,0.0,251,51,100,0.07066819073898628,0.06817053127552701,0.4082000248739248,16.0,0.949304680953052
dpo_center_reference_half_b100_s0,dpo,center,reference_half,0.9,0.8,0.8,0.45,0.0,612,51,100,0.06947255360733214,0.085387430353907,0.4581973680095464,11.0,0.7460128993592902
dpo_center_reference_half_b100_s0,dpo,center,reference_half,0.9,0.8,0.8,0.45,0.0,737,51,100,0.08128759080050267,0.06393451552702495,0.4270469682016795,4.0,0.9050863723249027
dpo_center_reference_half_b100_s0,dpo,center,reference_half,0.9,0.8,0.8,0.45,0.0,867,51,100,0.0776261363665881,0.0803785302564036,0.4483345540470714,15.0,0.7517915421081106
dpo_center_reference_half_b100_s0,dpo,center,reference_half,0.9,0.8,0.8,0.45,0.0,945,51,100,0.08108114164337371,0.09630300011293366,0.3950489972936553,12.0,1.055233054654148
dpo_center_reference_max_b100_s0,dpo,center,reference_max,0.9,0.8,0.8,0.9,0.0,54,1,25,0.10936487317408763,0.13557961939363808,0.6690999889292774,5.0,0.7886086004511386
dpo_center_reference_max_b100_s0,dpo,center,reference_max,0.9,0.8,0.8,0.9,0.0,251,1,25,0.1603239761277719,0.19993478613437063,0.6356059791232876,4.0,0.9787400259698448
dpo_center_reference_max_b100_s0,dpo,center,reference_max,0.9,0.8,0.8,0.9,0.0,612,1,25,0.1416684645564015,0.17683216453428002,0.7245130186076958,1.0,0.5959987365135185
dpo_center_reference_max_b100_s0,dpo,center,reference_max,0.9,0.8,0.8,0.9,0.0,737,1,25,0.1526719370124022,0.1584787613530038,0.7254824248503458,3.0,0.8054250491004211
dpo_center_reference_max_b100_s0,dpo,center,reference_max,0.9,0.8,0.8,0.9,0.0,867,1,25,0.24282261893646503,0.1539448457165572,0.5969504385359573,13.0,0.7077386384414871
dpo_center_reference_max_b100_s0,dpo,center,reference_max,0.9,0.8,0.8,0.9,0.0,945,1,25,0.16235702069308025,0.10264428006338447,0.5298354032987092,7.0,1.0721488004956756
dpo_center_reference_max_b100_s0,dpo,center,reference_max,0.9,0.8,0.8,0.9,0.0,54,26,50,0.2649987359989986,0.08643244479055406,0.5587526189204826,14.0,0.6839262113990475
dpo_center_reference_max_b100_s0,dpo,center,reference_max,0.9,0.8,0.8,0.9,0.0,251,26,50,0.165753186527713,0.12165153328132608,0.42511374250047185,7.0,1.0909646559539121
dpo_center_reference_max_b100_s0,dpo,center,reference_max,0.9,0.8,0.8,0.9,0.0,612,26,50,0.1879313011571174,0.0893555589894865,0.4417722891579175,16.0,0.8413102048163197
dpo_center_reference_max_b100_s0,dpo,center,reference_max,0.9,0.8,0.8,0.9,0.0,737,26,50,0.201683702306582,0.12822231400283704,0.43197227255751913,18.0,0.8940413026819967
dpo_center_reference_max_b100_s0,dpo,center,reference_max,0.9,0.8,0.8,0.9,0.0,867,26,50,0.13335510012660523,0.06110888908376414,0.5127006526556097,8.0,0.5060524258242303
dpo_center_reference_max_b100_s0,dpo,center,reference_max,0.9,0.8,0.8,0.9,0.0,945,26,50,0.13529414895849196,0.062893118851153,0.3691806012470029,15.0,1.00826181310419
dpo_center_reference_max_b100_s0,dpo,center,reference_max,0.9,0.8,0.8,0.9,0.0,54,51,75,0.14298828256868007,0.07738839503240934,0.5104772114136139,1.0,0.7640414613417826
dpo_center_reference_max_b100_s0,dpo,center,reference_max,0.9,0.8,0.8,0.9,0.0,251,51,75,0.17556396387929518,0.08250834616101342,0.40145621617113475,15.0,1.015389963914206
dpo_center_reference_max_b100_s0,dpo,center,reference_max,0.9,0.8,0.8,0.9,0.0,612,51,75,0.12613042782589517,0.05974055866174091,0.462224464560369,4.0,0.741514013240698
dpo_center_reference_max_b100_s0,dpo,center,reference_max,0.9,0.8,0.8,0.9,0.0,737,51,75,0.15862086252943958,0.06306670720657184,0.4141336094331637,8.0,0.7876630845458792
dpo_center_reference_max_b100_s0,dpo,center,reference_max,0.9,0.8,0.8,0.9,0.0,867,51,75,0.08800765332331412,0.03528168321711461,0.4279271436148014,15.0,0.5553904138755037
dpo_center_reference_max_b100_s0,dpo,center,reference_max,0.9,0.8,0.8,0.9,0.0,945,51,75,0.08851939909802457,0.05000397115635312,0.3650764544331889,6.0,1.11448416164395
dpo_center_reference_max_b100_s0,dpo,center,reference_max,0.9,0.8,0.8,0.9,0.0,54,76,100,0.06842765582520897,0.062436994914855215,0.47417461779768993,2.0,0.7751105719969077
dpo_center_reference_max_b100_s0,dpo,center,reference_max,0.9,0.8,0.8,0.9,0.0,251,76,100,0.10828085865758394,0.043698426913143816,0.42267051357358076,10.0,0.9054951027040731
dpo_center_reference_max_b100_s0,dpo,center,reference_max,0.9,0.8,0.8,0.9,0.0,612,76,100,0.09402139868947788,0.07110041696706808,0.45635179634622747,1.0,0.8326137291948021
dpo_center_reference_max_b100_s0,dpo,center,reference_max,0.9,0.8,0.8,0.9,0.0,737,76,100,0.11105924515658022,0.05596026968834119,0.3886429977805567,11.0,0.8281274536074625
dpo_center_reference_max_b100_s0,dpo,center,reference_max,0.9,0.8,0.8,0.9,0.0,867,76,100,0.12070201567417295,0.05639865102037348,0.47298379318688943,12.0,0.6042629214606955
dpo_center_reference_max_b100_s0,dpo,center,reference_max,0.9,0.8,0.8,0.9,0.0,945,76,100,0.08642586182971972,0.07645556042828466,0.36609105890545407,11.0,1.0924460419119908
dpo_center_reference_max_b100_s0,dpo,center,reference_max,0.9,0.8,0.8,0.9,0.0,54,51,100,0.10570796919694456,0.0784734345102658,0.4923259146056519,3.0,0.769576016669345
dpo_center_reference_max_b100_s0,dpo,center,reference_max,0.9,0.8,0.8,0.9,0.0,251,51,100,0.14192241126843957,0.07691506731620507,0.4120633648723578,25.0,0.9604425333091398
dpo_center_reference_max_b100_s0,dpo,center,reference_max,0.9,0.8,0.8,0.9,0.0,612,51,100,0.11007591325768655,0.08821693443076815,0.45928813045329825,5.0,0.7870638712177499
dpo_center_reference_max_b100_s0,dpo,center,reference_max,0.9,0.8,0.8,0.9,0.0,737,51,100,0.1348400538430099,0.06106969969342922,0.40138830360686,19.0,0.8078952690766709
dpo_center_reference_max_b100_s0,dpo,center,reference_max,0.9,0.8,0.8,0.9,0.0,867,51,100,0.10435483449874358,0.04920396614412988,0.4504554684008454,27.0,0.5798266676680999
dpo_center_reference_max_b100_s0,dpo,center,reference_max,0.9,0.8,0.8,0.9,0.0,945,51,100,0.08747263046387213,0.07632361232092347,0.3655837566693215,17.0,1.1034651017779706
dpo_center_feedback_half_b100_s0,dpo,center,feedback_half,0.9,0.8,0.8,0.0,0.5,54,1,25,0.07356141362497036,0.10176225229842865,0.6908058781099611,0.0,0.8420041269253206
dpo_center_feedback_half_b100_s0,dpo,center,feedback_half,0.9,0.8,0.8,0.0,0.5,251,1,25,0.12936018140972835,0.16268997956623735,0.5334661846324847,6.0,1.0514074607411386
dpo_center_feedback_half_b100_s0,dpo,center,feedback_half,0.9,0.8,0.8,0.0,0.5,612,1,25,0.13205496093109348,0.171548154237987,0.526450971780425,6.0,0.7334313321965169
dpo_center_feedback_half_b100_s0,dpo,center,feedback_half,0.9,0.8,0.8,0.0,0.5,737,1,25,0.1027250503351425,0.13172739317416268,0.6503492237411355,1.0,0.9718321147649792
dpo_center_feedback_half_b100_s0,dpo,center,feedback_half,0.9,0.8,0.8,0.0,0.5,867,1,25,0.11223679797791401,0.17436351122887528,0.6257972467647508,5.0,0.6680129736298713
dpo_center_feedback_half_b100_s0,dpo,center,feedback_half,0.9,0.8,0.8,0.0,0.5,945,1,25,0.11470732942878965,0.12489868016080355,0.5183911022408773,4.0,0.948606494971524
dpo_center_feedback_half_b100_s0,dpo,center,feedback_half,0.9,0.8,0.8,0.0,0.5,54,26,50,0.07096833344138648,0.06408947186542349,0.5177533008993005,4.0,0.6935821683123697
dpo_center_feedback_half_b100_s0,dpo,center,feedback_half,0.9,0.8,0.8,0.0,0.5,251,26,50,0.10261270341899766,0.11573255164469773,0.4468459184259443,7.0,1.0661732898127096
dpo_center_feedback_half_b100_s0,dpo,center,feedback_half,0.9,0.8,0.8,0.0,0.5,612,26,50,0.08201896445921157,0.07561480000339187,0.47659933362888895,2.0,0.670576105301335
dpo_center_feedback_half_b100_s0,dpo,center,feedback_half,0.9,0.8,0.8,0.0,0.5,737,26,50,0.08866711395921832,0.08281722998326167,0.42471582788994366,5.0,0.8698001682653773
dpo_center_feedback_half_b100_s0,dpo,center,feedback_half,0.9,0.8,0.8,0.0,0.5,867,26,50,0.09757073947128843,0.10528039138054485,0.5296814010713283,3.0,0.5719117816413024
dpo_center_feedback_half_b100_s0,dpo,center,feedback_half,0.9,0.8,0.8,0.0,0.5,945,26,50,0.08243597944919193,0.06594915740790945,0.3641852291220782,8.0,1.0824817462797505
dpo_center_feedback_half_b100_s0,dpo,center,feedback_half,0.9,0.8,0.8,0.0,0.5,54,51,75,0.07484487406549822,0.07581287773854865,0.4641579358286443,5.0,0.7703646543264362
dpo_center_feedback_half_b100_s0,dpo,center,feedback_half,0.9,0.8,0.8,0.0,0.5,251,51,75,0.06374472733127697,0.059462784110844644,0.4158065126723018,10.0,0.9029086939423011
dpo_center_feedback_half_b100_s0,dpo,center,feedback_half,0.9,0.8,0.8,0.0,0.5,612,51,75,0.06757363091225861,0.07113503397869313,0.4949790183701717,3.0,0.6864797557099119
dpo_center_feedback_half_b100_s0,dpo,center,feedback_half,0.9,0.8,0.8,0.0,0.5,737,51,75,0.08587660666584124,0.10483412127511593,0.45376878867030146,4.0,0.7597051697418061
dpo_center_feedback_half_b100_s0,dpo,center,feedback_half,0.9,0.8,0.8,0.0,0.5,867,51,75,0.07921985289171783,0.07571590005466254,0.43458868479279594,6.0,0.7227026593174588
dpo_center_feedback_half_b100_s0,dpo,center,feedback_half,0.9,0.8,0.8,0.0,0.5,945,51,75,0.07929819990306237,0.0850904202277944,0.38257896985247664,8.0,1.085268381707948
dpo_center_feedback_half_b100_s0,dpo,center,feedback_half,0.9,0.8,0.8,0.0,0.5,54,76,100,0.06662580587543636,0.06095733846885927,0.49813595392643056,2.0,0.7924772797968741
dpo_center_feedback_half_b100_s0,dpo,center,feedback_half,0.9,0.8,0.8,0.0,0.5,251,76,100,0.07069701281927368,0.06881662493498668,0.42014795395697363,4.0,0.9023688231389309
dpo_center_feedback_half_b100_s0,dpo,center,feedback_half,0.9,0.8,0.8,0.0,0.5,612,76,100,0.06560219081480667,0.04688774847295615,0.4440656450417009,8.0,0.7503052817671619
dpo_center_feedback_half_b100_s0,dpo,center,feedback_half,0.9,0.8,0.8,0.0,0.5,737,76,100,0.07386991493463868,0.08472324291872552,0.4099415556497984,3.0,0.9126544970401704
dpo_center_feedback_half_b100_s0,dpo,center,feedback_half,0.9,0.8,0.8,0.0,0.5,867,76,100,0.08654228919627562,0.09811250405289182,0.4765155331835919,6.0,0.7304237745144572
dpo_center_feedback_half_b100_s0,dpo,center,feedback_half,0.9,0.8,0.8,0.0,0.5,945,76,100,0.07549652677980358,0.0672858295716312,0.38048845781436746,6.0,1.0618244515808735
dpo_center_feedback_half_b100_s0,dpo,center,feedback_half,0.9,0.8,0.8,0.0,0.5,54,51,100,0.07073533997046728,0.07155765828056744,0.48114694487753745,7.0,0.7814209670616552
dpo_center_feedback_half_b100_s0,dpo,center,feedback_half,0.9,0.8,0.8,0.0,0.5,251,51,100,0.06722087007527532,0.06823108833565722,0.41797723331463793,14.0,0.9026387585406159
dpo_center_feedback_half_b100_s0,dpo,center,feedback_half,0.9,0.8,0.8,0.0,0.5,612,51,100,0.06658791086353265,0.07702453837655418,0.46952233170593627,11.0,0.7183925187385367
dpo_center_feedback_half_b100_s0,dpo,center,feedback_half,0.9,0.8,0.8,0.0,0.5,737,51,100,0.07987326080023997,0.09920783444150814,0.43185517216005,7.0,0.8361798333909882
dpo_center_feedback_half_b100_s0,dpo,center,feedback_half,0.9,0.8,0.8,0.0,0.5,867,51,100,0.08288107104399675,0.08936491355544576,0.4555521089881937,12.0,0.726563216915958
dpo_center_feedback_half_b100_s0,dpo,center,feedback_half,0.9,0.8,0.8,0.0,0.5,945,51,100,0.07739736334143299,0.08569684825281564,0.38153371383342205,14.0,1.0735464166444109
dpo_center_feedback_one_b100_s0,dpo,center,feedback_one,0.9,0.8,0.8,0.0,1.0,54,1,25,0.0704055332260137,0.08165376884573819,0.677425337538727,0.0,0.8587245034299461
dpo_center_feedback_one_b100_s0,dpo,center,feedback_one,0.9,0.8,0.8,0.0,1.0,251,1,25,0.13683699298860547,0.16404315406934286,0.5284483909796556,4.0,1.0624794709915502
dpo_center_feedback_one_b100_s0,dpo,center,feedback_one,0.9,0.8,0.8,0.0,1.0,612,1,25,0.1304650726290309,0.14409163879657175,0.5277010895981362,6.0,0.7106497990189439
dpo_center_feedback_one_b100_s0,dpo,center,feedback_one,0.9,0.8,0.8,0.0,1.0,737,1,25,0.10087394119032389,0.12448965009513285,0.6482967195241744,1.0,0.9883227237720945
dpo_center_feedback_one_b100_s0,dpo,center,feedback_one,0.9,0.8,0.8,0.0,1.0,867,1,25,0.09976956998838188,0.12266736191127112,0.5434149560528833,3.0,0.7306160473895065
dpo_center_feedback_one_b100_s0,dpo,center,feedback_one,0.9,0.8,0.8,0.0,1.0,945,1,25,0.12564872447065548,0.11792676196072606,0.495903673129655,4.0,0.9719449621231503
dpo_center_feedback_one_b100_s0,dpo,center,feedback_one,0.9,0.8,0.8,0.0,1.0,54,26,50,0.06366009426806878,0.0592283622874012,0.5319618697585405,2.0,0.7277648204902927
dpo_center_feedback_one_b100_s0,dpo,center,feedback_one,0.9,0.8,0.8,0.0,1.0,251,26,50,0.08543708016312251,0.07339853808855928,0.38639020232538074,7.0,1.0798597732307058
dpo_center_feedback_one_b100_s0,dpo,center,feedback_one,0.9,0.8,0.8,0.0,1.0,612,26,50,0.09680318129031681,0.07741568784855615,0.45661730572681025,5.0,0.6903188803677297
dpo_center_feedback_one_b100_s0,dpo,center,feedback_one,0.9,0.8,0.8,0.0,1.0,737,26,50,0.09228637970945228,0.07588249248521611,0.45414879322750873,4.0,0.9302056921372355
dpo_center_feedback_one_b100_s0,dpo,center,feedback_one,0.9,0.8,0.8,0.0,1.0,867,26,50,0.08153084815879605,0.07977645894235141,0.49377761802427556,5.0,0.598404276746948
dpo_center_feedback_one_b100_s0,dpo,center,feedback_one,0.9,0.8,0.8,0.0,1.0,945,26,50,0.07795326084097387,0.06171817104184951,0.3756523590781825,5.0,1.0719129180801614
dpo_center_feedback_one_b100_s0,dpo,center,feedback_one,0.9,0.8,0.8,0.0,1.0,54,51,75,0.07001876954253626,0.06607776699862644,0.4461067652151187,5.0,0.7754638627940774
dpo_center_feedback_one_b100_s0,dpo,center,feedback_one,0.9,0.8,0.8,0.0,1.0,251,51,75,0.08868936015912418,0.06684537111042449,0.4200115308609462,7.0,0.9434531540814881
dpo_center_feedback_one_b100_s0,dpo,center,feedback_one,0.9,0.8,0.8,0.0,1.0,612,51,75,0.07695906019381427,0.0656647384354273,0.4748744537838775,0.0,0.7083182538409054
dpo_center_feedback_one_b100_s0,dpo,center,feedback_one,0.9,0.8,0.8,0.0,1.0,737,51,75,0.10668411991093504,0.09324403199872126,0.433432282852997,5.0,0.8155520615504736
dpo_center_feedback_one_b100_s0,dpo,center,feedback_one,0.9,0.8,0.8,0.0,1.0,867,51,75,0.09005100986331005,0.06617378619881145,0.45009600820596063,8.0,0.7026821616957227
dpo_center_feedback_one_b100_s0,dpo,center,feedback_one,0.9,0.8,0.8,0.0,1.0,945,51,75,0.07455307205520702,0.0637117854848087,0.387249317444514,2.0,1.0795704219031028
dpo_center_feedback_one_b100_s0,dpo,center,feedback_one,0.9,0.8,0.8,0.0,1.0,54,76,100,0.06306134318211636,0.04460159865649597,0.45110675023919555,2.0,0.8078245707921826
dpo_center_feedback_one_b100_s0,dpo,center,feedback_one,0.9,0.8,0.8,0.0,1.0,251,76,100,0.08320488758562022,0.05993362952878033,0.40843689698187097,4.0,0.9300886973288879
dpo_center_feedback_one_b100_s0,dpo,center,feedback_one,0.9,0.8,0.8,0.0,1.0,612,76,100,0.07713715256572341,0.04918738149747514,0.4293309094915327,11.0,0.7585332343030637
dpo_center_feedback_one_b100_s0,dpo,center,feedback_one,0.9,0.8,0.8,0.0,1.0,737,76,100,0.06882722756090973,0.07245550387742092,0.422525306159484,4.0,0.8901384996245961
dpo_center_feedback_one_b100_s0,dpo,center,feedback_one,0.9,0.8,0.8,0.0,1.0,867,76,100,0.08237583393896834,0.08507325181611067,0.46822378349373683,6.0,0.6862699518271672
dpo_center_feedback_one_b100_s0,dpo,center,feedback_one,0.9,0.8,0.8,0.0,1.0,945,76,100,0.07201133484625843,0.06710510114943188,0.3404774528736724,8.0,1.1325694894093958
dpo_center_feedback_one_b100_s0,dpo,center,feedback_one,0.9,0.8,0.8,0.0,1.0,54,51,100,0.0665400563623263,0.06021172228541252,0.448606757727157,7.0,0.7916442167931302
dpo_center_feedback_one_b100_s0,dpo,center,feedback_one,0.9,0.8,0.8,0.0,1.0,251,51,100,0.08594712387237219,0.06526245534312673,0.41422421392140857,11.0,0.9367709257051877
dpo_center_feedback_one_b100_s0,dpo,center,feedback_one,0.9,0.8,0.8,0.0,1.0,612,51,100,0.07704810637976883,0.06624462366218484,0.45210268163770523,11.0,0.7334257440719846
dpo_center_feedback_one_b100_s0,dpo,center,feedback_one,0.9,0.8,0.8,0.0,1.0,737,51,100,0.0877556737359224,0.08453062786008869,0.42797879450624066,9.0,0.8528452805875345
dpo_center_feedback_one_b100_s0,dpo,center,feedback_one,0.9,0.8,0.8,0.0,1.0,867,51,100,0.08621342190113918,0.07703221690730569,0.4591598958498489,14.0,0.6944760567614449
dpo_center_feedback_one_b100_s0,dpo,center,feedback_one,0.9,0.8,0.8,0.0,1.0,945,51,100,0.07328220345073272,0.07294382566583191,0.3638633851590932,10.0,1.1060699556562494
ipo_alpha08_ordinary_b100_s0,ipo,alpha08,ordinary,0.8,0.8,0.2,0.0,0.0,54,1,25,0.07797672477203707,0.09803845428415175,0.6822841936709968,0.0,0.8551350006870855
ipo_alpha08_ordinary_b100_s0,ipo,alpha08,ordinary,0.8,0.8,0.2,0.0,0.0,251,1,25,0.10004933442508347,0.13276509194179126,0.5325830057415623,4.0,1.0988205312511352
ipo_alpha08_ordinary_b100_s0,ipo,alpha08,ordinary,0.8,0.8,0.2,0.0,0.0,612,1,25,0.12359946696575579,0.12306122910513376,0.5430955929009952,3.0,0.7003194842243041
ipo_alpha08_ordinary_b100_s0,ipo,alpha08,ordinary,0.8,0.8,0.2,0.0,0.0,737,1,25,0.08741028760222795,0.11365256218816587,0.66693860338694,1.0,0.9319670990522694
ipo_alpha08_ordinary_b100_s0,ipo,alpha08,ordinary,0.8,0.8,0.2,0.0,0.0,867,1,25,0.097081081240974,0.11518845865136507,0.6068653898386116,6.0,0.8627060086108085
ipo_alpha08_ordinary_b100_s0,ipo,alpha08,ordinary,0.8,0.8,0.2,0.0,0.0,945,1,25,0.09965408939178313,0.09291792584505851,0.5372607507127648,3.0,1.1022759614962403
ipo_alpha08_ordinary_b100_s0,ipo,alpha08,ordinary,0.8,0.8,0.2,0.0,0.0,54,26,50,0.06474549327413076,0.07659057500254589,0.5429875844924337,0.0,0.6794798711407907
ipo_alpha08_ordinary_b100_s0,ipo,alpha08,ordinary,0.8,0.8,0.2,0.0,0.0,251,26,50,0.10371774479560893,0.10583151444011181,0.43380890693759006,4.0,1.1146576426865795
ipo_alpha08_ordinary_b100_s0,ipo,alpha08,ordinary,0.8,0.8,0.2,0.0,0.0,612,26,50,0.08923890096671805,0.09939048697956113,0.49907004222221807,4.0,0.7264763129352962
ipo_alpha08_ordinary_b100_s0,ipo,alpha08,ordinary,0.8,0.8,0.2,0.0,0.0,737,26,50,0.08419927392886295,0.06898784690823315,0.5142543788127831,4.0,0.9217543817549091
ipo_alpha08_ordinary_b100_s0,ipo,alpha08,ordinary,0.8,0.8,0.2,0.0,0.0,867,26,50,0.09137527818977796,0.09963872976682826,0.504344449561101,6.0,0.7343403128501796
ipo_alpha08_ordinary_b100_s0,ipo,alpha08,ordinary,0.8,0.8,0.2,0.0,0.0,945,26,50,0.0727800356625037,0.06228823427797725,0.36538464117235586,9.0,1.202289948884947
ipo_alpha08_ordinary_b100_s0,ipo,alpha08,ordinary,0.8,0.8,0.2,0.0,0.0,54,51,75,0.08339734560731943,0.07589683201757304,0.5019780491797539,6.0,0.6155595681088315
ipo_alpha08_ordinary_b100_s0,ipo,alpha08,ordinary,0.8,0.8,0.2,0.0,0.0,251,51,75,0.06690640965826254,0.07574716566011591,0.42912053654600113,6.0,1.0105072680865868
ipo_alpha08_ordinary_b100_s0,ipo,alpha08,ordinary,0.8,0.8,0.2,0.0,0.0,612,51,75,0.07419335734081092,0.07039640211389511,0.46816682481668054,3.0,0.6490077534129697
ipo_alpha08_ordinary_b100_s0,ipo,alpha08,ordinary,0.8,0.8,0.2,0.0,0.0,737,51,75,0.07695375895120288,0.0642392764976938,0.5350562053149075,2.0,0.93952995190737
ipo_alpha08_ordinary_b100_s0,ipo,alpha08,ordinary,0.8,0.8,0.2,0.0,0.0,867,51,75,0.0844009225709706,0.05459373712501072,0.4476089789469595,8.0,0.8974196518023505
ipo_alpha08_ordinary_b100_s0,ipo,alpha08,ordinary,0.8,0.8,0.2,0.0,0.0,945,51,75,0.07473880151478673,0.06954130526938486,0.4214170432232254,5.0,1.1441437215682346
ipo_alpha08_ordinary_b100_s0,ipo,alpha08,ordinary,0.8,0.8,0.2,0.0,0.0,54,76,100,0.066657010444258,0.05088341163733696,0.5872304623467359,2.0,0.71124206944441
ipo_alpha08_ordinary_b100_s0,ipo,alpha08,ordinary,0.8,0.8,0.2,0.0,0.0,251,76,100,0.09454512884563675,0.1122882865379711,0.45269351030127625,8.0,0.9918960412423131
ipo_alpha08_ordinary_b100_s0,ipo,alpha08,ordinary,0.8,0.8,0.2,0.0,0.0,612,76,100,0.08639551998052282,0.08052007062296974,0.4334541501382385,8.0,0.7681507959267985
ipo_alpha08_ordinary_b100_s0,ipo,alpha08,ordinary,0.8,0.8,0.2,0.0,0.0,737,76,100,0.07085021814482395,0.0570747252102283,0.49227157711058445,6.0,0.8671746822872746
ipo_alpha08_ordinary_b100_s0,ipo,alpha08,ordinary,0.8,0.8,0.2,0.0,0.0,867,76,100,0.105124081053368,0.11290416006942561,0.5200789112615388,6.0,0.8665220693654492
ipo_alpha08_ordinary_b100_s0,ipo,alpha08,ordinary,0.8,0.8,0.2,0.0,0.0,945,76,100,0.08320808126243788,0.09191871677756083,0.4130015235618664,4.0,1.2016130842995363
ipo_alpha08_ordinary_b100_s0,ipo,alpha08,ordinary,0.8,0.8,0.2,0.0,0.0,54,51,100,0.07502717802578875,0.07192068858209258,0.5446042557632448,8.0,0.6634008187766207
ipo_alpha08_ordinary_b100_s0,ipo,alpha08,ordinary,0.8,0.8,0.2,0.0,0.0,251,51,100,0.08072576925194964,0.10413984916004114,0.44090702342363863,14.0,1.00120165466445
ipo_alpha08_ordinary_b100_s0,ipo,alpha08,ordinary,0.8,0.8,0.2,0.0,0.0,612,51,100,0.08029443866066685,0.0830596309129455,0.4508104874774596,11.0,0.7085792746698839
ipo_alpha08_ordinary_b100_s0,ipo,alpha08,ordinary,0.8,0.8,0.2,0.0,0.0,737,51,100,0.0739019885480134,0.06626031708228047,0.513663891212746,8.0,0.9033523170973219
ipo_alpha08_ordinary_b100_s0,ipo,alpha08,ordinary,0.8,0.8,0.2,0.0,0.0,867,51,100,0.0947625018121693,0.08884904248239889,0.48384394510424916,14.0,0.8819708605838996
ipo_alpha08_ordinary_b100_s0,ipo,alpha08,ordinary,0.8,0.8,0.2,0.0,0.0,945,51,100,0.0789734413886123,0.08690503470194108,0.4172092833925459,9.0,1.1728784029338855
ipo_alpha08_reference_half_b100_s0,ipo,alpha08,reference_half,0.8,0.8,0.2,0.4,0.0,54,1,25,0.07078395484878885,0.08172371270650157,0.7537191662123875,0.0,0.8980623899098742
ipo_alpha08_reference_half_b100_s0,ipo,alpha08,reference_half,0.8,0.8,0.2,0.4,0.0,251,1,25,0.09867320717034873,0.13196433344835562,0.5445801567137061,9.0,1.1214078417984334
ipo_alpha08_reference_half_b100_s0,ipo,alpha08,reference_half,0.8,0.8,0.2,0.4,0.0,612,1,25,0.11142160289801872,0.11224980296567708,0.5669243815123591,4.0,0.7140493849474814
ipo_alpha08_reference_half_b100_s0,ipo,alpha08,reference_half,0.8,0.8,0.2,0.4,0.0,737,1,25,0.0882951331204781,0.11981581635488464,0.687442720095744,1.0,0.8912079951577424
ipo_alpha08_reference_half_b100_s0,ipo,alpha08,reference_half,0.8,0.8,0.2,0.4,0.0,867,1,25,0.0957658685260136,0.09884362595706025,0.6047699643282876,4.0,0.8856433507056084
ipo_alpha08_reference_half_b100_s0,ipo,alpha08,reference_half,0.8,0.8,0.2,0.4,0.0,945,1,25,0.10047472570613669,0.07915311061861714,0.5148392628262688,3.0,1.146058738662131
ipo_alpha08_reference_half_b100_s0,ipo,alpha08,reference_half,0.8,0.8,0.2,0.4,0.0,54,26,50,0.06485435007674385,0.05395001958937686,0.5703817738261961,0.0,0.7276421206417025
ipo_alpha08_reference_half_b100_s0,ipo,alpha08,reference_half,0.8,0.8,0.2,0.4,0.0,251,26,50,0.09694770342580497,0.07426924935581213,0.4210939718333305,6.0,1.1575590327913596
ipo_alpha08_reference_half_b100_s0,ipo,alpha08,reference_half,0.8,0.8,0.2,0.4,0.0,612,26,50,0.07691631077502374,0.06895905598947225,0.4631029440032923,7.0,0.7547148969651433
ipo_alpha08_reference_half_b100_s0,ipo,alpha08,reference_half,0.8,0.8,0.2,0.4,0.0,737,26,50,0.0972662367212014,0.056620426175351644,0.5054386114336785,2.0,0.9073909554035496
ipo_alpha08_reference_half_b100_s0,ipo,alpha08,reference_half,0.8,0.8,0.2,0.4,0.0,867,26,50,0.08881152949685804,0.07528945075854515,0.4709816874541906,7.0,0.7679198321423347
ipo_alpha08_reference_half_b100_s0,ipo,alpha08,reference_half,0.8,0.8,0.2,0.4,0.0,945,26,50,0.06776807499616222,0.057300056527480395,0.369755604133519,5.0,1.1725651873520178
ipo_alpha08_reference_half_b100_s0,ipo,alpha08,reference_half,0.8,0.8,0.2,0.4,0.0,54,51,75,0.07438268834715686,0.04979896468497272,0.48984968484419655,4.0,0.6182619729223472
ipo_alpha08_reference_half_b100_s0,ipo,alpha08,reference_half,0.8,0.8,0.2,0.4,0.0,251,51,75,0.07024271457119824,0.058100073994570116,0.3987532534988854,9.0,1.0394749728911694
ipo_alpha08_reference_half_b100_s0,ipo,alpha08,reference_half,0.8,0.8,0.2,0.4,0.0,612,51,75,0.06535176330276679,0.046760776758408805,0.4553115722912215,1.0,0.7792930063673125
ipo_alpha08_reference_half_b100_s0,ipo,alpha08,reference_half,0.8,0.8,0.2,0.4,0.0,737,51,75,0.07844027648923674,0.06411009266050725,0.5276069978120661,2.0,0.9048045304599264
ipo_alpha08_reference_half_b100_s0,ipo,alpha08,reference_half,0.8,0.8,0.2,0.4,0.0,867,51,75,0.06914596203842895,0.04071629195103934,0.44163435643607435,6.0,0.8865689535421446
ipo_alpha08_reference_half_b100_s0,ipo,alpha08,reference_half,0.8,0.8,0.2,0.4,0.0,945,51,75,0.08077494458755949,0.056844876430167404,0.3934917738419283,8.0,1.162213192720428
ipo_alpha08_reference_half_b100_s0,ipo,alpha08,reference_half,0.8,0.8,0.2,0.4,0.0,54,76,100,0.07736594306766165,0.03846743733441656,0.5479076707359879,0.0,0.7013821501889629
ipo_alpha08_reference_half_b100_s0,ipo,alpha08,reference_half,0.8,0.8,0.2,0.4,0.0,251,76,100,0.09053987079017654,0.08350375615618189,0.4368220582780324,4.0,1.0074949498271266
ipo_alpha08_reference_half_b100_s0,ipo,alpha08,reference_half,0.8,0.8,0.2,0.4,0.0,612,76,100,0.08223719915944995,0.059658912990367394,0.41117362583659706,9.0,0.7494085702742865
ipo_alpha08_reference_half_b100_s0,ipo,alpha08,reference_half,0.8,0.8,0.2,0.4,0.0,737,76,100,0.08029878199380609,0.053789647373255346,0.4654442434872841,8.0,0.8597691716457088
ipo_alpha08_reference_half_b100_s0,ipo,alpha08,reference_half,0.8,0.8,0.2,0.4,0.0,867,76,100,0.09285325795781121,0.07908870041959895,0.46979642830039436,9.0,0.866380772842286
ipo_alpha08_reference_half_b100_s0,ipo,alpha08,reference_half,0.8,0.8,0.2,0.4,0.0,945,76,100,0.09402363004699305,0.07569856748925806,0.3860352017617886,8.0,1.209401259514418
ipo_alpha08_reference_half_b100_s0,ipo,alpha08,reference_half,0.8,0.8,0.2,0.4,0.0,54,51,100,0.07587431570740924,0.05304103454101777,0.5188786777900922,4.0,0.6598220615556549
ipo_alpha08_reference_half_b100_s0,ipo,alpha08,reference_half,0.8,0.8,0.2,0.4,0.0,251,51,100,0.08039129268068736,0.08239414167653385,0.41778765588845895,13.0,1.0234849613591481
ipo_alpha08_reference_half_b100_s0,ipo,alpha08,reference_half,0.8,0.8,0.2,0.4,0.0,612,51,100,0.07379448123110835,0.064089204960874,0.4332425990639093,10.0,0.7643507883207994
ipo_alpha08_reference_half_b100_s0,ipo,alpha08,reference_half,0.8,0.8,0.2,0.4,0.0,737,51,100,0.07936952924152144,0.06343946260039489,0.49652562064967526,10.0,0.8822868510528177
ipo_alpha08_reference_half_b100_s0,ipo,alpha08,reference_half,0.8,0.8,0.2,0.4,0.0,867,51,100,0.0809996099981201,0.06366590904846053,0.4557153923682344,15.0,0.8764748631922155
ipo_alpha08_reference_half_b100_s0,ipo,alpha08,reference_half,0.8,0.8,0.2,0.4,0.0,945,51,100,0.08739928731727627,0.07095538955505759,0.38976348780185843,16.0,1.1858072261174228
ipo_alpha08_reference_max_b100_s0,ipo,alpha08,reference_max,0.8,0.8,0.2,0.8,0.0,54,1,25,0.07652605900958419,0.07784602674148965,0.7421120844668212,0.0,0.8697101722564534
ipo_alpha08_reference_max_b100_s0,ipo,alpha08,reference_max,0.8,0.8,0.2,0.8,0.0,251,1,25,0.1550938415217693,0.15930679838596656,0.5925446518984255,7.0,1.0615539095093534
ipo_alpha08_reference_max_b100_s0,ipo,alpha08,reference_max,0.8,0.8,0.2,0.8,0.0,612,1,25,0.1342127090857017,0.10396963703219533,0.5973531015727608,8.0,0.6776687099544947
ipo_alpha08_reference_max_b100_s0,ipo,alpha08,reference_max,0.8,0.8,0.2,0.8,0.0,737,1,25,0.1220978237094271,0.11795879021870888,0.6794945228865058,3.0,0.8595531368512258
ipo_alpha08_reference_max_b100_s0,ipo,alpha08,reference_max,0.8,0.8,0.2,0.8,0.0,867,1,25,0.16159213453755256,0.08923146402717871,0.61860077243294,6.0,0.9323706376177214
ipo_alpha08_reference_max_b100_s0,ipo,alpha08,reference_max,0.8,0.8,0.2,0.8,0.0,945,1,25,0.12227819261072437,0.06922066467436148,0.5510163049081214,1.0,1.1762836313066323
ipo_alpha08_reference_max_b100_s0,ipo,alpha08,reference_max,0.8,0.8,0.2,0.8,0.0,54,26,50,0.08248703256346461,0.04547643229297948,0.5812801879938938,0.0,0.7681090120988648
ipo_alpha08_reference_max_b100_s0,ipo,alpha08,reference_max,0.8,0.8,0.2,0.8,0.0,251,26,50,0.10512624859228337,0.07102347650448694,0.4110430685460223,4.0,1.1901572051839657
ipo_alpha08_reference_max_b100_s0,ipo,alpha08,reference_max,0.8,0.8,0.2,0.8,0.0,612,26,50,0.13567499875978067,0.05850118920645305,0.45973373362122494,15.0,0.7842654671410094
ipo_alpha08_reference_max_b100_s0,ipo,alpha08,reference_max,0.8,0.8,0.2,0.8,0.0,737,26,50,0.20235134006292962,0.08696506720426156,0.4968718979198522,12.0,0.8434358051388112
ipo_alpha08_reference_max_b100_s0,ipo,alpha08,reference_max,0.8,0.8,0.2,0.8,0.0,867,26,50,0.13137422090387002,0.07038047127204469,0.48637812821074583,7.0,0.7542288845100061
ipo_alpha08_reference_max_b100_s0,ipo,alpha08,reference_max,0.8,0.8,0.2,0.8,0.0,945,26,50,0.10013597880088883,0.06107672893339834,0.40065819890408455,15.0,1.1269566197200769
ipo_alpha08_reference_max_b100_s0,ipo,alpha08,reference_max,0.8,0.8,0.2,0.8,0.0,54,51,75,0.08290856083755228,0.05418420809169707,0.5148907006750385,8.0,0.6269216540867898
ipo_alpha08_reference_max_b100_s0,ipo,alpha08,reference_max,0.8,0.8,0.2,0.8,0.0,251,51,75,0.08904213924491625,0.05062920865647343,0.386671835402035,7.0,1.1182150715026349
ipo_alpha08_reference_max_b100_s0,ipo,alpha08,reference_max,0.8,0.8,0.2,0.8,0.0,612,51,75,0.11689994396836047,0.04493456483063141,0.46907933995499257,14.0,0.7345321622081254
ipo_alpha08_reference_max_b100_s0,ipo,alpha08,reference_max,0.8,0.8,0.2,0.8,0.0,737,51,75,0.11089140733984326,0.05926729500862004,0.5023365925323992,6.0,0.8541508854864627
ipo_alpha08_reference_max_b100_s0,ipo,alpha08,reference_max,0.8,0.8,0.2,0.8,0.0,867,51,75,0.0706900608480228,0.04383284456818709,0.438096622126841,7.0,0.8595378406286891
ipo_alpha08_reference_max_b100_s0,ipo,alpha08,reference_max,0.8,0.8,0.2,0.8,0.0,945,51,75,0.11765863540490862,0.051032669259669365,0.38070269209559937,12.0,1.1783938268166636
ipo_alpha08_reference_max_b100_s0,ipo,alpha08,reference_max,0.8,0.8,0.2,0.8,0.0,54,76,100,0.10220623762890962,0.04112245674497545,0.5403230994352666,0.0,0.7387398573114464
ipo_alpha08_reference_max_b100_s0,ipo,alpha08,reference_max,0.8,0.8,0.2,0.8,0.0,251,76,100,0.11720311104377032,0.07292798714263211,0.417790674566162,10.0,1.0303213888343699
ipo_alpha08_reference_max_b100_s0,ipo,alpha08,reference_max,0.8,0.8,0.2,0.8,0.0,612,76,100,0.12703403807743552,0.058593040474801704,0.4071100640458436,19.0,0.794358875618171
ipo_alpha08_reference_max_b100_s0,ipo,alpha08,reference_max,0.8,0.8,0.2,0.8,0.0,737,76,100,0.09982408065158144,0.04777673218800779,0.4624954729273502,8.0,0.8410208338295737
ipo_alpha08_reference_max_b100_s0,ipo,alpha08,reference_max,0.8,0.8,0.2,0.8,0.0,867,76,100,0.10865727168521533,0.06627789932495393,0.46237110864495096,10.0,0.8579087186349235
ipo_alpha08_reference_max_b100_s0,ipo,alpha08,reference_max,0.8,0.8,0.2,0.8,0.0,945,76,100,0.1057317247118458,0.06944459459625792,0.38048017440119125,8.0,1.2099710717444119
ipo_alpha08_reference_max_b100_s0,ipo,alpha08,reference_max,0.8,0.8,0.2,0.8,0.0,54,51,100,0.09255739923323096,0.057631324306012435,0.5276069000551525,8.0,0.6828307556991183
ipo_alpha08_reference_max_b100_s0,ipo,alpha08,reference_max,0.8,0.8,0.2,0.8,0.0,251,51,100,0.1031226251443433,0.06825291750425902,0.40223125498409834,17.0,1.0742682301685025
ipo_alpha08_reference_max_b100_s0,ipo,alpha08,reference_max,0.8,0.8,0.2,0.8,0.0,612,51,100,0.12196699102289799,0.06549297495083312,0.43809470200041817,33.0,0.7644455189131483
ipo_alpha08_reference_max_b100_s0,ipo,alpha08,reference_max,0.8,0.8,0.2,0.8,0.0,737,51,100,0.10535774399571235,0.05532330827210041,0.48241603272987477,14.0,0.847585859658018
ipo_alpha08_reference_max_b100_s0,ipo,alpha08,reference_max,0.8,0.8,0.2,0.8,0.0,867,51,100,0.08967366626661906,0.057116964728219956,0.45023386538589605,17.0,0.858723279631806
ipo_alpha08_reference_max_b100_s0,ipo,alpha08,reference_max,0.8,0.8,0.2,0.8,0.0,945,51,100,0.1116951800583772,0.06383609351893331,0.38059143324839523,20.0,1.194182449280538
ipo_alpha08_feedback_half_b100_s0,ipo,alpha08,feedback_half,0.8,0.8,0.2,0.0,0.5,54,1,25,0.06714098261475206,0.07874481977901616,0.7393619536020317,0.0,0.893439332338142
ipo_alpha08_feedback_half_b100_s0,ipo,alpha08,feedback_half,0.8,0.8,0.2,0.0,0.5,251,1,25,0.10146139494353189,0.12970690561081538,0.5309906687800547,6.0,1.1219348328822116
ipo_alpha08_feedback_half_b100_s0,ipo,alpha08,feedback_half,0.8,0.8,0.2,0.0,0.5,612,1,25,0.12953995137899224,0.11301934762695402,0.5184539988056506,8.0,0.7414596486520633
ipo_alpha08_feedback_half_b100_s0,ipo,alpha08,feedback_half,0.8,0.8,0.2,0.0,0.5,737,1,25,0.0825700812235784,0.10681772820943751,0.664938104523165,1.0,0.9375200479767234
ipo_alpha08_feedback_half_b100_s0,ipo,alpha08,feedback_half,0.8,0.8,0.2,0.0,0.5,867,1,25,0.0918814074499756,0.11082309840018506,0.6147064338053649,6.0,0.8895452491584933
ipo_alpha08_feedback_half_b100_s0,ipo,alpha08,feedback_half,0.8,0.8,0.2,0.0,0.5,945,1,25,0.1098637268660569,0.08436313547054312,0.5162904386581993,3.0,1.1213494777885604
ipo_alpha08_feedback_half_b100_s0,ipo,alpha08,feedback_half,0.8,0.8,0.2,0.0,0.5,54,26,50,0.07623723684596968,0.07890468024282318,0.5492705838789399,0.0,0.7462181681524533
ipo_alpha08_feedback_half_b100_s0,ipo,alpha08,feedback_half,0.8,0.8,0.2,0.0,0.5,251,26,50,0.09817936865347276,0.08403324815078594,0.42076133232109314,7.0,1.1238231955328595
ipo_alpha08_feedback_half_b100_s0,ipo,alpha08,feedback_half,0.8,0.8,0.2,0.0,0.5,612,26,50,0.08995497794765654,0.07204626969587676,0.48791685289842995,5.0,0.7335499116308043
ipo_alpha08_feedback_half_b100_s0,ipo,alpha08,feedback_half,0.8,0.8,0.2,0.0,0.5,737,26,50,0.09182132147179939,0.06457384363113453,0.5036704668218044,4.0,0.861604224299481
ipo_alpha08_feedback_half_b100_s0,ipo,alpha08,feedback_half,0.8,0.8,0.2,0.0,0.5,867,26,50,0.08688230937676492,0.10542269596199487,0.5353139662624201,6.0,0.8072689978650537
ipo_alpha08_feedback_half_b100_s0,ipo,alpha08,feedback_half,0.8,0.8,0.2,0.0,0.5,945,26,50,0.07272167016571195,0.058116835073747306,0.3812892183340454,11.0,1.184241413207271
ipo_alpha08_feedback_half_b100_s0,ipo,alpha08,feedback_half,0.8,0.8,0.2,0.0,0.5,54,51,75,0.0835058668500655,0.06975082732505715,0.5062753440570888,4.0,0.6527600508900956
ipo_alpha08_feedback_half_b100_s0,ipo,alpha08,feedback_half,0.8,0.8,0.2,0.0,0.5,251,51,75,0.07359578909956585,0.059098270693845774,0.4042792417911443,9.0,1.035742861530726
ipo_alpha08_feedback_half_b100_s0,ipo,alpha08,feedback_half,0.8,0.8,0.2,0.0,0.5,612,51,75,0.07104777532024499,0.06283041871915812,0.47302368522456895,3.0,0.6916324173758452
ipo_alpha08_feedback_half_b100_s0,ipo,alpha08,feedback_half,0.8,0.8,0.2,0.0,0.5,737,51,75,0.07572728882347693,0.06778727441178568,0.5296659743407155,2.0,0.8910149646701493
ipo_alpha08_feedback_half_b100_s0,ipo,alpha08,feedback_half,0.8,0.8,0.2,0.0,0.5,867,51,75,0.08472690960336221,0.04816754463255095,0.43626422072841947,6.0,0.8568570600995816
ipo_alpha08_feedback_half_b100_s0,ipo,alpha08,feedback_half,0.8,0.8,0.2,0.0,0.5,945,51,75,0.07928317815339375,0.059980767893973115,0.39924008598673033,7.0,1.1599212046576783
ipo_alpha08_feedback_half_b100_s0,ipo,alpha08,feedback_half,0.8,0.8,0.2,0.0,0.5,54,76,100,0.07372139449426039,0.055745710713878835,0.5845171636266125,2.0,0.7020772268900626
ipo_alpha08_feedback_half_b100_s0,ipo,alpha08,feedback_half,0.8,0.8,0.2,0.0,0.5,251,76,100,0.08866973847910206,0.08586356645591695,0.4287701999656739,7.0,1.0351438391118108
ipo_alpha08_feedback_half_b100_s0,ipo,alpha08,feedback_half,0.8,0.8,0.2,0.0,0.5,612,76,100,0.09219591115143588,0.07345160035492597,0.4166383787696341,12.0,0.7603655184528401
ipo_alpha08_feedback_half_b100_s0,ipo,alpha08,feedback_half,0.8,0.8,0.2,0.0,0.5,737,76,100,0.07435425287166636,0.057947465942503565,0.4720468200167751,4.0,0.8179948268497563
ipo_alpha08_feedback_half_b100_s0,ipo,alpha08,feedback_half,0.8,0.8,0.2,0.0,0.5,867,76,100,0.09737104470626166,0.10115695437780983,0.5085327666722643,7.0,0.8621103053219007
ipo_alpha08_feedback_half_b100_s0,ipo,alpha08,feedback_half,0.8,0.8,0.2,0.0,0.5,945,76,100,0.08370121683768757,0.0766859988890785,0.37998235388210155,11.0,1.2005323605199407
ipo_alpha08_feedback_half_b100_s0,ipo,alpha08,feedback_half,0.8,0.8,0.2,0.0,0.5,54,51,100,0.07861363067216294,0.06897382210540895,0.5453962538418505,6.0,0.677418638890079
ipo_alpha08_feedback_half_b100_s0,ipo,alpha08,feedback_half,0.8,0.8,0.2,0.0,0.5,251,51,100,0.08113276378933394,0.08052048072147902,0.4165247208784092,16.0,1.0354433503212686
ipo_alpha08_feedback_half_b100_s0,ipo,alpha08,feedback_half,0.8,0.8,0.2,0.0,0.5,612,51,100,0.08162184323584044,0.07578505512847034,0.4448310319971017,15.0,0.7259989679143425
ipo_alpha08_feedback_half_b100_s0,ipo,alpha08,feedback_half,0.8,0.8,0.2,0.0,0.5,737,51,100,0.07504077084757163,0.07089250399918896,0.5008563971787453,6.0,0.854504895759953
ipo_alpha08_feedback_half_b100_s0,ipo,alpha08,feedback_half,0.8,0.8,0.2,0.0,0.5,867,51,100,0.09104897715481197,0.07963273494525605,0.4723984937003419,13.0,0.8594836827107408
ipo_alpha08_feedback_half_b100_s0,ipo,alpha08,feedback_half,0.8,0.8,0.2,0.0,0.5,945,51,100,0.08149219749554064,0.07263683302713111,0.3896112199344159,18.0,1.1802267825888095
ipo_alpha08_feedback_one_b100_s0,ipo,alpha08,feedback_one,0.8,0.8,0.2,0.0,1.0,54,1,25,0.06635613069156124,0.0742762535337234,0.7227337040393088,0.0,0.8963986497621628
ipo_alpha08_feedback_one_b100_s0,ipo,alpha08,feedback_one,0.8,0.8,0.2,0.0,1.0,251,1,25,0.11303581110367558,0.12426961366877978,0.5046451362303064,5.0,1.1278178610544995
ipo_alpha08_feedback_one_b100_s0,ipo,alpha08,feedback_one,0.8,0.8,0.2,0.0,1.0,612,1,25,0.15741072951534035,0.10929260793092378,0.5198626975168835,10.0,0.7437094257018195
ipo_alpha08_feedback_one_b100_s0,ipo,alpha08,feedback_one,0.8,0.8,0.2,0.0,1.0,737,1,25,0.08348138749320733,0.1067194944786281,0.6687740097188463,1.0,0.9750703090268316
ipo_alpha08_feedback_one_b100_s0,ipo,alpha08,feedback_one,0.8,0.8,0.2,0.0,1.0,867,1,25,0.09218970794337665,0.10876113751025288,0.6019427788722946,6.0,0.8926954501232767
ipo_alpha08_feedback_one_b100_s0,ipo,alpha08,feedback_one,0.8,0.8,0.2,0.0,1.0,945,1,25,0.10315118149580663,0.08152197267476177,0.4955386644186768,5.0,1.131358127281223
ipo_alpha08_feedback_one_b100_s0,ipo,alpha08,feedback_one,0.8,0.8,0.2,0.0,1.0,54,26,50,0.08672026062051065,0.0689628866782178,0.546316983565956,4.0,0.7022375484030635
ipo_alpha08_feedback_one_b100_s0,ipo,alpha08,feedback_one,0.8,0.8,0.2,0.0,1.0,251,26,50,0.10687448201989813,0.0709314975826353,0.4345424979061807,7.0,1.138755563368018
ipo_alpha08_feedback_one_b100_s0,ipo,alpha08,feedback_one,0.8,0.8,0.2,0.0,1.0,612,26,50,0.09821777951107827,0.08077637177668182,0.487697678158415,6.0,0.7122722726952573
ipo_alpha08_feedback_one_b100_s0,ipo,alpha08,feedback_one,0.8,0.8,0.2,0.0,1.0,737,26,50,0.09810252004496638,0.06839349745691224,0.5184384622450019,2.0,0.913827060101879
ipo_alpha08_feedback_one_b100_s0,ipo,alpha08,feedback_one,0.8,0.8,0.2,0.0,1.0,867,26,50,0.09052258965255326,0.08394955470020753,0.5091773184178353,5.0,0.8360014030152624
ipo_alpha08_feedback_one_b100_s0,ipo,alpha08,feedback_one,0.8,0.8,0.2,0.0,1.0,945,26,50,0.07982707627204229,0.05046291994931666,0.3671436649957807,12.0,1.1999691760750772
ipo_alpha08_feedback_one_b100_s0,ipo,alpha08,feedback_one,0.8,0.8,0.2,0.0,1.0,54,51,75,0.08280652080679159,0.07082105625100377,0.46757697236031537,7.0,0.609952640240738
ipo_alpha08_feedback_one_b100_s0,ipo,alpha08,feedback_one,0.8,0.8,0.2,0.0,1.0,251,51,75,0.07309954116959719,0.04802445445805949,0.38758236266139884,11.0,0.9945203645505595
ipo_alpha08_feedback_one_b100_s0,ipo,alpha08,feedback_one,0.8,0.8,0.2,0.0,1.0,612,51,75,0.07506622312616451,0.05284320629473458,0.45218017588553466,8.0,0.7404777844919305
ipo_alpha08_feedback_one_b100_s0,ipo,alpha08,feedback_one,0.8,0.8,0.2,0.0,1.0,737,51,75,0.10428292646186796,0.06498571371104785,0.5165227217502141,2.0,0.9054942822432236
ipo_alpha08_feedback_one_b100_s0,ipo,alpha08,feedback_one,0.8,0.8,0.2,0.0,1.0,867,51,75,0.10653891620357006,0.05795505866676588,0.439948433794291,6.0,0.8625191389712793
ipo_alpha08_feedback_one_b100_s0,ipo,alpha08,feedback_one,0.8,0.8,0.2,0.0,1.0,945,51,75,0.07445479854447139,0.04730928851396052,0.36813145402918557,9.0,1.180377376689544
ipo_alpha08_feedback_one_b100_s0,ipo,alpha08,feedback_one,0.8,0.8,0.2,0.0,1.0,54,76,100,0.08069626805182023,0.04860537361864046,0.5611772644030305,2.0,0.653024538511795
ipo_alpha08_feedback_one_b100_s0,ipo,alpha08,feedback_one,0.8,0.8,0.2,0.0,1.0,251,76,100,0.09822221892522143,0.07409428870647873,0.41383632716179775,6.0,1.075617374479835
ipo_alpha08_feedback_one_b100_s0,ipo,alpha08,feedback_one,0.8,0.8,0.2,0.0,1.0,612,76,100,0.12255131636611312,0.07546626162189995,0.42936239896979006,12.0,0.7550010890356521
ipo_alpha08_feedback_one_b100_s0,ipo,alpha08,feedback_one,0.8,0.8,0.2,0.0,1.0,737,76,100,0.09132063040017165,0.0708965525303101,0.49274676979906856,4.0,0.8153080294761103
ipo_alpha08_feedback_one_b100_s0,ipo,alpha08,feedback_one,0.8,0.8,0.2,0.0,1.0,867,76,100,0.09214536191575011,0.09367658611975174,0.5049241313141081,5.0,0.8844037594479509
ipo_alpha08_feedback_one_b100_s0,ipo,alpha08,feedback_one,0.8,0.8,0.2,0.0,1.0,945,76,100,0.08142793374637908,0.08021596747376986,0.3906541243935518,4.0,1.2047269599801487
ipo_alpha08_feedback_one_b100_s0,ipo,alpha08,feedback_one,0.8,0.8,0.2,0.0,1.0,54,51,100,0.08175139442930592,0.06827674619922613,0.5143771183816729,9.0,0.6314885893762664
ipo_alpha08_feedback_one_b100_s0,ipo,alpha08,feedback_one,0.8,0.8,0.2,0.0,1.0,251,51,100,0.0856608800474093,0.07696335917867964,0.4007093449115985,17.0,1.035068869515197
ipo_alpha08_feedback_one_b100_s0,ipo,alpha08,feedback_one,0.8,0.8,0.2,0.0,1.0,612,51,100,0.09880876974613882,0.07096069311084469,0.44077128742766225,20.0,0.7477394367637912
ipo_alpha08_feedback_one_b100_s0,ipo,alpha08,feedback_one,0.8,0.8,0.2,0.0,1.0,737,51,100,0.09780177843101981,0.07318059411281788,0.5046347457746414,6.0,0.8604011558596666
ipo_alpha08_feedback_one_b100_s0,ipo,alpha08,feedback_one,0.8,0.8,0.2,0.0,1.0,867,51,100,0.09934213905966009,0.07873123652975464,0.4724362825541995,11.0,0.8734614492096153
ipo_alpha08_feedback_one_b100_s0,ipo,alpha08,feedback_one,0.8,0.8,0.2,0.0,1.0,945,51,100,0.07794136614542524,0.06815490106898198,0.3793927892113688,13.0,1.1925521683348461
dpo_alpha08_ordinary_b100_s0,dpo,alpha08,ordinary,0.8,0.8,0.8,0.0,0.0,54,1,25,0.07832234033616778,0.09612967340168208,0.7118477854072015,0.0,0.8544221276004877
dpo_alpha08_ordinary_b100_s0,dpo,alpha08,ordinary,0.8,0.8,0.8,0.0,0.0,251,1,25,0.11046268585803366,0.14553716934092023,0.5455603409454473,3.0,1.0851331282205907
dpo_alpha08_ordinary_b100_s0,dpo,alpha08,ordinary,0.8,0.8,0.8,0.0,0.0,612,1,25,0.14134260563221032,0.1344655624110294,0.5127367781050584,7.0,0.739772133100295
dpo_alpha08_ordinary_b100_s0,dpo,alpha08,ordinary,0.8,0.8,0.8,0.0,0.0,737,1,25,0.09039411537352478,0.11503671349680077,0.6775846540809586,1.0,0.9153180210387862
dpo_alpha08_ordinary_b100_s0,dpo,alpha08,ordinary,0.8,0.8,0.8,0.0,0.0,867,1,25,0.10273500425034386,0.13095379719370884,0.6269992804380393,4.0,0.8204626546392271
dpo_alpha08_ordinary_b100_s0,dpo,alpha08,ordinary,0.8,0.8,0.8,0.0,0.0,945,1,25,0.11512603986038678,0.10367014126239207,0.5366824817340158,3.0,1.0758682410907712
dpo_alpha08_ordinary_b100_s0,dpo,alpha08,ordinary,0.8,0.8,0.8,0.0,0.0,54,26,50,0.07075127945011783,0.07070220466062588,0.5387591651494423,2.0,0.7026528617897421
dpo_alpha08_ordinary_b100_s0,dpo,alpha08,ordinary,0.8,0.8,0.8,0.0,0.0,251,26,50,0.10966640862296258,0.11208449447070258,0.43994328268399197,7.0,1.1100776603911846
dpo_alpha08_ordinary_b100_s0,dpo,alpha08,ordinary,0.8,0.8,0.8,0.0,0.0,612,26,50,0.08888126106747399,0.0955655900781896,0.4990590727471296,5.0,0.6851496996383668
dpo_alpha08_ordinary_b100_s0,dpo,alpha08,ordinary,0.8,0.8,0.8,0.0,0.0,737,26,50,0.09021967212873236,0.06129678825971715,0.5002330840310392,3.0,0.8810154647036685
dpo_alpha08_ordinary_b100_s0,dpo,alpha08,ordinary,0.8,0.8,0.8,0.0,0.0,867,26,50,0.08893014688316049,0.0885709078877841,0.4899047195983662,8.0,0.737121218556245
dpo_alpha08_ordinary_b100_s0,dpo,alpha08,ordinary,0.8,0.8,0.8,0.0,0.0,945,26,50,0.07286659373690656,0.06577759566394692,0.3803621419976445,8.0,1.214341563147485
dpo_alpha08_ordinary_b100_s0,dpo,alpha08,ordinary,0.8,0.8,0.8,0.0,0.0,54,51,75,0.08403223437811015,0.07890210850523029,0.4996112231700884,6.0,0.6730416871311271
dpo_alpha08_ordinary_b100_s0,dpo,alpha08,ordinary,0.8,0.8,0.8,0.0,0.0,251,51,75,0.06841317560709595,0.05456861993463291,0.40266553381185866,8.0,0.9840667605402719
dpo_alpha08_ordinary_b100_s0,dpo,alpha08,ordinary,0.8,0.8,0.8,0.0,0.0,612,51,75,0.07226782080449358,0.0834906287046213,0.48413166373993194,5.0,0.7090996539946326
dpo_alpha08_ordinary_b100_s0,dpo,alpha08,ordinary,0.8,0.8,0.8,0.0,0.0,737,51,75,0.07966936867600552,0.07354395518120732,0.5159418782822108,1.0,0.900825923625616
dpo_alpha08_ordinary_b100_s0,dpo,alpha08,ordinary,0.8,0.8,0.8,0.0,0.0,867,51,75,0.08181129276573562,0.05343696024523782,0.4430717586459016,6.0,0.8583298660031169
dpo_alpha08_ordinary_b100_s0,dpo,alpha08,ordinary,0.8,0.8,0.8,0.0,0.0,945,51,75,0.07224498420897137,0.060298899798543,0.40501047708745347,7.0,1.154006271548723
dpo_alpha08_ordinary_b100_s0,dpo,alpha08,ordinary,0.8,0.8,0.8,0.0,0.0,54,76,100,0.07596053647471777,0.04786510590718906,0.5489360036138031,2.0,0.7134481244145975
dpo_alpha08_ordinary_b100_s0,dpo,alpha08,ordinary,0.8,0.8,0.8,0.0,0.0,251,76,100,0.08968757728750075,0.10305196463030024,0.4459842828582301,8.0,1.0148712572949963
dpo_alpha08_ordinary_b100_s0,dpo,alpha08,ordinary,0.8,0.8,0.8,0.0,0.0,612,76,100,0.09435353263297776,0.09559983302364922,0.45824709173104616,5.0,0.7430335033954278
dpo_alpha08_ordinary_b100_s0,dpo,alpha08,ordinary,0.8,0.8,0.8,0.0,0.0,737,76,100,0.0765177585578765,0.06303291343876562,0.4636913729006643,4.0,0.8434219806621277
dpo_alpha08_ordinary_b100_s0,dpo,alpha08,ordinary,0.8,0.8,0.8,0.0,0.0,867,76,100,0.09656701085245153,0.10981684231088518,0.5120031186578218,6.0,0.8576397967267205
dpo_alpha08_ordinary_b100_s0,dpo,alpha08,ordinary,0.8,0.8,0.8,0.0,0.0,945,76,100,0.08416027258091098,0.08423157954960636,0.39107771879381437,5.0,1.1930891954982938
dpo_alpha08_ordinary_b100_s0,dpo,alpha08,ordinary,0.8,0.8,0.8,0.0,0.0,54,51,100,0.07999638542641395,0.0715783578993225,0.5242736133919457,8.0,0.6932449057728622
dpo_alpha08_ordinary_b100_s0,dpo,alpha08,ordinary,0.8,0.8,0.8,0.0,0.0,251,51,100,0.07905037644729834,0.09035192326565712,0.42432490833504444,16.0,0.9994690089176338
dpo_alpha08_ordinary_b100_s0,dpo,alpha08,ordinary,0.8,0.8,0.8,0.0,0.0,612,51,100,0.08331067671873567,0.09783933529890972,0.4711893777354891,10.0,0.7260665786950304
dpo_alpha08_ordinary_b100_s0,dpo,alpha08,ordinary,0.8,0.8,0.8,0.0,0.0,737,51,100,0.078093563616941,0.0744301158557203,0.4898166255914374,5.0,0.8721239521438713
dpo_alpha08_ordinary_b100_s0,dpo,alpha08,ordinary,0.8,0.8,0.8,0.0,0.0,867,51,100,0.08918915180909359,0.08700700235195119,0.47753743865186166,12.0,0.8579848313649184
dpo_alpha08_ordinary_b100_s0,dpo,alpha08,ordinary,0.8,0.8,0.8,0.0,0.0,945,51,100,0.07820262839494119,0.07795216605051074,0.39804409794063406,12.0,1.173547733523508
dpo_alpha08_reference_half_b100_s0,dpo,alpha08,reference_half,0.8,0.8,0.8,0.4,0.0,54,1,25,0.08406574945901388,0.08907699137843171,0.7299592753775878,0.0,0.862345147678463
dpo_alpha08_reference_half_b100_s0,dpo,alpha08,reference_half,0.8,0.8,0.8,0.4,0.0,251,1,25,0.10168823142253011,0.14418426393547862,0.5517139107799409,7.0,1.099784090856771
dpo_alpha08_reference_half_b100_s0,dpo,alpha08,reference_half,0.8,0.8,0.8,0.4,0.0,612,1,25,0.12795583771938968,0.12279013461808949,0.5521371219859478,6.0,0.7095525127188796
dpo_alpha08_reference_half_b100_s0,dpo,alpha08,reference_half,0.8,0.8,0.8,0.4,0.0,737,1,25,0.09303487965985305,0.12633513954364195,0.7057861982641583,1.0,0.8802317705817104
dpo_alpha08_reference_half_b100_s0,dpo,alpha08,reference_half,0.8,0.8,0.8,0.4,0.0,867,1,25,0.10662908095826232,0.09358247628194671,0.6133466772980999,6.0,0.8957234832240383
dpo_alpha08_reference_half_b100_s0,dpo,alpha08,reference_half,0.8,0.8,0.8,0.4,0.0,945,1,25,0.10549689853866112,0.08317221458317836,0.5312781226342423,5.0,1.136390297273275
dpo_alpha08_reference_half_b100_s0,dpo,alpha08,reference_half,0.8,0.8,0.8,0.4,0.0,54,26,50,0.07044001232977902,0.061506917048748125,0.54107115368469,0.0,0.7598656655384994
dpo_alpha08_reference_half_b100_s0,dpo,alpha08,reference_half,0.8,0.8,0.8,0.4,0.0,251,26,50,0.09249210801503768,0.06654524741147805,0.4040703806869084,6.0,1.1512323751117726
dpo_alpha08_reference_half_b100_s0,dpo,alpha08,reference_half,0.8,0.8,0.8,0.4,0.0,612,26,50,0.07704391116824544,0.07575406293197809,0.47740756659001193,4.0,0.7144863708164192
dpo_alpha08_reference_half_b100_s0,dpo,alpha08,reference_half,0.8,0.8,0.8,0.4,0.0,737,26,50,0.08525037094471614,0.05715076329666184,0.4878856105511285,2.0,0.9044898676751824
dpo_alpha08_reference_half_b100_s0,dpo,alpha08,reference_half,0.8,0.8,0.8,0.4,0.0,867,26,50,0.09251601887945446,0.08109352040272609,0.4906416557482548,8.0,0.7675783233488714
dpo_alpha08_reference_half_b100_s0,dpo,alpha08,reference_half,0.8,0.8,0.8,0.4,0.0,945,26,50,0.08000795546871606,0.048690745123834,0.368345668522268,10.0,1.1749151787120788
dpo_alpha08_reference_half_b100_s0,dpo,alpha08,reference_half,0.8,0.8,0.8,0.4,0.0,54,51,75,0.07639788099768398,0.05794856412525487,0.4733240031161716,6.0,0.6464270052284655
dpo_alpha08_reference_half_b100_s0,dpo,alpha08,reference_half,0.8,0.8,0.8,0.4,0.0,251,51,75,0.07013087904669564,0.05691118553334761,0.3937127570948497,5.0,1.0609747799982607
dpo_alpha08_reference_half_b100_s0,dpo,alpha08,reference_half,0.8,0.8,0.8,0.4,0.0,612,51,75,0.07198972061576352,0.04204157580523023,0.4557447257989971,7.0,0.7182667554491993
dpo_alpha08_reference_half_b100_s0,dpo,alpha08,reference_half,0.8,0.8,0.8,0.4,0.0,737,51,75,0.0857769296088243,0.06457068523504925,0.504870425343197,4.0,0.9026310476765224
dpo_alpha08_reference_half_b100_s0,dpo,alpha08,reference_half,0.8,0.8,0.8,0.4,0.0,867,51,75,0.06861774472806653,0.04049796511806359,0.4375876485922565,5.0,0.8386847874594858
dpo_alpha08_reference_half_b100_s0,dpo,alpha08,reference_half,0.8,0.8,0.8,0.4,0.0,945,51,75,0.06925399599755755,0.05628000375516398,0.3975819539575096,10.0,1.1467287968623894
dpo_alpha08_reference_half_b100_s0,dpo,alpha08,reference_half,0.8,0.8,0.8,0.4,0.0,54,76,100,0.08075666896324794,0.04478359348350565,0.5328465733627668,2.0,0.7168008672438942
dpo_alpha08_reference_half_b100_s0,dpo,alpha08,reference_half,0.8,0.8,0.8,0.4,0.0,251,76,100,0.08200976839270359,0.07347161254748855,0.4132265064684907,8.0,1.0190831528581699
dpo_alpha08_reference_half_b100_s0,dpo,alpha08,reference_half,0.8,0.8,0.8,0.4,0.0,612,76,100,0.0821687204145267,0.06050205492657455,0.40846981895516743,7.0,0.771717127149195
dpo_alpha08_reference_half_b100_s0,dpo,alpha08,reference_half,0.8,0.8,0.8,0.4,0.0,737,76,100,0.0830569520121763,0.06353451039095817,0.46855254548984326,8.0,0.8433958195802868
dpo_alpha08_reference_half_b100_s0,dpo,alpha08,reference_half,0.8,0.8,0.8,0.4,0.0,867,76,100,0.08822557001920828,0.08097989328387502,0.467637671656573,10.0,0.846899848144183
dpo_alpha08_reference_half_b100_s0,dpo,alpha08,reference_half,0.8,0.8,0.8,0.4,0.0,945,76,100,0.08125782794276262,0.07336141907536187,0.374181907380683,6.0,1.2051839890636387
dpo_alpha08_reference_half_b100_s0,dpo,alpha08,reference_half,0.8,0.8,0.8,0.4,0.0,54,51,100,0.07857727498046596,0.05825027924274771,0.5030852882394692,8.0,0.6816139362361798
dpo_alpha08_reference_half_b100_s0,dpo,alpha08,reference_half,0.8,0.8,0.8,0.4,0.0,251,51,100,0.07607032371969963,0.07220860343670081,0.4034696317816704,13.0,1.0400289664282154
dpo_alpha08_reference_half_b100_s0,dpo,alpha08,reference_half,0.8,0.8,0.8,0.4,0.0,612,51,100,0.07707922051514512,0.06447044280584383,0.4321072723770822,14.0,0.744991941299197
dpo_alpha08_reference_half_b100_s0,dpo,alpha08,reference_half,0.8,0.8,0.8,0.4,0.0,737,51,100,0.0844169408105003,0.06710549325403221,0.48671148541652015,12.0,0.8730134336284047
dpo_alpha08_reference_half_b100_s0,dpo,alpha08,reference_half,0.8,0.8,0.8,0.4,0.0,867,51,100,0.0784216573736374,0.06511712336112083,0.452612660124415,15.0,0.8427923178018344
dpo_alpha08_reference_half_b100_s0,dpo,alpha08,reference_half,0.8,0.8,0.8,0.4,0.0,945,51,100,0.07525591197016007,0.07137021945158878,0.3858819306690963,16.0,1.1759563929630141
dpo_alpha08_reference_max_b100_s0,dpo,alpha08,reference_max,0.8,0.8,0.8,0.8,0.0,54,1,25,0.08031206485904427,0.09039792909023221,0.7372247762531934,0.0,0.854864550982682
dpo_alpha08_reference_max_b100_s0,dpo,alpha08,reference_max,0.8,0.8,0.8,0.8,0.0,251,1,25,0.1678142188492088,0.15576865667736467,0.590578814487381,8.0,1.0694691261690066
dpo_alpha08_reference_max_b100_s0,dpo,alpha08,reference_max,0.8,0.8,0.8,0.8,0.0,612,1,25,0.15837932742572025,0.12383564267150407,0.5952433462445169,8.0,0.6857488041272833
dpo_alpha08_reference_max_b100_s0,dpo,alpha08,reference_max,0.8,0.8,0.8,0.8,0.0,737,1,25,0.12940977391624395,0.11984577272808795,0.6780027716793959,1.0,0.8871854260880467
dpo_alpha08_reference_max_b100_s0,dpo,alpha08,reference_max,0.8,0.8,0.8,0.8,0.0,867,1,25,0.18808125830200279,0.10066076525367784,0.5885615722034561,6.0,0.8799226664270999
dpo_alpha08_reference_max_b100_s0,dpo,alpha08,reference_max,0.8,0.8,0.8,0.8,0.0,945,1,25,0.12412788435084089,0.07033715321820368,0.5126748672436185,5.0,1.1528217708617703
dpo_alpha08_reference_max_b100_s0,dpo,alpha08,reference_max,0.8,0.8,0.8,0.8,0.0,54,26,50,0.09452587702051535,0.05313670848846395,0.5407007351699701,0.0,0.7557890678329471
dpo_alpha08_reference_max_b100_s0,dpo,alpha08,reference_max,0.8,0.8,0.8,0.8,0.0,251,26,50,0.11669887385897117,0.06680267872589117,0.417084413544788,6.0,1.1557215182346876
dpo_alpha08_reference_max_b100_s0,dpo,alpha08,reference_max,0.8,0.8,0.8,0.8,0.0,612,26,50,0.12730096744537042,0.0734845480726694,0.49044793260251784,11.0,0.7592646831666282
dpo_alpha08_reference_max_b100_s0,dpo,alpha08,reference_max,0.8,0.8,0.8,0.8,0.0,737,26,50,0.18690357445046854,0.07685573687633722,0.4872953462526815,4.0,0.8915131374385065
dpo_alpha08_reference_max_b100_s0,dpo,alpha08,reference_max,0.8,0.8,0.8,0.8,0.0,867,26,50,0.12691905569782144,0.06829424663598449,0.47419849191788266,9.0,0.7159528456290937
dpo_alpha08_reference_max_b100_s0,dpo,alpha08,reference_max,0.8,0.8,0.8,0.8,0.0,945,26,50,0.09074747206440766,0.05866310144688197,0.3924676992582557,7.0,1.1334620634024417
dpo_alpha08_reference_max_b100_s0,dpo,alpha08,reference_max,0.8,0.8,0.8,0.8,0.0,54,51,75,0.0742596335969793,0.04793136991269973,0.4775739042431244,4.0,0.6362119005575202
dpo_alpha08_reference_max_b100_s0,dpo,alpha08,reference_max,0.8,0.8,0.8,0.8,0.0,251,51,75,0.0770027988685733,0.04518832186341784,0.3697484376224059,10.0,1.0845554936332955
dpo_alpha08_reference_max_b100_s0,dpo,alpha08,reference_max,0.8,0.8,0.8,0.8,0.0,612,51,75,0.09652594793291806,0.04347779322604775,0.464555373834985,12.0,0.7717340698794353
dpo_alpha08_reference_max_b100_s0,dpo,alpha08,reference_max,0.8,0.8,0.8,0.8,0.0,737,51,75,0.11768829623428921,0.056487576607022943,0.48656418042259375,8.0,0.8756976300189575
dpo_alpha08_reference_max_b100_s0,dpo,alpha08,reference_max,0.8,0.8,0.8,0.8,0.0,867,51,75,0.07749103481899385,0.04084674106236771,0.42756401617064826,7.0,0.8411962150059294
dpo_alpha08_reference_max_b100_s0,dpo,alpha08,reference_max,0.8,0.8,0.8,0.8,0.0,945,51,75,0.11334469358663074,0.048835410804861035,0.37462785543729266,10.0,1.1726003890259478
dpo_alpha08_reference_max_b100_s0,dpo,alpha08,reference_max,0.8,0.8,0.8,0.8,0.0,54,76,100,0.10672657869971382,0.042636063479081845,0.5312827330191804,0.0,0.6862080222378867
dpo_alpha08_reference_max_b100_s0,dpo,alpha08,reference_max,0.8,0.8,0.8,0.8,0.0,251,76,100,0.10898887687340633,0.05968236933106451,0.4042565689325808,14.0,1.0169724779204534
dpo_alpha08_reference_max_b100_s0,dpo,alpha08,reference_max,0.8,0.8,0.8,0.8,0.0,612,76,100,0.11786838151248834,0.06391236415132018,0.40291224516379975,15.0,0.8080591857676909
dpo_alpha08_reference_max_b100_s0,dpo,alpha08,reference_max,0.8,0.8,0.8,0.8,0.0,737,76,100,0.10207037044593509,0.05249754508406903,0.4623772193339628,6.0,0.8461768395818886
dpo_alpha08_reference_max_b100_s0,dpo,alpha08,reference_max,0.8,0.8,0.8,0.8,0.0,867,76,100,0.10817410227022087,0.063426582274652,0.44543649781981864,9.0,0.8518157182086611
dpo_alpha08_reference_max_b100_s0,dpo,alpha08,reference_max,0.8,0.8,0.8,0.8,0.0,945,76,100,0.0932073928293382,0.06648679497201364,0.37269962490805786,6.0,1.2028820806323322
dpo_alpha08_reference_max_b100_s0,dpo,alpha08,reference_max,0.8,0.8,0.8,0.8,0.0,54,51,100,0.09049310614834656,0.05210900739819344,0.5044283186311523,4.0,0.6612099613977034
dpo_alpha08_reference_max_b100_s0,dpo,alpha08,reference_max,0.8,0.8,0.8,0.8,0.0,251,51,100,0.09299583787098982,0.05794270142800821,0.38700250327749347,24.0,1.050763985776874
dpo_alpha08_reference_max_b100_s0,dpo,alpha08,reference_max,0.8,0.8,0.8,0.8,0.0,612,51,100,0.1071971647227032,0.07176497252794434,0.4337338094993924,27.0,0.7898966278235633
dpo_alpha08_reference_max_b100_s0,dpo,alpha08,reference_max,0.8,0.8,0.8,0.8,0.0,737,51,100,0.10987933334011213,0.05589232580213304,0.47447069987827833,14.0,0.8609372348004233
dpo_alpha08_reference_max_b100_s0,dpo,alpha08,reference_max,0.8,0.8,0.8,0.8,0.0,867,51,100,0.09283256854460736,0.05467755001806924,0.4365002569952334,16.0,0.8465059666072952
dpo_alpha08_reference_max_b100_s0,dpo,alpha08,reference_max,0.8,0.8,0.8,0.8,0.0,945,51,100,0.10327604320798445,0.061099631455958724,0.37366374017267534,16.0,1.18774123482914
dpo_alpha08_feedback_half_b100_s0,dpo,alpha08,feedback_half,0.8,0.8,0.8,0.0,0.5,54,1,25,0.07473897417448257,0.08342484561588262,0.7168672905039213,0.0,0.8567674694364663
dpo_alpha08_feedback_half_b100_s0,dpo,alpha08,feedback_half,0.8,0.8,0.8,0.0,0.5,251,1,25,0.1091344368070459,0.12686501973083097,0.5181767735360032,6.0,1.118731280257735
dpo_alpha08_feedback_half_b100_s0,dpo,alpha08,feedback_half,0.8,0.8,0.8,0.0,0.5,612,1,25,0.1463770365201332,0.13015514608180428,0.5041081478349523,9.0,0.734565532813847
dpo_alpha08_feedback_half_b100_s0,dpo,alpha08,feedback_half,0.8,0.8,0.8,0.0,0.5,737,1,25,0.09387484260275908,0.11508958169031011,0.6621914829211778,1.0,0.9440166666446271
dpo_alpha08_feedback_half_b100_s0,dpo,alpha08,feedback_half,0.8,0.8,0.8,0.0,0.5,867,1,25,0.10525757773592986,0.1329528043593357,0.6198957814655786,4.0,0.8488780323004529
dpo_alpha08_feedback_half_b100_s0,dpo,alpha08,feedback_half,0.8,0.8,0.8,0.0,0.5,945,1,25,0.11144946474169061,0.10157905478091923,0.5262562852555759,3.0,1.087968941641268
dpo_alpha08_feedback_half_b100_s0,dpo,alpha08,feedback_half,0.8,0.8,0.8,0.0,0.5,54,26,50,0.07256587350289215,0.06132071837402078,0.5515910742290706,0.0,0.7100680571360793
dpo_alpha08_feedback_half_b100_s0,dpo,alpha08,feedback_half,0.8,0.8,0.8,0.0,0.5,251,26,50,0.09326190755773445,0.07937554895440718,0.41402516148981744,7.0,1.1297761782668607
dpo_alpha08_feedback_half_b100_s0,dpo,alpha08,feedback_half,0.8,0.8,0.8,0.0,0.5,612,26,50,0.08497833057145743,0.07602104860967238,0.47783768868289783,5.0,0.7124228281843689
dpo_alpha08_feedback_half_b100_s0,dpo,alpha08,feedback_half,0.8,0.8,0.8,0.0,0.5,737,26,50,0.08521509663241952,0.06576398797694537,0.5046721616001455,3.0,0.8935996028691281
dpo_alpha08_feedback_half_b100_s0,dpo,alpha08,feedback_half,0.8,0.8,0.8,0.0,0.5,867,26,50,0.0779969814074156,0.08594104033491312,0.49440953998082987,8.0,0.8082751399499692
dpo_alpha08_feedback_half_b100_s0,dpo,alpha08,feedback_half,0.8,0.8,0.8,0.0,0.5,945,26,50,0.07602481637444551,0.052843172933898154,0.37181755732831284,8.0,1.2178196780443455
dpo_alpha08_feedback_half_b100_s0,dpo,alpha08,feedback_half,0.8,0.8,0.8,0.0,0.5,54,51,75,0.08664415400586138,0.07559786521936383,0.4927237216521293,4.0,0.6682111784247627
dpo_alpha08_feedback_half_b100_s0,dpo,alpha08,feedback_half,0.8,0.8,0.8,0.0,0.5,251,51,75,0.07880650217536175,0.05815445122490345,0.4118858801750763,7.0,0.9987368635828331
dpo_alpha08_feedback_half_b100_s0,dpo,alpha08,feedback_half,0.8,0.8,0.8,0.0,0.5,612,51,75,0.07500199505134267,0.06631201383982437,0.46123407779248937,3.0,0.7269754861824237
dpo_alpha08_feedback_half_b100_s0,dpo,alpha08,feedback_half,0.8,0.8,0.8,0.0,0.5,737,51,75,0.08432943263508248,0.07623286557986497,0.5264857323622347,3.0,0.9039652189668352
dpo_alpha08_feedback_half_b100_s0,dpo,alpha08,feedback_half,0.8,0.8,0.8,0.0,0.5,867,51,75,0.09371471195441351,0.0634631612219981,0.4539381854152785,6.0,0.8698828687306203
dpo_alpha08_feedback_half_b100_s0,dpo,alpha08,feedback_half,0.8,0.8,0.8,0.0,0.5,945,51,75,0.07713561743924813,0.060448460565748596,0.4140994270123348,5.0,1.152975283354364
dpo_alpha08_feedback_half_b100_s0,dpo,alpha08,feedback_half,0.8,0.8,0.8,0.0,0.5,54,76,100,0.08107237621842903,0.055942516452089946,0.5509879043107905,2.0,0.7194536563962121
dpo_alpha08_feedback_half_b100_s0,dpo,alpha08,feedback_half,0.8,0.8,0.8,0.0,0.5,251,76,100,0.0849428943875511,0.07991321856788602,0.41893422557617976,7.0,1.0296775656399626
dpo_alpha08_feedback_half_b100_s0,dpo,alpha08,feedback_half,0.8,0.8,0.8,0.0,0.5,612,76,100,0.09734622242228744,0.07181748653018627,0.4111506124036892,11.0,0.7653223882611594
dpo_alpha08_feedback_half_b100_s0,dpo,alpha08,feedback_half,0.8,0.8,0.8,0.0,0.5,737,76,100,0.07266128349576537,0.06793835831204693,0.4930684486548625,2.0,0.8138389771243395
dpo_alpha08_feedback_half_b100_s0,dpo,alpha08,feedback_half,0.8,0.8,0.8,0.0,0.5,867,76,100,0.09481307128382638,0.1049687570302883,0.5060261532180703,5.0,0.860818806406655
dpo_alpha08_feedback_half_b100_s0,dpo,alpha08,feedback_half,0.8,0.8,0.8,0.0,0.5,945,76,100,0.07635439937681714,0.08842213596124787,0.39854311436905454,2.0,1.1933000512648975
dpo_alpha08_feedback_half_b100_s0,dpo,alpha08,feedback_half,0.8,0.8,0.8,0.0,0.5,54,51,100,0.0838582651121452,0.07226034582212142,0.5218558129814599,6.0,0.6938324174104874
dpo_alpha08_feedback_half_b100_s0,dpo,alpha08,feedback_half,0.8,0.8,0.8,0.0,0.5,251,51,100,0.08187469828145642,0.07629806790274393,0.41541005287562804,14.0,1.0142072146113978
dpo_alpha08_feedback_half_b100_s0,dpo,alpha08,feedback_half,0.8,0.8,0.8,0.0,0.5,612,51,100,0.08617410873681507,0.07453614590557975,0.43619234509808935,14.0,0.7461489372217918
dpo_alpha08_feedback_half_b100_s0,dpo,alpha08,feedback_half,0.8,0.8,0.8,0.0,0.5,737,51,100,0.07849535806542393,0.07989922942285976,0.5097770905085486,5.0,0.8589020980455873
dpo_alpha08_feedback_half_b100_s0,dpo,alpha08,feedback_half,0.8,0.8,0.8,0.0,0.5,867,51,100,0.09426389161911997,0.08702735934744013,0.4799821693166745,11.0,0.8653508375686378
dpo_alpha08_feedback_half_b100_s0,dpo,alpha08,feedback_half,0.8,0.8,0.8,0.0,0.5,945,51,100,0.07674500840803263,0.08169707992804043,0.4063212706906946,7.0,1.1731376673096308
dpo_alpha08_feedback_one_b100_s0,dpo,alpha08,feedback_one,0.8,0.8,0.8,0.0,1.0,54,1,25,0.07727199075290436,0.07847202356596898,0.6968812571256131,0.0,0.8812159795799666
dpo_alpha08_feedback_one_b100_s0,dpo,alpha08,feedback_one,0.8,0.8,0.8,0.0,1.0,251,1,25,0.12032993470593092,0.13497084495259568,0.5167227972125258,7.0,1.1189692206401403
dpo_alpha08_feedback_one_b100_s0,dpo,alpha08,feedback_one,0.8,0.8,0.8,0.0,1.0,612,1,25,0.15913554835600593,0.1172920667610946,0.5032933806305696,10.0,0.7527893473700717
dpo_alpha08_feedback_one_b100_s0,dpo,alpha08,feedback_one,0.8,0.8,0.8,0.0,1.0,737,1,25,0.09336988332553486,0.10833675524471024,0.6590154352879707,1.0,0.9620979513451179
dpo_alpha08_feedback_one_b100_s0,dpo,alpha08,feedback_one,0.8,0.8,0.8,0.0,1.0,867,1,25,0.10268594770638557,0.11330845259706451,0.5929488394361304,4.0,0.8689213576882043
dpo_alpha08_feedback_one_b100_s0,dpo,alpha08,feedback_one,0.8,0.8,0.8,0.0,1.0,945,1,25,0.11227388294720794,0.09232905097039588,0.5048404539350642,5.0,1.1128883711434252
dpo_alpha08_feedback_one_b100_s0,dpo,alpha08,feedback_one,0.8,0.8,0.8,0.0,1.0,54,26,50,0.07956137685628889,0.052961941934330875,0.5488764350704822,0.0,0.7379423885149766
dpo_alpha08_feedback_one_b100_s0,dpo,alpha08,feedback_one,0.8,0.8,0.8,0.0,1.0,251,26,50,0.11083708424636038,0.07292137554933013,0.40669732411301546,9.0,1.1343670461646433
dpo_alpha08_feedback_one_b100_s0,dpo,alpha08,feedback_one,0.8,0.8,0.8,0.0,1.0,612,26,50,0.10998798866872589,0.07771317303194265,0.4707763852139316,7.0,0.7327055370232982
dpo_alpha08_feedback_one_b100_s0,dpo,alpha08,feedback_one,0.8,0.8,0.8,0.0,1.0,737,26,50,0.09610672829884406,0.07263293813544458,0.5162498461224017,4.0,0.8797737288587776
dpo_alpha08_feedback_one_b100_s0,dpo,alpha08,feedback_one,0.8,0.8,0.8,0.0,1.0,867,26,50,0.0915122461085141,0.08319227727716691,0.4965270871687481,10.0,0.7976682254978893
dpo_alpha08_feedback_one_b100_s0,dpo,alpha08,feedback_one,0.8,0.8,0.8,0.0,1.0,945,26,50,0.08121740600757217,0.05172976840869983,0.37456743343860593,11.0,1.198540947741652
dpo_alpha08_feedback_one_b100_s0,dpo,alpha08,feedback_one,0.8,0.8,0.8,0.0,1.0,54,51,75,0.08050116173301806,0.06397698260836218,0.4934746918262093,4.0,0.6580303655916964
dpo_alpha08_feedback_one_b100_s0,dpo,alpha08,feedback_one,0.8,0.8,0.8,0.0,1.0,251,51,75,0.09277450065157504,0.050836556948905154,0.39783395875020056,14.0,1.0031642867286028
dpo_alpha08_feedback_one_b100_s0,dpo,alpha08,feedback_one,0.8,0.8,0.8,0.0,1.0,612,51,75,0.0916816922089384,0.05552170744657446,0.4611373602154299,11.0,0.7406893783844705
dpo_alpha08_feedback_one_b100_s0,dpo,alpha08,feedback_one,0.8,0.8,0.8,0.0,1.0,737,51,75,0.09543963623150852,0.07385824632187868,0.5050632062518273,2.0,0.8595038673886809
dpo_alpha08_feedback_one_b100_s0,dpo,alpha08,feedback_one,0.8,0.8,0.8,0.0,1.0,867,51,75,0.11911821425370799,0.06926239230697223,0.44253305431399853,10.0,0.849685053070574
dpo_alpha08_feedback_one_b100_s0,dpo,alpha08,feedback_one,0.8,0.8,0.8,0.0,1.0,945,51,75,0.08459468901129107,0.04839182915377817,0.3772756703728241,9.0,1.185425878407448
dpo_alpha08_feedback_one_b100_s0,dpo,alpha08,feedback_one,0.8,0.8,0.8,0.0,1.0,54,76,100,0.10135557519700977,0.06059434435854258,0.5280406044595086,2.0,0.6890904856100987
dpo_alpha08_feedback_one_b100_s0,dpo,alpha08,feedback_one,0.8,0.8,0.8,0.0,1.0,251,76,100,0.09105490459128138,0.06535946934303599,0.403014934996118,9.0,1.0390107375547144
dpo_alpha08_feedback_one_b100_s0,dpo,alpha08,feedback_one,0.8,0.8,0.8,0.0,1.0,612,76,100,0.13244941426238255,0.07633706135915644,0.42847529800808765,14.0,0.7651208783699205
dpo_alpha08_feedback_one_b100_s0,dpo,alpha08,feedback_one,0.8,0.8,0.8,0.0,1.0,737,76,100,0.09018867894827907,0.06627844122542353,0.48156631345545775,4.0,0.8310165684223039
dpo_alpha08_feedback_one_b100_s0,dpo,alpha08,feedback_one,0.8,0.8,0.8,0.0,1.0,867,76,100,0.08373055839808216,0.08180246181875252,0.48001558102730846,5.0,0.8812651510758035
dpo_alpha08_feedback_one_b100_s0,dpo,alpha08,feedback_one,0.8,0.8,0.8,0.0,1.0,945,76,100,0.08236758997776031,0.07379400435248208,0.3878630378749737,6.0,1.2029622753032494
dpo_alpha08_feedback_one_b100_s0,dpo,alpha08,feedback_one,0.8,0.8,0.8,0.0,1.0,54,51,100,0.0909283684650139,0.06564866244436264,0.5107576481428593,6.0,0.6735604256008976
dpo_alpha08_feedback_one_b100_s0,dpo,alpha08,feedback_one,0.8,0.8,0.8,0.0,1.0,251,51,100,0.09191470262142824,0.06475810696990644,0.40042444687315915,23.0,1.0210875121416587
dpo_alpha08_feedback_one_b100_s0,dpo,alpha08,feedback_one,0.8,0.8,0.8,0.0,1.0,612,51,100,0.1120655532356605,0.07284796318645939,0.4448063291117588,25.0,0.7529051283771955
dpo_alpha08_feedback_one_b100_s0,dpo,alpha08,feedback_one,0.8,0.8,0.8,0.0,1.0,737,51,100,0.09281415758989377,0.07315435514673012,0.4933147598536425,6.0,0.8452602179054927
dpo_alpha08_feedback_one_b100_s0,dpo,alpha08,feedback_one,0.8,0.8,0.8,0.0,1.0,867,51,100,0.1014243863258951,0.07654632932991491,0.46127431767065347,15.0,0.8654751020731887
dpo_alpha08_feedback_one_b100_s0,dpo,alpha08,feedback_one,0.8,0.8,0.8,0.0,1.0,945,51,100,0.08348113949452568,0.06539904976928501,0.3825693541238988,15.0,1.1941940768553487
ipo_alpha099_ordinary_b100_s0,ipo,alpha099,ordinary,0.99,0.8,0.2,0.0,0.0,54,1,25,0.0974509796280137,0.21006213691014147,0.7028597144018773,2.0,0.6162680745172281
ipo_alpha099_ordinary_b100_s0,ipo,alpha099,ordinary,0.99,0.8,0.2,0.0,0.0,251,1,25,0.1352747593794458,0.23154140876614174,0.616248206455505,5.0,0.8364051946205611
ipo_alpha099_ordinary_b100_s0,ipo,alpha099,ordinary,0.99,0.8,0.2,0.0,0.0,612,1,25,0.1335880373462356,0.2698252762490028,0.7065348958815142,5.0,0.49245862138099533
ipo_alpha099_ordinary_b100_s0,ipo,alpha099,ordinary,0.99,0.8,0.2,0.0,0.0,737,1,25,0.12677276386548583,0.2525539053543958,0.7213338998308099,3.0,0.6022187359156842
ipo_alpha099_ordinary_b100_s0,ipo,alpha099,ordinary,0.99,0.8,0.2,0.0,0.0,867,1,25,0.118973997708954,0.3098151957328649,0.7835917766842948,3.0,0.5153680600754985
ipo_alpha099_ordinary_b100_s0,ipo,alpha099,ordinary,0.99,0.8,0.2,0.0,0.0,945,1,25,0.11013613305105246,0.20952956634768719,0.6526051142957963,2.0,0.7422695625998034
ipo_alpha099_ordinary_b100_s0,ipo,alpha099,ordinary,0.99,0.8,0.2,0.0,0.0,54,26,50,0.022828760679399478,0.06004445138866299,0.6517962577311396,3.0,0.09539384099535274
ipo_alpha099_ordinary_b100_s0,ipo,alpha099,ordinary,0.99,0.8,0.2,0.0,0.0,251,26,50,0.11478236644670363,0.27902168966496055,0.7183415941438399,3.0,0.603076455289903
ipo_alpha099_ordinary_b100_s0,ipo,alpha099,ordinary,0.99,0.8,0.2,0.0,0.0,612,26,50,0.07743695951986455,0.24371280126037267,0.8002526585665833,2.0,0.5136199788241197
ipo_alpha099_ordinary_b100_s0,ipo,alpha099,ordinary,0.99,0.8,0.2,0.0,0.0,737,26,50,0.09946104989863938,0.32364241305287417,0.8824487116826495,2.0,0.34937227067398674
ipo_alpha099_ordinary_b100_s0,ipo,alpha099,ordinary,0.99,0.8,0.2,0.0,0.0,867,26,50,0.11369407285452304,0.3090200476946625,0.7980347155970058,3.0,0.6421759321519925
ipo_alpha099_ordinary_b100_s0,ipo,alpha099,ordinary,0.99,0.8,0.2,0.0,0.0,945,26,50,0.09939132877139054,0.30371974584968064,0.7712560624279478,3.0,0.5560666356270552
ipo_alpha099_ordinary_b100_s0,ipo,alpha099,ordinary,0.99,0.8,0.2,0.0,0.0,54,51,75,0.04183619555130882,0.029423224232060542,0.5336103397004708,8.0,0.11692337569565303
ipo_alpha099_ordinary_b100_s0,ipo,alpha099,ordinary,0.99,0.8,0.2,0.0,0.0,251,51,75,0.13944570239031093,0.27875264427019153,0.7311139110065611,4.0,0.763184915487911
ipo_alpha099_ordinary_b100_s0,ipo,alpha099,ordinary,0.99,0.8,0.2,0.0,0.0,612,51,75,0.06397257124120186,0.08594384662841786,0.5468924535586774,1.0,0.7286495143648892
ipo_alpha099_ordinary_b100_s0,ipo,alpha099,ordinary,0.99,0.8,0.2,0.0,0.0,737,51,75,0.11446292425645327,0.32211492384660456,0.8335536995341287,3.0,0.32061950891078717
ipo_alpha099_ordinary_b100_s0,ipo,alpha099,ordinary,0.99,0.8,0.2,0.0,0.0,867,51,75,0.10364799060801082,0.2460059701188561,0.7643393483673832,3.0,0.5514421775659939
ipo_alpha099_ordinary_b100_s0,ipo,alpha099,ordinary,0.99,0.8,0.2,0.0,0.0,945,51,75,0.07613162763008809,0.24105702437146764,0.7771666779949195,2.0,0.5401603840941971
ipo_alpha099_ordinary_b100_s0,ipo,alpha099,ordinary,0.99,0.8,0.2,0.0,0.0,54,76,100,0.03670174402489301,0.04946260940671763,0.5757409617743728,4.0,0.11922325492929783
ipo_alpha099_ordinary_b100_s0,ipo,alpha099,ordinary,0.99,0.8,0.2,0.0,0.0,251,76,100,0.09187169970996939,0.28404686296888526,0.8326736572831183,2.0,0.37533891055963003
ipo_alpha099_ordinary_b100_s0,ipo,alpha099,ordinary,0.99,0.8,0.2,0.0,0.0,612,76,100,0.04260091602267633,0.03209650746082828,0.5832468485411685,2.0,0.44975862191648747
ipo_alpha099_ordinary_b100_s0,ipo,alpha099,ordinary,0.99,0.8,0.2,0.0,0.0,737,76,100,0.07926542788950744,0.20747516999986432,0.854148201223594,2.0,0.29008414759066325
ipo_alpha099_ordinary_b100_s0,ipo,alpha099,ordinary,0.99,0.8,0.2,0.0,0.0,867,76,100,0.06186372758612033,0.1479356766051842,0.7335328543849984,1.0,0.23497237016214367
ipo_alpha099_ordinary_b100_s0,ipo,alpha099,ordinary,0.99,0.8,0.2,0.0,0.0,945,76,100,0.08699005666751145,0.2612572010019653,0.7832857508610654,2.0,0.6511192507653142
ipo_alpha099_ordinary_b100_s0,ipo,alpha099,ordinary,0.99,0.8,0.2,0.0,0.0,54,51,100,0.039268969788100926,0.04240976546768592,0.554675650737422,12.0,0.11807331531247543
ipo_alpha099_ordinary_b100_s0,ipo,alpha099,ordinary,0.99,0.8,0.2,0.0,0.0,251,51,100,0.11565870105014012,0.30567484869065226,0.7818937841448396,6.0,0.5692619130237705
ipo_alpha099_ordinary_b100_s0,ipo,alpha099,ordinary,0.99,0.8,0.2,0.0,0.0,612,51,100,0.05328674363193909,0.07935548701669948,0.5650696510499229,3.0,0.5892040681406884
ipo_alpha099_ordinary_b100_s0,ipo,alpha099,ordinary,0.99,0.8,0.2,0.0,0.0,737,51,100,0.09686417607298034,0.3310556279858553,0.8438509503788613,5.0,0.30535182825072527
ipo_alpha099_ordinary_b100_s0,ipo,alpha099,ordinary,0.99,0.8,0.2,0.0,0.0,867,51,100,0.08275585909706558,0.28930768801845064,0.7489361013761909,4.0,0.3932072738640692
ipo_alpha099_ordinary_b100_s0,ipo,alpha099,ordinary,0.99,0.8,0.2,0.0,0.0,945,51,100,0.08156084214879977,0.28437122807078413,0.7802262144279924,4.0,0.5956398174297557
ipo_alpha099_reference_half_b100_s0,ipo,alpha099,reference_half,0.99,0.8,0.2,0.495,0.0,54,1,25,0.10893846001715078,0.18992793881137032,0.6653486054209603,2.0,0.6290516329472656
ipo_alpha099_reference_half_b100_s0,ipo,alpha099,reference_half,0.99,0.8,0.2,0.495,0.0,251,1,25,0.10780367694986409,0.2206582686779441,0.6910117421122419,2.0,0.8659430636065683
ipo_alpha099_reference_half_b100_s0,ipo,alpha099,reference_half,0.99,0.8,0.2,0.495,0.0,612,1,25,0.10802027990505636,0.16841316362994335,0.7820157188687114,1.0,0.5184856254279077
ipo_alpha099_reference_half_b100_s0,ipo,alpha099,reference_half,0.99,0.8,0.2,0.495,0.0,737,1,25,0.1558572127305433,0.20221080203203035,0.6948552313689729,4.0,0.6963905374188186
ipo_alpha099_reference_half_b100_s0,ipo,alpha099,reference_half,0.99,0.8,0.2,0.495,0.0,867,1,25,0.09368469152242694,0.23063286915717976,0.747370710451212,2.0,0.5450157974220311
ipo_alpha099_reference_half_b100_s0,ipo,alpha099,reference_half,0.99,0.8,0.2,0.495,0.0,945,1,25,0.12274178969724098,0.15803909078294429,0.563686452938259,4.0,0.8857962021838649
ipo_alpha099_reference_half_b100_s0,ipo,alpha099,reference_half,0.99,0.8,0.2,0.495,0.0,54,26,50,0.09437696359325785,0.1688062934713021,0.7394161086521106,2.0,0.19614857168068162
ipo_alpha099_reference_half_b100_s0,ipo,alpha099,reference_half,0.99,0.8,0.2,0.495,0.0,251,26,50,0.09224215085134464,0.24398593272818073,0.7661934664402501,2.0,0.5053347568470381
ipo_alpha099_reference_half_b100_s0,ipo,alpha099,reference_half,0.99,0.8,0.2,0.495,0.0,612,26,50,0.12315501919864782,0.14351130473628404,0.5662492492689203,8.0,0.7638067103868464
ipo_alpha099_reference_half_b100_s0,ipo,alpha099,reference_half,0.99,0.8,0.2,0.495,0.0,737,26,50,0.12401408028375113,0.2782894982554356,0.6944546928573062,5.0,0.6977158221011273
ipo_alpha099_reference_half_b100_s0,ipo,alpha099,reference_half,0.99,0.8,0.2,0.495,0.0,867,26,50,0.09449485233519628,0.22923003449746,0.7205542786867991,2.0,0.6794742755142367
ipo_alpha099_reference_half_b100_s0,ipo,alpha099,reference_half,0.99,0.8,0.2,0.495,0.0,945,26,50,0.07996206116913028,0.16079549295518383,0.6529349036916777,3.0,0.548589535651932
ipo_alpha099_reference_half_b100_s0,ipo,alpha099,reference_half,0.99,0.8,0.2,0.495,0.0,54,51,75,0.05653516938316004,0.0915282095473821,0.7759195915033821,0.0,0.7145530440408487
ipo_alpha099_reference_half_b100_s0,ipo,alpha099,reference_half,0.99,0.8,0.2,0.495,0.0,251,51,75,0.0870733125992777,0.2318345006518118,0.7970305532105334,2.0,0.4414118174328215
ipo_alpha099_reference_half_b100_s0,ipo,alpha099,reference_half,0.99,0.8,0.2,0.495,0.0,612,51,75,0.024817431900217787,0.026826106866916513,0.8197508745210338,0.0,0.7494318432436041
ipo_alpha099_reference_half_b100_s0,ipo,alpha099,reference_half,0.99,0.8,0.2,0.495,0.0,737,51,75,0.09808501285451715,0.25707860324107035,0.6928748318494984,3.0,0.521940541613185
ipo_alpha099_reference_half_b100_s0,ipo,alpha099,reference_half,0.99,0.8,0.2,0.495,0.0,867,51,75,0.08364325491964268,0.18047344303878143,0.6391914033708901,4.0,0.45526516683951274
ipo_alpha099_reference_half_b100_s0,ipo,alpha099,reference_half,0.99,0.8,0.2,0.495,0.0,945,51,75,0.03919401013694993,0.059097457410153036,0.6042344937265607,0.0,0.6797342115677452
ipo_alpha099_reference_half_b100_s0,ipo,alpha099,reference_half,0.99,0.8,0.2,0.495,0.0,54,76,100,0.045994538931385026,0.0918401366405319,0.6580315158662772,1.0,0.3014396121062471
ipo_alpha099_reference_half_b100_s0,ipo,alpha099,reference_half,0.99,0.8,0.2,0.495,0.0,251,76,100,0.08297779094910375,0.1883437332954067,0.6881152717150623,4.0,0.7874603942402737
ipo_alpha099_reference_half_b100_s0,ipo,alpha099,reference_half,0.99,0.8,0.2,0.495,0.0,612,76,100,0.03446864093735774,0.05236743653687773,0.5469728088592981,4.0,0.3801730117888941
ipo_alpha099_reference_half_b100_s0,ipo,alpha099,reference_half,0.99,0.8,0.2,0.495,0.0,737,76,100,0.10754960567831505,0.2384030558893389,0.6498894280812414,3.0,0.7533786078307925
ipo_alpha099_reference_half_b100_s0,ipo,alpha099,reference_half,0.99,0.8,0.2,0.495,0.0,867,76,100,0.05053046392344114,0.10858791454802491,0.6157963055575155,1.0,0.5346872864336499
ipo_alpha099_reference_half_b100_s0,ipo,alpha099,reference_half,0.99,0.8,0.2,0.495,0.0,945,76,100,0.035315992652274024,0.040686303686078396,0.5721423301475219,1.0,0.38778910389829496
ipo_alpha099_reference_half_b100_s0,ipo,alpha099,reference_half,0.99,0.8,0.2,0.495,0.0,54,51,100,0.05126485415727255,0.1814390126699038,0.7169755536848296,1.0,0.507996328073548
ipo_alpha099_reference_half_b100_s0,ipo,alpha099,reference_half,0.99,0.8,0.2,0.495,0.0,251,51,100,0.08502555177419073,0.2785883249036849,0.7425729124627977,6.0,0.6144361058365474
ipo_alpha099_reference_half_b100_s0,ipo,alpha099,reference_half,0.99,0.8,0.2,0.495,0.0,612,51,100,0.02964303641878777,0.08940886781151516,0.6833618416901658,4.0,0.5648024275162493
ipo_alpha099_reference_half_b100_s0,ipo,alpha099,reference_half,0.99,0.8,0.2,0.495,0.0,737,51,100,0.1028173092664161,0.2630969146652067,0.6713821299653696,6.0,0.6376595747219889
ipo_alpha099_reference_half_b100_s0,ipo,alpha099,reference_half,0.99,0.8,0.2,0.495,0.0,867,51,100,0.06708685942154191,0.18361970821546658,0.6274938544642028,5.0,0.49497622663658136
ipo_alpha099_reference_half_b100_s0,ipo,alpha099,reference_half,0.99,0.8,0.2,0.495,0.0,945,51,100,0.03725500139461199,0.07177077032796655,0.5881884119370413,1.0,0.5337616577330202
ipo_alpha099_reference_max_b100_s0,ipo,alpha099,reference_max,0.99,0.8,0.2,0.99,0.0,54,1,25,0.09182504412409057,0.18496706956340483,0.6924696577568343,2.0,0.7461243855400801
ipo_alpha099_reference_max_b100_s0,ipo,alpha099,reference_max,0.99,0.8,0.2,0.99,0.0,251,1,25,0.14242834464088636,0.2104065915519145,0.6802818335359342,2.0,0.9131904768172407
ipo_alpha099_reference_max_b100_s0,ipo,alpha099,reference_max,0.99,0.8,0.2,0.99,0.0,612,1,25,0.12650951754194228,0.19340367809927467,0.7890321437323229,3.0,0.5140095645859905
ipo_alpha099_reference_max_b100_s0,ipo,alpha099,reference_max,0.99,0.8,0.2,0.99,0.0,737,1,25,0.1654687274411405,0.16926359008573583,0.7395963794318615,3.0,0.7314160956088187
ipo_alpha099_reference_max_b100_s0,ipo,alpha099,reference_max,0.99,0.8,0.2,0.99,0.0,867,1,25,0.15495997015768137,0.19907255416622802,0.6683366484760487,4.0,0.6273960990854269
ipo_alpha099_reference_max_b100_s0,ipo,alpha099,reference_max,0.99,0.8,0.2,0.99,0.0,945,1,25,0.16626798857375957,0.12243798343066456,0.5133716822096624,11.0,1.0024603330311272
ipo_alpha099_reference_max_b100_s0,ipo,alpha099,reference_max,0.99,0.8,0.2,0.99,0.0,54,26,50,0.22336238348147813,0.10120856277160195,0.8084518522285208,0.0,0.14646538937587372
ipo_alpha099_reference_max_b100_s0,ipo,alpha099,reference_max,0.99,0.8,0.2,0.99,0.0,251,26,50,0.20072822833248,0.19438578920726604,0.7839829285665677,7.0,0.3545396510727253
ipo_alpha099_reference_max_b100_s0,ipo,alpha099,reference_max,0.99,0.8,0.2,0.99,0.0,612,26,50,0.1777829782894548,0.20645784015255295,0.7205043588951411,6.0,0.6005730294801926
ipo_alpha099_reference_max_b100_s0,ipo,alpha099,reference_max,0.99,0.8,0.2,0.99,0.0,737,26,50,0.2932684705949427,0.203847891683327,0.7249849630635852,8.0,0.44021827878609954
ipo_alpha099_reference_max_b100_s0,ipo,alpha099,reference_max,0.99,0.8,0.2,0.99,0.0,867,26,50,0.24062177327554057,0.20848380724231816,0.699564819043396,6.0,0.505287730379204
ipo_alpha099_reference_max_b100_s0,ipo,alpha099,reference_max,0.99,0.8,0.2,0.99,0.0,945,26,50,0.16912009293819097,0.13156799382278336,0.6846041290123686,8.0,0.4528507852849675
ipo_alpha099_reference_max_b100_s0,ipo,alpha099,reference_max,0.99,0.8,0.2,0.99,0.0,54,51,75,0.28249145156909494,0.1406835039078298,0.7642292847356597,8.0,0.5931576925809674
ipo_alpha099_reference_max_b100_s0,ipo,alpha099,reference_max,0.99,0.8,0.2,0.99,0.0,251,51,75,0.16360381093637702,0.2254310460407516,0.7053467216362438,5.0,0.7752644686044162
ipo_alpha099_reference_max_b100_s0,ipo,alpha099,reference_max,0.99,0.8,0.2,0.99,0.0,612,51,75,0.20875230745833723,0.1554477374295891,0.6285031452783705,8.0,0.603000600051315
ipo_alpha099_reference_max_b100_s0,ipo,alpha099,reference_max,0.99,0.8,0.2,0.99,0.0,737,51,75,0.1201126390718412,0.19422161234528235,0.593472274018713,3.0,0.8408129856642416
ipo_alpha099_reference_max_b100_s0,ipo,alpha099,reference_max,0.99,0.8,0.2,0.99,0.0,867,51,75,0.27087666260556104,0.1733901232562373,0.8095885358324938,8.0,0.8742139095446704
ipo_alpha099_reference_max_b100_s0,ipo,alpha099,reference_max,0.99,0.8,0.2,0.99,0.0,945,51,75,0.10316873764127779,0.08188133807741124,0.5341616553313099,6.0,0.5973249141402921
ipo_alpha099_reference_max_b100_s0,ipo,alpha099,reference_max,0.99,0.8,0.2,0.99,0.0,54,76,100,0.19353131068090296,0.22787212168407145,0.7346172350638792,8.0,0.6218812232551949
ipo_alpha099_reference_max_b100_s0,ipo,alpha099,reference_max,0.99,0.8,0.2,0.99,0.0,251,76,100,0.15217642899275086,0.16756901627429371,0.7879906810206958,3.0,0.41840930275479155
ipo_alpha099_reference_max_b100_s0,ipo,alpha099,reference_max,0.99,0.8,0.2,0.99,0.0,612,76,100,0.10764318535666502,0.03825676790355762,0.7212052733204188,0.0,0.22210676942360577
ipo_alpha099_reference_max_b100_s0,ipo,alpha099,reference_max,0.99,0.8,0.2,0.99,0.0,737,76,100,0.17102124874512425,0.13159028903181103,0.5711254595614079,1.0,0.739501358748951
ipo_alpha099_reference_max_b100_s0,ipo,alpha099,reference_max,0.99,0.8,0.2,0.99,0.0,867,76,100,0.2275520655765045,0.1254059716607618,0.7274914023562116,6.0,0.2325270485005664
ipo_alpha099_reference_max_b100_s0,ipo,alpha099,reference_max,0.99,0.8,0.2,0.99,0.0,945,76,100,0.08796969713039396,0.06419709791729987,0.5959757878938509,3.0,0.8015292367746814
ipo_alpha099_reference_max_b100_s0,ipo,alpha099,reference_max,0.99,0.8,0.2,0.99,0.0,54,51,100,0.23801138112499892,0.2427381926660167,0.7494232598997695,16.0,0.6075194579180812
ipo_alpha099_reference_max_b100_s0,ipo,alpha099,reference_max,0.99,0.8,0.2,0.99,0.0,251,51,100,0.15789011996456398,0.2934418022693584,0.7466687013284696,8.0,0.5968368856796039
ipo_alpha099_reference_max_b100_s0,ipo,alpha099,reference_max,0.99,0.8,0.2,0.99,0.0,612,51,100,0.15819774640750117,0.16517235771609484,0.6748542092993943,8.0,0.41255368473746046
ipo_alpha099_reference_max_b100_s0,ipo,alpha099,reference_max,0.99,0.8,0.2,0.99,0.0,737,51,100,0.14556694390848274,0.2097707190237346,0.5822988667900604,4.0,0.7901571722065961
ipo_alpha099_reference_max_b100_s0,ipo,alpha099,reference_max,0.99,0.8,0.2,0.99,0.0,867,51,100,0.24921436409103273,0.23530787993286612,0.7685399690943526,14.0,0.5533704790226185
ipo_alpha099_reference_max_b100_s0,ipo,alpha099,reference_max,0.99,0.8,0.2,0.99,0.0,945,51,100,0.09556921738583586,0.10020888412216246,0.5650687216125803,9.0,0.6994270754574866
ipo_alpha099_feedback_half_b100_s0,ipo,alpha099,feedback_half,0.99,0.8,0.2,0.0,0.5,54,1,25,0.07324748973000043,0.11497325125443052,0.655732838712175,0.0,0.7396811173359503
ipo_alpha099_feedback_half_b100_s0,ipo,alpha099,feedback_half,0.99,0.8,0.2,0.0,0.5,251,1,25,0.11660195141036636,0.16478644439300633,0.5159270333447754,6.0,0.9390574668827765
ipo_alpha099_feedback_half_b100_s0,ipo,alpha099,feedback_half,0.99,0.8,0.2,0.0,0.5,612,1,25,0.12283049475840901,0.2943085532139289,0.7471461149200748,3.0,0.5798230778827906
ipo_alpha099_feedback_half_b100_s0,ipo,alpha099,feedback_half,0.99,0.8,0.2,0.0,0.5,737,1,25,0.13527209980508306,0.2193586829964492,0.6429041227786988,3.0,0.7872935153637936
ipo_alpha099_feedback_half_b100_s0,ipo,alpha099,feedback_half,0.99,0.8,0.2,0.0,0.5,867,1,25,0.12773576872132975,0.2778009841858081,0.7215883757930958,4.0,0.6708651630278815
ipo_alpha099_feedback_half_b100_s0,ipo,alpha099,feedback_half,0.99,0.8,0.2,0.0,0.5,945,1,25,0.11379547624771771,0.20343908779484662,0.6364422374930291,3.0,0.7108812679481682
ipo_alpha099_feedback_half_b100_s0,ipo,alpha099,feedback_half,0.99,0.8,0.2,0.0,0.5,54,26,50,0.034311547395085185,0.04579158770233002,0.5510989461989592,3.0,0.30802730828253755
ipo_alpha099_feedback_half_b100_s0,ipo,alpha099,feedback_half,0.99,0.8,0.2,0.0,0.5,251,26,50,0.09902535231969405,0.1229449916795318,0.42761374755824044,7.0,1.082170162577053
ipo_alpha099_feedback_half_b100_s0,ipo,alpha099,feedback_half,0.99,0.8,0.2,0.0,0.5,612,26,50,0.07277113483120652,0.15156274809652698,0.6849841968777163,2.0,0.3643885419429045
ipo_alpha099_feedback_half_b100_s0,ipo,alpha099,feedback_half,0.99,0.8,0.2,0.0,0.5,737,26,50,0.0821755163301686,0.13233810165412496,0.551793643960697,1.0,0.9395393549006532
ipo_alpha099_feedback_half_b100_s0,ipo,alpha099,feedback_half,0.99,0.8,0.2,0.0,0.5,867,26,50,0.09823764002954354,0.17147863115893539,0.6016862790958281,4.0,0.517707684273962
ipo_alpha099_feedback_half_b100_s0,ipo,alpha099,feedback_half,0.99,0.8,0.2,0.0,0.5,945,26,50,0.07308955365303266,0.11555124612049955,0.5542804080296235,4.0,0.7871741425497464
ipo_alpha099_feedback_half_b100_s0,ipo,alpha099,feedback_half,0.99,0.8,0.2,0.0,0.5,54,51,75,0.028106311817656503,0.039361588555393456,0.6450748966892905,1.0,0.0739466506265053
ipo_alpha099_feedback_half_b100_s0,ipo,alpha099,feedback_half,0.99,0.8,0.2,0.0,0.5,251,51,75,0.07193637057475144,0.106940451964673,0.4676813824486034,3.0,0.8926528453809509
ipo_alpha099_feedback_half_b100_s0,ipo,alpha099,feedback_half,0.99,0.8,0.2,0.0,0.5,612,51,75,0.02934247109756762,0.03911885448346062,0.5437563113909188,2.0,0.5907522435251846
ipo_alpha099_feedback_half_b100_s0,ipo,alpha099,feedback_half,0.99,0.8,0.2,0.0,0.5,737,51,75,0.08383950048687355,0.17318722071374495,0.6400595408568394,3.0,0.8592721192903495
ipo_alpha099_feedback_half_b100_s0,ipo,alpha099,feedback_half,0.99,0.8,0.2,0.0,0.5,867,51,75,0.06796116534629382,0.14696949992245198,0.6495902299391291,2.0,0.47850369023627537
ipo_alpha099_feedback_half_b100_s0,ipo,alpha099,feedback_half,0.99,0.8,0.2,0.0,0.5,945,51,75,0.049167856452166064,0.1073355437874303,0.5948469714351614,1.0,0.6002982391774594
ipo_alpha099_feedback_half_b100_s0,ipo,alpha099,feedback_half,0.99,0.8,0.2,0.0,0.5,54,76,100,0.02214184042298489,0.025939741777207072,0.6227183418279393,0.0,0.2705123982410149
ipo_alpha099_feedback_half_b100_s0,ipo,alpha099,feedback_half,0.99,0.8,0.2,0.0,0.5,251,76,100,0.06715011664617468,0.10519637868056311,0.5422087051352545,3.0,0.7420886499611911
ipo_alpha099_feedback_half_b100_s0,ipo,alpha099,feedback_half,0.99,0.8,0.2,0.0,0.5,612,76,100,0.02243042946832496,0.040079877007648604,0.5657842386757458,5.0,0.37405711800559716
ipo_alpha099_feedback_half_b100_s0,ipo,alpha099,feedback_half,0.99,0.8,0.2,0.0,0.5,737,76,100,0.039936961561808426,0.045243244255817064,0.5629335126260667,2.0,0.8075665125230619
ipo_alpha099_feedback_half_b100_s0,ipo,alpha099,feedback_half,0.99,0.8,0.2,0.0,0.5,867,76,100,0.03640345305694512,0.041739754243990054,0.5865923275135241,0.0,0.3190829151241368
ipo_alpha099_feedback_half_b100_s0,ipo,alpha099,feedback_half,0.99,0.8,0.2,0.0,0.5,945,76,100,0.029258747727241848,0.05020231230861768,0.5635754706481463,2.0,0.4507931480826441
ipo_alpha099_feedback_half_b100_s0,ipo,alpha099,feedback_half,0.99,0.8,0.2,0.0,0.5,54,51,100,0.025124076120320697,0.08185373562078693,0.6338966192586147,1.0,0.17222952443376013
ipo_alpha099_feedback_half_b100_s0,ipo,alpha099,feedback_half,0.99,0.8,0.2,0.0,0.5,251,51,100,0.06954324361046307,0.11499863941256738,0.5049450437919291,6.0,0.8173707476710707
ipo_alpha099_feedback_half_b100_s0,ipo,alpha099,feedback_half,0.99,0.8,0.2,0.0,0.5,612,51,100,0.025886450282946286,0.042846825868148364,0.5547702750333322,7.0,0.4824046807653909
ipo_alpha099_feedback_half_b100_s0,ipo,alpha099,feedback_half,0.99,0.8,0.2,0.0,0.5,737,51,100,0.061888231024340996,0.14010554062348546,0.6014965267414532,5.0,0.8334193159067058
ipo_alpha099_feedback_half_b100_s0,ipo,alpha099,feedback_half,0.99,0.8,0.2,0.0,0.5,867,51,100,0.05218230920161949,0.11600779653052065,0.6180912787263266,2.0,0.3987933026802061
ipo_alpha099_feedback_half_b100_s0,ipo,alpha099,feedback_half,0.99,0.8,0.2,0.0,0.5,945,51,100,0.039213302089703965,0.08962448154465723,0.5792112210416539,3.0,0.5255456936300518
ipo_alpha099_feedback_one_b100_s0,ipo,alpha099,feedback_one,0.99,0.8,0.2,0.0,1.0,54,1,25,0.0694531104869128,0.11695819641932198,0.623296920389351,2.0,0.6845024850030478
ipo_alpha099_feedback_one_b100_s0,ipo,alpha099,feedback_one,0.99,0.8,0.2,0.0,1.0,251,1,25,0.11214909189407382,0.1358717534760917,0.476964812437838,6.0,1.0049949870926769
ipo_alpha099_feedback_one_b100_s0,ipo,alpha099,feedback_one,0.99,0.8,0.2,0.0,1.0,612,1,25,0.13177618463065696,0.20533278159523602,0.5871888131700641,5.0,0.6168398396987403
ipo_alpha099_feedback_one_b100_s0,ipo,alpha099,feedback_one,0.99,0.8,0.2,0.0,1.0,737,1,25,0.1345386436423372,0.17386042177191602,0.5571709658296361,5.0,0.9021694155529754
ipo_alpha099_feedback_one_b100_s0,ipo,alpha099,feedback_one,0.99,0.8,0.2,0.0,1.0,867,1,25,0.10546141750336913,0.2029286359554041,0.6109319994966739,3.0,0.7054170568035587
ipo_alpha099_feedback_one_b100_s0,ipo,alpha099,feedback_one,0.99,0.8,0.2,0.0,1.0,945,1,25,0.09971854413519862,0.14126151552109523,0.5699238590614055,2.0,0.696439120709694
ipo_alpha099_feedback_one_b100_s0,ipo,alpha099,feedback_one,0.99,0.8,0.2,0.0,1.0,54,26,50,0.018367312147414213,0.029739694405499388,0.5546927196517263,2.0,0.17996806918320618
ipo_alpha099_feedback_one_b100_s0,ipo,alpha099,feedback_one,0.99,0.8,0.2,0.0,1.0,251,26,50,0.06544997801434752,0.06918255159580534,0.4946064751517558,2.0,0.7937523702655518
ipo_alpha099_feedback_one_b100_s0,ipo,alpha099,feedback_one,0.99,0.8,0.2,0.0,1.0,612,26,50,0.029170283539664582,0.023911079519918124,0.5310887297412243,7.0,0.3574658636772496
ipo_alpha099_feedback_one_b100_s0,ipo,alpha099,feedback_one,0.99,0.8,0.2,0.0,1.0,737,26,50,0.058185816498182046,0.06895044283227911,0.4833976682033039,1.0,1.0260866414637715
ipo_alpha099_feedback_one_b100_s0,ipo,alpha099,feedback_one,0.99,0.8,0.2,0.0,1.0,867,26,50,0.05787402209288826,0.08541536028206687,0.5380141442506731,2.0,0.5021461754895958
ipo_alpha099_feedback_one_b100_s0,ipo,alpha099,feedback_one,0.99,0.8,0.2,0.0,1.0,945,26,50,0.023995449890814338,0.017414180536254747,0.5688305752591057,1.0,0.5536654877902191
ipo_alpha099_feedback_one_b100_s0,ipo,alpha099,feedback_one,0.99,0.8,0.2,0.0,1.0,54,51,75,0.028609747601111533,0.07205999105239096,0.6374737362648619,1.0,0.1883314670441412
ipo_alpha099_feedback_one_b100_s0,ipo,alpha099,feedback_one,0.99,0.8,0.2,0.0,1.0,251,51,75,0.03393291726647149,0.03837803011402079,0.5315212593151597,2.0,0.5277427238364605
ipo_alpha099_feedback_one_b100_s0,ipo,alpha099,feedback_one,0.99,0.8,0.2,0.0,1.0,612,51,75,0.02199981993017326,0.0360123048516039,0.5477502781826737,4.0,0.36088552874939334
ipo_alpha099_feedback_one_b100_s0,ipo,alpha099,feedback_one,0.99,0.8,0.2,0.0,1.0,737,51,75,0.05163925793933915,0.06118228209836492,0.4785601145628304,6.0,0.9454870560538494
ipo_alpha099_feedback_one_b100_s0,ipo,alpha099,feedback_one,0.99,0.8,0.2,0.0,1.0,867,51,75,0.05822649133928248,0.1044886320016465,0.5550849476514225,2.0,0.45197347786803077
ipo_alpha099_feedback_one_b100_s0,ipo,alpha099,feedback_one,0.99,0.8,0.2,0.0,1.0,945,51,75,0.034932102107178696,0.039583491405882076,0.5242908528212898,5.0,0.5180817686715247
ipo_alpha099_feedback_one_b100_s0,ipo,alpha099,feedback_one,0.99,0.8,0.2,0.0,1.0,54,76,100,0.017690637787489007,0.037070418255702224,0.5688582694240781,1.0,0.10667108301146361
ipo_alpha099_feedback_one_b100_s0,ipo,alpha099,feedback_one,0.99,0.8,0.2,0.0,1.0,251,76,100,0.030397005710199484,0.03913106819457838,0.5689791456398636,0.0,0.44360466330871895
ipo_alpha099_feedback_one_b100_s0,ipo,alpha099,feedback_one,0.99,0.8,0.2,0.0,1.0,612,76,100,0.024932637960292322,0.06208141234456123,0.6037266507305801,1.0,0.460541409612835
ipo_alpha099_feedback_one_b100_s0,ipo,alpha099,feedback_one,0.99,0.8,0.2,0.0,1.0,737,76,100,0.025044592412853724,0.024286617154860045,0.523810787225133,8.0,0.7805439705472595
ipo_alpha099_feedback_one_b100_s0,ipo,alpha099,feedback_one,0.99,0.8,0.2,0.0,1.0,867,76,100,0.025949631322237092,0.04088390067099643,0.5336466764515428,1.0,0.30797739200657015
ipo_alpha099_feedback_one_b100_s0,ipo,alpha099,feedback_one,0.99,0.8,0.2,0.0,1.0,945,76,100,0.02840573425584854,0.06027349616842133,0.6016334092630283,1.0,0.40736010897071984
ipo_alpha099_feedback_one_b100_s0,ipo,alpha099,feedback_one,0.99,0.8,0.2,0.0,1.0,54,51,100,0.023150192694300256,0.060145369337787066,0.60316600284447,2.0,0.14750127502780244
ipo_alpha099_feedback_one_b100_s0,ipo,alpha099,feedback_one,0.99,0.8,0.2,0.0,1.0,251,51,100,0.032164961488335496,0.04194878547086515,0.5502502024775116,2.0,0.4856736935725898
ipo_alpha099_feedback_one_b100_s0,ipo,alpha099,feedback_one,0.99,0.8,0.2,0.0,1.0,612,51,100,0.023466228945232807,0.053084866161405245,0.5757384644566269,5.0,0.4107134691811142
ipo_alpha099_feedback_one_b100_s0,ipo,alpha099,feedback_one,0.99,0.8,0.2,0.0,1.0,737,51,100,0.03834192517609644,0.05581005589615705,0.5011854508939815,14.0,0.8630155133005545
ipo_alpha099_feedback_one_b100_s0,ipo,alpha099,feedback_one,0.99,0.8,0.2,0.0,1.0,867,51,100,0.04208806133075978,0.0854930474873007,0.5443658120514826,3.0,0.37997543493730057
ipo_alpha099_feedback_one_b100_s0,ipo,alpha099,feedback_one,0.99,0.8,0.2,0.0,1.0,945,51,100,0.03166891818151362,0.05877852483758546,0.5629621310421591,6.0,0.46272093882112236
dpo_alpha099_ordinary_b100_s0,dpo,alpha099,ordinary,0.99,0.8,0.8,0.0,0.0,54,1,25,0.08959266938876334,0.17977302870760223,0.637852878060235,3.0,0.6332805934610546
dpo_alpha099_ordinary_b100_s0,dpo,alpha099,ordinary,0.99,0.8,0.8,0.0,0.0,251,1,25,0.1257936745166618,0.24530825431290326,0.6202002560757512,5.0,0.7681005400042596
dpo_alpha099_ordinary_b100_s0,dpo,alpha099,ordinary,0.99,0.8,0.8,0.0,0.0,612,1,25,0.13303269920397814,0.31369702763073093,0.7865834371349932,5.0,0.37697964058110317
dpo_alpha099_ordinary_b100_s0,dpo,alpha099,ordinary,0.99,0.8,0.8,0.0,0.0,737,1,25,0.1325183994038095,0.2887766064433278,0.7710493629658327,3.0,0.61251218490226
dpo_alpha099_ordinary_b100_s0,dpo,alpha099,ordinary,0.99,0.8,0.8,0.0,0.0,867,1,25,0.12669268862985691,0.29049117894974896,0.7397045664585497,4.0,0.5955509971397555
dpo_alpha099_ordinary_b100_s0,dpo,alpha099,ordinary,0.99,0.8,0.8,0.0,0.0,945,1,25,0.11842137145898679,0.2193684840484818,0.6469068541576337,3.0,0.7750545233996923
dpo_alpha099_ordinary_b100_s0,dpo,alpha099,ordinary,0.99,0.8,0.8,0.0,0.0,54,26,50,0.0343799670106476,0.024598714562529878,0.6003923823209617,0.0,0.14738790296862314
dpo_alpha099_ordinary_b100_s0,dpo,alpha099,ordinary,0.99,0.8,0.8,0.0,0.0,251,26,50,0.13518167544656431,0.334789928436163,0.795794001281999,4.0,0.5446640021078732
dpo_alpha099_ordinary_b100_s0,dpo,alpha099,ordinary,0.99,0.8,0.8,0.0,0.0,612,26,50,0.09084291790823575,0.28557906516181547,0.8387242057776831,2.0,0.4292506043142312
dpo_alpha099_ordinary_b100_s0,dpo,alpha099,ordinary,0.99,0.8,0.8,0.0,0.0,737,26,50,0.09803393674948405,0.3105631219951917,0.8447562277639848,3.0,0.33626736350438735
dpo_alpha099_ordinary_b100_s0,dpo,alpha099,ordinary,0.99,0.8,0.8,0.0,0.0,867,26,50,0.08405034202328646,0.27476207480769366,0.8085766556493251,2.0,0.6033610579151228
dpo_alpha099_ordinary_b100_s0,dpo,alpha099,ordinary,0.99,0.8,0.8,0.0,0.0,945,26,50,0.09609696222851487,0.1926704902899335,0.6228900416791154,4.0,0.8256244843811212
dpo_alpha099_ordinary_b100_s0,dpo,alpha099,ordinary,0.99,0.8,0.8,0.0,0.0,54,51,75,0.0642789453594502,0.13210444854241482,0.648628518399565,2.0,0.3542478275618323
dpo_alpha099_ordinary_b100_s0,dpo,alpha099,ordinary,0.99,0.8,0.8,0.0,0.0,251,51,75,0.09616788670565166,0.28942699792887416,0.809332340475763,3.0,0.4954910100661495
dpo_alpha099_ordinary_b100_s0,dpo,alpha099,ordinary,0.99,0.8,0.8,0.0,0.0,612,51,75,0.09836922680425726,0.2500004810977006,0.7621353714917438,4.0,0.48605658416270053
dpo_alpha099_ordinary_b100_s0,dpo,alpha099,ordinary,0.99,0.8,0.8,0.0,0.0,737,51,75,0.10361992538916953,0.24287620632608348,0.8599027216228704,2.0,0.21531425134553073
dpo_alpha099_ordinary_b100_s0,dpo,alpha099,ordinary,0.99,0.8,0.8,0.0,0.0,867,51,75,0.0863502996757703,0.23401439763631024,0.8961521252920431,2.0,0.3701355347787815
dpo_alpha099_ordinary_b100_s0,dpo,alpha099,ordinary,0.99,0.8,0.8,0.0,0.0,945,51,75,0.1257211714524529,0.2721082866399291,0.7388422975065998,5.0,0.6500193866234276
dpo_alpha099_ordinary_b100_s0,dpo,alpha099,ordinary,0.99,0.8,0.8,0.0,0.0,54,76,100,0.046692373561616304,0.08261865800375061,0.7116275226398749,1.0,0.43416488194405667
dpo_alpha099_ordinary_b100_s0,dpo,alpha099,ordinary,0.99,0.8,0.8,0.0,0.0,251,76,100,0.0735261728904497,0.249132014325889,0.8906983144315984,1.0,0.17079665340881603
dpo_alpha099_ordinary_b100_s0,dpo,alpha099,ordinary,0.99,0.8,0.8,0.0,0.0,612,76,100,0.1361190700620418,0.3192494764522531,0.8291180461247353,4.0,0.3167900905101294
dpo_alpha099_ordinary_b100_s0,dpo,alpha099,ordinary,0.99,0.8,0.8,0.0,0.0,737,76,100,0.08203088189232025,0.2776737079359253,0.8845325044270105,2.0,0.27422986676770333
dpo_alpha099_ordinary_b100_s0,dpo,alpha099,ordinary,0.99,0.8,0.8,0.0,0.0,867,76,100,0.08169333276142815,0.242527186874536,0.8709568692165405,2.0,0.22840208133385873
dpo_alpha099_ordinary_b100_s0,dpo,alpha099,ordinary,0.99,0.8,0.8,0.0,0.0,945,76,100,0.10611649186377671,0.25186551297477183,0.8054490630279326,2.0,0.380887047820441
dpo_alpha099_ordinary_b100_s0,dpo,alpha099,ordinary,0.99,0.8,0.8,0.0,0.0,54,51,100,0.055485659460533264,0.12374587993741404,0.68012802051972,3.0,0.39420635475294463
dpo_alpha099_ordinary_b100_s0,dpo,alpha099,ordinary,0.99,0.8,0.8,0.0,0.0,251,51,100,0.08484702979805067,0.36067054814159694,0.8500153274536806,4.0,0.33314383173748285
dpo_alpha099_ordinary_b100_s0,dpo,alpha099,ordinary,0.99,0.8,0.8,0.0,0.0,612,51,100,0.11724414843314955,0.3316479748496115,0.7956267088082398,8.0,0.40142333733641494
dpo_alpha099_ordinary_b100_s0,dpo,alpha099,ordinary,0.99,0.8,0.8,0.0,0.0,737,51,100,0.0928254036407449,0.3642193502878445,0.8722176130249403,4.0,0.24477205905661706
dpo_alpha099_ordinary_b100_s0,dpo,alpha099,ordinary,0.99,0.8,0.8,0.0,0.0,867,51,100,0.08402181621859924,0.35967470756103104,0.8835544972542919,4.0,0.2992688080563201
dpo_alpha099_ordinary_b100_s0,dpo,alpha099,ordinary,0.99,0.8,0.8,0.0,0.0,945,51,100,0.11591883165811484,0.29763035746938443,0.7721456802672663,7.0,0.5154532172219343
dpo_alpha099_reference_half_b100_s0,dpo,alpha099,reference_half,0.99,0.8,0.8,0.495,0.0,54,1,25,0.12397766523020859,0.2021464588397704,0.6583794576005189,2.0,0.6655461996195804
dpo_alpha099_reference_half_b100_s0,dpo,alpha099,reference_half,0.99,0.8,0.8,0.495,0.0,251,1,25,0.12191815023590151,0.22476122797550524,0.6727095912009037,4.0,0.8558821102568115
dpo_alpha099_reference_half_b100_s0,dpo,alpha099,reference_half,0.99,0.8,0.8,0.495,0.0,612,1,25,0.1194905698222018,0.17180361732379115,0.7703985542048061,1.0,0.5104428156891982
dpo_alpha099_reference_half_b100_s0,dpo,alpha099,reference_half,0.99,0.8,0.8,0.495,0.0,737,1,25,0.16388128898757554,0.21677934128676016,0.7080203959080097,4.0,0.6567238084235524
dpo_alpha099_reference_half_b100_s0,dpo,alpha099,reference_half,0.99,0.8,0.8,0.495,0.0,867,1,25,0.09612553240036256,0.2364786578632608,0.7518125994862921,2.0,0.544244398666743
dpo_alpha099_reference_half_b100_s0,dpo,alpha099,reference_half,0.99,0.8,0.8,0.495,0.0,945,1,25,0.12275929740309774,0.16634024905325,0.5833090752549175,4.0,0.8614864258727851
dpo_alpha099_reference_half_b100_s0,dpo,alpha099,reference_half,0.99,0.8,0.8,0.495,0.0,54,26,50,0.08411391940735508,0.18620536969572554,0.7626643701906697,3.0,0.1883630405161594
dpo_alpha099_reference_half_b100_s0,dpo,alpha099,reference_half,0.99,0.8,0.8,0.495,0.0,251,26,50,0.11808260074687826,0.2653659607360409,0.7340217904350743,3.0,0.5451499147330099
dpo_alpha099_reference_half_b100_s0,dpo,alpha099,reference_half,0.99,0.8,0.8,0.495,0.0,612,26,50,0.1358563628872166,0.1630474214486773,0.5956089241080817,6.0,0.7547097229012684
dpo_alpha099_reference_half_b100_s0,dpo,alpha099,reference_half,0.99,0.8,0.8,0.495,0.0,737,26,50,0.12070082969933649,0.2928810658327948,0.7454680931120182,3.0,0.6167148442219744
dpo_alpha099_reference_half_b100_s0,dpo,alpha099,reference_half,0.99,0.8,0.8,0.495,0.0,867,26,50,0.11051638161903879,0.23365871430510013,0.7092813112278833,2.0,0.6702654736251119
dpo_alpha099_reference_half_b100_s0,dpo,alpha099,reference_half,0.99,0.8,0.8,0.495,0.0,945,26,50,0.10844296669758467,0.2016195266627725,0.6654567332658572,2.0,0.7077815892654921
dpo_alpha099_reference_half_b100_s0,dpo,alpha099,reference_half,0.99,0.8,0.8,0.495,0.0,54,51,75,0.09559803052479314,0.18712301726197095,0.7025556318547175,8.0,0.6339585761633538
dpo_alpha099_reference_half_b100_s0,dpo,alpha099,reference_half,0.99,0.8,0.8,0.495,0.0,251,51,75,0.1018623686898951,0.2353920497556592,0.7609675643569648,2.0,0.5612823203457817
dpo_alpha099_reference_half_b100_s0,dpo,alpha099,reference_half,0.99,0.8,0.8,0.495,0.0,612,51,75,0.04165682987353483,0.07277583839307816,0.764982798225656,0.0,0.6971399052061629
dpo_alpha099_reference_half_b100_s0,dpo,alpha099,reference_half,0.99,0.8,0.8,0.495,0.0,737,51,75,0.11644083136453584,0.3075213577156836,0.7566526681519471,3.0,0.5055099797926
dpo_alpha099_reference_half_b100_s0,dpo,alpha099,reference_half,0.99,0.8,0.8,0.495,0.0,867,51,75,0.1093226271099287,0.24491158874244953,0.702098172987421,3.0,0.5208971223185885
dpo_alpha099_reference_half_b100_s0,dpo,alpha099,reference_half,0.99,0.8,0.8,0.495,0.0,945,51,75,0.0965415507257085,0.19474766976583238,0.6561552491686,2.0,0.6747243987187883
dpo_alpha099_reference_half_b100_s0,dpo,alpha099,reference_half,0.99,0.8,0.8,0.495,0.0,54,76,100,0.07609586447333512,0.21217123884222722,0.7192737123481817,4.0,0.31785382208984525
dpo_alpha099_reference_half_b100_s0,dpo,alpha099,reference_half,0.99,0.8,0.8,0.495,0.0,251,76,100,0.1052040958325393,0.29782444236938144,0.7417436509244232,3.0,0.5948251353971388
dpo_alpha099_reference_half_b100_s0,dpo,alpha099,reference_half,0.99,0.8,0.8,0.495,0.0,612,76,100,0.03200518974040749,0.06124937700360131,0.6433684586098924,1.0,0.24236638394353388
dpo_alpha099_reference_half_b100_s0,dpo,alpha099,reference_half,0.99,0.8,0.8,0.495,0.0,737,76,100,0.13384875944361174,0.26264625919409984,0.683666605330425,7.0,0.5815618109675321
dpo_alpha099_reference_half_b100_s0,dpo,alpha099,reference_half,0.99,0.8,0.8,0.495,0.0,867,76,100,0.07695114751582166,0.14854442558177744,0.6666069513086473,4.0,0.6242666646896701
dpo_alpha099_reference_half_b100_s0,dpo,alpha099,reference_half,0.99,0.8,0.8,0.495,0.0,945,76,100,0.07032442326086241,0.10534803766736958,0.5950542887189111,2.0,0.7856959135096139
dpo_alpha099_reference_half_b100_s0,dpo,alpha099,reference_half,0.99,0.8,0.8,0.495,0.0,54,51,100,0.08584694749906413,0.2389438521426891,0.7109146721014495,12.0,0.4759061991265996
dpo_alpha099_reference_half_b100_s0,dpo,alpha099,reference_half,0.99,0.8,0.8,0.495,0.0,251,51,100,0.1035332322612172,0.3111956969329591,0.7513556076406939,5.0,0.5780537278714604
dpo_alpha099_reference_half_b100_s0,dpo,alpha099,reference_half,0.99,0.8,0.8,0.495,0.0,612,51,100,0.03683100980697116,0.1375731768958427,0.7041756284177741,1.0,0.46975314457484835
dpo_alpha099_reference_half_b100_s0,dpo,alpha099,reference_half,0.99,0.8,0.8,0.495,0.0,737,51,100,0.12514479540407383,0.29262555582463623,0.7201596367411862,10.0,0.5435358953800661
dpo_alpha099_reference_half_b100_s0,dpo,alpha099,reference_half,0.99,0.8,0.8,0.495,0.0,867,51,100,0.09313688731287517,0.26446375989036286,0.6843525621480342,7.0,0.5725818935041294
dpo_alpha099_reference_half_b100_s0,dpo,alpha099,reference_half,0.99,0.8,0.8,0.495,0.0,945,51,100,0.08343298699328544,0.18631544740488315,0.6256047689437556,4.0,0.7302101561142009
dpo_alpha099_reference_max_b100_s0,dpo,alpha099,reference_max,0.99,0.8,0.8,0.99,0.0,54,1,25,0.10243324543975021,0.19761610419151507,0.6723891815559183,2.0,0.7019515036127245
dpo_alpha099_reference_max_b100_s0,dpo,alpha099,reference_max,0.99,0.8,0.8,0.99,0.0,251,1,25,0.12595022437994152,0.21876291900636713,0.6934188718500272,2.0,0.8718309274341814
dpo_alpha099_reference_max_b100_s0,dpo,alpha099,reference_max,0.99,0.8,0.8,0.99,0.0,612,1,25,0.12108351518669663,0.18692716531519965,0.7322317164523257,3.0,0.5735889863111371
dpo_alpha099_reference_max_b100_s0,dpo,alpha099,reference_max,0.99,0.8,0.8,0.99,0.0,737,1,25,0.1683580809507717,0.19448291976409643,0.7212241664457624,6.0,0.6609935455112951
dpo_alpha099_reference_max_b100_s0,dpo,alpha099,reference_max,0.99,0.8,0.8,0.99,0.0,867,1,25,0.13762168465287886,0.21858092072791607,0.7234476360453784,2.0,0.5863846249553863
dpo_alpha099_reference_max_b100_s0,dpo,alpha099,reference_max,0.99,0.8,0.8,0.99,0.0,945,1,25,0.21682037732144388,0.14307228267849334,0.5567834919448876,9.0,0.9522726111477582
dpo_alpha099_reference_max_b100_s0,dpo,alpha099,reference_max,0.99,0.8,0.8,0.99,0.0,54,26,50,0.232325658692071,0.1508017526123287,0.8010007286823051,6.0,0.15133789288260924
dpo_alpha099_reference_max_b100_s0,dpo,alpha099,reference_max,0.99,0.8,0.8,0.99,0.0,251,26,50,0.22547596898147432,0.20079630647175617,0.7969217974875407,6.0,0.3121239049731372
dpo_alpha099_reference_max_b100_s0,dpo,alpha099,reference_max,0.99,0.8,0.8,0.99,0.0,612,26,50,0.12411481869997339,0.19025700868696316,0.7111822232416221,4.0,0.6591292854825316
dpo_alpha099_reference_max_b100_s0,dpo,alpha099,reference_max,0.99,0.8,0.8,0.99,0.0,737,26,50,0.2047162949919332,0.23481343343216007,0.7297176304408138,6.0,0.559350098800291
dpo_alpha099_reference_max_b100_s0,dpo,alpha099,reference_max,0.99,0.8,0.8,0.99,0.0,867,26,50,0.1688092864045734,0.23190856462711973,0.7151566406373443,4.0,0.5767033092365541
dpo_alpha099_reference_max_b100_s0,dpo,alpha099,reference_max,0.99,0.8,0.8,0.99,0.0,945,26,50,0.20695869384581353,0.13735337805911768,0.6167911327132795,8.0,0.5261521933916226
dpo_alpha099_reference_max_b100_s0,dpo,alpha099,reference_max,0.99,0.8,0.8,0.99,0.0,54,51,75,0.21430229302589637,0.13183355942927868,0.7907853057116664,5.0,0.7231968221877232
dpo_alpha099_reference_max_b100_s0,dpo,alpha099,reference_max,0.99,0.8,0.8,0.99,0.0,251,51,75,0.1198478866176393,0.21356148093717875,0.7401938256073106,4.0,0.7205988670322137
dpo_alpha099_reference_max_b100_s0,dpo,alpha099,reference_max,0.99,0.8,0.8,0.99,0.0,612,51,75,0.13548913991934522,0.15358899302097073,0.6088591733789197,6.0,0.5175459305361918
dpo_alpha099_reference_max_b100_s0,dpo,alpha099,reference_max,0.99,0.8,0.8,0.99,0.0,737,51,75,0.13791061233642038,0.23252071429997512,0.6663642766158432,3.0,0.6724635457965511
dpo_alpha099_reference_max_b100_s0,dpo,alpha099,reference_max,0.99,0.8,0.8,0.99,0.0,867,51,75,0.27510730508850695,0.2131334560243952,0.7814353299220786,8.0,0.8292140864087736
dpo_alpha099_reference_max_b100_s0,dpo,alpha099,reference_max,0.99,0.8,0.8,0.99,0.0,945,51,75,0.08581776881860817,0.04443443815059871,0.5105766527831186,6.0,0.6058153303991545
dpo_alpha099_reference_max_b100_s0,dpo,alpha099,reference_max,0.99,0.8,0.8,0.99,0.0,54,76,100,0.126425360762975,0.1763482334513434,0.7642949419384059,5.0,0.31844554224566884
dpo_alpha099_reference_max_b100_s0,dpo,alpha099,reference_max,0.99,0.8,0.8,0.99,0.0,251,76,100,0.16210255244494956,0.2286598471749696,0.7663860756668778,3.0,0.4005726592180981
dpo_alpha099_reference_max_b100_s0,dpo,alpha099,reference_max,0.99,0.8,0.8,0.99,0.0,612,76,100,0.1850832757895628,0.06569993161801244,0.7382838196940417,0.0,0.37829114156571714
dpo_alpha099_reference_max_b100_s0,dpo,alpha099,reference_max,0.99,0.8,0.8,0.99,0.0,737,76,100,0.16797517355463465,0.1540289157124914,0.6362215074737931,9.0,0.5960540562348511
dpo_alpha099_reference_max_b100_s0,dpo,alpha099,reference_max,0.99,0.8,0.8,0.99,0.0,867,76,100,0.10078190858071508,0.1123988646928134,0.8011114626843552,1.0,0.2531950257096429
dpo_alpha099_reference_max_b100_s0,dpo,alpha099,reference_max,0.99,0.8,0.8,0.99,0.0,945,76,100,0.0781748448424392,0.055388099233888655,0.5532141935564685,3.0,0.5460743261356954
dpo_alpha099_reference_max_b100_s0,dpo,alpha099,reference_max,0.99,0.8,0.8,0.99,0.0,54,51,100,0.17036382689443572,0.26038339721071097,0.777540123825036,10.0,0.5208211822166962
dpo_alpha099_reference_max_b100_s0,dpo,alpha099,reference_max,0.99,0.8,0.8,0.99,0.0,251,51,100,0.1409752195312944,0.31227374822052745,0.753289950637094,7.0,0.5605857631251557
dpo_alpha099_reference_max_b100_s0,dpo,alpha099,reference_max,0.99,0.8,0.8,0.99,0.0,612,51,100,0.16028620785445397,0.1566753435552019,0.6735714965364805,6.0,0.4479185360509544
dpo_alpha099_reference_max_b100_s0,dpo,alpha099,reference_max,0.99,0.8,0.8,0.99,0.0,737,51,100,0.1529428929455275,0.24306556738822133,0.6512928920448181,12.0,0.6342588010157011
dpo_alpha099_reference_max_b100_s0,dpo,alpha099,reference_max,0.99,0.8,0.8,0.99,0.0,867,51,100,0.187944606834611,0.27689943725366123,0.791273396303217,9.0,0.5412045560592081
dpo_alpha099_reference_max_b100_s0,dpo,alpha099,reference_max,0.99,0.8,0.8,0.99,0.0,945,51,100,0.0819963068305237,0.06813319431863148,0.5318954231697934,9.0,0.5759448282674249
dpo_alpha099_feedback_half_b100_s0,dpo,alpha099,feedback_half,0.99,0.8,0.8,0.0,0.5,54,1,25,0.07108742291355834,0.11897037313240422,0.6231784979568737,0.0,0.6754201961752405
dpo_alpha099_feedback_half_b100_s0,dpo,alpha099,feedback_half,0.99,0.8,0.8,0.0,0.5,251,1,25,0.120113019701228,0.17923294520028035,0.5350800123322325,4.0,0.9936279173826681
dpo_alpha099_feedback_half_b100_s0,dpo,alpha099,feedback_half,0.99,0.8,0.8,0.0,0.5,612,1,25,0.12636486255200174,0.2682872892237297,0.7089111920070452,3.0,0.578742914897201
dpo_alpha099_feedback_half_b100_s0,dpo,alpha099,feedback_half,0.99,0.8,0.8,0.0,0.5,737,1,25,0.1400938024787679,0.16510462967166484,0.5564473834981777,8.0,0.8673872311114574
dpo_alpha099_feedback_half_b100_s0,dpo,alpha099,feedback_half,0.99,0.8,0.8,0.0,0.5,867,1,25,0.13072372244571803,0.2909462087201341,0.7320567765279797,4.0,0.6724383561678577
dpo_alpha099_feedback_half_b100_s0,dpo,alpha099,feedback_half,0.99,0.8,0.8,0.0,0.5,945,1,25,0.1051794902980104,0.1880572566963884,0.6612224948797515,2.0,0.6423122386025861
dpo_alpha099_feedback_half_b100_s0,dpo,alpha099,feedback_half,0.99,0.8,0.8,0.0,0.5,54,26,50,0.02773165964860599,0.059332107471635934,0.5902777063921552,1.0,0.276920190164206
dpo_alpha099_feedback_half_b100_s0,dpo,alpha099,feedback_half,0.99,0.8,0.8,0.0,0.5,251,26,50,0.1371379557610829,0.17012721996361596,0.5179963767708228,6.0,0.9693721037973286
dpo_alpha099_feedback_half_b100_s0,dpo,alpha099,feedback_half,0.99,0.8,0.8,0.0,0.5,612,26,50,0.05662576387725268,0.15388417809288607,0.6946532977514269,1.0,0.3053156042168783
dpo_alpha099_feedback_half_b100_s0,dpo,alpha099,feedback_half,0.99,0.8,0.8,0.0,0.5,737,26,50,0.09824017193287628,0.13210046678253567,0.5111966581369691,6.0,0.8615388189703803
dpo_alpha099_feedback_half_b100_s0,dpo,alpha099,feedback_half,0.99,0.8,0.8,0.0,0.5,867,26,50,0.06875532880609267,0.16444406149661814,0.6803577601079382,1.0,0.4035943538319486
dpo_alpha099_feedback_half_b100_s0,dpo,alpha099,feedback_half,0.99,0.8,0.8,0.0,0.5,945,26,50,0.08690385310722312,0.14334492415677458,0.6009974134997542,4.0,0.79224052188616
dpo_alpha099_feedback_half_b100_s0,dpo,alpha099,feedback_half,0.99,0.8,0.8,0.0,0.5,54,51,75,0.023211096205535294,0.06215714981796228,0.6045598230059577,1.0,0.13772030864469398
dpo_alpha099_feedback_half_b100_s0,dpo,alpha099,feedback_half,0.99,0.8,0.8,0.0,0.5,251,51,75,0.07384066522246112,0.09833465599808643,0.48880547639472743,4.0,0.7910077266497316
dpo_alpha099_feedback_half_b100_s0,dpo,alpha099,feedback_half,0.99,0.8,0.8,0.0,0.5,612,51,75,0.03743919287796769,0.05849650912316706,0.5810038529961947,3.0,0.5971821577756787
dpo_alpha099_feedback_half_b100_s0,dpo,alpha099,feedback_half,0.99,0.8,0.8,0.0,0.5,737,51,75,0.0858380897629639,0.12404330077185279,0.5038816544153903,3.0,0.9536997392763408
dpo_alpha099_feedback_half_b100_s0,dpo,alpha099,feedback_half,0.99,0.8,0.8,0.0,0.5,867,51,75,0.11339379297957713,0.2748063061233362,0.7334865020141652,4.0,0.5682119338325363
dpo_alpha099_feedback_half_b100_s0,dpo,alpha099,feedback_half,0.99,0.8,0.8,0.0,0.5,945,51,75,0.042873298848260764,0.12798893160072497,0.6710180759860418,1.0,0.48693338201549635
dpo_alpha099_feedback_half_b100_s0,dpo,alpha099,feedback_half,0.99,0.8,0.8,0.0,0.5,54,76,100,0.02840096654868728,0.08215300107026567,0.6188058259492795,1.0,0.3420863021024547
dpo_alpha099_feedback_half_b100_s0,dpo,alpha099,feedback_half,0.99,0.8,0.8,0.0,0.5,251,76,100,0.04220517517109685,0.06501327979781633,0.5593828727984732,1.0,0.5878720698889683
dpo_alpha099_feedback_half_b100_s0,dpo,alpha099,feedback_half,0.99,0.8,0.8,0.0,0.5,612,76,100,0.023113112999107354,0.036732968174307684,0.5607797246148495,2.0,0.3474175389357614
dpo_alpha099_feedback_half_b100_s0,dpo,alpha099,feedback_half,0.99,0.8,0.8,0.0,0.5,737,76,100,0.043543898135356966,0.05954291458096824,0.5277143990544583,2.0,0.9331912683751139
dpo_alpha099_feedback_half_b100_s0,dpo,alpha099,feedback_half,0.99,0.8,0.8,0.0,0.5,867,76,100,0.043713292120159314,0.11245558895639707,0.6542338868365768,1.0,0.3621381397889724
dpo_alpha099_feedback_half_b100_s0,dpo,alpha099,feedback_half,0.99,0.8,0.8,0.0,0.5,945,76,100,0.027510261390004696,0.05789828729738202,0.5700855117056233,4.0,0.5122232311409953
dpo_alpha099_feedback_half_b100_s0,dpo,alpha099,feedback_half,0.99,0.8,0.8,0.0,0.5,54,51,100,0.02580603137711129,0.0758233008500398,0.6116828244776186,2.0,0.23990330537357438
dpo_alpha099_feedback_half_b100_s0,dpo,alpha099,feedback_half,0.99,0.8,0.8,0.0,0.5,251,51,100,0.058022920196778995,0.09319242893719422,0.5240941745966002,5.0,0.6894398982693499
dpo_alpha099_feedback_half_b100_s0,dpo,alpha099,feedback_half,0.99,0.8,0.8,0.0,0.5,612,51,100,0.03027615293853753,0.05165062277403015,0.5708917888055218,5.0,0.47229984835572014
dpo_alpha099_feedback_half_b100_s0,dpo,alpha099,feedback_half,0.99,0.8,0.8,0.0,0.5,737,51,100,0.06469099394916045,0.11401239728568613,0.5157980267349244,5.0,0.9434455038257269
dpo_alpha099_feedback_half_b100_s0,dpo,alpha099,feedback_half,0.99,0.8,0.8,0.0,0.5,867,51,100,0.07855354254986822,0.22436049618451953,0.6938601944253707,5.0,0.46517503681075434
dpo_alpha099_feedback_half_b100_s0,dpo,alpha099,feedback_half,0.99,0.8,0.8,0.0,0.5,945,51,100,0.03519178011913273,0.10527145260023274,0.6205517938458325,5.0,0.49957830657824587
dpo_alpha099_feedback_one_b100_s0,dpo,alpha099,feedback_one,0.99,0.8,0.8,0.0,1.0,54,1,25,0.057721002018201115,0.10091009027448807,0.6377537563220163,0.0,0.6710480804116762
dpo_alpha099_feedback_one_b100_s0,dpo,alpha099,feedback_one,0.99,0.8,0.8,0.0,1.0,251,1,25,0.11389758663918198,0.14907509177705972,0.4660001894677662,8.0,1.0446821534813082
dpo_alpha099_feedback_one_b100_s0,dpo,alpha099,feedback_one,0.99,0.8,0.8,0.0,1.0,612,1,25,0.1301888886259312,0.19493325360829755,0.5631862947284687,9.0,0.6221320295778088
dpo_alpha099_feedback_one_b100_s0,dpo,alpha099,feedback_one,0.99,0.8,0.8,0.0,1.0,737,1,25,0.13458645717874362,0.15390985649826855,0.5378230811735988,9.0,0.897114420361394
dpo_alpha099_feedback_one_b100_s0,dpo,alpha099,feedback_one,0.99,0.8,0.8,0.0,1.0,867,1,25,0.09376150902422296,0.17549533350341157,0.582526877067622,3.0,0.6567690306423798
dpo_alpha099_feedback_one_b100_s0,dpo,alpha099,feedback_one,0.99,0.8,0.8,0.0,1.0,945,1,25,0.10850598732206995,0.14005046401635568,0.5561365161667351,3.0,0.708335298579096
dpo_alpha099_feedback_one_b100_s0,dpo,alpha099,feedback_one,0.99,0.8,0.8,0.0,1.0,54,26,50,0.027471194610235488,0.02110094970699733,0.5273358980850552,5.0,0.2562206902716716
dpo_alpha099_feedback_one_b100_s0,dpo,alpha099,feedback_one,0.99,0.8,0.8,0.0,1.0,251,26,50,0.0832957482995778,0.08514943961825255,0.45456244969299786,6.0,0.8572413711537582
dpo_alpha099_feedback_one_b100_s0,dpo,alpha099,feedback_one,0.99,0.8,0.8,0.0,1.0,612,26,50,0.025935272718723135,0.027488737478819997,0.5544227055134394,2.0,0.3948079344874863
dpo_alpha099_feedback_one_b100_s0,dpo,alpha099,feedback_one,0.99,0.8,0.8,0.0,1.0,737,26,50,0.06500296082581085,0.06566513392296106,0.43355724596048056,1.0,1.0266402134929016
dpo_alpha099_feedback_one_b100_s0,dpo,alpha099,feedback_one,0.99,0.8,0.8,0.0,1.0,867,26,50,0.056378516836257886,0.07498530011738233,0.5479415355485732,2.0,0.3499917061831463
dpo_alpha099_feedback_one_b100_s0,dpo,alpha099,feedback_one,0.99,0.8,0.8,0.0,1.0,945,26,50,0.04050719611341557,0.05460553442132286,0.5755321806558077,1.0,0.6331483549555132
dpo_alpha099_feedback_one_b100_s0,dpo,alpha099,feedback_one,0.99,0.8,0.8,0.0,1.0,54,51,75,0.02188913845605645,0.027143801510624066,0.5824061513854213,2.0,0.13859198831534536
dpo_alpha099_feedback_one_b100_s0,dpo,alpha099,feedback_one,0.99,0.8,0.8,0.0,1.0,251,51,75,0.02860206656895619,0.03177730330932572,0.5058109484922467,8.0,0.4998507867850185
dpo_alpha099_feedback_one_b100_s0,dpo,alpha099,feedback_one,0.99,0.8,0.8,0.0,1.0,612,51,75,0.03269312991338688,0.0389474007228325,0.5533524965866525,1.0,0.3967629394221736
dpo_alpha099_feedback_one_b100_s0,dpo,alpha099,feedback_one,0.99,0.8,0.8,0.0,1.0,737,51,75,0.062190101713132336,0.05874064914815784,0.4334126236303751,6.0,1.042604606242565
dpo_alpha099_feedback_one_b100_s0,dpo,alpha099,feedback_one,0.99,0.8,0.8,0.0,1.0,867,51,75,0.043201842343876716,0.09838080480344591,0.5834903416927024,1.0,0.3769170065167111
dpo_alpha099_feedback_one_b100_s0,dpo,alpha099,feedback_one,0.99,0.8,0.8,0.0,1.0,945,51,75,0.03821338660082721,0.06700461646582503,0.564633980621087,2.0,0.517139315944337
dpo_alpha099_feedback_one_b100_s0,dpo,alpha099,feedback_one,0.99,0.8,0.8,0.0,1.0,54,76,100,0.02113148600760473,0.03019599790567691,0.5496594813912794,7.0,0.222709380103859
dpo_alpha099_feedback_one_b100_s0,dpo,alpha099,feedback_one,0.99,0.8,0.8,0.0,1.0,251,76,100,0.023059065983326552,0.0381333691439982,0.5912933385111926,3.0,0.3830248362749193
dpo_alpha099_feedback_one_b100_s0,dpo,alpha099,feedback_one,0.99,0.8,0.8,0.0,1.0,612,76,100,0.020991896362447582,0.03870406637584861,0.567997690806155,1.0,0.438314803730467
dpo_alpha099_feedback_one_b100_s0,dpo,alpha099,feedback_one,0.99,0.8,0.8,0.0,1.0,737,76,100,0.037373624275915486,0.02971438755732453,0.5095727766256669,4.0,0.8861405628899965
dpo_alpha099_feedback_one_b100_s0,dpo,alpha099,feedback_one,0.99,0.8,0.8,0.0,1.0,867,76,100,0.028731053210764423,0.04333020132437275,0.5474950027351555,2.0,0.3444554188142818
dpo_alpha099_feedback_one_b100_s0,dpo,alpha099,feedback_one,0.99,0.8,0.8,0.0,1.0,945,76,100,0.029815768515349728,0.052882880232214255,0.5578035553766341,1.0,0.48688075155066657
dpo_alpha099_feedback_one_b100_s0,dpo,alpha099,feedback_one,0.99,0.8,0.8,0.0,1.0,54,51,100,0.02151031223183059,0.047223609962956284,0.5660328163883501,9.0,0.18065068420960223
dpo_alpha099_feedback_one_b100_s0,dpo,alpha099,feedback_one,0.99,0.8,0.8,0.0,1.0,251,51,100,0.025830566276141373,0.04651908240907483,0.5485521435017197,11.0,0.4414378115299689
dpo_alpha099_feedback_one_b100_s0,dpo,alpha099,feedback_one,0.99,0.8,0.8,0.0,1.0,612,51,100,0.02684251313791723,0.04657833100462755,0.5606750936964039,2.0,0.4175388715763204
dpo_alpha099_feedback_one_b100_s0,dpo,alpha099,feedback_one,0.99,0.8,0.8,0.0,1.0,737,51,100,0.04978186299452392,0.06708229756162581,0.4714927001280211,10.0,0.9643725845662807
dpo_alpha099_feedback_one_b100_s0,dpo,alpha099,feedback_one,0.99,0.8,0.8,0.0,1.0,867,51,100,0.03596644777732058,0.08258105886812772,0.5654926722139291,3.0,0.3606862126654965
dpo_alpha099_feedback_one_b100_s0,dpo,alpha099,feedback_one,0.99,0.8,0.8,0.0,1.0,945,51,100,0.03401457755808847,0.06164862844163743,0.5612187679988604,3.0,0.5020100337475017
ipo_coverage05_ordinary_b100_s0,ipo,coverage05,ordinary,0.9,0.5,0.2,0.0,0.0,54,1,25,0.05013000011150133,0.08762139942583812,0.8371980721729818,2.0,1.0994600092742648
ipo_coverage05_ordinary_b100_s0,ipo,coverage05,ordinary,0.9,0.5,0.2,0.0,0.0,251,1,25,0.08368685658364004,0.16222963727125356,0.5985020097124621,6.0,1.074164539742176
ipo_coverage05_ordinary_b100_s0,ipo,coverage05,ordinary,0.9,0.5,0.2,0.0,0.0,612,1,25,0.08937654160298242,0.15022552437269657,0.6486950288273284,1.0,0.6125532243688943
ipo_coverage05_ordinary_b100_s0,ipo,coverage05,ordinary,0.9,0.5,0.2,0.0,0.0,737,1,25,0.06399425800755962,0.1420732806750867,0.7549577547477869,1.0,0.7990871523350108
ipo_coverage05_ordinary_b100_s0,ipo,coverage05,ordinary,0.9,0.5,0.2,0.0,0.0,867,1,25,0.0661489118163364,0.07435888472502712,0.6393695458127148,4.0,0.9554707270873024
ipo_coverage05_ordinary_b100_s0,ipo,coverage05,ordinary,0.9,0.5,0.2,0.0,0.0,945,1,25,0.08373288504844084,0.07734318655510744,0.5616462445384041,3.0,1.130803614409826
ipo_coverage05_ordinary_b100_s0,ipo,coverage05,ordinary,0.9,0.5,0.2,0.0,0.0,54,26,50,0.03803186580138481,0.059163100814319754,0.6675782036155112,0.0,0.7923074304582036
ipo_coverage05_ordinary_b100_s0,ipo,coverage05,ordinary,0.9,0.5,0.2,0.0,0.0,251,26,50,0.08228757290917485,0.11901072305853695,0.4513197005261852,3.0,1.1203401664524815
ipo_coverage05_ordinary_b100_s0,ipo,coverage05,ordinary,0.9,0.5,0.2,0.0,0.0,612,26,50,0.07962400020385234,0.09879992585494732,0.4745982161710797,5.0,0.6411104934096851
ipo_coverage05_ordinary_b100_s0,ipo,coverage05,ordinary,0.9,0.5,0.2,0.0,0.0,737,26,50,0.06875962844476374,0.0802680587133836,0.5050835103595991,2.0,0.9285608384138351
ipo_coverage05_ordinary_b100_s0,ipo,coverage05,ordinary,0.9,0.5,0.2,0.0,0.0,867,26,50,0.05841445403606991,0.07615996277383011,0.471940363014822,2.0,0.7233350948650048
ipo_coverage05_ordinary_b100_s0,ipo,coverage05,ordinary,0.9,0.5,0.2,0.0,0.0,945,26,50,0.06552227855540793,0.06820102112869468,0.3982460668296867,7.0,1.063973493771817
ipo_coverage05_ordinary_b100_s0,ipo,coverage05,ordinary,0.9,0.5,0.2,0.0,0.0,54,51,75,0.05620847153974567,0.05405376501304518,0.47046253303910146,2.0,0.7632720428010267
ipo_coverage05_ordinary_b100_s0,ipo,coverage05,ordinary,0.9,0.5,0.2,0.0,0.0,251,51,75,0.05873565910112687,0.07440873125302795,0.42697350917939564,5.0,0.9501991200365327
ipo_coverage05_ordinary_b100_s0,ipo,coverage05,ordinary,0.9,0.5,0.2,0.0,0.0,612,51,75,0.06113966780217614,0.08173188390202493,0.4859155568120954,4.0,0.6517624777842382
ipo_coverage05_ordinary_b100_s0,ipo,coverage05,ordinary,0.9,0.5,0.2,0.0,0.0,737,51,75,0.055359395574408804,0.06250253493079666,0.5593341066428558,0.0,0.907552499591319
ipo_coverage05_ordinary_b100_s0,ipo,coverage05,ordinary,0.9,0.5,0.2,0.0,0.0,867,51,75,0.06512721000748856,0.07530679303139265,0.48108664948316815,6.0,0.8696231360757752
ipo_coverage05_ordinary_b100_s0,ipo,coverage05,ordinary,0.9,0.5,0.2,0.0,0.0,945,51,75,0.06673322391856237,0.06404370325238681,0.3696831251076557,7.0,1.1249152149106425
ipo_coverage05_ordinary_b100_s0,ipo,coverage05,ordinary,0.9,0.5,0.2,0.0,0.0,54,76,100,0.05427409982877565,0.030616998343774092,0.5193365329672044,0.0,0.7991535043368091
ipo_coverage05_ordinary_b100_s0,ipo,coverage05,ordinary,0.9,0.5,0.2,0.0,0.0,251,76,100,0.06676015958921587,0.08059278718478788,0.42543657869405554,9.0,0.8993827410986374
ipo_coverage05_ordinary_b100_s0,ipo,coverage05,ordinary,0.9,0.5,0.2,0.0,0.0,612,76,100,0.05403089277655369,0.07262505281455789,0.46939312636827984,4.0,0.7080515938785678
ipo_coverage05_ordinary_b100_s0,ipo,coverage05,ordinary,0.9,0.5,0.2,0.0,0.0,737,76,100,0.06993175384614968,0.09104980660101618,0.47058167859145833,6.0,0.9485866917026304
ipo_coverage05_ordinary_b100_s0,ipo,coverage05,ordinary,0.9,0.5,0.2,0.0,0.0,867,76,100,0.07388519397054581,0.08480530102699363,0.46213764122757334,5.0,0.8058126914197166
ipo_coverage05_ordinary_b100_s0,ipo,coverage05,ordinary,0.9,0.5,0.2,0.0,0.0,945,76,100,0.07910317366679495,0.07543497278062283,0.3593888894964078,8.0,1.0567792754625893
ipo_coverage05_ordinary_b100_s0,ipo,coverage05,ordinary,0.9,0.5,0.2,0.0,0.0,54,51,100,0.055241285684260656,0.050407851864829344,0.494899533003153,2.0,0.7812127735689179
ipo_coverage05_ordinary_b100_s0,ipo,coverage05,ordinary,0.9,0.5,0.2,0.0,0.0,251,51,100,0.06274790934517137,0.08167614249238986,0.4262050439367256,14.0,0.924790930567585
ipo_coverage05_ordinary_b100_s0,ipo,coverage05,ordinary,0.9,0.5,0.2,0.0,0.0,612,51,100,0.057585280289364923,0.09658489105886069,0.4776543415901878,8.0,0.6799070358314029
ipo_coverage05_ordinary_b100_s0,ipo,coverage05,ordinary,0.9,0.5,0.2,0.0,0.0,737,51,100,0.06264557471027925,0.08570129486860542,0.5149578926171574,6.0,0.9280695956469747
ipo_coverage05_ordinary_b100_s0,ipo,coverage05,ordinary,0.9,0.5,0.2,0.0,0.0,867,51,100,0.06950620198901718,0.08268555354231505,0.4716121453553708,11.0,0.837717913747746
ipo_coverage05_ordinary_b100_s0,ipo,coverage05,ordinary,0.9,0.5,0.2,0.0,0.0,945,51,100,0.07291819879267863,0.07573217687240132,0.36453600730203173,15.0,1.090847245186616
ipo_coverage05_reference_half_b100_s0,ipo,coverage05,reference_half,0.9,0.5,0.2,0.45,0.0,54,1,25,0.039556857883607875,0.0771342339545222,0.8477146266771912,0.0,1.1213193470655396
ipo_coverage05_reference_half_b100_s0,ipo,coverage05,reference_half,0.9,0.5,0.2,0.45,0.0,251,1,25,0.08260650052419873,0.15196296148634117,0.6415846096181868,2.0,1.0696966830387449
ipo_coverage05_reference_half_b100_s0,ipo,coverage05,reference_half,0.9,0.5,0.2,0.45,0.0,612,1,25,0.08526171671335335,0.13054748138846564,0.6589857444104459,3.0,0.6279200160106622
ipo_coverage05_reference_half_b100_s0,ipo,coverage05,reference_half,0.9,0.5,0.2,0.45,0.0,737,1,25,0.07445791491050263,0.1304557617976658,0.7397580427348448,1.0,0.8142204489095226
ipo_coverage05_reference_half_b100_s0,ipo,coverage05,reference_half,0.9,0.5,0.2,0.45,0.0,867,1,25,0.05656173250803025,0.05303925022606183,0.7142411392031848,0.0,1.040654760506536
ipo_coverage05_reference_half_b100_s0,ipo,coverage05,reference_half,0.9,0.5,0.2,0.45,0.0,945,1,25,0.08266719994137117,0.07143308984591194,0.583510283496268,1.0,1.1685893468012056
ipo_coverage05_reference_half_b100_s0,ipo,coverage05,reference_half,0.9,0.5,0.2,0.45,0.0,54,26,50,0.04405207902188991,0.03567720189857518,0.7194188152262108,0.0,0.789302818796928
ipo_coverage05_reference_half_b100_s0,ipo,coverage05,reference_half,0.9,0.5,0.2,0.45,0.0,251,26,50,0.07880834054735711,0.07329097023345091,0.3837974804085033,6.0,1.0783897917509315
ipo_coverage05_reference_half_b100_s0,ipo,coverage05,reference_half,0.9,0.5,0.2,0.45,0.0,612,26,50,0.08441593930519974,0.07179806403028502,0.4492189306822346,9.0,0.7772080493972209
ipo_coverage05_reference_half_b100_s0,ipo,coverage05,reference_half,0.9,0.5,0.2,0.45,0.0,737,26,50,0.08767857821356743,0.08417223701707233,0.5236546398671116,0.0,0.8260458804269962
ipo_coverage05_reference_half_b100_s0,ipo,coverage05,reference_half,0.9,0.5,0.2,0.45,0.0,867,26,50,0.060155012400664926,0.07222297870357672,0.49996276098583275,9.0,0.7683116922597722
ipo_coverage05_reference_half_b100_s0,ipo,coverage05,reference_half,0.9,0.5,0.2,0.45,0.0,945,26,50,0.08190860988101197,0.06437041717095061,0.40888095678081327,7.0,1.0400890224999317
ipo_coverage05_reference_half_b100_s0,ipo,coverage05,reference_half,0.9,0.5,0.2,0.45,0.0,54,51,75,0.058371690631784434,0.05971582644882455,0.5084458532242122,8.0,0.684304184307006
ipo_coverage05_reference_half_b100_s0,ipo,coverage05,reference_half,0.9,0.5,0.2,0.45,0.0,251,51,75,0.047101305900244396,0.05202930472175113,0.40650942541549745,5.0,0.9009112313373833
ipo_coverage05_reference_half_b100_s0,ipo,coverage05,reference_half,0.9,0.5,0.2,0.45,0.0,612,51,75,0.05771424505409153,0.048784196573210786,0.4535898007150111,6.0,0.6381128017362494
ipo_coverage05_reference_half_b100_s0,ipo,coverage05,reference_half,0.9,0.5,0.2,0.45,0.0,737,51,75,0.0655663550143784,0.08231321505707626,0.5560148308225841,4.0,0.887369568018609
ipo_coverage05_reference_half_b100_s0,ipo,coverage05,reference_half,0.9,0.5,0.2,0.45,0.0,867,51,75,0.056924712947654305,0.03807310523235477,0.4567207314528656,1.0,0.798508731665507
ipo_coverage05_reference_half_b100_s0,ipo,coverage05,reference_half,0.9,0.5,0.2,0.45,0.0,945,51,75,0.07755514136996665,0.05336919306508153,0.381274628295029,6.0,1.0714865514195802
ipo_coverage05_reference_half_b100_s0,ipo,coverage05,reference_half,0.9,0.5,0.2,0.45,0.0,54,76,100,0.04882887203140335,0.04020924350118932,0.5287244498295638,0.0,0.816327156489929
ipo_coverage05_reference_half_b100_s0,ipo,coverage05,reference_half,0.9,0.5,0.2,0.45,0.0,251,76,100,0.07149192828987863,0.07172947929767803,0.42053790766485055,3.0,0.9326173393784623
ipo_coverage05_reference_half_b100_s0,ipo,coverage05,reference_half,0.9,0.5,0.2,0.45,0.0,612,76,100,0.06197939301032157,0.08033315495847063,0.5289408804717405,1.0,0.7154841644457903
ipo_coverage05_reference_half_b100_s0,ipo,coverage05,reference_half,0.9,0.5,0.2,0.45,0.0,737,76,100,0.08208715729003137,0.06744485510281337,0.4386246142230013,8.0,0.8920217690551325
ipo_coverage05_reference_half_b100_s0,ipo,coverage05,reference_half,0.9,0.5,0.2,0.45,0.0,867,76,100,0.08781123427390877,0.04762640027553297,0.4260415675865913,12.0,0.8032004431939826
ipo_coverage05_reference_half_b100_s0,ipo,coverage05,reference_half,0.9,0.5,0.2,0.45,0.0,945,76,100,0.08182247141758121,0.0682830089843113,0.3462486837631457,11.0,1.0697135727062261
ipo_coverage05_reference_half_b100_s0,ipo,coverage05,reference_half,0.9,0.5,0.2,0.45,0.0,54,51,100,0.05360028133159392,0.06150448783938376,0.518585151526888,8.0,0.7503156703984676
ipo_coverage05_reference_half_b100_s0,ipo,coverage05,reference_half,0.9,0.5,0.2,0.45,0.0,251,51,100,0.05929661709506152,0.06661175191161847,0.413523666540174,8.0,0.916764285357923
ipo_coverage05_reference_half_b100_s0,ipo,coverage05,reference_half,0.9,0.5,0.2,0.45,0.0,612,51,100,0.059846819032206525,0.09108381248268543,0.49126534059337573,7.0,0.6767984830910199
ipo_coverage05_reference_half_b100_s0,ipo,coverage05,reference_half,0.9,0.5,0.2,0.45,0.0,737,51,100,0.07382675615220488,0.08321807018596838,0.4973197225227926,12.0,0.8896956685368707
ipo_coverage05_reference_half_b100_s0,ipo,coverage05,reference_half,0.9,0.5,0.2,0.45,0.0,867,51,100,0.07236797361078151,0.046943853304067654,0.4413811495197285,13.0,0.8008545874297449
ipo_coverage05_reference_half_b100_s0,ipo,coverage05,reference_half,0.9,0.5,0.2,0.45,0.0,945,51,100,0.07968880639377393,0.06769494919673573,0.36376165602908744,17.0,1.070600062062903
ipo_coverage05_reference_max_b100_s0,ipo,coverage05,reference_max,0.9,0.5,0.2,0.9,0.0,54,1,25,0.05160245728464532,0.07528301427528584,0.826270313629809,0.0,1.117302124975332
ipo_coverage05_reference_max_b100_s0,ipo,coverage05,reference_max,0.9,0.5,0.2,0.9,0.0,251,1,25,0.13257735747505514,0.13964785652085884,0.6008268593887302,4.0,1.1020651826976289
ipo_coverage05_reference_max_b100_s0,ipo,coverage05,reference_max,0.9,0.5,0.2,0.9,0.0,612,1,25,0.10273220715132408,0.10964472083236704,0.6453173314959518,3.0,0.7276359246438505
ipo_coverage05_reference_max_b100_s0,ipo,coverage05,reference_max,0.9,0.5,0.2,0.9,0.0,737,1,25,0.10094012506011922,0.13645052483446973,0.7230084875651648,5.0,0.828706622712046
ipo_coverage05_reference_max_b100_s0,ipo,coverage05,reference_max,0.9,0.5,0.2,0.9,0.0,867,1,25,0.08251381904769976,0.0498708090483565,0.7455017354906337,0.0,1.0780417616161997
ipo_coverage05_reference_max_b100_s0,ipo,coverage05,reference_max,0.9,0.5,0.2,0.9,0.0,945,1,25,0.10361212966048951,0.06489565551409379,0.5989005804495031,1.0,1.1982513865957403
ipo_coverage05_reference_max_b100_s0,ipo,coverage05,reference_max,0.9,0.5,0.2,0.9,0.0,54,26,50,0.10401197245183423,0.057280940659671924,0.6801656401611695,0.0,0.7567660168717041
ipo_coverage05_reference_max_b100_s0,ipo,coverage05,reference_max,0.9,0.5,0.2,0.9,0.0,251,26,50,0.11106277593473392,0.0628544202101878,0.3656117227839927,12.0,1.0955004126918748
ipo_coverage05_reference_max_b100_s0,ipo,coverage05,reference_max,0.9,0.5,0.2,0.9,0.0,612,26,50,0.12895071530937938,0.06397162495958025,0.4846367181636308,6.0,0.7484955013713449
ipo_coverage05_reference_max_b100_s0,ipo,coverage05,reference_max,0.9,0.5,0.2,0.9,0.0,737,26,50,0.16580167273272917,0.0929727813459326,0.5979972146769432,0.0,0.7887808711984334
ipo_coverage05_reference_max_b100_s0,ipo,coverage05,reference_max,0.9,0.5,0.2,0.9,0.0,867,26,50,0.11723072955303797,0.07927978831921315,0.509956102740636,10.0,0.7829579207698066
ipo_coverage05_reference_max_b100_s0,ipo,coverage05,reference_max,0.9,0.5,0.2,0.9,0.0,945,26,50,0.11565247587820221,0.06576338886566356,0.44771274919791926,13.0,1.0327443860492402
ipo_coverage05_reference_max_b100_s0,ipo,coverage05,reference_max,0.9,0.5,0.2,0.9,0.0,54,51,75,0.07735471699073018,0.04321607171178776,0.5078734224295145,4.0,0.7562430321241408
ipo_coverage05_reference_max_b100_s0,ipo,coverage05,reference_max,0.9,0.5,0.2,0.9,0.0,251,51,75,0.05972529095780299,0.0530785338353485,0.4051741130003992,7.0,0.9529291755248753
ipo_coverage05_reference_max_b100_s0,ipo,coverage05,reference_max,0.9,0.5,0.2,0.9,0.0,612,51,75,0.08795567571658566,0.0410369832079147,0.436153865992504,14.0,0.7140259450070287
ipo_coverage05_reference_max_b100_s0,ipo,coverage05,reference_max,0.9,0.5,0.2,0.9,0.0,737,51,75,0.10917704407546282,0.056527837232379634,0.45339212703163895,4.0,0.8826386952671306
ipo_coverage05_reference_max_b100_s0,ipo,coverage05,reference_max,0.9,0.5,0.2,0.9,0.0,867,51,75,0.11218207622661862,0.047709053770627896,0.4155908041032451,8.0,0.7599242939883155
ipo_coverage05_reference_max_b100_s0,ipo,coverage05,reference_max,0.9,0.5,0.2,0.9,0.0,945,51,75,0.11986969461993768,0.04668806388739911,0.35347086280726914,20.0,1.0667284387542146
ipo_coverage05_reference_max_b100_s0,ipo,coverage05,reference_max,0.9,0.5,0.2,0.9,0.0,54,76,100,0.07144158660055266,0.03376593297546147,0.4795969341317904,0.0,0.8160160100119254
ipo_coverage05_reference_max_b100_s0,ipo,coverage05,reference_max,0.9,0.5,0.2,0.9,0.0,251,76,100,0.07805984336751863,0.04496357388733323,0.3988387607240395,11.0,0.9630577601341068
ipo_coverage05_reference_max_b100_s0,ipo,coverage05,reference_max,0.9,0.5,0.2,0.9,0.0,612,76,100,0.09379469313518232,0.05794945387213953,0.48215518980790323,1.0,0.7145135079539515
ipo_coverage05_reference_max_b100_s0,ipo,coverage05,reference_max,0.9,0.5,0.2,0.9,0.0,737,76,100,0.10655090056973146,0.05420457334452428,0.44886870846663457,4.0,0.8779721260934227
ipo_coverage05_reference_max_b100_s0,ipo,coverage05,reference_max,0.9,0.5,0.2,0.9,0.0,867,76,100,0.15045386198844699,0.04959384701397901,0.46683226746130857,14.0,0.843897710021182
ipo_coverage05_reference_max_b100_s0,ipo,coverage05,reference_max,0.9,0.5,0.2,0.9,0.0,945,76,100,0.09534736854998443,0.0565341708111073,0.3320125964438235,9.0,1.0649865128657963
ipo_coverage05_reference_max_b100_s0,ipo,coverage05,reference_max,0.9,0.5,0.2,0.9,0.0,54,51,100,0.07439815179564144,0.046264381556082285,0.49373517828065233,4.0,0.7861295210680328
ipo_coverage05_reference_max_b100_s0,ipo,coverage05,reference_max,0.9,0.5,0.2,0.9,0.0,251,51,100,0.06889256716266083,0.053215596207846064,0.4020064368622194,18.0,0.9579934678294907
ipo_coverage05_reference_max_b100_s0,ipo,coverage05,reference_max,0.9,0.5,0.2,0.9,0.0,612,51,100,0.090875184425884,0.07165237339355081,0.4591545279002036,15.0,0.71426972648049
ipo_coverage05_reference_max_b100_s0,ipo,coverage05,reference_max,0.9,0.5,0.2,0.9,0.0,737,51,100,0.10786397232259713,0.05560563595044148,0.4511304177491368,8.0,0.8803054106802768
ipo_coverage05_reference_max_b100_s0,ipo,coverage05,reference_max,0.9,0.5,0.2,0.9,0.0,867,51,100,0.13131796910753282,0.053262292951159806,0.44121153578227684,22.0,0.8019110020047486
ipo_coverage05_reference_max_b100_s0,ipo,coverage05,reference_max,0.9,0.5,0.2,0.9,0.0,945,51,100,0.10760853158496105,0.0557448013765707,0.3427417296255463,29.0,1.0658574758100052
ipo_coverage05_feedback_half_b100_s0,ipo,coverage05,feedback_half,0.9,0.5,0.2,0.0,0.5,54,1,25,0.042192861141760456,0.07423867222276552,0.8353287786355926,0.0,1.0726127137369217
ipo_coverage05_feedback_half_b100_s0,ipo,coverage05,feedback_half,0.9,0.5,0.2,0.0,0.5,251,1,25,0.08531827930216097,0.14746327500931725,0.5565860975368305,2.0,1.109768218614939
ipo_coverage05_feedback_half_b100_s0,ipo,coverage05,feedback_half,0.9,0.5,0.2,0.0,0.5,612,1,25,0.09307826900357849,0.14318433071323916,0.6361715377873453,1.0,0.6445445527343802
ipo_coverage05_feedback_half_b100_s0,ipo,coverage05,feedback_half,0.9,0.5,0.2,0.0,0.5,737,1,25,0.06972985719514256,0.1406838213432634,0.7319825367092261,1.0,0.8816840393150318
ipo_coverage05_feedback_half_b100_s0,ipo,coverage05,feedback_half,0.9,0.5,0.2,0.0,0.5,867,1,25,0.0717960425422065,0.07992787615143013,0.6365997028101915,4.0,0.953536072330377
ipo_coverage05_feedback_half_b100_s0,ipo,coverage05,feedback_half,0.9,0.5,0.2,0.0,0.5,945,1,25,0.09105453814359583,0.08458467861479117,0.5430158728907515,3.0,1.111514060533498
ipo_coverage05_feedback_half_b100_s0,ipo,coverage05,feedback_half,0.9,0.5,0.2,0.0,0.5,54,26,50,0.0414986792551803,0.045483564533829235,0.6815485516487443,0.0,0.7802041918891379
ipo_coverage05_feedback_half_b100_s0,ipo,coverage05,feedback_half,0.9,0.5,0.2,0.0,0.5,251,26,50,0.07281270547361672,0.07400738464106318,0.40010885648521266,7.0,1.1133743893050037
ipo_coverage05_feedback_half_b100_s0,ipo,coverage05,feedback_half,0.9,0.5,0.2,0.0,0.5,612,26,50,0.07541935020930701,0.10336259139319098,0.49046764237634366,4.0,0.6255944045077806
ipo_coverage05_feedback_half_b100_s0,ipo,coverage05,feedback_half,0.9,0.5,0.2,0.0,0.5,737,26,50,0.07410301346740561,0.06740749217262956,0.5253249092163303,0.0,0.8977333998513517
ipo_coverage05_feedback_half_b100_s0,ipo,coverage05,feedback_half,0.9,0.5,0.2,0.0,0.5,867,26,50,0.05845186541334629,0.07295703063037734,0.46615830901835364,3.0,0.7100771821170122
ipo_coverage05_feedback_half_b100_s0,ipo,coverage05,feedback_half,0.9,0.5,0.2,0.0,0.5,945,26,50,0.06310034301345457,0.058354448179263635,0.3666723627048604,5.0,1.1068503455501264
ipo_coverage05_feedback_half_b100_s0,ipo,coverage05,feedback_half,0.9,0.5,0.2,0.0,0.5,54,51,75,0.05767792757156347,0.04719039697012734,0.4784707757890768,2.0,0.7421287769299783
ipo_coverage05_feedback_half_b100_s0,ipo,coverage05,feedback_half,0.9,0.5,0.2,0.0,0.5,251,51,75,0.05424100875508628,0.06496922273896834,0.4224300753064818,7.0,0.9076290428696003
ipo_coverage05_feedback_half_b100_s0,ipo,coverage05,feedback_half,0.9,0.5,0.2,0.0,0.5,612,51,75,0.0583202347917887,0.06316638993095533,0.4530966981505633,6.0,0.6138814392333409
ipo_coverage05_feedback_half_b100_s0,ipo,coverage05,feedback_half,0.9,0.5,0.2,0.0,0.5,737,51,75,0.06444925319960801,0.06190667663808259,0.5093257736998964,0.0,0.9146086700392382
ipo_coverage05_feedback_half_b100_s0,ipo,coverage05,feedback_half,0.9,0.5,0.2,0.0,0.5,867,51,75,0.06138825141150131,0.05502425239213932,0.46790627802413,2.0,0.8753018708777064
ipo_coverage05_feedback_half_b100_s0,ipo,coverage05,feedback_half,0.9,0.5,0.2,0.0,0.5,945,51,75,0.06312364612032156,0.06070173210949259,0.39588785564115236,3.0,1.1044654384344932
ipo_coverage05_feedback_half_b100_s0,ipo,coverage05,feedback_half,0.9,0.5,0.2,0.0,0.5,54,76,100,0.0474520162923534,0.046821249612185964,0.5851358634241953,0.0,0.7927803423533882
ipo_coverage05_feedback_half_b100_s0,ipo,coverage05,feedback_half,0.9,0.5,0.2,0.0,0.5,251,76,100,0.07397333028233001,0.07579778129838984,0.4255497627145017,7.0,0.8783946809474085
ipo_coverage05_feedback_half_b100_s0,ipo,coverage05,feedback_half,0.9,0.5,0.2,0.0,0.5,612,76,100,0.05532194879311278,0.06498689133452387,0.4769870906723944,1.0,0.705449333342226
ipo_coverage05_feedback_half_b100_s0,ipo,coverage05,feedback_half,0.9,0.5,0.2,0.0,0.5,737,76,100,0.06823413918026132,0.07431176762849066,0.45738431018378994,8.0,0.888929421355899
ipo_coverage05_feedback_half_b100_s0,ipo,coverage05,feedback_half,0.9,0.5,0.2,0.0,0.5,867,76,100,0.07868360992419039,0.08332948988495852,0.45426071693672265,8.0,0.8407872738435107
ipo_coverage05_feedback_half_b100_s0,ipo,coverage05,feedback_half,0.9,0.5,0.2,0.0,0.5,945,76,100,0.07616319014892134,0.08975275755223533,0.3828478787738278,6.0,1.0416726201506283
ipo_coverage05_feedback_half_b100_s0,ipo,coverage05,feedback_half,0.9,0.5,0.2,0.0,0.5,54,51,100,0.052564971931958436,0.055920167411702,0.5318033196066362,2.0,0.7674545596416834
ipo_coverage05_feedback_half_b100_s0,ipo,coverage05,feedback_half,0.9,0.5,0.2,0.0,0.5,251,51,100,0.06410716951870814,0.07651560072248278,0.4239899190104916,14.0,0.8930118619085045
ipo_coverage05_feedback_half_b100_s0,ipo,coverage05,feedback_half,0.9,0.5,0.2,0.0,0.5,612,51,100,0.05682109179245072,0.08266462360686291,0.4650418944114789,7.0,0.6596653862877835
ipo_coverage05_feedback_half_b100_s0,ipo,coverage05,feedback_half,0.9,0.5,0.2,0.0,0.5,737,51,100,0.06634169618993464,0.07252631263971236,0.48335504194184303,8.0,0.901769045697569
ipo_coverage05_feedback_half_b100_s0,ipo,coverage05,feedback_half,0.9,0.5,0.2,0.0,0.5,867,51,100,0.07003593066784586,0.07313875526078084,0.4610834974804263,10.0,0.8580445723606086
ipo_coverage05_feedback_half_b100_s0,ipo,coverage05,feedback_half,0.9,0.5,0.2,0.0,0.5,945,51,100,0.06964341813462145,0.08505014004231676,0.38936786720749006,9.0,1.0730690292925609
ipo_coverage05_feedback_one_b100_s0,ipo,coverage05,feedback_one,0.9,0.5,0.2,0.0,1.0,54,1,25,0.04978387766779242,0.08378867146685058,0.8237199729389658,2.0,1.069301398784283
ipo_coverage05_feedback_one_b100_s0,ipo,coverage05,feedback_one,0.9,0.5,0.2,0.0,1.0,251,1,25,0.09115579542173428,0.14618371161725466,0.5454136124853577,2.0,1.1052325765392663
ipo_coverage05_feedback_one_b100_s0,ipo,coverage05,feedback_one,0.9,0.5,0.2,0.0,1.0,612,1,25,0.08740683721134697,0.14292735682741867,0.6317006642164638,1.0,0.6358841573099557
ipo_coverage05_feedback_one_b100_s0,ipo,coverage05,feedback_one,0.9,0.5,0.2,0.0,1.0,737,1,25,0.07458912552334787,0.14083239193562144,0.7210942100366963,1.0,0.9283632285404955
ipo_coverage05_feedback_one_b100_s0,ipo,coverage05,feedback_one,0.9,0.5,0.2,0.0,1.0,867,1,25,0.07354158299924815,0.0808696636096011,0.6416975772185345,4.0,0.9702973043131451
ipo_coverage05_feedback_one_b100_s0,ipo,coverage05,feedback_one,0.9,0.5,0.2,0.0,1.0,945,1,25,0.08754040757751533,0.08026387388175477,0.5390917329164556,3.0,1.1368810752773142
ipo_coverage05_feedback_one_b100_s0,ipo,coverage05,feedback_one,0.9,0.5,0.2,0.0,1.0,54,26,50,0.04550983267576735,0.04510901481667754,0.6706022888793625,0.0,0.7983118825742818
ipo_coverage05_feedback_one_b100_s0,ipo,coverage05,feedback_one,0.9,0.5,0.2,0.0,1.0,251,26,50,0.08218176755081925,0.0721353619472968,0.3974923087316124,7.0,1.1256038410243676
ipo_coverage05_feedback_one_b100_s0,ipo,coverage05,feedback_one,0.9,0.5,0.2,0.0,1.0,612,26,50,0.07807267636201252,0.08376201963868271,0.45074564560273944,10.0,0.6714092271351825
ipo_coverage05_feedback_one_b100_s0,ipo,coverage05,feedback_one,0.9,0.5,0.2,0.0,1.0,737,26,50,0.06652098841232715,0.06394497414008378,0.5095354447756918,0.0,0.8810695648422247
ipo_coverage05_feedback_one_b100_s0,ipo,coverage05,feedback_one,0.9,0.5,0.2,0.0,1.0,867,26,50,0.053177848061642656,0.07040862797678707,0.47402029769981935,3.0,0.7234922648016143
ipo_coverage05_feedback_one_b100_s0,ipo,coverage05,feedback_one,0.9,0.5,0.2,0.0,1.0,945,26,50,0.0710215678365485,0.058043408254673655,0.38413845623905296,5.0,1.109745367199375
ipo_coverage05_feedback_one_b100_s0,ipo,coverage05,feedback_one,0.9,0.5,0.2,0.0,1.0,54,51,75,0.06244389175078426,0.05206864614099892,0.4862215094982224,2.0,0.7494694560236733
ipo_coverage05_feedback_one_b100_s0,ipo,coverage05,feedback_one,0.9,0.5,0.2,0.0,1.0,251,51,75,0.057488142521029253,0.056111796291159255,0.40017651974458446,11.0,0.939065258021092
ipo_coverage05_feedback_one_b100_s0,ipo,coverage05,feedback_one,0.9,0.5,0.2,0.0,1.0,612,51,75,0.05330630691244049,0.056920195598244114,0.47880253022252084,4.0,0.5601759711495096
ipo_coverage05_feedback_one_b100_s0,ipo,coverage05,feedback_one,0.9,0.5,0.2,0.0,1.0,737,51,75,0.06236003142105862,0.06287907805948922,0.5170989174506335,0.0,0.9401455279821528
ipo_coverage05_feedback_one_b100_s0,ipo,coverage05,feedback_one,0.9,0.5,0.2,0.0,1.0,867,51,75,0.05991638504846269,0.05200811294535129,0.4638074243230873,6.0,0.8609270068877569
ipo_coverage05_feedback_one_b100_s0,ipo,coverage05,feedback_one,0.9,0.5,0.2,0.0,1.0,945,51,75,0.06074803732312337,0.05390619352811334,0.3814820803240413,5.0,1.1079840500268767
ipo_coverage05_feedback_one_b100_s0,ipo,coverage05,feedback_one,0.9,0.5,0.2,0.0,1.0,54,76,100,0.04478664797687543,0.04455486566683532,0.5324103010148364,2.0,0.7861458079324507
ipo_coverage05_feedback_one_b100_s0,ipo,coverage05,feedback_one,0.9,0.5,0.2,0.0,1.0,251,76,100,0.059511896554230274,0.06500271121444529,0.4124878948987803,6.0,0.9077410448491774
ipo_coverage05_feedback_one_b100_s0,ipo,coverage05,feedback_one,0.9,0.5,0.2,0.0,1.0,612,76,100,0.06350814850670808,0.05295154887216817,0.48531137261070856,4.0,0.64306837716616
ipo_coverage05_feedback_one_b100_s0,ipo,coverage05,feedback_one,0.9,0.5,0.2,0.0,1.0,737,76,100,0.06994535819423245,0.0696992671104304,0.44195483808185587,4.0,0.9418359546666625
ipo_coverage05_feedback_one_b100_s0,ipo,coverage05,feedback_one,0.9,0.5,0.2,0.0,1.0,867,76,100,0.07232180461469175,0.07049075166530722,0.4385906025782825,11.0,0.8351169836033299
ipo_coverage05_feedback_one_b100_s0,ipo,coverage05,feedback_one,0.9,0.5,0.2,0.0,1.0,945,76,100,0.07780207646177453,0.07048223690966454,0.3381406381978656,10.0,1.124529405650746
ipo_coverage05_feedback_one_b100_s0,ipo,coverage05,feedback_one,0.9,0.5,0.2,0.0,1.0,54,51,100,0.053615269863829834,0.05153740852748508,0.5093159052565295,4.0,0.7678076319780621
ipo_coverage05_feedback_one_b100_s0,ipo,coverage05,feedback_one,0.9,0.5,0.2,0.0,1.0,251,51,100,0.058500019537629774,0.06353043069575474,0.40633220732168246,17.0,0.923403151435135
ipo_coverage05_feedback_one_b100_s0,ipo,coverage05,feedback_one,0.9,0.5,0.2,0.0,1.0,612,51,100,0.058407227709574266,0.06924457052669963,0.4820569514166146,8.0,0.6016221741578347
ipo_coverage05_feedback_one_b100_s0,ipo,coverage05,feedback_one,0.9,0.5,0.2,0.0,1.0,737,51,100,0.0661526948076455,0.07076299693662041,0.4795268777662447,4.0,0.9409907413244073
ipo_coverage05_feedback_one_b100_s0,ipo,coverage05,feedback_one,0.9,0.5,0.2,0.0,1.0,867,51,100,0.0661190948315772,0.0648661371602666,0.45119901345068475,17.0,0.8480219952455436
ipo_coverage05_feedback_one_b100_s0,ipo,coverage05,feedback_one,0.9,0.5,0.2,0.0,1.0,945,51,100,0.06927505689244895,0.0709470739940046,0.35981135926095353,15.0,1.1162567278388118
dpo_coverage05_ordinary_b100_s0,dpo,coverage05,ordinary,0.9,0.5,0.8,0.0,0.0,54,1,25,0.0466626212440827,0.08282922663126173,0.8304273729572931,2.0,1.071275772720962
dpo_coverage05_ordinary_b100_s0,dpo,coverage05,ordinary,0.9,0.5,0.8,0.0,0.0,251,1,25,0.09132431901953718,0.16906921948936351,0.5844049811516698,4.0,1.0658922504448745
dpo_coverage05_ordinary_b100_s0,dpo,coverage05,ordinary,0.9,0.5,0.8,0.0,0.0,612,1,25,0.09290109461352293,0.16207598282487565,0.6646787502398465,1.0,0.5880331917900916
dpo_coverage05_ordinary_b100_s0,dpo,coverage05,ordinary,0.9,0.5,0.8,0.0,0.0,737,1,25,0.06990011298451472,0.13845302324624753,0.7641520664343588,1.0,0.8250345149849337
dpo_coverage05_ordinary_b100_s0,dpo,coverage05,ordinary,0.9,0.5,0.8,0.0,0.0,867,1,25,0.06861338858721436,0.07986387739143541,0.6463730975843753,4.0,0.9429012497195163
dpo_coverage05_ordinary_b100_s0,dpo,coverage05,ordinary,0.9,0.5,0.8,0.0,0.0,945,1,25,0.08832131469964585,0.0899550549702635,0.5748301319199631,3.0,1.0999932228909342
dpo_coverage05_ordinary_b100_s0,dpo,coverage05,ordinary,0.9,0.5,0.8,0.0,0.0,54,26,50,0.0394298419441168,0.046539113348035996,0.693555475981757,0.0,0.7900146531664868
dpo_coverage05_ordinary_b100_s0,dpo,coverage05,ordinary,0.9,0.5,0.8,0.0,0.0,251,26,50,0.07200120844673934,0.10579000324313528,0.43034657052522346,5.0,1.0982610489920128
dpo_coverage05_ordinary_b100_s0,dpo,coverage05,ordinary,0.9,0.5,0.8,0.0,0.0,612,26,50,0.08342283785508457,0.12506837360183226,0.5181935610039001,4.0,0.6990481627128687
dpo_coverage05_ordinary_b100_s0,dpo,coverage05,ordinary,0.9,0.5,0.8,0.0,0.0,737,26,50,0.07597276815170423,0.07706135493604409,0.5075093769723518,2.0,0.869889716786051
dpo_coverage05_ordinary_b100_s0,dpo,coverage05,ordinary,0.9,0.5,0.8,0.0,0.0,867,26,50,0.059891742536588986,0.08961069190353363,0.4921504865015832,2.0,0.7003340475646457
dpo_coverage05_ordinary_b100_s0,dpo,coverage05,ordinary,0.9,0.5,0.8,0.0,0.0,945,26,50,0.06723334193192201,0.07081935418521845,0.3805599306324655,10.0,1.0555041246505161
dpo_coverage05_ordinary_b100_s0,dpo,coverage05,ordinary,0.9,0.5,0.8,0.0,0.0,54,51,75,0.054692775465315153,0.038900386855950285,0.4813484089940668,2.0,0.7560643499264704
dpo_coverage05_ordinary_b100_s0,dpo,coverage05,ordinary,0.9,0.5,0.8,0.0,0.0,251,51,75,0.05076823930517949,0.05022654946453847,0.39807135189459397,9.0,0.8977686279562471
dpo_coverage05_ordinary_b100_s0,dpo,coverage05,ordinary,0.9,0.5,0.8,0.0,0.0,612,51,75,0.05811998241360117,0.0732900417684027,0.47158331017616845,4.0,0.6532453343529313
dpo_coverage05_ordinary_b100_s0,dpo,coverage05,ordinary,0.9,0.5,0.8,0.0,0.0,737,51,75,0.06320874281635365,0.07523561622289819,0.5344860052114427,0.0,0.9229935308126603
dpo_coverage05_ordinary_b100_s0,dpo,coverage05,ordinary,0.9,0.5,0.8,0.0,0.0,867,51,75,0.0661589945709094,0.08629469915323744,0.48595852054575334,9.0,0.8984954990882646
dpo_coverage05_ordinary_b100_s0,dpo,coverage05,ordinary,0.9,0.5,0.8,0.0,0.0,945,51,75,0.06744290306204259,0.08331398144590356,0.41443811231705957,7.0,1.0941108302793925
dpo_coverage05_ordinary_b100_s0,dpo,coverage05,ordinary,0.9,0.5,0.8,0.0,0.0,54,76,100,0.050559066307121536,0.04908590082511683,0.595259765547334,0.0,0.8060195268722014
dpo_coverage05_ordinary_b100_s0,dpo,coverage05,ordinary,0.9,0.5,0.8,0.0,0.0,251,76,100,0.07324923373190584,0.07764343164360665,0.42270004765349595,9.0,0.8960381839868526
dpo_coverage05_ordinary_b100_s0,dpo,coverage05,ordinary,0.9,0.5,0.8,0.0,0.0,612,76,100,0.05847075321306612,0.06365918758877528,0.47675379150686736,3.0,0.7071033595562178
dpo_coverage05_ordinary_b100_s0,dpo,coverage05,ordinary,0.9,0.5,0.8,0.0,0.0,737,76,100,0.06433105826717922,0.08710049069927299,0.4500619056983418,4.0,0.9208840799137872
dpo_coverage05_ordinary_b100_s0,dpo,coverage05,ordinary,0.9,0.5,0.8,0.0,0.0,867,76,100,0.08237131545822399,0.10262730766777531,0.48754675987322516,4.0,0.8347537535771294
dpo_coverage05_ordinary_b100_s0,dpo,coverage05,ordinary,0.9,0.5,0.8,0.0,0.0,945,76,100,0.08364252140884726,0.11844033157256889,0.41916084651805924,5.0,1.0554484810842932
dpo_coverage05_ordinary_b100_s0,dpo,coverage05,ordinary,0.9,0.5,0.8,0.0,0.0,54,51,100,0.052625920886218355,0.054924810672110316,0.5383040872707003,2.0,0.781041938399336
dpo_coverage05_ordinary_b100_s0,dpo,coverage05,ordinary,0.9,0.5,0.8,0.0,0.0,251,51,100,0.06200873651854268,0.07177285201158405,0.41038569977404493,18.0,0.8969034059715503
dpo_coverage05_ordinary_b100_s0,dpo,coverage05,ordinary,0.9,0.5,0.8,0.0,0.0,612,51,100,0.05829536781333365,0.08866756902968304,0.47416855084151804,7.0,0.6801743469545747
dpo_coverage05_ordinary_b100_s0,dpo,coverage05,ordinary,0.9,0.5,0.8,0.0,0.0,737,51,100,0.06376990054176646,0.08797636389900824,0.49227395545489244,4.0,0.9219388053632243
dpo_coverage05_ordinary_b100_s0,dpo,coverage05,ordinary,0.9,0.5,0.8,0.0,0.0,867,51,100,0.07426515501456671,0.09794456076161592,0.4867526402094892,13.0,0.8666246263326971
dpo_coverage05_ordinary_b100_s0,dpo,coverage05,ordinary,0.9,0.5,0.8,0.0,0.0,945,51,100,0.07554271223544493,0.11207384959984512,0.4167994794175594,12.0,1.0747796556818432
dpo_coverage05_reference_half_b100_s0,dpo,coverage05,reference_half,0.9,0.5,0.8,0.45,0.0,54,1,25,0.03830972966551139,0.07153082713444375,0.8476840987256519,0.0,1.1127300944593619
dpo_coverage05_reference_half_b100_s0,dpo,coverage05,reference_half,0.9,0.5,0.8,0.45,0.0,251,1,25,0.08850074276058965,0.14744453188397919,0.6234731517697328,2.0,1.0806147426023005
dpo_coverage05_reference_half_b100_s0,dpo,coverage05,reference_half,0.9,0.5,0.8,0.45,0.0,612,1,25,0.08953988341698578,0.1370051901821875,0.648059353648543,1.0,0.6473751015280794
dpo_coverage05_reference_half_b100_s0,dpo,coverage05,reference_half,0.9,0.5,0.8,0.45,0.0,737,1,25,0.06759435258303352,0.14343392901726576,0.7514689796827894,1.0,0.812260124979846
dpo_coverage05_reference_half_b100_s0,dpo,coverage05,reference_half,0.9,0.5,0.8,0.45,0.0,867,1,25,0.058390143052590854,0.05427012856337882,0.7113106908583522,0.0,1.037956458942452
dpo_coverage05_reference_half_b100_s0,dpo,coverage05,reference_half,0.9,0.5,0.8,0.45,0.0,945,1,25,0.09385258668176232,0.07429998909145517,0.5779174591988359,1.0,1.1563476577189256
dpo_coverage05_reference_half_b100_s0,dpo,coverage05,reference_half,0.9,0.5,0.8,0.45,0.0,54,26,50,0.042843524239727725,0.045270380315387965,0.6869285720230914,0.0,0.78351278756436
dpo_coverage05_reference_half_b100_s0,dpo,coverage05,reference_half,0.9,0.5,0.8,0.45,0.0,251,26,50,0.07629563477235692,0.08403540187212097,0.37991819913902786,6.0,1.1093057110648494
dpo_coverage05_reference_half_b100_s0,dpo,coverage05,reference_half,0.9,0.5,0.8,0.45,0.0,612,26,50,0.0909278396489655,0.07359884218559218,0.45826535662062534,6.0,0.7587395475002099
dpo_coverage05_reference_half_b100_s0,dpo,coverage05,reference_half,0.9,0.5,0.8,0.45,0.0,737,26,50,0.08559328146515184,0.08559848206288254,0.49428707165021807,6.0,0.8198654470358765
dpo_coverage05_reference_half_b100_s0,dpo,coverage05,reference_half,0.9,0.5,0.8,0.45,0.0,867,26,50,0.06702823665034668,0.07903848260870847,0.4744901468185548,2.0,0.7345569676703646
dpo_coverage05_reference_half_b100_s0,dpo,coverage05,reference_half,0.9,0.5,0.8,0.45,0.0,945,26,50,0.07234437094677322,0.060875438627166656,0.4033318686113852,7.0,1.0553448018887683
dpo_coverage05_reference_half_b100_s0,dpo,coverage05,reference_half,0.9,0.5,0.8,0.45,0.0,54,51,75,0.057981528020582186,0.049422593324208654,0.5127835671469263,2.0,0.7449189682612358
dpo_coverage05_reference_half_b100_s0,dpo,coverage05,reference_half,0.9,0.5,0.8,0.45,0.0,251,51,75,0.054014750393935766,0.06309608838251962,0.42490775972495337,3.0,0.960831190436969
dpo_coverage05_reference_half_b100_s0,dpo,coverage05,reference_half,0.9,0.5,0.8,0.45,0.0,612,51,75,0.06348006567677586,0.04842138893575443,0.46412412698551436,6.0,0.6747798095470844
dpo_coverage05_reference_half_b100_s0,dpo,coverage05,reference_half,0.9,0.5,0.8,0.45,0.0,737,51,75,0.06567787713317663,0.0639443080526508,0.509336991237329,4.0,0.8566309959220401
dpo_coverage05_reference_half_b100_s0,dpo,coverage05,reference_half,0.9,0.5,0.8,0.45,0.0,867,51,75,0.0639943308865037,0.050070551541727,0.47178103134134497,1.0,0.822097662065355
dpo_coverage05_reference_half_b100_s0,dpo,coverage05,reference_half,0.9,0.5,0.8,0.45,0.0,945,51,75,0.08356909944354556,0.04569977307627912,0.35969160874797945,10.0,1.1110978825232412
dpo_coverage05_reference_half_b100_s0,dpo,coverage05,reference_half,0.9,0.5,0.8,0.45,0.0,54,76,100,0.04908243821342415,0.03346122893834193,0.5286253401890761,0.0,0.8154688270369923
dpo_coverage05_reference_half_b100_s0,dpo,coverage05,reference_half,0.9,0.5,0.8,0.45,0.0,251,76,100,0.07611888429585249,0.06710020666761637,0.4198021497091146,7.0,0.9343194475763869
dpo_coverage05_reference_half_b100_s0,dpo,coverage05,reference_half,0.9,0.5,0.8,0.45,0.0,612,76,100,0.059663061921644445,0.06980689357748701,0.5148877390692731,3.0,0.723762653441427
dpo_coverage05_reference_half_b100_s0,dpo,coverage05,reference_half,0.9,0.5,0.8,0.45,0.0,737,76,100,0.08121713525122126,0.07104802375425778,0.4304447908328896,10.0,0.9325323796111903
dpo_coverage05_reference_half_b100_s0,dpo,coverage05,reference_half,0.9,0.5,0.8,0.45,0.0,867,76,100,0.08375460120254404,0.06485781657366362,0.44300094355392516,7.0,0.8041191704403936
dpo_coverage05_reference_half_b100_s0,dpo,coverage05,reference_half,0.9,0.5,0.8,0.45,0.0,945,76,100,0.07985762019001842,0.06249877319913845,0.3317290090974295,13.0,1.0886112425308938
dpo_coverage05_reference_half_b100_s0,dpo,coverage05,reference_half,0.9,0.5,0.8,0.45,0.0,54,51,100,0.05353198311700316,0.04847201892153493,0.5207044536680013,2.0,0.7801938976491143
dpo_coverage05_reference_half_b100_s0,dpo,coverage05,reference_half,0.9,0.5,0.8,0.45,0.0,251,51,100,0.06506681734489413,0.06866920747428651,0.42235495471703394,10.0,0.9475753190066779
dpo_coverage05_reference_half_b100_s0,dpo,coverage05,reference_half,0.9,0.5,0.8,0.45,0.0,612,51,100,0.061571563799210145,0.08723399618037375,0.4895059330273937,9.0,0.6992712314942555
dpo_coverage05_reference_half_b100_s0,dpo,coverage05,reference_half,0.9,0.5,0.8,0.45,0.0,737,51,100,0.07344750619219897,0.0749422351654791,0.4698908910351093,14.0,0.8945816877666155
dpo_coverage05_reference_half_b100_s0,dpo,coverage05,reference_half,0.9,0.5,0.8,0.45,0.0,867,51,100,0.07387446604452388,0.06141583080616182,0.4573909874476352,8.0,0.8131084162528741
dpo_coverage05_reference_half_b100_s0,dpo,coverage05,reference_half,0.9,0.5,0.8,0.45,0.0,945,51,100,0.08171335981678197,0.059617903093583946,0.3457103089227044,23.0,1.0998545625270677
dpo_coverage05_reference_max_b100_s0,dpo,coverage05,reference_max,0.9,0.5,0.8,0.9,0.0,54,1,25,0.04550322097904103,0.06990646786386222,0.8308888086098898,0.0,1.0963054787657098
dpo_coverage05_reference_max_b100_s0,dpo,coverage05,reference_max,0.9,0.5,0.8,0.9,0.0,251,1,25,0.12294852257441809,0.15054886115290916,0.602775683268959,4.0,1.0982087919023311
dpo_coverage05_reference_max_b100_s0,dpo,coverage05,reference_max,0.9,0.5,0.8,0.9,0.0,612,1,25,0.13434863608891753,0.12749829746443422,0.6787617273627827,5.0,0.6750800110619859
dpo_coverage05_reference_max_b100_s0,dpo,coverage05,reference_max,0.9,0.5,0.8,0.9,0.0,737,1,25,0.08281524086679813,0.13232174724497775,0.7234921381179804,1.0,0.8242013756919129
dpo_coverage05_reference_max_b100_s0,dpo,coverage05,reference_max,0.9,0.5,0.8,0.9,0.0,867,1,25,0.11305104963863467,0.05830903127711091,0.7070313552239795,0.0,1.0430536891131412
dpo_coverage05_reference_max_b100_s0,dpo,coverage05,reference_max,0.9,0.5,0.8,0.9,0.0,945,1,25,0.11033786388057729,0.06435475761791291,0.6038043961560257,1.0,1.191738532780917
dpo_coverage05_reference_max_b100_s0,dpo,coverage05,reference_max,0.9,0.5,0.8,0.9,0.0,54,26,50,0.0963553336773003,0.0578897713681513,0.6617876432761766,0.0,0.7681222076031077
dpo_coverage05_reference_max_b100_s0,dpo,coverage05,reference_max,0.9,0.5,0.8,0.9,0.0,251,26,50,0.11814518135929879,0.06813308240883763,0.3760583476518674,11.0,1.0911915261733787
dpo_coverage05_reference_max_b100_s0,dpo,coverage05,reference_max,0.9,0.5,0.8,0.9,0.0,612,26,50,0.1387993211033735,0.0748252864213313,0.5157188158171615,3.0,0.7321862081618721
dpo_coverage05_reference_max_b100_s0,dpo,coverage05,reference_max,0.9,0.5,0.8,0.9,0.0,737,26,50,0.1532237393854073,0.11030644946847971,0.5534884783603476,2.0,0.7198261840394601
dpo_coverage05_reference_max_b100_s0,dpo,coverage05,reference_max,0.9,0.5,0.8,0.9,0.0,867,26,50,0.1194809394247862,0.0945236089619744,0.527009938414813,6.0,0.7795854900495154
dpo_coverage05_reference_max_b100_s0,dpo,coverage05,reference_max,0.9,0.5,0.8,0.9,0.0,945,26,50,0.12212738126688338,0.07044703319078896,0.4622675520969365,12.0,1.0163538696079666
dpo_coverage05_reference_max_b100_s0,dpo,coverage05,reference_max,0.9,0.5,0.8,0.9,0.0,54,51,75,0.05377170486445983,0.032173979732108185,0.5445069724731799,0.0,0.76992473567423
dpo_coverage05_reference_max_b100_s0,dpo,coverage05,reference_max,0.9,0.5,0.8,0.9,0.0,251,51,75,0.067822902966377,0.04842735769191815,0.4044149146789384,8.0,0.9474076082408724
dpo_coverage05_reference_max_b100_s0,dpo,coverage05,reference_max,0.9,0.5,0.8,0.9,0.0,612,51,75,0.08383765529705546,0.042584922833000846,0.41180951406597766,9.0,0.7450019517389321
dpo_coverage05_reference_max_b100_s0,dpo,coverage05,reference_max,0.9,0.5,0.8,0.9,0.0,737,51,75,0.08785700568279489,0.06070676517603529,0.4601769889319543,6.0,0.880425308182347
dpo_coverage05_reference_max_b100_s0,dpo,coverage05,reference_max,0.9,0.5,0.8,0.9,0.0,867,51,75,0.08643619912791625,0.04671024113724155,0.42944534535489154,3.0,0.7804072343203561
dpo_coverage05_reference_max_b100_s0,dpo,coverage05,reference_max,0.9,0.5,0.8,0.9,0.0,945,51,75,0.12619572410532848,0.05522096132121447,0.34331978146508435,19.0,1.0605975739218423
dpo_coverage05_reference_max_b100_s0,dpo,coverage05,reference_max,0.9,0.5,0.8,0.9,0.0,54,76,100,0.06603165022687073,0.03157753708348199,0.5151467476427611,0.0,0.7968629126250609
dpo_coverage05_reference_max_b100_s0,dpo,coverage05,reference_max,0.9,0.5,0.8,0.9,0.0,251,76,100,0.1038994580890847,0.05199521360476925,0.4062822285308655,12.0,0.9179247966676165
dpo_coverage05_reference_max_b100_s0,dpo,coverage05,reference_max,0.9,0.5,0.8,0.9,0.0,612,76,100,0.10117013209518731,0.05028901391946528,0.49457013644695286,5.0,0.6543632023036133
dpo_coverage05_reference_max_b100_s0,dpo,coverage05,reference_max,0.9,0.5,0.8,0.9,0.0,737,76,100,0.11587418998928765,0.05212238848697959,0.44086496864275937,8.0,0.8575232408773377
dpo_coverage05_reference_max_b100_s0,dpo,coverage05,reference_max,0.9,0.5,0.8,0.9,0.0,867,76,100,0.13804608777738045,0.05115880347937489,0.44209716776446034,12.0,0.7929355536525436
dpo_coverage05_reference_max_b100_s0,dpo,coverage05,reference_max,0.9,0.5,0.8,0.9,0.0,945,76,100,0.11334252541108014,0.05753024937011082,0.3377548842905405,15.0,1.122892405439584
dpo_coverage05_reference_max_b100_s0,dpo,coverage05,reference_max,0.9,0.5,0.8,0.9,0.0,54,51,100,0.05990167754566529,0.03489661665230038,0.5298268600579705,0.0,0.7833938241496453
dpo_coverage05_reference_max_b100_s0,dpo,coverage05,reference_max,0.9,0.5,0.8,0.9,0.0,251,51,100,0.08586118052773087,0.053282576850710736,0.40534857160490184,20.0,0.9326662024542443
dpo_coverage05_reference_max_b100_s0,dpo,coverage05,reference_max,0.9,0.5,0.8,0.9,0.0,612,51,100,0.09250389369612139,0.06515486888997059,0.4531898252564654,14.0,0.6996825770212729
dpo_coverage05_reference_max_b100_s0,dpo,coverage05,reference_max,0.9,0.5,0.8,0.9,0.0,737,51,100,0.10186559783604128,0.058188522345291864,0.45052097878735686,14.0,0.8689742745298423
dpo_coverage05_reference_max_b100_s0,dpo,coverage05,reference_max,0.9,0.5,0.8,0.9,0.0,867,51,100,0.11224114345264839,0.04970107338425267,0.4357712565596759,15.0,0.78667139398645
dpo_coverage05_reference_max_b100_s0,dpo,coverage05,reference_max,0.9,0.5,0.8,0.9,0.0,945,51,100,0.11976912475820431,0.059613687299447105,0.3405373328778124,34.0,1.0917449896807134
dpo_coverage05_feedback_half_b100_s0,dpo,coverage05,feedback_half,0.9,0.5,0.8,0.0,0.5,54,1,25,0.042854993138706915,0.07667828020814026,0.8272567735252083,0.0,1.073766686932771
dpo_coverage05_feedback_half_b100_s0,dpo,coverage05,feedback_half,0.9,0.5,0.8,0.0,0.5,251,1,25,0.08756131203902871,0.14669334569860548,0.5497009198527929,2.0,1.1073689216554825
dpo_coverage05_feedback_half_b100_s0,dpo,coverage05,feedback_half,0.9,0.5,0.8,0.0,0.5,612,1,25,0.09744835131872857,0.1307199940380877,0.6059666901949876,1.0,0.6767928074594804
dpo_coverage05_feedback_half_b100_s0,dpo,coverage05,feedback_half,0.9,0.5,0.8,0.0,0.5,737,1,25,0.06664635986530042,0.14253931853988436,0.7532749959227233,1.0,0.8620051875361393
dpo_coverage05_feedback_half_b100_s0,dpo,coverage05,feedback_half,0.9,0.5,0.8,0.0,0.5,867,1,25,0.0724647648230248,0.08814047661145788,0.6301173936640942,4.0,0.9351301240121423
dpo_coverage05_feedback_half_b100_s0,dpo,coverage05,feedback_half,0.9,0.5,0.8,0.0,0.5,945,1,25,0.09634254586526143,0.0837238008169148,0.5431230759956519,5.0,1.1216975608279747
dpo_coverage05_feedback_half_b100_s0,dpo,coverage05,feedback_half,0.9,0.5,0.8,0.0,0.5,54,26,50,0.04273017368662501,0.04058389532569032,0.6733535771241966,0.0,0.8190030685105174
dpo_coverage05_feedback_half_b100_s0,dpo,coverage05,feedback_half,0.9,0.5,0.8,0.0,0.5,251,26,50,0.08355962629445976,0.0922855338037771,0.4348984226994289,4.0,1.044521822107666
dpo_coverage05_feedback_half_b100_s0,dpo,coverage05,feedback_half,0.9,0.5,0.8,0.0,0.5,612,26,50,0.08133182036354086,0.08669881348611032,0.4637174550299641,5.0,0.6962342156117322
dpo_coverage05_feedback_half_b100_s0,dpo,coverage05,feedback_half,0.9,0.5,0.8,0.0,0.5,737,26,50,0.06956255111726496,0.07709218193598245,0.5147995053293493,0.0,0.9138103586945248
dpo_coverage05_feedback_half_b100_s0,dpo,coverage05,feedback_half,0.9,0.5,0.8,0.0,0.5,867,26,50,0.06178332211597055,0.07451441691071894,0.4740865747084581,3.0,0.7221500173632274
dpo_coverage05_feedback_half_b100_s0,dpo,coverage05,feedback_half,0.9,0.5,0.8,0.0,0.5,945,26,50,0.06274672573686185,0.05823011047185476,0.37099905694818586,5.0,1.1250220220262297
dpo_coverage05_feedback_half_b100_s0,dpo,coverage05,feedback_half,0.9,0.5,0.8,0.0,0.5,54,51,75,0.05782480179059507,0.05780232826242445,0.48249163288258745,4.0,0.7598451818162576
dpo_coverage05_feedback_half_b100_s0,dpo,coverage05,feedback_half,0.9,0.5,0.8,0.0,0.5,251,51,75,0.051202949306051855,0.0403825955905243,0.40385499415302495,9.0,0.8847484843682507
dpo_coverage05_feedback_half_b100_s0,dpo,coverage05,feedback_half,0.9,0.5,0.8,0.0,0.5,612,51,75,0.054940303431833606,0.05602281652930512,0.4691951103868222,6.0,0.590062592511906
dpo_coverage05_feedback_half_b100_s0,dpo,coverage05,feedback_half,0.9,0.5,0.8,0.0,0.5,737,51,75,0.06492555199697739,0.07528479231191207,0.5183673679032449,4.0,0.880483858253482
dpo_coverage05_feedback_half_b100_s0,dpo,coverage05,feedback_half,0.9,0.5,0.8,0.0,0.5,867,51,75,0.0563801864897202,0.05484703285131719,0.4596671346952814,2.0,0.8607915108832723
dpo_coverage05_feedback_half_b100_s0,dpo,coverage05,feedback_half,0.9,0.5,0.8,0.0,0.5,945,51,75,0.06491576712305565,0.04794754132496692,0.36911953509128453,7.0,1.132678708859963
dpo_coverage05_feedback_half_b100_s0,dpo,coverage05,feedback_half,0.9,0.5,0.8,0.0,0.5,54,76,100,0.045243021674995,0.031587276892323365,0.5774134554525149,0.0,0.8040533661835438
dpo_coverage05_feedback_half_b100_s0,dpo,coverage05,feedback_half,0.9,0.5,0.8,0.0,0.5,251,76,100,0.07022596962449494,0.09607890838323214,0.4536756116677264,3.0,0.8904037501249803
dpo_coverage05_feedback_half_b100_s0,dpo,coverage05,feedback_half,0.9,0.5,0.8,0.0,0.5,612,76,100,0.06167985017256786,0.06534158387405113,0.497840690763534,1.0,0.6364973588409484
dpo_coverage05_feedback_half_b100_s0,dpo,coverage05,feedback_half,0.9,0.5,0.8,0.0,0.5,737,76,100,0.0723024610863133,0.074721329332127,0.4257601533320942,4.0,0.941417953635583
dpo_coverage05_feedback_half_b100_s0,dpo,coverage05,feedback_half,0.9,0.5,0.8,0.0,0.5,867,76,100,0.07749252020424029,0.08028673490351637,0.44171095501934327,5.0,0.8165747618946435
dpo_coverage05_feedback_half_b100_s0,dpo,coverage05,feedback_half,0.9,0.5,0.8,0.0,0.5,945,76,100,0.07982782386394578,0.06348300203085795,0.33872117778653993,9.0,1.105731254086982
dpo_coverage05_feedback_half_b100_s0,dpo,coverage05,feedback_half,0.9,0.5,0.8,0.0,0.5,54,51,100,0.051533911732795035,0.05497379620998431,0.5299525441675513,4.0,0.7819492739999008
dpo_coverage05_feedback_half_b100_s0,dpo,coverage05,feedback_half,0.9,0.5,0.8,0.0,0.5,251,51,100,0.06071445946527339,0.07981001025799819,0.4287653029103757,12.0,0.887576117246616
dpo_coverage05_feedback_half_b100_s0,dpo,coverage05,feedback_half,0.9,0.5,0.8,0.0,0.5,612,51,100,0.05831007680220074,0.08347013454291052,0.48351790057517813,7.0,0.6132799756764271
dpo_coverage05_feedback_half_b100_s0,dpo,coverage05,feedback_half,0.9,0.5,0.8,0.0,0.5,737,51,100,0.06861400654164533,0.08254017112123048,0.4720637606176695,8.0,0.9109509059445322
dpo_coverage05_feedback_half_b100_s0,dpo,coverage05,feedback_half,0.9,0.5,0.8,0.0,0.5,867,51,100,0.06693635334698023,0.07082820514049264,0.45068904485731226,7.0,0.838683136388958
dpo_coverage05_feedback_half_b100_s0,dpo,coverage05,feedback_half,0.9,0.5,0.8,0.0,0.5,945,51,100,0.07237179549350074,0.06443790241770776,0.35392035643891234,16.0,1.1192049814734726
dpo_coverage05_feedback_one_b100_s0,dpo,coverage05,feedback_one,0.9,0.5,0.8,0.0,1.0,54,1,25,0.04555988415950355,0.08060562393790827,0.8294498244618425,0.0,1.0661874769828226
dpo_coverage05_feedback_one_b100_s0,dpo,coverage05,feedback_one,0.9,0.5,0.8,0.0,1.0,251,1,25,0.08654117265207273,0.14238749919597815,0.5115190093787737,3.0,1.119027987067365
dpo_coverage05_feedback_one_b100_s0,dpo,coverage05,feedback_one,0.9,0.5,0.8,0.0,1.0,612,1,25,0.0985812020218437,0.13552136679490884,0.5886286404289975,3.0,0.7253356881544153
dpo_coverage05_feedback_one_b100_s0,dpo,coverage05,feedback_one,0.9,0.5,0.8,0.0,1.0,737,1,25,0.0709671225171959,0.13057730836750855,0.7257978728799244,1.0,0.9401280499082785
dpo_coverage05_feedback_one_b100_s0,dpo,coverage05,feedback_one,0.9,0.5,0.8,0.0,1.0,867,1,25,0.06711224655006105,0.08081847884718327,0.6242826580588026,4.0,0.9667122013689878
dpo_coverage05_feedback_one_b100_s0,dpo,coverage05,feedback_one,0.9,0.5,0.8,0.0,1.0,945,1,25,0.08208495137836389,0.07796791518933735,0.5588274835801215,3.0,1.1262602474368513
dpo_coverage05_feedback_one_b100_s0,dpo,coverage05,feedback_one,0.9,0.5,0.8,0.0,1.0,54,26,50,0.04778033960589903,0.04966897842272489,0.6486461377605721,0.0,0.8074064071563423
dpo_coverage05_feedback_one_b100_s0,dpo,coverage05,feedback_one,0.9,0.5,0.8,0.0,1.0,251,26,50,0.07928194973551983,0.07264663069860851,0.4075306853806392,7.0,1.0797732056241474
dpo_coverage05_feedback_one_b100_s0,dpo,coverage05,feedback_one,0.9,0.5,0.8,0.0,1.0,612,26,50,0.08006615532299753,0.08656048205404174,0.4583099063436273,9.0,0.6403392550658515
dpo_coverage05_feedback_one_b100_s0,dpo,coverage05,feedback_one,0.9,0.5,0.8,0.0,1.0,737,26,50,0.07573196587799756,0.07905210070791471,0.5395594724600604,0.0,0.8739235061870129
dpo_coverage05_feedback_one_b100_s0,dpo,coverage05,feedback_one,0.9,0.5,0.8,0.0,1.0,867,26,50,0.05296822131500764,0.05800822553583494,0.44669856785652795,5.0,0.7095842186405253
dpo_coverage05_feedback_one_b100_s0,dpo,coverage05,feedback_one,0.9,0.5,0.8,0.0,1.0,945,26,50,0.05824699368673888,0.05682917306175622,0.38532074429507934,3.0,1.0965582425888125
dpo_coverage05_feedback_one_b100_s0,dpo,coverage05,feedback_one,0.9,0.5,0.8,0.0,1.0,54,51,75,0.05686478246835084,0.055768165889342705,0.5199171572933868,2.0,0.7647883796005961
dpo_coverage05_feedback_one_b100_s0,dpo,coverage05,feedback_one,0.9,0.5,0.8,0.0,1.0,251,51,75,0.050631648587941724,0.05042957253259888,0.4279710458983433,5.0,0.8307772508943492
dpo_coverage05_feedback_one_b100_s0,dpo,coverage05,feedback_one,0.9,0.5,0.8,0.0,1.0,612,51,75,0.05860652115953615,0.05559144969818687,0.45836868359711547,6.0,0.6457399883020507
dpo_coverage05_feedback_one_b100_s0,dpo,coverage05,feedback_one,0.9,0.5,0.8,0.0,1.0,737,51,75,0.0676845775764844,0.06281649420017661,0.5321984839766091,2.0,0.8580273440679411
dpo_coverage05_feedback_one_b100_s0,dpo,coverage05,feedback_one,0.9,0.5,0.8,0.0,1.0,867,51,75,0.067406539612288,0.0578994334532196,0.4559756256143935,6.0,0.8650080318822291
dpo_coverage05_feedback_one_b100_s0,dpo,coverage05,feedback_one,0.9,0.5,0.8,0.0,1.0,945,51,75,0.06292335204666019,0.040297954082458044,0.34269953134454945,10.0,1.1302482356168282
dpo_coverage05_feedback_one_b100_s0,dpo,coverage05,feedback_one,0.9,0.5,0.8,0.0,1.0,54,76,100,0.050010951455861916,0.043321991041969835,0.525115692626795,2.0,0.7936654260774536
dpo_coverage05_feedback_one_b100_s0,dpo,coverage05,feedback_one,0.9,0.5,0.8,0.0,1.0,251,76,100,0.07338161117993161,0.08725019320530915,0.43192949019922383,5.0,0.9210454135469958
dpo_coverage05_feedback_one_b100_s0,dpo,coverage05,feedback_one,0.9,0.5,0.8,0.0,1.0,612,76,100,0.05681005103415538,0.056262312530840006,0.4909208972884332,1.0,0.6322682472256909
dpo_coverage05_feedback_one_b100_s0,dpo,coverage05,feedback_one,0.9,0.5,0.8,0.0,1.0,737,76,100,0.07123013430536716,0.06592171390291428,0.4389464244191702,8.0,0.8895089405153968
dpo_coverage05_feedback_one_b100_s0,dpo,coverage05,feedback_one,0.9,0.5,0.8,0.0,1.0,867,76,100,0.0680415151743648,0.0787653292189196,0.44662689470413525,7.0,0.8294264157118163
dpo_coverage05_feedback_one_b100_s0,dpo,coverage05,feedback_one,0.9,0.5,0.8,0.0,1.0,945,76,100,0.07574671751380585,0.06386149963419295,0.3408656713883218,8.0,1.1268180959435758
dpo_coverage05_feedback_one_b100_s0,dpo,coverage05,feedback_one,0.9,0.5,0.8,0.0,1.0,54,51,100,0.0534378669621064,0.051795924945104516,0.5225164249600909,4.0,0.779226902839025
dpo_coverage05_feedback_one_b100_s0,dpo,coverage05,feedback_one,0.9,0.5,0.8,0.0,1.0,251,51,100,0.06200662988393669,0.0767707986187858,0.4299502680487837,10.0,0.8759113322206722
dpo_coverage05_feedback_one_b100_s0,dpo,coverage05,feedback_one,0.9,0.5,0.8,0.0,1.0,612,51,100,0.057708286096845744,0.0750111994175009,0.47464479044277413,7.0,0.6390041177638708
dpo_coverage05_feedback_one_b100_s0,dpo,coverage05,feedback_one,0.9,0.5,0.8,0.0,1.0,737,51,100,0.06945735594092578,0.07148649796488393,0.4855724541978896,10.0,0.8737681422916688
dpo_coverage05_feedback_one_b100_s0,dpo,coverage05,feedback_one,0.9,0.5,0.8,0.0,1.0,867,51,100,0.0677240273933264,0.07100726478992236,0.4513012601592643,13.0,0.8472172237970226
dpo_coverage05_feedback_one_b100_s0,dpo,coverage05,feedback_one,0.9,0.5,0.8,0.0,1.0,945,51,100,0.06933503478023302,0.05712982302399706,0.34178260136643557,18.0,1.1285331657802018
ipo_beta15_ordinary_b100_s0,ipo,beta15,ordinary,0.9,0.8,0.3,0.0,0.0,54,1,25,0.05688955624681593,0.08467083616985926,0.7613404286587457,0.0,0.8758277913058812
ipo_beta15_ordinary_b100_s0,ipo,beta15,ordinary,0.9,0.8,0.3,0.0,0.0,251,1,25,0.0838194893527424,0.16770234755686125,0.6053778569887602,2.0,1.0533594072186492
ipo_beta15_ordinary_b100_s0,ipo,beta15,ordinary,0.9,0.8,0.3,0.0,0.0,612,1,25,0.07772434018417153,0.15076333349456897,0.6692968652181621,1.0,0.6129951105526374
ipo_beta15_ordinary_b100_s0,ipo,beta15,ordinary,0.9,0.8,0.3,0.0,0.0,737,1,25,0.06325332637227757,0.12745643586568883,0.7506271833151419,1.0,0.8356303904248819
ipo_beta15_ordinary_b100_s0,ipo,beta15,ordinary,0.9,0.8,0.3,0.0,0.0,867,1,25,0.07782574077276812,0.10220893247178435,0.5943593776925234,4.0,0.8505670042769902
ipo_beta15_ordinary_b100_s0,ipo,beta15,ordinary,0.9,0.8,0.3,0.0,0.0,945,1,25,0.08206550170109995,0.09217408341956812,0.5346963955625096,3.0,1.1076675339503894
ipo_beta15_ordinary_b100_s0,ipo,beta15,ordinary,0.9,0.8,0.3,0.0,0.0,54,26,50,0.05120441172877795,0.0437015756417976,0.5193971472391062,0.0,0.8071017570282812
ipo_beta15_ordinary_b100_s0,ipo,beta15,ordinary,0.9,0.8,0.3,0.0,0.0,251,26,50,0.06903174304589815,0.12674872851101465,0.4956616323358753,2.0,1.1339936945946723
ipo_beta15_ordinary_b100_s0,ipo,beta15,ordinary,0.9,0.8,0.3,0.0,0.0,612,26,50,0.06717181872504609,0.09392164518427863,0.4617036138004571,5.0,0.7440290128459709
ipo_beta15_ordinary_b100_s0,ipo,beta15,ordinary,0.9,0.8,0.3,0.0,0.0,737,26,50,0.0653569805283654,0.06729107876820992,0.4924924298684016,0.0,0.871900307925658
ipo_beta15_ordinary_b100_s0,ipo,beta15,ordinary,0.9,0.8,0.3,0.0,0.0,867,26,50,0.053349253556814746,0.0855528855029401,0.4731556010837356,4.0,0.6422845762485759
ipo_beta15_ordinary_b100_s0,ipo,beta15,ordinary,0.9,0.8,0.3,0.0,0.0,945,26,50,0.056234008018824035,0.05816937492935114,0.3671047890372996,5.0,1.117781599411062
ipo_beta15_ordinary_b100_s0,ipo,beta15,ordinary,0.9,0.8,0.3,0.0,0.0,54,51,75,0.05778709337600201,0.06022780126178344,0.4838869468272026,2.0,0.7052422125980996
ipo_beta15_ordinary_b100_s0,ipo,beta15,ordinary,0.9,0.8,0.3,0.0,0.0,251,51,75,0.05243973328291494,0.0899667925250594,0.4436695884431859,3.0,0.9990550255734683
ipo_beta15_ordinary_b100_s0,ipo,beta15,ordinary,0.9,0.8,0.3,0.0,0.0,612,51,75,0.05416182787812546,0.06700639275489641,0.4378984276418915,4.0,0.7917964494663621
ipo_beta15_ordinary_b100_s0,ipo,beta15,ordinary,0.9,0.8,0.3,0.0,0.0,737,51,75,0.06469646457407707,0.08229929707436427,0.4976979554979557,4.0,0.8567048591484472
ipo_beta15_ordinary_b100_s0,ipo,beta15,ordinary,0.9,0.8,0.3,0.0,0.0,867,51,75,0.056217618377057556,0.0696534083294158,0.44153948025722817,2.0,0.8330329442806947
ipo_beta15_ordinary_b100_s0,ipo,beta15,ordinary,0.9,0.8,0.3,0.0,0.0,945,51,75,0.06214170127910883,0.07515542438730505,0.4328739762541709,1.0,1.1213815061429837
ipo_beta15_ordinary_b100_s0,ipo,beta15,ordinary,0.9,0.8,0.3,0.0,0.0,54,76,100,0.051103632328638085,0.031261024326222374,0.4736605663318113,0.0,0.7969417414150215
ipo_beta15_ordinary_b100_s0,ipo,beta15,ordinary,0.9,0.8,0.3,0.0,0.0,251,76,100,0.060548266008185886,0.06390058063770893,0.4048050076663026,6.0,0.9976281201265128
ipo_beta15_ordinary_b100_s0,ipo,beta15,ordinary,0.9,0.8,0.3,0.0,0.0,612,76,100,0.05587788559577946,0.04638982488815224,0.4074587644912197,2.0,0.7857207794627145
ipo_beta15_ordinary_b100_s0,ipo,beta15,ordinary,0.9,0.8,0.3,0.0,0.0,737,76,100,0.06237285533820423,0.06524947790528393,0.44400963493378415,8.0,0.9233152985822948
ipo_beta15_ordinary_b100_s0,ipo,beta15,ordinary,0.9,0.8,0.3,0.0,0.0,867,76,100,0.07132679281747005,0.09162804931837444,0.4700997003990583,4.0,0.8131410887703627
ipo_beta15_ordinary_b100_s0,ipo,beta15,ordinary,0.9,0.8,0.3,0.0,0.0,945,76,100,0.07081108907541155,0.11300747273129069,0.4193075337128435,3.0,1.1438177996447185
ipo_beta15_ordinary_b100_s0,ipo,beta15,ordinary,0.9,0.8,0.3,0.0,0.0,54,51,100,0.054445362852320066,0.05661155558333435,0.4787737565795071,2.0,0.7510919770065607
ipo_beta15_ordinary_b100_s0,ipo,beta15,ordinary,0.9,0.8,0.3,0.0,0.0,251,51,100,0.05649399964555042,0.08581209991807656,0.42423729805474425,9.0,0.9983415728499904
ipo_beta15_ordinary_b100_s0,ipo,beta15,ordinary,0.9,0.8,0.3,0.0,0.0,612,51,100,0.05501985673695246,0.06778538627956017,0.42267859606655556,6.0,0.7887586144645381
ipo_beta15_ordinary_b100_s0,ipo,beta15,ordinary,0.9,0.8,0.3,0.0,0.0,737,51,100,0.06353465995614066,0.0776792627621741,0.4708537952158698,12.0,0.890010078865371
ipo_beta15_ordinary_b100_s0,ipo,beta15,ordinary,0.9,0.8,0.3,0.0,0.0,867,51,100,0.0637722055972638,0.08182637159294895,0.45581959032814334,6.0,0.823087016525529
ipo_beta15_ordinary_b100_s0,ipo,beta15,ordinary,0.9,0.8,0.3,0.0,0.0,945,51,100,0.06647639517726019,0.10579961040580403,0.4260907549835071,4.0,1.1325996528938511
ipo_beta15_reference_half_b100_s0,ipo,beta15,reference_half,0.9,0.8,0.3,0.45,0.0,54,1,25,0.05652277417945526,0.07827099059865426,0.7746116885466136,0.0,0.9324567418836167
ipo_beta15_reference_half_b100_s0,ipo,beta15,reference_half,0.9,0.8,0.3,0.45,0.0,251,1,25,0.08193610972425461,0.14598052799122027,0.6221409684745555,2.0,1.0499626462965421
ipo_beta15_reference_half_b100_s0,ipo,beta15,reference_half,0.9,0.8,0.3,0.45,0.0,612,1,25,0.0783054101410959,0.13337040695226027,0.648698871740412,1.0,0.6455836894821262
ipo_beta15_reference_half_b100_s0,ipo,beta15,reference_half,0.9,0.8,0.3,0.45,0.0,737,1,25,0.06433707018478191,0.12853223817498283,0.7235652814742157,1.0,0.827301985089898
ipo_beta15_reference_half_b100_s0,ipo,beta15,reference_half,0.9,0.8,0.3,0.45,0.0,867,1,25,0.07973746057038594,0.08574083052698249,0.6033132104700738,4.0,0.9284257291669621
ipo_beta15_reference_half_b100_s0,ipo,beta15,reference_half,0.9,0.8,0.3,0.45,0.0,945,1,25,0.07390828061783665,0.07158622938205665,0.5576737975211002,3.0,1.179611526384803
ipo_beta15_reference_half_b100_s0,ipo,beta15,reference_half,0.9,0.8,0.3,0.45,0.0,54,26,50,0.055675884100642475,0.04089623180871975,0.5149124621060307,0.0,0.7807599346843834
ipo_beta15_reference_half_b100_s0,ipo,beta15,reference_half,0.9,0.8,0.3,0.45,0.0,251,26,50,0.07237265047309689,0.07697641047389836,0.3805198522047475,8.0,1.091896261352275
ipo_beta15_reference_half_b100_s0,ipo,beta15,reference_half,0.9,0.8,0.3,0.45,0.0,612,26,50,0.0780018991304052,0.06397493886589871,0.3987572314874541,12.0,0.845926234046728
ipo_beta15_reference_half_b100_s0,ipo,beta15,reference_half,0.9,0.8,0.3,0.45,0.0,737,26,50,0.08413442730688886,0.10031596310620404,0.4530378524703345,10.0,0.785569429981941
ipo_beta15_reference_half_b100_s0,ipo,beta15,reference_half,0.9,0.8,0.3,0.45,0.0,867,26,50,0.057664160899645746,0.032969716501548355,0.43729652584745843,2.0,0.6212266845667588
ipo_beta15_reference_half_b100_s0,ipo,beta15,reference_half,0.9,0.8,0.3,0.45,0.0,945,26,50,0.061961040089949446,0.05663371298944404,0.3784591069743295,9.0,1.0790454809032084
ipo_beta15_reference_half_b100_s0,ipo,beta15,reference_half,0.9,0.8,0.3,0.45,0.0,54,51,75,0.05486551534819697,0.05132112226741531,0.4947390489094248,4.0,0.7041337433211191
ipo_beta15_reference_half_b100_s0,ipo,beta15,reference_half,0.9,0.8,0.3,0.45,0.0,251,51,75,0.05592050078503735,0.07048233963720983,0.4167216966695396,2.0,0.9495861005529704
ipo_beta15_reference_half_b100_s0,ipo,beta15,reference_half,0.9,0.8,0.3,0.45,0.0,612,51,75,0.0630545751691575,0.04767631304257178,0.44003520154043374,6.0,0.7022487753262022
ipo_beta15_reference_half_b100_s0,ipo,beta15,reference_half,0.9,0.8,0.3,0.45,0.0,737,51,75,0.05458180069775977,0.042184270201121574,0.5240795752452683,0.0,0.8219668570843346
ipo_beta15_reference_half_b100_s0,ipo,beta15,reference_half,0.9,0.8,0.3,0.45,0.0,867,51,75,0.05088633092067213,0.04144623102314583,0.44726659145824876,4.0,0.7770484773634726
ipo_beta15_reference_half_b100_s0,ipo,beta15,reference_half,0.9,0.8,0.3,0.45,0.0,945,51,75,0.07341081302125078,0.050485433106782315,0.3647389481418707,10.0,1.1682607643894343
ipo_beta15_reference_half_b100_s0,ipo,beta15,reference_half,0.9,0.8,0.3,0.45,0.0,54,76,100,0.04894026724952893,0.03752830378703175,0.4940015358427854,0.0,0.7805523722206498
ipo_beta15_reference_half_b100_s0,ipo,beta15,reference_half,0.9,0.8,0.3,0.45,0.0,251,76,100,0.06670674758469004,0.07069747701076498,0.41677329391673695,9.0,1.0009849945199665
ipo_beta15_reference_half_b100_s0,ipo,beta15,reference_half,0.9,0.8,0.3,0.45,0.0,612,76,100,0.0601557580067289,0.039966729601519015,0.4258700234416266,0.0,0.7881015725751714
ipo_beta15_reference_half_b100_s0,ipo,beta15,reference_half,0.9,0.8,0.3,0.45,0.0,737,76,100,0.06586954285432739,0.061911862570407705,0.4308011358669704,6.0,0.8290056003827658
ipo_beta15_reference_half_b100_s0,ipo,beta15,reference_half,0.9,0.8,0.3,0.45,0.0,867,76,100,0.07654128906650513,0.055745976605657485,0.4267947580980153,8.0,0.7902178853283861
ipo_beta15_reference_half_b100_s0,ipo,beta15,reference_half,0.9,0.8,0.3,0.45,0.0,945,76,100,0.07220064731456832,0.06972836507056895,0.3582678098314075,6.0,1.1457892706816157
ipo_beta15_reference_half_b100_s0,ipo,beta15,reference_half,0.9,0.8,0.3,0.45,0.0,54,51,100,0.051902891298862955,0.049317866837447245,0.4943702923761052,4.0,0.7423430577708844
ipo_beta15_reference_half_b100_s0,ipo,beta15,reference_half,0.9,0.8,0.3,0.45,0.0,251,51,100,0.06131362418486371,0.07855981588254848,0.41674749529313826,11.0,0.9752855475364686
ipo_beta15_reference_half_b100_s0,ipo,beta15,reference_half,0.9,0.8,0.3,0.45,0.0,612,51,100,0.06160516658794318,0.05560908994017143,0.4329526124910301,6.0,0.7451751739506871
ipo_beta15_reference_half_b100_s0,ipo,beta15,reference_half,0.9,0.8,0.3,0.45,0.0,737,51,100,0.06022567177604356,0.061246436746800845,0.4774403555561195,6.0,0.8254862287335503
ipo_beta15_reference_half_b100_s0,ipo,beta15,reference_half,0.9,0.8,0.3,0.45,0.0,867,51,100,0.06371380999358867,0.050737339618897453,0.437030674778132,12.0,0.7836331813459292
ipo_beta15_reference_half_b100_s0,ipo,beta15,reference_half,0.9,0.8,0.3,0.45,0.0,945,51,100,0.07280573016790953,0.06511218096735387,0.3615033789866391,16.0,1.1570250175355248
ipo_beta15_reference_max_b100_s0,ipo,beta15,reference_max,0.9,0.8,0.3,0.9,0.0,54,1,25,0.055759611207596774,0.06583867300082769,0.7926883244379157,0.0,0.9529921095594946
ipo_beta15_reference_max_b100_s0,ipo,beta15,reference_max,0.9,0.8,0.3,0.9,0.0,251,1,25,0.09343361674978758,0.13564172271321506,0.6484934567625065,3.0,1.0477418801271616
ipo_beta15_reference_max_b100_s0,ipo,beta15,reference_max,0.9,0.8,0.3,0.9,0.0,612,1,25,0.1228886688469666,0.11461366335270734,0.6691799339401541,7.0,0.6123231338493812
ipo_beta15_reference_max_b100_s0,ipo,beta15,reference_max,0.9,0.8,0.3,0.9,0.0,737,1,25,0.07988082319048358,0.12899881141562342,0.6847948469644696,3.0,0.8819124204475979
ipo_beta15_reference_max_b100_s0,ipo,beta15,reference_max,0.9,0.8,0.3,0.9,0.0,867,1,25,0.14998300048031576,0.07770032012507386,0.6310673554911616,2.0,0.9846753021034644
ipo_beta15_reference_max_b100_s0,ipo,beta15,reference_max,0.9,0.8,0.3,0.9,0.0,945,1,25,0.10908750408896709,0.06329453607710582,0.5789679278392594,1.0,1.2135725754248776
ipo_beta15_reference_max_b100_s0,ipo,beta15,reference_max,0.9,0.8,0.3,0.9,0.0,54,26,50,0.10433547903773667,0.05201326365299189,0.5692295518126015,0.0,0.7252505394759894
ipo_beta15_reference_max_b100_s0,ipo,beta15,reference_max,0.9,0.8,0.3,0.9,0.0,251,26,50,0.21725395928843674,0.09129408799885574,0.4083528920162576,18.0,1.0380454009998545
ipo_beta15_reference_max_b100_s0,ipo,beta15,reference_max,0.9,0.8,0.3,0.9,0.0,612,26,50,0.152286343664166,0.07421532821687228,0.4402256920917631,4.0,0.8050123022555725
ipo_beta15_reference_max_b100_s0,ipo,beta15,reference_max,0.9,0.8,0.3,0.9,0.0,737,26,50,0.17113851691558243,0.09782971373527447,0.48429756532437074,5.0,0.7781105939072542
ipo_beta15_reference_max_b100_s0,ipo,beta15,reference_max,0.9,0.8,0.3,0.9,0.0,867,26,50,0.1421690532577989,0.072830253304761,0.4994245437155375,7.0,0.7055017835429339
ipo_beta15_reference_max_b100_s0,ipo,beta15,reference_max,0.9,0.8,0.3,0.9,0.0,945,26,50,0.15352129546059792,0.06031779558085844,0.42154263339287595,19.0,1.083344053212313
ipo_beta15_reference_max_b100_s0,ipo,beta15,reference_max,0.9,0.8,0.3,0.9,0.0,54,51,75,0.054287909839581275,0.038887765413705984,0.5118582842735446,4.0,0.7450317294023301
ipo_beta15_reference_max_b100_s0,ipo,beta15,reference_max,0.9,0.8,0.3,0.9,0.0,251,51,75,0.07000511963330465,0.04690494342242285,0.37103667732793594,7.0,1.05380789223811
ipo_beta15_reference_max_b100_s0,ipo,beta15,reference_max,0.9,0.8,0.3,0.9,0.0,612,51,75,0.11446900177439112,0.0462310612783405,0.4110588269092404,14.0,0.8326040438411725
ipo_beta15_reference_max_b100_s0,ipo,beta15,reference_max,0.9,0.8,0.3,0.9,0.0,737,51,75,0.08953064303545405,0.04824512502484232,0.45173511522505266,9.0,0.8554277618687294
ipo_beta15_reference_max_b100_s0,ipo,beta15,reference_max,0.9,0.8,0.3,0.9,0.0,867,51,75,0.06719744175940878,0.044760660747089204,0.42787132077199014,5.0,0.6796778833275939
ipo_beta15_reference_max_b100_s0,ipo,beta15,reference_max,0.9,0.8,0.3,0.9,0.0,945,51,75,0.10622138374183504,0.04014900389210638,0.3622027452170988,13.0,1.1349188307698517
ipo_beta15_reference_max_b100_s0,ipo,beta15,reference_max,0.9,0.8,0.3,0.9,0.0,54,76,100,0.07251749813682891,0.04581320473423255,0.4911993387405132,0.0,0.814911500429143
ipo_beta15_reference_max_b100_s0,ipo,beta15,reference_max,0.9,0.8,0.3,0.9,0.0,251,76,100,0.10507137404394978,0.05342293511990772,0.3899250823617042,16.0,1.0320200172464118
ipo_beta15_reference_max_b100_s0,ipo,beta15,reference_max,0.9,0.8,0.3,0.9,0.0,612,76,100,0.13433873831812634,0.05055225546393265,0.41787007524982017,7.0,0.7968351155152835
ipo_beta15_reference_max_b100_s0,ipo,beta15,reference_max,0.9,0.8,0.3,0.9,0.0,737,76,100,0.12587580062461215,0.053798728819352416,0.4372064117131245,10.0,0.7736101603382828
ipo_beta15_reference_max_b100_s0,ipo,beta15,reference_max,0.9,0.8,0.3,0.9,0.0,867,76,100,0.0996940516190621,0.044171731604174994,0.43503947556344774,12.0,0.7788125996623261
ipo_beta15_reference_max_b100_s0,ipo,beta15,reference_max,0.9,0.8,0.3,0.9,0.0,945,76,100,0.0761946940995965,0.04942482976804806,0.3384298852543192,8.0,1.1505075018413782
ipo_beta15_reference_max_b100_s0,ipo,beta15,reference_max,0.9,0.8,0.3,0.9,0.0,54,51,100,0.06340270398820508,0.04852155264009994,0.5015288115070291,4.0,0.7799716149157365
ipo_beta15_reference_max_b100_s0,ipo,beta15,reference_max,0.9,0.8,0.3,0.9,0.0,251,51,100,0.08753824683862722,0.05197060058513783,0.3804808798448201,23.0,1.042913954742261
ipo_beta15_reference_max_b100_s0,ipo,beta15,reference_max,0.9,0.8,0.3,0.9,0.0,612,51,100,0.12440387004625872,0.0615656306541507,0.41446445107953034,21.0,0.8147195796782281
ipo_beta15_reference_max_b100_s0,ipo,beta15,reference_max,0.9,0.8,0.3,0.9,0.0,737,51,100,0.1077032218300331,0.053031117721718764,0.44447076346908854,19.0,0.8145189611035059
ipo_beta15_reference_max_b100_s0,ipo,beta15,reference_max,0.9,0.8,0.3,0.9,0.0,867,51,100,0.08344574668923546,0.05074484292899335,0.431455398167719,17.0,0.72924524149496
ipo_beta15_reference_max_b100_s0,ipo,beta15,reference_max,0.9,0.8,0.3,0.9,0.0,945,51,100,0.09120803892071573,0.05081610292870871,0.35031631523570894,21.0,1.142713166305615
ipo_beta15_feedback_half_b100_s0,ipo,beta15,feedback_half,0.9,0.8,0.3,0.0,0.5,54,1,25,0.06130100720127162,0.09424475781336225,0.7258455067592774,0.0,0.8446250218055517
ipo_beta15_feedback_half_b100_s0,ipo,beta15,feedback_half,0.9,0.8,0.3,0.0,0.5,251,1,25,0.08532161276882501,0.14604387013177647,0.5316451529294621,4.0,1.1093321941682577
ipo_beta15_feedback_half_b100_s0,ipo,beta15,feedback_half,0.9,0.8,0.3,0.0,0.5,612,1,25,0.08366940498732557,0.14399088992850856,0.6029435155460309,1.0,0.6610092613905733
ipo_beta15_feedback_half_b100_s0,ipo,beta15,feedback_half,0.9,0.8,0.3,0.0,0.5,737,1,25,0.06540018771621718,0.12935336197689173,0.7252350598177203,1.0,0.9386064014673035
ipo_beta15_feedback_half_b100_s0,ipo,beta15,feedback_half,0.9,0.8,0.3,0.0,0.5,867,1,25,0.07965932017815054,0.11022403716178902,0.6000117925592365,4.0,0.8736343266992121
ipo_beta15_feedback_half_b100_s0,ipo,beta15,feedback_half,0.9,0.8,0.3,0.0,0.5,945,1,25,0.07547857385431461,0.08165983274036809,0.5195133571288004,3.0,1.1244586577405962
ipo_beta15_feedback_half_b100_s0,ipo,beta15,feedback_half,0.9,0.8,0.3,0.0,0.5,54,26,50,0.04818157016933479,0.04006073720392537,0.5305616688465833,0.0,0.8031728969280729
ipo_beta15_feedback_half_b100_s0,ipo,beta15,feedback_half,0.9,0.8,0.3,0.0,0.5,251,26,50,0.06951105531481211,0.07585484560067972,0.4127586591883151,2.0,1.137424524850532
ipo_beta15_feedback_half_b100_s0,ipo,beta15,feedback_half,0.9,0.8,0.3,0.0,0.5,612,26,50,0.0666874800457479,0.08994759572988259,0.4725826870531094,3.0,0.7177367983192465
ipo_beta15_feedback_half_b100_s0,ipo,beta15,feedback_half,0.9,0.8,0.3,0.0,0.5,737,26,50,0.06259789504165543,0.06614334992228214,0.4989814928293124,0.0,0.9231821381443719
ipo_beta15_feedback_half_b100_s0,ipo,beta15,feedback_half,0.9,0.8,0.3,0.0,0.5,867,26,50,0.06244181028493195,0.07022284718275609,0.459780344646425,7.0,0.6592556923927257
ipo_beta15_feedback_half_b100_s0,ipo,beta15,feedback_half,0.9,0.8,0.3,0.0,0.5,945,26,50,0.054409429551813514,0.059300115600084635,0.3682862797434655,5.0,1.150904639306721
ipo_beta15_feedback_half_b100_s0,ipo,beta15,feedback_half,0.9,0.8,0.3,0.0,0.5,54,51,75,0.06028547888660026,0.05760461143821062,0.4599717164939073,6.0,0.7058316799221646
ipo_beta15_feedback_half_b100_s0,ipo,beta15,feedback_half,0.9,0.8,0.3,0.0,0.5,251,51,75,0.05159031964234187,0.060675952394979416,0.3951365649521821,6.0,0.9805911769737115
ipo_beta15_feedback_half_b100_s0,ipo,beta15,feedback_half,0.9,0.8,0.3,0.0,0.5,612,51,75,0.04909108607688059,0.0534993511856844,0.46341868002036707,2.0,0.7343872611135841
ipo_beta15_feedback_half_b100_s0,ipo,beta15,feedback_half,0.9,0.8,0.3,0.0,0.5,737,51,75,0.06012435037178693,0.06307526419425719,0.4999807583064863,2.0,0.9008952384546701
ipo_beta15_feedback_half_b100_s0,ipo,beta15,feedback_half,0.9,0.8,0.3,0.0,0.5,867,51,75,0.054096922152671076,0.04498945176839003,0.4232648164837625,3.0,0.8187776698709128
ipo_beta15_feedback_half_b100_s0,ipo,beta15,feedback_half,0.9,0.8,0.3,0.0,0.5,945,51,75,0.05503513548662173,0.04857135581598826,0.3686347731434273,6.0,1.1602321940291258
ipo_beta15_feedback_half_b100_s0,ipo,beta15,feedback_half,0.9,0.8,0.3,0.0,0.5,54,76,100,0.05701640755514381,0.03245868748768587,0.49923307222824115,0.0,0.7397501887464303
ipo_beta15_feedback_half_b100_s0,ipo,beta15,feedback_half,0.9,0.8,0.3,0.0,0.5,251,76,100,0.07013994436729973,0.0717862170700669,0.4169689152718149,5.0,0.9521545350609366
ipo_beta15_feedback_half_b100_s0,ipo,beta15,feedback_half,0.9,0.8,0.3,0.0,0.5,612,76,100,0.053301114683907046,0.04906615661923662,0.4318151464102636,2.0,0.7473103534367533
ipo_beta15_feedback_half_b100_s0,ipo,beta15,feedback_half,0.9,0.8,0.3,0.0,0.5,737,76,100,0.05756604386464778,0.07911465888267909,0.4703352061190547,4.0,0.8997507690388447
ipo_beta15_feedback_half_b100_s0,ipo,beta15,feedback_half,0.9,0.8,0.3,0.0,0.5,867,76,100,0.07255671366431629,0.09097211429997502,0.4631924586800338,6.0,0.8084803987483782
ipo_beta15_feedback_half_b100_s0,ipo,beta15,feedback_half,0.9,0.8,0.3,0.0,0.5,945,76,100,0.0707100085892593,0.08798314408597982,0.39350473965384436,4.0,1.183572396489694
ipo_beta15_feedback_half_b100_s0,ipo,beta15,feedback_half,0.9,0.8,0.3,0.0,0.5,54,51,100,0.05865094322087205,0.054820532077756605,0.47960239436107427,6.0,0.7227909343342975
ipo_beta15_feedback_half_b100_s0,ipo,beta15,feedback_half,0.9,0.8,0.3,0.0,0.5,251,51,100,0.060865132004820806,0.07404951434125924,0.40605274011199843,11.0,0.9663728560173241
ipo_beta15_feedback_half_b100_s0,ipo,beta15,feedback_half,0.9,0.8,0.3,0.0,0.5,612,51,100,0.0511961003803938,0.06868663291428449,0.44761691321531527,4.0,0.7408488072751688
ipo_beta15_feedback_half_b100_s0,ipo,beta15,feedback_half,0.9,0.8,0.3,0.0,0.5,737,51,100,0.05884519711821735,0.0729461865817162,0.48515798221277057,6.0,0.9003230037467574
ipo_beta15_feedback_half_b100_s0,ipo,beta15,feedback_half,0.9,0.8,0.3,0.0,0.5,867,51,100,0.06332681790849368,0.07241064182299903,0.4432286375818981,9.0,0.8136290343096455
ipo_beta15_feedback_half_b100_s0,ipo,beta15,feedback_half,0.9,0.8,0.3,0.0,0.5,945,51,100,0.06287257203794051,0.07667268016907555,0.38106975639863594,10.0,1.1719022952594103
ipo_beta15_feedback_one_b100_s0,ipo,beta15,feedback_one,0.9,0.8,0.3,0.0,1.0,54,1,25,0.057791376386204595,0.07166070613579445,0.727262919636586,0.0,0.8998521108726614
ipo_beta15_feedback_one_b100_s0,ipo,beta15,feedback_one,0.9,0.8,0.3,0.0,1.0,251,1,25,0.08899962070329094,0.13527447423919547,0.5238520751340671,7.0,1.121984563072423
ipo_beta15_feedback_one_b100_s0,ipo,beta15,feedback_one,0.9,0.8,0.3,0.0,1.0,612,1,25,0.08502922456280207,0.13560401803430333,0.597531664976718,1.0,0.6818789022833639
ipo_beta15_feedback_one_b100_s0,ipo,beta15,feedback_one,0.9,0.8,0.3,0.0,1.0,737,1,25,0.06548627491955378,0.12296211032822671,0.689623027366421,1.0,0.9398903472088169
ipo_beta15_feedback_one_b100_s0,ipo,beta15,feedback_one,0.9,0.8,0.3,0.0,1.0,867,1,25,0.06704158733572137,0.09044841043316118,0.5931856992350275,4.0,0.9002407835617029
ipo_beta15_feedback_one_b100_s0,ipo,beta15,feedback_one,0.9,0.8,0.3,0.0,1.0,945,1,25,0.07689848689552319,0.07792459775522477,0.5201749521508072,3.0,1.1354299398778127
ipo_beta15_feedback_one_b100_s0,ipo,beta15,feedback_one,0.9,0.8,0.3,0.0,1.0,54,26,50,0.04860799169759366,0.03529715418773651,0.5297207774096528,0.0,0.80665438263077
ipo_beta15_feedback_one_b100_s0,ipo,beta15,feedback_one,0.9,0.8,0.3,0.0,1.0,251,26,50,0.06385799659826823,0.05240480698576648,0.3646763015369844,12.0,1.1014139761818933
ipo_beta15_feedback_one_b100_s0,ipo,beta15,feedback_one,0.9,0.8,0.3,0.0,1.0,612,26,50,0.0722106466131816,0.08048985400970385,0.4521580281585617,6.0,0.708634479715315
ipo_beta15_feedback_one_b100_s0,ipo,beta15,feedback_one,0.9,0.8,0.3,0.0,1.0,737,26,50,0.05979540053965359,0.048679535290210546,0.5246915252909217,0.0,0.8884672671635976
ipo_beta15_feedback_one_b100_s0,ipo,beta15,feedback_one,0.9,0.8,0.3,0.0,1.0,867,26,50,0.051654526558812766,0.058516856457255836,0.4464074209028186,5.0,0.6591555206536693
ipo_beta15_feedback_one_b100_s0,ipo,beta15,feedback_one,0.9,0.8,0.3,0.0,1.0,945,26,50,0.05980746406366219,0.057118091435681494,0.3556999060796987,7.0,1.158863784510069
ipo_beta15_feedback_one_b100_s0,ipo,beta15,feedback_one,0.9,0.8,0.3,0.0,1.0,54,51,75,0.05389713369802788,0.05800913826836747,0.4554378155080893,4.0,0.7267688492719293
ipo_beta15_feedback_one_b100_s0,ipo,beta15,feedback_one,0.9,0.8,0.3,0.0,1.0,251,51,75,0.05400494862198969,0.05316488905797499,0.3840330179133932,8.0,0.9915188554047731
ipo_beta15_feedback_one_b100_s0,ipo,beta15,feedback_one,0.9,0.8,0.3,0.0,1.0,612,51,75,0.05772137225752649,0.061506206530027266,0.4581386632415186,3.0,0.7423115109550494
ipo_beta15_feedback_one_b100_s0,ipo,beta15,feedback_one,0.9,0.8,0.3,0.0,1.0,737,51,75,0.06868706227077542,0.05924592213244,0.49900353441948975,0.0,0.862057770459015
ipo_beta15_feedback_one_b100_s0,ipo,beta15,feedback_one,0.9,0.8,0.3,0.0,1.0,867,51,75,0.05704860812047682,0.04150235160378335,0.42503017706069296,5.0,0.8204738706653626
ipo_beta15_feedback_one_b100_s0,ipo,beta15,feedback_one,0.9,0.8,0.3,0.0,1.0,945,51,75,0.0640905151491344,0.050911656013471335,0.38474332393930516,7.0,1.1357856474922183
ipo_beta15_feedback_one_b100_s0,ipo,beta15,feedback_one,0.9,0.8,0.3,0.0,1.0,54,76,100,0.05943185554607087,0.033950759446266576,0.45907765127262506,2.0,0.7487851213161725
ipo_beta15_feedback_one_b100_s0,ipo,beta15,feedback_one,0.9,0.8,0.3,0.0,1.0,251,76,100,0.0642237252567096,0.06576754322514035,0.4005264960392217,4.0,0.9517348404242749
ipo_beta15_feedback_one_b100_s0,ipo,beta15,feedback_one,0.9,0.8,0.3,0.0,1.0,612,76,100,0.05554099864168391,0.04419976169047,0.40704166292397964,4.0,0.7593749610922117
ipo_beta15_feedback_one_b100_s0,ipo,beta15,feedback_one,0.9,0.8,0.3,0.0,1.0,737,76,100,0.06244327028641603,0.06264944720031618,0.43605395903387345,8.0,0.8918089030136236
ipo_beta15_feedback_one_b100_s0,ipo,beta15,feedback_one,0.9,0.8,0.3,0.0,1.0,867,76,100,0.06989445905172884,0.08231092103634197,0.45364789951874296,8.0,0.7897569581448532
ipo_beta15_feedback_one_b100_s0,ipo,beta15,feedback_one,0.9,0.8,0.3,0.0,1.0,945,76,100,0.06814814106828307,0.07534307604590254,0.37025879877483603,6.0,1.1722155496759235
ipo_beta15_feedback_one_b100_s0,ipo,beta15,feedback_one,0.9,0.8,0.3,0.0,1.0,54,51,100,0.056664494622049394,0.055736819328573904,0.45725773339035714,6.0,0.737776985294051
ipo_beta15_feedback_one_b100_s0,ipo,beta15,feedback_one,0.9,0.8,0.3,0.0,1.0,251,51,100,0.05911433693934965,0.0668761602617899,0.3922797569763074,12.0,0.9716268479145242
ipo_beta15_feedback_one_b100_s0,ipo,beta15,feedback_one,0.9,0.8,0.3,0.0,1.0,612,51,100,0.0566311854496052,0.06403358001900718,0.43259016308274917,7.0,0.7508432360236307
ipo_beta15_feedback_one_b100_s0,ipo,beta15,feedback_one,0.9,0.8,0.3,0.0,1.0,737,51,100,0.0655651662785957,0.0662774040741178,0.46752874672668154,8.0,0.8769333367363195
ipo_beta15_feedback_one_b100_s0,ipo,beta15,feedback_one,0.9,0.8,0.3,0.0,1.0,867,51,100,0.06347153358610282,0.06595441404555297,0.439339038289718,13.0,0.8051154144051079
ipo_beta15_feedback_one_b100_s0,ipo,beta15,feedback_one,0.9,0.8,0.3,0.0,1.0,945,51,100,0.06611932810870874,0.07083781474337328,0.37750106135707057,13.0,1.1540005985840713
dpo_beta15_ordinary_b100_s0,dpo,beta15,ordinary,0.9,0.8,1.2,0.0,0.0,54,1,25,0.07620941332580236,0.09865351392655053,0.7078261901966921,0.0,0.8064113751956984
dpo_beta15_ordinary_b100_s0,dpo,beta15,ordinary,0.9,0.8,1.2,0.0,0.0,251,1,25,0.09589027834726122,0.17894466689773425,0.5945518324308767,4.0,1.0344575089559567
dpo_beta15_ordinary_b100_s0,dpo,beta15,ordinary,0.9,0.8,1.2,0.0,0.0,612,1,25,0.09899001893484902,0.16383728302160677,0.6281409845614047,2.0,0.6327736805213066
dpo_beta15_ordinary_b100_s0,dpo,beta15,ordinary,0.9,0.8,1.2,0.0,0.0,737,1,25,0.07564270707518997,0.1340757195524658,0.7266688049357454,1.0,0.8630610359517965
dpo_beta15_ordinary_b100_s0,dpo,beta15,ordinary,0.9,0.8,1.2,0.0,0.0,867,1,25,0.07871968844169101,0.11564647291811628,0.586233691257474,2.0,0.8009805091425699
dpo_beta15_ordinary_b100_s0,dpo,beta15,ordinary,0.9,0.8,1.2,0.0,0.0,945,1,25,0.08363144582631313,0.09461246593345102,0.505157228469227,3.0,1.1052915309222564
dpo_beta15_ordinary_b100_s0,dpo,beta15,ordinary,0.9,0.8,1.2,0.0,0.0,54,26,50,0.046822059882162995,0.044252488596053435,0.5102208558845639,0.0,0.7957964963524526
dpo_beta15_ordinary_b100_s0,dpo,beta15,ordinary,0.9,0.8,1.2,0.0,0.0,251,26,50,0.07268340800218805,0.10430495916536602,0.4372634837808002,4.0,1.1403820302752032
dpo_beta15_ordinary_b100_s0,dpo,beta15,ordinary,0.9,0.8,1.2,0.0,0.0,612,26,50,0.06563927910546852,0.11367768494109592,0.49618312047750757,2.0,0.6994471390044703
dpo_beta15_ordinary_b100_s0,dpo,beta15,ordinary,0.9,0.8,1.2,0.0,0.0,737,26,50,0.06683151996640968,0.06294957550423756,0.49833789926191213,0.0,0.8833581581995208
dpo_beta15_ordinary_b100_s0,dpo,beta15,ordinary,0.9,0.8,1.2,0.0,0.0,867,26,50,0.062396891322580084,0.1121201339140977,0.515987369729381,2.0,0.6415230294077467
dpo_beta15_ordinary_b100_s0,dpo,beta15,ordinary,0.9,0.8,1.2,0.0,0.0,945,26,50,0.05527905922441558,0.052521634090896066,0.3504468355654119,7.0,1.116175125455608
dpo_beta15_ordinary_b100_s0,dpo,beta15,ordinary,0.9,0.8,1.2,0.0,0.0,54,51,75,0.05616989863005482,0.0616055823248425,0.4800464996990283,4.0,0.7218460776812473
dpo_beta15_ordinary_b100_s0,dpo,beta15,ordinary,0.9,0.8,1.2,0.0,0.0,251,51,75,0.052880793925410056,0.06925476067824697,0.4051942779601806,3.0,1.001789062204078
dpo_beta15_ordinary_b100_s0,dpo,beta15,ordinary,0.9,0.8,1.2,0.0,0.0,612,51,75,0.0549457657183782,0.050452941591152,0.4499510572597789,6.0,0.7025721120853364
dpo_beta15_ordinary_b100_s0,dpo,beta15,ordinary,0.9,0.8,1.2,0.0,0.0,737,51,75,0.06422040238410638,0.08377459901526052,0.4818364880786975,4.0,0.8340819004461042
dpo_beta15_ordinary_b100_s0,dpo,beta15,ordinary,0.9,0.8,1.2,0.0,0.0,867,51,75,0.05649578162839837,0.07696226865454359,0.4405867553858515,10.0,0.8541669152570376
dpo_beta15_ordinary_b100_s0,dpo,beta15,ordinary,0.9,0.8,1.2,0.0,0.0,945,51,75,0.055570193221555104,0.06097975729813131,0.383613387792882,7.0,1.1244585242443854
dpo_beta15_ordinary_b100_s0,dpo,beta15,ordinary,0.9,0.8,1.2,0.0,0.0,54,76,100,0.053117308235157285,0.030097101800234224,0.49124708736576417,0.0,0.767253637414393
dpo_beta15_ordinary_b100_s0,dpo,beta15,ordinary,0.9,0.8,1.2,0.0,0.0,251,76,100,0.0646651002920671,0.07602832544126266,0.4312994617625403,5.0,0.9713598146810862
dpo_beta15_ordinary_b100_s0,dpo,beta15,ordinary,0.9,0.8,1.2,0.0,0.0,612,76,100,0.05648826080330117,0.04266014903418151,0.40966243174766637,3.0,0.7734717376963364
dpo_beta15_ordinary_b100_s0,dpo,beta15,ordinary,0.9,0.8,1.2,0.0,0.0,737,76,100,0.057837584126644026,0.07069445745111148,0.4456917844875368,6.0,0.9028817046574118
dpo_beta15_ordinary_b100_s0,dpo,beta15,ordinary,0.9,0.8,1.2,0.0,0.0,867,76,100,0.07344767964341427,0.0865571159957619,0.4502595948514834,7.0,0.8056759019991833
dpo_beta15_ordinary_b100_s0,dpo,beta15,ordinary,0.9,0.8,1.2,0.0,0.0,945,76,100,0.0711923284850165,0.10096949987254576,0.3983820020811232,3.0,1.1270188362030091
dpo_beta15_ordinary_b100_s0,dpo,beta15,ordinary,0.9,0.8,1.2,0.0,0.0,54,51,100,0.05464360343260605,0.05766149541736758,0.4856467935323961,4.0,0.7445498575478203
dpo_beta15_ordinary_b100_s0,dpo,beta15,ordinary,0.9,0.8,1.2,0.0,0.0,251,51,100,0.05877294710873857,0.08416776666056938,0.4182468698613605,8.0,0.986574438442582
dpo_beta15_ordinary_b100_s0,dpo,beta15,ordinary,0.9,0.8,1.2,0.0,0.0,612,51,100,0.05571701326083971,0.06443269279136703,0.42980674450372264,9.0,0.7380219248908366
dpo_beta15_ordinary_b100_s0,dpo,beta15,ordinary,0.9,0.8,1.2,0.0,0.0,737,51,100,0.06102899325537521,0.08015546152005049,0.463764136283117,10.0,0.868481802551758
dpo_beta15_ordinary_b100_s0,dpo,beta15,ordinary,0.9,0.8,1.2,0.0,0.0,867,51,100,0.06497173063590632,0.08397161476322668,0.44542317511866747,17.0,0.8299214086281107
dpo_beta15_ordinary_b100_s0,dpo,beta15,ordinary,0.9,0.8,1.2,0.0,0.0,945,51,100,0.06338126085328578,0.09048914931585758,0.3909976949370026,10.0,1.1257386802236973
dpo_beta15_reference_half_b100_s0,dpo,beta15,reference_half,0.9,0.8,1.2,0.45,0.0,54,1,25,0.06112370586627401,0.08931320948816826,0.7647881038004116,0.0,0.878619123369235
dpo_beta15_reference_half_b100_s0,dpo,beta15,reference_half,0.9,0.8,1.2,0.45,0.0,251,1,25,0.08422228486535797,0.16581033976195078,0.6262425180026658,4.0,1.0287153577483448
dpo_beta15_reference_half_b100_s0,dpo,beta15,reference_half,0.9,0.8,1.2,0.45,0.0,612,1,25,0.07928569435942383,0.14618387842467429,0.6884032144651466,1.0,0.590267585549917
dpo_beta15_reference_half_b100_s0,dpo,beta15,reference_half,0.9,0.8,1.2,0.45,0.0,737,1,25,0.0819446421789572,0.11918927282413148,0.7140861599513835,1.0,0.834342580369348
dpo_beta15_reference_half_b100_s0,dpo,beta15,reference_half,0.9,0.8,1.2,0.45,0.0,867,1,25,0.07679257426812812,0.08376962998731154,0.5959182838143021,4.0,0.9122154371479525
dpo_beta15_reference_half_b100_s0,dpo,beta15,reference_half,0.9,0.8,1.2,0.45,0.0,945,1,25,0.08690367423470119,0.06660084817014592,0.5368819358712077,5.0,1.175730478743548
dpo_beta15_reference_half_b100_s0,dpo,beta15,reference_half,0.9,0.8,1.2,0.45,0.0,54,26,50,0.0672553061708392,0.05053578535718484,0.4789128699514291,0.0,0.7644337108549838
dpo_beta15_reference_half_b100_s0,dpo,beta15,reference_half,0.9,0.8,1.2,0.45,0.0,251,26,50,0.06263554320074892,0.09640965924461498,0.4037134986560519,6.0,1.1209700309383457
dpo_beta15_reference_half_b100_s0,dpo,beta15,reference_half,0.9,0.8,1.2,0.45,0.0,612,26,50,0.07592022973168419,0.08598519376510878,0.4089827793046996,8.0,0.8874174495671674
dpo_beta15_reference_half_b100_s0,dpo,beta15,reference_half,0.9,0.8,1.2,0.45,0.0,737,26,50,0.08586521433737677,0.07859393523896119,0.4679091366228132,4.0,0.8000410732280359
dpo_beta15_reference_half_b100_s0,dpo,beta15,reference_half,0.9,0.8,1.2,0.45,0.0,867,26,50,0.0624164654628999,0.03474198491072002,0.42976583866307777,4.0,0.6035271506834343
dpo_beta15_reference_half_b100_s0,dpo,beta15,reference_half,0.9,0.8,1.2,0.45,0.0,945,26,50,0.06830553904484407,0.054414677558563905,0.37630771559745635,9.0,1.0826909527835837
dpo_beta15_reference_half_b100_s0,dpo,beta15,reference_half,0.9,0.8,1.2,0.45,0.0,54,51,75,0.04958510831296982,0.0672276370673626,0.5004461829505723,2.0,0.7450160567161006
dpo_beta15_reference_half_b100_s0,dpo,beta15,reference_half,0.9,0.8,1.2,0.45,0.0,251,51,75,0.06046622746915339,0.0655696640442115,0.41854681722407344,5.0,0.9921301119282222
dpo_beta15_reference_half_b100_s0,dpo,beta15,reference_half,0.9,0.8,1.2,0.45,0.0,612,51,75,0.05855471497809917,0.03936536738351318,0.4275341767915888,7.0,0.7708609893730974
dpo_beta15_reference_half_b100_s0,dpo,beta15,reference_half,0.9,0.8,1.2,0.45,0.0,737,51,75,0.06614249029406265,0.052412518337965244,0.5210420971435643,2.0,0.8494147360947292
dpo_beta15_reference_half_b100_s0,dpo,beta15,reference_half,0.9,0.8,1.2,0.45,0.0,867,51,75,0.04899227670498263,0.03206128791700586,0.4491972410761068,2.0,0.7463708701878364
dpo_beta15_reference_half_b100_s0,dpo,beta15,reference_half,0.9,0.8,1.2,0.45,0.0,945,51,75,0.0650558183107316,0.050212294024317476,0.3903309241211257,5.0,1.1370550640100336
dpo_beta15_reference_half_b100_s0,dpo,beta15,reference_half,0.9,0.8,1.2,0.45,0.0,54,76,100,0.06032290893007424,0.03330107619517579,0.4978552164611721,0.0,0.8066132410628315
dpo_beta15_reference_half_b100_s0,dpo,beta15,reference_half,0.9,0.8,1.2,0.45,0.0,251,76,100,0.06393278680692406,0.07194110502732631,0.417158677707118,6.0,0.9485141107977804
dpo_beta15_reference_half_b100_s0,dpo,beta15,reference_half,0.9,0.8,1.2,0.45,0.0,612,76,100,0.0581513597747255,0.03608204480208102,0.40825840024417887,2.0,0.7775653228267804
dpo_beta15_reference_half_b100_s0,dpo,beta15,reference_half,0.9,0.8,1.2,0.45,0.0,737,76,100,0.067399754508599,0.06420121042247852,0.4329647956021045,4.0,0.8687346384749148
dpo_beta15_reference_half_b100_s0,dpo,beta15,reference_half,0.9,0.8,1.2,0.45,0.0,867,76,100,0.06647127134132241,0.06495666428675734,0.4415069751917877,5.0,0.7356196394813008
dpo_beta15_reference_half_b100_s0,dpo,beta15,reference_half,0.9,0.8,1.2,0.45,0.0,945,76,100,0.07841259880719384,0.06903954527384598,0.35311717239444507,8.0,1.1442797789930637
dpo_beta15_reference_half_b100_s0,dpo,beta15,reference_half,0.9,0.8,1.2,0.45,0.0,54,51,100,0.05495400862152204,0.0627924931576313,0.4991506997058721,2.0,0.7758146488894657
dpo_beta15_reference_half_b100_s0,dpo,beta15,reference_half,0.9,0.8,1.2,0.45,0.0,251,51,100,0.0621995071380387,0.07048735740510507,0.41785274746559564,11.0,0.9703221113630014
dpo_beta15_reference_half_b100_s0,dpo,beta15,reference_half,0.9,0.8,1.2,0.45,0.0,612,51,100,0.05835303737641235,0.05545383115617672,0.4178962885178838,9.0,0.7742131560999387
dpo_beta15_reference_half_b100_s0,dpo,beta15,reference_half,0.9,0.8,1.2,0.45,0.0,737,51,100,0.06677112240133083,0.0661687588715751,0.47700344637283465,6.0,0.8590746872848224
dpo_beta15_reference_half_b100_s0,dpo,beta15,reference_half,0.9,0.8,1.2,0.45,0.0,867,51,100,0.057731774023152535,0.05280243343635259,0.4453521081339472,7.0,0.7409952548345684
dpo_beta15_reference_half_b100_s0,dpo,beta15,reference_half,0.9,0.8,1.2,0.45,0.0,945,51,100,0.0717342085589627,0.07256258990043636,0.37172404825778527,13.0,1.1406674215015489
dpo_beta15_reference_max_b100_s0,dpo,beta15,reference_max,0.9,0.8,1.2,0.9,0.0,54,1,25,0.0761792173144735,0.08114827821948,0.7566587644273344,0.0,0.8965138291908394
dpo_beta15_reference_max_b100_s0,dpo,beta15,reference_max,0.9,0.8,1.2,0.9,0.0,251,1,25,0.09304715645960655,0.15562521295347126,0.6481831401528549,4.0,1.0326595905382756
dpo_beta15_reference_max_b100_s0,dpo,beta15,reference_max,0.9,0.8,1.2,0.9,0.0,612,1,25,0.11079139047181055,0.13240117901165102,0.674237423520768,5.0,0.6059580390080361
dpo_beta15_reference_max_b100_s0,dpo,beta15,reference_max,0.9,0.8,1.2,0.9,0.0,737,1,25,0.074983354026789,0.1339078011666618,0.7147961878303144,1.0,0.8393739817418121
dpo_beta15_reference_max_b100_s0,dpo,beta15,reference_max,0.9,0.8,1.2,0.9,0.0,867,1,25,0.1640463076272227,0.08476786542863506,0.6163647176338568,5.0,0.9583586264922893
dpo_beta15_reference_max_b100_s0,dpo,beta15,reference_max,0.9,0.8,1.2,0.9,0.0,945,1,25,0.11812870972104618,0.06758724173177037,0.5646453488869679,1.0,1.1905344087978944
dpo_beta15_reference_max_b100_s0,dpo,beta15,reference_max,0.9,0.8,1.2,0.9,0.0,54,26,50,0.08580744890187054,0.05247540596883066,0.5418439223525907,2.0,0.7523233450450426
dpo_beta15_reference_max_b100_s0,dpo,beta15,reference_max,0.9,0.8,1.2,0.9,0.0,251,26,50,0.13858566556180604,0.08618664292058673,0.41801397446036886,9.0,1.042364952117942
dpo_beta15_reference_max_b100_s0,dpo,beta15,reference_max,0.9,0.8,1.2,0.9,0.0,612,26,50,0.21264839135927585,0.10746372920434427,0.43814274669680964,13.0,0.8205352009688254
dpo_beta15_reference_max_b100_s0,dpo,beta15,reference_max,0.9,0.8,1.2,0.9,0.0,737,26,50,0.24482953072077965,0.1318689540282329,0.49946786040471886,13.0,0.6576820645014879
dpo_beta15_reference_max_b100_s0,dpo,beta15,reference_max,0.9,0.8,1.2,0.9,0.0,867,26,50,0.16967207719829683,0.062058554746077105,0.4890909018518177,9.0,0.5963799622025558
dpo_beta15_reference_max_b100_s0,dpo,beta15,reference_max,0.9,0.8,1.2,0.9,0.0,945,26,50,0.1109166356378878,0.06927571219856528,0.4400992181813128,13.0,1.0415828066474575
dpo_beta15_reference_max_b100_s0,dpo,beta15,reference_max,0.9,0.8,1.2,0.9,0.0,54,51,75,0.07721492457291328,0.04565083834934506,0.5127200211148143,6.0,0.7445769363724399
dpo_beta15_reference_max_b100_s0,dpo,beta15,reference_max,0.9,0.8,1.2,0.9,0.0,251,51,75,0.07050444741647692,0.04388468262444771,0.3751624668426055,4.0,1.0290485043089865
dpo_beta15_reference_max_b100_s0,dpo,beta15,reference_max,0.9,0.8,1.2,0.9,0.0,612,51,75,0.0895578458108074,0.051213378514119945,0.42754069667068834,6.0,0.7604281828567437
dpo_beta15_reference_max_b100_s0,dpo,beta15,reference_max,0.9,0.8,1.2,0.9,0.0,737,51,75,0.10319504102145018,0.07644496494265057,0.4808823303756322,1.0,0.7840085744190748
dpo_beta15_reference_max_b100_s0,dpo,beta15,reference_max,0.9,0.8,1.2,0.9,0.0,867,51,75,0.07343563484836503,0.028087142129033627,0.39707446631537124,4.0,0.7275857816766887
dpo_beta15_reference_max_b100_s0,dpo,beta15,reference_max,0.9,0.8,1.2,0.9,0.0,945,51,75,0.09075968670953027,0.048302168985431805,0.32663926157986267,12.0,1.1530972293510187
dpo_beta15_reference_max_b100_s0,dpo,beta15,reference_max,0.9,0.8,1.2,0.9,0.0,54,76,100,0.07528341136232529,0.04396045130492317,0.45980075862918673,2.0,0.8079961435840682
dpo_beta15_reference_max_b100_s0,dpo,beta15,reference_max,0.9,0.8,1.2,0.9,0.0,251,76,100,0.10868261776616028,0.04745710268377164,0.38338617938244185,15.0,0.9999981934425872
dpo_beta15_reference_max_b100_s0,dpo,beta15,reference_max,0.9,0.8,1.2,0.9,0.0,612,76,100,0.12527774829709226,0.05677470051947252,0.4325399357321186,3.0,0.7792105236444526
dpo_beta15_reference_max_b100_s0,dpo,beta15,reference_max,0.9,0.8,1.2,0.9,0.0,737,76,100,0.11012975632227938,0.055008899852576544,0.40851020070079586,12.0,0.7154663304302088
dpo_beta15_reference_max_b100_s0,dpo,beta15,reference_max,0.9,0.8,1.2,0.9,0.0,867,76,100,0.11343120862533276,0.03940069450576345,0.44269043374221206,4.0,0.7469925312969901
dpo_beta15_reference_max_b100_s0,dpo,beta15,reference_max,0.9,0.8,1.2,0.9,0.0,945,76,100,0.0912152274849883,0.05451373018188807,0.3381742697843915,15.0,1.135693617547181
dpo_beta15_reference_max_b100_s0,dpo,beta15,reference_max,0.9,0.8,1.2,0.9,0.0,54,51,100,0.07624916796761927,0.05277069126398971,0.48626038987200054,8.0,0.7762865399782543
dpo_beta15_reference_max_b100_s0,dpo,beta15,reference_max,0.9,0.8,1.2,0.9,0.0,251,51,100,0.08959353259131861,0.04808067667564154,0.37927432311252374,19.0,1.0145233488757868
dpo_beta15_reference_max_b100_s0,dpo,beta15,reference_max,0.9,0.8,1.2,0.9,0.0,612,51,100,0.10741779705394984,0.0702813816871659,0.4300403162014035,9.0,0.7698193532505984
dpo_beta15_reference_max_b100_s0,dpo,beta15,reference_max,0.9,0.8,1.2,0.9,0.0,737,51,100,0.10666239867186478,0.0714309560715777,0.4446962655382141,13.0,0.7497374524246416
dpo_beta15_reference_max_b100_s0,dpo,beta15,reference_max,0.9,0.8,1.2,0.9,0.0,867,51,100,0.0934334217368489,0.0365635844122365,0.41988245002879165,8.0,0.7372891564868393
dpo_beta15_reference_max_b100_s0,dpo,beta15,reference_max,0.9,0.8,1.2,0.9,0.0,945,51,100,0.0909874570972593,0.05229076215031902,0.3324067656821272,27.0,1.1443954234490996
dpo_beta15_feedback_half_b100_s0,dpo,beta15,feedback_half,0.9,0.8,1.2,0.0,0.5,54,1,25,0.058755320870256256,0.07515109809646044,0.7613318047921176,0.0,0.8684015444052765
dpo_beta15_feedback_half_b100_s0,dpo,beta15,feedback_half,0.9,0.8,1.2,0.0,0.5,251,1,25,0.0943373151887084,0.17373395592264707,0.5699729215573851,5.0,1.05719184034528
dpo_beta15_feedback_half_b100_s0,dpo,beta15,feedback_half,0.9,0.8,1.2,0.0,0.5,612,1,25,0.10153150020001796,0.1450805177190879,0.5669158603684226,2.0,0.7133064120028944
dpo_beta15_feedback_half_b100_s0,dpo,beta15,feedback_half,0.9,0.8,1.2,0.0,0.5,737,1,25,0.06907576791772317,0.13243671776894983,0.7523925186181999,1.0,0.8992292328877132
dpo_beta15_feedback_half_b100_s0,dpo,beta15,feedback_half,0.9,0.8,1.2,0.0,0.5,867,1,25,0.08548963214832819,0.11171438411356069,0.5804306198985405,4.0,0.8368660483318842
dpo_beta15_feedback_half_b100_s0,dpo,beta15,feedback_half,0.9,0.8,1.2,0.0,0.5,945,1,25,0.08684458912580578,0.09762256564329841,0.5239568065138996,3.0,1.0839078398618107
dpo_beta15_feedback_half_b100_s0,dpo,beta15,feedback_half,0.9,0.8,1.2,0.0,0.5,54,26,50,0.05363453108280259,0.04505773661337147,0.54238985641864,0.0,0.8098612025774556
dpo_beta15_feedback_half_b100_s0,dpo,beta15,feedback_half,0.9,0.8,1.2,0.0,0.5,251,26,50,0.07240246137893695,0.08419018161369123,0.4198878105870743,1.0,1.1580606277522227
dpo_beta15_feedback_half_b100_s0,dpo,beta15,feedback_half,0.9,0.8,1.2,0.0,0.5,612,26,50,0.05465185578236377,0.07254854763538647,0.4302853141278641,4.0,0.756671295240445
dpo_beta15_feedback_half_b100_s0,dpo,beta15,feedback_half,0.9,0.8,1.2,0.0,0.5,737,26,50,0.060499214857269015,0.054568077597029134,0.4961154259676466,0.0,0.9360359908940191
dpo_beta15_feedback_half_b100_s0,dpo,beta15,feedback_half,0.9,0.8,1.2,0.0,0.5,867,26,50,0.05961973887365156,0.06964406254317485,0.45881232101121205,3.0,0.6615993941164534
dpo_beta15_feedback_half_b100_s0,dpo,beta15,feedback_half,0.9,0.8,1.2,0.0,0.5,945,26,50,0.0551126871557243,0.05364042254990742,0.364197701854816,6.0,1.1267452307585322
dpo_beta15_feedback_half_b100_s0,dpo,beta15,feedback_half,0.9,0.8,1.2,0.0,0.5,54,51,75,0.06433459354093062,0.06697299823116543,0.47133642051326496,8.0,0.7142923168616645
dpo_beta15_feedback_half_b100_s0,dpo,beta15,feedback_half,0.9,0.8,1.2,0.0,0.5,251,51,75,0.053762557018567796,0.07489216738791175,0.4185657787500473,3.0,1.026030026689992
dpo_beta15_feedback_half_b100_s0,dpo,beta15,feedback_half,0.9,0.8,1.2,0.0,0.5,612,51,75,0.05056112837369244,0.06403435698621142,0.4698858051078914,2.0,0.7204808386507543
dpo_beta15_feedback_half_b100_s0,dpo,beta15,feedback_half,0.9,0.8,1.2,0.0,0.5,737,51,75,0.06468506706688609,0.06530249624280343,0.48894209945181477,2.0,0.8697228759345187
dpo_beta15_feedback_half_b100_s0,dpo,beta15,feedback_half,0.9,0.8,1.2,0.0,0.5,867,51,75,0.0551650377777319,0.04210700344226885,0.42340879551964106,5.0,0.7805886037141508
dpo_beta15_feedback_half_b100_s0,dpo,beta15,feedback_half,0.9,0.8,1.2,0.0,0.5,945,51,75,0.062335930661187186,0.04988445576190113,0.3748752288886632,3.0,1.134540762323907
dpo_beta15_feedback_half_b100_s0,dpo,beta15,feedback_half,0.9,0.8,1.2,0.0,0.5,54,76,100,0.05286734026187591,0.034451249371017026,0.5117642921294828,2.0,0.7869203790748556
dpo_beta15_feedback_half_b100_s0,dpo,beta15,feedback_half,0.9,0.8,1.2,0.0,0.5,251,76,100,0.0666450750854304,0.06348586752277247,0.4102380273534173,4.0,0.9596088118876271
dpo_beta15_feedback_half_b100_s0,dpo,beta15,feedback_half,0.9,0.8,1.2,0.0,0.5,612,76,100,0.05838129585812361,0.04957718425475895,0.4008704078620004,2.0,0.7979180589910672
dpo_beta15_feedback_half_b100_s0,dpo,beta15,feedback_half,0.9,0.8,1.2,0.0,0.5,737,76,100,0.06221224734361096,0.08302652352017631,0.4648947230823995,2.0,0.8501684258764973
dpo_beta15_feedback_half_b100_s0,dpo,beta15,feedback_half,0.9,0.8,1.2,0.0,0.5,867,76,100,0.07250398528988615,0.09262500519492683,0.47224596326482804,4.0,0.7937406989033042
dpo_beta15_feedback_half_b100_s0,dpo,beta15,feedback_half,0.9,0.8,1.2,0.0,0.5,945,76,100,0.06084828432752157,0.07419453476508792,0.35473772591989344,7.0,1.136274316077921
dpo_beta15_feedback_half_b100_s0,dpo,beta15,feedback_half,0.9,0.8,1.2,0.0,0.5,54,51,100,0.058600966901403255,0.06108535908593485,0.4915503563213738,10.0,0.75060634796826
dpo_beta15_feedback_half_b100_s0,dpo,beta15,feedback_half,0.9,0.8,1.2,0.0,0.5,251,51,100,0.06020381605199909,0.07759999543940893,0.4144019030517323,7.0,0.9928194192888096
dpo_beta15_feedback_half_b100_s0,dpo,beta15,feedback_half,0.9,0.8,1.2,0.0,0.5,612,51,100,0.054471212115908024,0.07401435882262968,0.4353781064849459,4.0,0.7591994488209107
dpo_beta15_feedback_half_b100_s0,dpo,beta15,feedback_half,0.9,0.8,1.2,0.0,0.5,737,51,100,0.06344865720524853,0.07746006584233515,0.47691841126710693,4.0,0.8599456509055079
dpo_beta15_feedback_half_b100_s0,dpo,beta15,feedback_half,0.9,0.8,1.2,0.0,0.5,867,51,100,0.06383451153380904,0.07230874002006621,0.44782737939223466,9.0,0.7871646513087276
dpo_beta15_feedback_half_b100_s0,dpo,beta15,feedback_half,0.9,0.8,1.2,0.0,0.5,945,51,100,0.06159210749435439,0.0678651401381457,0.3648064774042784,10.0,1.1354075392009142
dpo_beta15_feedback_one_b100_s0,dpo,beta15,feedback_one,0.9,0.8,1.2,0.0,1.0,54,1,25,0.06669130566060259,0.09329854283168754,0.6907519892618958,0.0,0.8662877106057622
dpo_beta15_feedback_one_b100_s0,dpo,beta15,feedback_one,0.9,0.8,1.2,0.0,1.0,251,1,25,0.09583481443247335,0.14054615593277148,0.5246881204501932,6.0,1.1107092116133246
dpo_beta15_feedback_one_b100_s0,dpo,beta15,feedback_one,0.9,0.8,1.2,0.0,1.0,612,1,25,0.1022910689312,0.12441127219352893,0.5352036011865743,1.0,0.7113336587574226
dpo_beta15_feedback_one_b100_s0,dpo,beta15,feedback_one,0.9,0.8,1.2,0.0,1.0,737,1,25,0.0709756575968876,0.12601746373774358,0.7003690790728535,1.0,0.9655218953586387
dpo_beta15_feedback_one_b100_s0,dpo,beta15,feedback_one,0.9,0.8,1.2,0.0,1.0,867,1,25,0.08425001129319605,0.11587887537611322,0.565159421920374,6.0,0.8333494550823407
dpo_beta15_feedback_one_b100_s0,dpo,beta15,feedback_one,0.9,0.8,1.2,0.0,1.0,945,1,25,0.08315863105493744,0.0892233604542039,0.5055946583859132,3.0,1.1158651192304452
dpo_beta15_feedback_one_b100_s0,dpo,beta15,feedback_one,0.9,0.8,1.2,0.0,1.0,54,26,50,0.05381263810792539,0.04317430067513706,0.5193622947222427,0.0,0.805308321175407
dpo_beta15_feedback_one_b100_s0,dpo,beta15,feedback_one,0.9,0.8,1.2,0.0,1.0,251,26,50,0.063770321912451,0.06559543131110429,0.3700579355854151,5.0,1.1318118596268187
dpo_beta15_feedback_one_b100_s0,dpo,beta15,feedback_one,0.9,0.8,1.2,0.0,1.0,612,26,50,0.05698724827927812,0.06212233072163994,0.44021964754186776,4.0,0.741413037195873
dpo_beta15_feedback_one_b100_s0,dpo,beta15,feedback_one,0.9,0.8,1.2,0.0,1.0,737,26,50,0.06161196512904113,0.05004781021376754,0.5171133192436445,0.0,0.8888047436213591
dpo_beta15_feedback_one_b100_s0,dpo,beta15,feedback_one,0.9,0.8,1.2,0.0,1.0,867,26,50,0.057420773925159256,0.08199599668702072,0.47605522299209324,3.0,0.6777536668883731
dpo_beta15_feedback_one_b100_s0,dpo,beta15,feedback_one,0.9,0.8,1.2,0.0,1.0,945,26,50,0.054505490702940015,0.043399123784087466,0.3509225558365644,5.0,1.172812480869797
dpo_beta15_feedback_one_b100_s0,dpo,beta15,feedback_one,0.9,0.8,1.2,0.0,1.0,54,51,75,0.060911196921334405,0.06127481332077121,0.45836287866427433,4.0,0.7408386603836589
dpo_beta15_feedback_one_b100_s0,dpo,beta15,feedback_one,0.9,0.8,1.2,0.0,1.0,251,51,75,0.05345453100185438,0.056024205895760314,0.4095200438597885,6.0,0.930052392025932
dpo_beta15_feedback_one_b100_s0,dpo,beta15,feedback_one,0.9,0.8,1.2,0.0,1.0,612,51,75,0.05469135395623513,0.05485597007202681,0.4390577916344175,2.0,0.7362945032306847
dpo_beta15_feedback_one_b100_s0,dpo,beta15,feedback_one,0.9,0.8,1.2,0.0,1.0,737,51,75,0.05274235173357548,0.06787385244126562,0.5022613639769795,2.0,0.874002306675966
dpo_beta15_feedback_one_b100_s0,dpo,beta15,feedback_one,0.9,0.8,1.2,0.0,1.0,867,51,75,0.05644299977370906,0.04127776448798903,0.42715159803495323,6.0,0.7804644585527123
dpo_beta15_feedback_one_b100_s0,dpo,beta15,feedback_one,0.9,0.8,1.2,0.0,1.0,945,51,75,0.06080900656698701,0.05325860561550876,0.3892776964854488,3.0,1.1433891147184787
dpo_beta15_feedback_one_b100_s0,dpo,beta15,feedback_one,0.9,0.8,1.2,0.0,1.0,54,76,100,0.05907216278852306,0.04137123063398622,0.5022060069547568,2.0,0.7839985911538876
dpo_beta15_feedback_one_b100_s0,dpo,beta15,feedback_one,0.9,0.8,1.2,0.0,1.0,251,76,100,0.059121815633427374,0.07292573165993213,0.3957341079893926,8.0,0.972942476824017
dpo_beta15_feedback_one_b100_s0,dpo,beta15,feedback_one,0.9,0.8,1.2,0.0,1.0,612,76,100,0.07205143710028493,0.05507566887367171,0.4202556558306059,3.0,0.7669480994875503
dpo_beta15_feedback_one_b100_s0,dpo,beta15,feedback_one,0.9,0.8,1.2,0.0,1.0,737,76,100,0.05461468469994291,0.07119747503014082,0.447959727271045,2.0,0.8445015580988627
dpo_beta15_feedback_one_b100_s0,dpo,beta15,feedback_one,0.9,0.8,1.2,0.0,1.0,867,76,100,0.0666829315832101,0.07739911946299444,0.45139439363276324,7.0,0.8062064870599199
dpo_beta15_feedback_one_b100_s0,dpo,beta15,feedback_one,0.9,0.8,1.2,0.0,1.0,945,76,100,0.06520419893274063,0.06600665632628643,0.3447543128453969,7.0,1.157700836105375
dpo_beta15_feedback_one_b100_s0,dpo,beta15,feedback_one,0.9,0.8,1.2,0.0,1.0,54,51,100,0.05999167985492871,0.058441716474435544,0.48028444280951554,6.0,0.7624186257687734
dpo_beta15_feedback_one_b100_s0,dpo,beta15,feedback_one,0.9,0.8,1.2,0.0,1.0,251,51,100,0.05628817331764087,0.07129421447434323,0.4026270759245907,14.0,0.9514974344249745
dpo_beta15_feedback_one_b100_s0,dpo,beta15,feedback_one,0.9,0.8,1.2,0.0,1.0,612,51,100,0.06337139552826004,0.06323446044325236,0.4296567237325118,5.0,0.7516213013591171
dpo_beta15_feedback_one_b100_s0,dpo,beta15,feedback_one,0.9,0.8,1.2,0.0,1.0,737,51,100,0.053678518216759175,0.07479123267046915,0.4751105456240122,4.0,0.8592519323874143
dpo_beta15_feedback_one_b100_s0,dpo,beta15,feedback_one,0.9,0.8,1.2,0.0,1.0,867,51,100,0.06156296567845959,0.06277263840961778,0.4392729958338581,13.0,0.7933354728063158
dpo_beta15_feedback_one_b100_s0,dpo,beta15,feedback_one,0.9,0.8,1.2,0.0,1.0,945,51,100,0.06300660274986385,0.06422668468723235,0.36701600466542295,10.0,1.1505449754119268
